CASE_ID,ACCIDENT_YEAR,PROC_DATE,JURIS,COLLISION_DATE,COLLISION_TIME,OFFICER_ID,REPORTING_DISTRICT,DAY_OF_WEEK,CHP_SHIFT,POPULATION,CNTY_CITY_LOC,SPECIAL_COND,BEAT_TYPE,CHP_BEAT_TYPE,CITY_DIVISION_LAPD,CHP_BEAT_CLASS,BEAT_NUMBER,PRIMARY_RD,SECONDARY_RD,DISTANCE,DIRECTION,INTERSECTION,WEATHER_1,WEATHER_2,STATE_HWY_IND,CALTRANS_COUNTY,CALTRANS_DISTRICT,STATE_ROUTE,ROUTE_SUFFIX,POSTMILE_PREFIX,POSTMILE,LOCATION_TYPE,RAMP_INTERSECTION,SIDE_OF_HWY,TOW_AWAY,COLLISION_SEVERITY,NUMBER_KILLED,NUMBER_INJURED,PARTY_COUNT,PRIMARY_COLL_FACTOR,PCF_CODE_OF_VIOL,PCF_VIOL_CATEGORY,PCF_VIOLATION,PCF_VIOL_SUBSECTION,HIT_AND_RUN,TYPE_OF_COLLISION,MVIW,PED_ACTION,ROAD_SURFACE,ROAD_COND_1,ROAD_COND_2,LIGHTING,CONTROL_DEVICE,CHP_ROAD_TYPE,PEDESTRIAN_ACCIDENT,BICYCLE_ACCIDENT,MOTORCYCLE_ACCIDENT,TRUCK_ACCIDENT,NOT_PRIVATE_PROPERTY,ALCOHOL_INVOLVED,STWD_VEHTYPE_AT_FAULT,CHP_VEHTYPE_AT_FAULT,COUNT_SEVERE_INJ,COUNT_VISIBLE_INJ,COUNT_COMPLAINT_PAIN,COUNT_PED_KILLED,COUNT_PED_INJURED,COUNT_BICYCLIST_KILLED,COUNT_BICYCLIST_INJURED,COUNT_MC_KILLED,COUNT_MC_INJURED,PRIMARY_RAMP,SECONDARY_RAMP,LATITUDE,LONGITUDE,COUNTY,CITY,POINT_X,POINT_Y
9178457,2020,2021-01-07,1942,2020-10-28,1155,31070,0204,3,5,7,1942,0,0,0,B,0,2A17,SUNSET BL,HYPERION AV,0,NA,Y,A,-,N,NA,NA,NA,NA,NA,NA,NA,NA,NA,Y,4,0,1,2,A,-,12,21453,NA,N,D,C,A,A,H,-,A,-,0,NA,NA,NA,NA,Y,NA,A,01,0,0,1,0,0,0,0,0,0,-,-,NA,NA,LOS ANGELES,LOS ANGELES,-118.27964782714844,34.091678619384766
9178458,2020,2021-01-07,1942,2020-10-24,1350,37934,0276,6,5,7,1942,0,0,0,B,0,2456W4,ALVARADO ST,TEMPLE,0,NA,Y,A,-,N,NA,NA,NA,NA,NA,NA,NA,NA,NA,NA,4,0,1,2,-,-,-,NA,NA,N,B,D,A,A,H,-,A,A,0,NA,NA,Y,NA,Y,NA,A,07,0,0,1,0,0,0,0,0,1,-,-,NA,NA,LOS ANGELES,LOS ANGELES,-118.26805114746094,34.07027053833008
9178459,2020,2020-12-31,1942,2020-10-22,0600,40474,0275,4,5,7,1942,0,0,0,B,0,2A91,BEACON AV,JAMES M WOOD BL,100,S,N,A,-,N,NA,NA,NA,NA,NA,NA,NA,NA,NA,N,4,0,1,2,A,-,06,21755,NA,F,B,C,A,A,H,-,B,D,0,NA,NA,NA,NA,Y,NA,-,99,0,0,1,0,0,0,0,0,0,-,-,NA,NA,LOS ANGELES,LOS ANGELES,-118.27449798583984,34.05109786987305
9178460,2020,2021-01-07,1942,2020-10-22,1600,43929,0299,4,5,7,1942,0,0,0,B,0,2A92W4,TOBERMAN ST,17TH ST,15,S,N,A,-,N,NA,NA,NA,NA,NA,NA,NA,NA,NA,N,3,0,1,2,A,-,-,NA,NA,N,B,C,A,A,H,-,A,D,0,NA,NA,Y,NA,Y,NA,C,02,0,1,0,0,0,0,0,0,1,-,-,NA,NA,LOS ANGELES,LOS ANGELES,-118.2780532836914,34.03971481323242
9178461,2020,2021-01-06,1942,2020-10-20,1530,39940,RD021,2,5,7,1942,0,0,0,NA,0,1XL6,SILVER LAKE BL,LONDON ST,138,S,N,A,-,N,NA,NA,NA,NA,NA,NA,NA,NA,NA,N,4,0,1,2,A,-,21,22106,NA,F,C,C,A,A,H,-,A,A,0,NA,NA,NA,NA,Y,NA,-,99,0,0,1,0,0,0,0,0,0,-,-,NA,NA,LOS ANGELES,LOS ANGELES,-118.28046417236328,34.07760238647461
9178462,2020,2021-01-05,1942,2020-10-20,2040,34350,266,2,5,7,1942,0,0,0,NA,0,24T34,8TH ST,UNION AV,0,NA,Y,A,-,N,NA,NA,NA,NA,NA,NA,NA,NA,NA,Y,4,0,1,2,A,-,08,22101,D,N,B,C,A,A,H,-,C,A,0,NA,NA,NA,NA,Y,NA,A,07,0,0,1,0,0,0,0,0,0,-,-,NA,NA,LOS ANGELES,LOS ANGELES,-118.27220153808594,34.05234909057617
9178463,2020,2021-01-06,1942,2020-10-18,0915,38502,0221,7,5,7,1942,0,0,0,B,0,20A25,N EDGEMONT ST,BEVERLY BL,0,NA,Y,A,-,N,NA,NA,NA,NA,NA,NA,NA,NA,NA,N,4,0,1,2,A,-,07,21658,A,N,G,C,B,A,H,-,A,D,0,Y,NA,NA,NA,Y,NA,A,01,0,0,1,0,1,0,0,0,0,-,-,NA,NA,LOS ANGELES,LOS ANGELES,-118.29750823974608,34.07630157470703
9178464,2020,2021-01-08,1942,2020-10-18,1425,44180,RAMPA,7,5,7,1942,0,0,0,NA,0,2A17,ALLISON AV,DOUGLAS DR,0,NA,Y,A,-,N,NA,NA,NA,NA,NA,NA,NA,NA,NA,Y,3,0,1,2,A,-,12,22450,NA,N,B,C,A,A,H,-,A,C,0,NA,NA,NA,NA,Y,NA,A,08,0,1,0,0,0,0,0,0,0,-,-,NA,NA,LOS ANGELES,LOS ANGELES,-118.25258636474608,34.07352066040039
9178465,2020,2021-01-06,1942,2020-10-16,0004,39876,0235,5,5,7,1942,0,0,0,B,0,24T31,GRAND VIEW ST,3RD ST,32,S,N,A,-,N,NA,NA,NA,NA,NA,NA,NA,NA,NA,Y,4,0,1,1,A,-,03,22350,NA,M,E,I,A,A,H,-,C,D,0,NA,NA,NA,NA,Y,NA,A,01,0,0,1,0,0,0,0,0,0,-,-,NA,NA,LOS ANGELES,LOS ANGELES,-118.27475738525392,34.06391143798828
9178466,2020,2021-01-05,1942,2020-10-09,1900,37223,0236,5,5,7,1942,0,0,0,B,0,2A17,N ALVARADO ST,COURT ST,90,N,N,A,-,N,NA,NA,NA,NA,NA,NA,NA,NA,NA,Y,4,0,2,3,A,-,03,22350,NA,N,C,C,A,A,H,-,C,D,0,NA,NA,NA,NA,Y,NA,A,01,0,0,2,0,0,0,0,0,0,-,-,NA,NA,LOS ANGELES,LOS ANGELES,-118.26854705810548,34.069488525390625
9178467,2020,2021-01-05,1942,2020-10-09,1750,44242,0299,5,5,7,1942,0,0,0,B,0,2A92,14TH ST,ALBANY ST,0,NA,Y,A,-,N,NA,NA,NA,NA,NA,NA,NA,NA,NA,Y,4,0,1,3,A,-,12,22450,NA,F,D,C,A,A,H,-,A,A,0,NA,NA,NA,NA,Y,NA,-,99,0,0,1,0,0,0,0,0,0,-,-,NA,NA,LOS ANGELES,LOS ANGELES,-118.27503967285156,34.041709899902344
9178468,2020,2021-01-11,1942,2020-10-08,0955,43353,RD024,4,5,7,1942,0,0,0,NA,0,2A1W2,6TH ST,BEAUDRY,0,NA,Y,A,-,N,NA,NA,NA,NA,NA,NA,NA,NA,NA,Y,4,0,1,2,A,-,09,21801,A,N,A,C,A,A,H,-,A,A,0,NA,NA,NA,NA,Y,Y,A,01,0,0,1,0,0,0,0,0,0,-,-,NA,NA,LOS ANGELES,LOS ANGELES,-118.25982666015624,34.053070068359375
9178469,2020,2021-01-06,1942,2020-10-05,1645,41629,0203,1,5,7,1942,0,0,0,B,0,2A1,N VIRGIL AV,MONROE ST,130,S,N,A,-,N,NA,NA,NA,NA,NA,NA,NA,NA,NA,N,3,0,1,2,A,-,08,22107,NA,N,H,J,A,A,H,-,A,D,0,NA,NA,NA,NA,Y,NA,A,01,0,1,0,0,0,0,0,0,0,-,-,NA,NA,LOS ANGELES,LOS ANGELES,-118.28684997558594,34.085262298583984
9178470,2020,2021-01-11,1942,2020-10-03,1330,44312,0275,6,5,7,1942,0,0,0,B,0,2A452,ALVARADO ST,JAMES M WOOD ST,10,S,N,A,-,N,NA,NA,NA,NA,NA,NA,NA,NA,NA,N,4,0,2,2,A,-,08,22107,NA,F,B,C,A,A,H,-,A,A,0,NA,NA,NA,NA,Y,NA,-,99,0,0,2,0,0,0,0,0,0,-,-,NA,NA,LOS ANGELES,LOS ANGELES,-118.27880859375,34.0533561706543
9178471,2020,2021-01-06,1942,2020-10-01,1615,40193,0281,4,5,7,1942,0,0,0,B,0,2XL12,BEACON AV,JAMES M WOOD BL,0,NA,Y,A,-,N,NA,NA,NA,NA,NA,NA,NA,NA,NA,N,3,0,1,2,A,-,09,21802,A,N,D,C,A,A,H,-,A,A,0,NA,NA,NA,NA,Y,NA,A,01,0,1,0,0,0,0,0,0,0,-,-,NA,NA,LOS ANGELES,LOS ANGELES,-118.27434,34.05135
9178472,2020,2021-01-06,1942,2020-10-30,0625,35936,1802,5,5,7,1942,0,0,0,R,0,25T21,88TH PL,MAIN ST,15,W,N,E,-,N,NA,NA,NA,NA,NA,NA,NA,NA,NA,N,4,0,1,2,A,-,10,21950,A,N,G,B,B,A,H,-,A,A,0,Y,NA,NA,NA,Y,NA,A,01,0,0,1,0,1,0,0,0,0,-,-,NA,NA,LOS ANGELES,LOS ANGELES,-118.27392578125,33.95643997192383
9178473,2020,2021-01-05,1942,2020-10-28,0805,40924,1803,3,5,7,1942,0,0,0,R,0,12A3,MANCHESTER AV,AVALON BL,0,NA,Y,A,-,N,NA,NA,NA,NA,NA,NA,NA,NA,NA,Y,4,0,1,3,A,-,09,21801,A,N,D,C,A,A,H,-,A,A,0,NA,NA,NA,NA,Y,NA,A,01,0,0,1,0,0,0,0,0,0,-,-,NA,NA,LOS ANGELES,LOS ANGELES,-118.26512908935548,33.96012878417969
9178474,2020,2021-01-05,1942,2020-10-28,0810,37679,1822,3,5,7,1942,0,0,0,R,0,25T25,CENTURY BL,BROADWAY,5,W,N,A,-,N,NA,NA,NA,NA,NA,NA,NA,NA,NA,Y,4,0,1,2,A,-,08,22100,A,F,B,C,A,A,H,-,A,A,0,NA,NA,NA,NA,Y,NA,-,99,0,0,1,0,0,0,0,0,0,-,-,NA,NA,LOS ANGELES,LOS ANGELES,-118.27840423583984,33.94554901123047
9178475,2020,2021-01-08,1942,2020-10-27,2155,44162,1861,2,5,7,1942,0,0,0,R,0,18A61,VERMONT AV,IMPERIAL HWY,15,S,N,A,-,N,NA,NA,NA,NA,NA,NA,NA,NA,NA,Y,4,0,2,3,A,-,04,21703,NA,N,C,C,A,A,H,-,C,D,0,NA,NA,NA,NA,Y,NA,A,01,0,0,2,0,0,0,0,0,0,-,-,NA,NA,LOS ANGELES,LOS ANGELES,-118.29161071777344,33.930938720703125
9178476,2020,2021-01-05,1942,2020-10-26,0730,44482,RD184,1,5,7,1942,0,0,0,NA,0,18A3,CENTRAL,114TH ST,25,S,N,A,-,N,NA,NA,NA,NA,NA,NA,NA,NA,NA,Y,3,0,1,3,A,-,04,21703,NA,F,C,C,A,A,H,-,A,A,0,NA,NA,NA,NA,Y,NA,A,07,0,1,0,0,0,0,0,0,0,-,-,NA,NA,LOS ANGELES,LOS ANGELES,-118.25425720214844,33.93090057373047
9178477,2020,2021-01-06,1942,2020-10-24,2000,43037,1863,6,5,7,1942,0,0,0,R,0,18X96,120TH ST,AVALON,100,E,N,B,-,N,NA,NA,NA,NA,NA,NA,NA,NA,NA,Y,3,0,2,2,A,-,06,21750,NA,N,-,C,A,A,H,-,C,D,0,NA,NA,NA,NA,Y,NA,A,01,0,2,0,0,0,0,0,0,0,-,-,NA,NA,LOS ANGELES,LOS ANGELES,-118.26490783691406,33.923709869384766
9178478,2020,2021-01-05,1942,2020-10-23,0700,43902,1849,5,5,7,1942,0,0,0,R,0,25T23,113TH ST,CROESUS AV,200,W,N,B,-,N,NA,NA,NA,NA,NA,NA,NA,NA,NA,Y,4,0,1,3,A,-,03,22350,NA,N,B,E,A,A,H,-,A,D,0,NA,NA,NA,NA,Y,NA,A,01,0,0,1,0,0,0,0,0,0,-,-,NA,NA,LOS ANGELES,LOS ANGELES,-118.23421478271484,33.932437896728516
9178479,2020,2021-01-05,1942,2020-10-14,1940,39866,1824,3,5,7,1942,0,0,0,R,0,18A3,103RD ST,MCKINLEY AV,5,E,N,A,-,N,NA,NA,NA,NA,NA,NA,NA,NA,NA,N,4,0,1,2,A,-,12,22450,A,F,C,C,A,A,H,-,A,D,0,NA,NA,NA,NA,Y,NA,-,99,0,0,1,0,0,0,0,0,0,-,-,NA,NA,LOS ANGELES,LOS ANGELES,-118.26083374023438,33.94327926635742
9178480,2020,2021-01-06,1942,2020-10-25,2130,41756,1862,7,5,7,1942,0,0,0,R,0,18A63,MAIN ST,E 120TH ST,0,NA,Y,A,-,N,NA,NA,NA,NA,NA,NA,NA,NA,NA,N,4,0,1,2,A,-,12,21453,A,F,C,C,A,A,H,-,C,A,0,NA,NA,NA,NA,Y,NA,-,99,0,0,1,0,0,0,0,0,0,-,-,NA,NA,LOS ANGELES,LOS ANGELES,-118.27391052246094,33.92372131347656
9178481,2020,2021-01-04,1942,2020-10-25,1720,41766,1831,7,5,7,1942,0,0,0,R,0,18X38W,S VERMONT AV,123RD ST,173,S,N,B,-,N,NA,NA,NA,NA,NA,NA,NA,NA,NA,N,3,0,1,2,A,-,03,22350,NA,F,C,G,A,A,H,-,B,D,0,NA,Y,NA,NA,Y,NA,-,99,0,1,0,0,0,0,1,0,0,-,-,NA,NA,LOS ANGELES,LOS ANGELES,-118.2915496826172,33.9206657409668
9178482,2020,2021-01-04,1942,2020-10-25,1000,40440,1831,7,5,7,1942,0,0,0,R,0,25TL29,FIGUEROA ST,EL SEGUNDO BL,0,NA,Y,A,-,N,NA,NA,NA,NA,NA,NA,NA,NA,NA,Y,4,0,3,2,A,-,09,21801,A,N,D,C,A,A,H,-,A,A,0,NA,NA,NA,NA,Y,NA,A,01,0,0,3,0,0,0,0,0,0,-,-,NA,NA,LOS ANGELES,LOS ANGELES,-118.28275299072266,33.916419982910156
9178483,2020,2021-01-06,1942,2020-10-24,1425,44482,RD182,6,5,7,1942,0,0,0,NA,0,NA,CENTURY BL,CLOVIS AV,0,NA,Y,A,-,N,NA,NA,NA,NA,NA,NA,NA,NA,NA,Y,4,0,2,2,A,-,09,21801,NA,N,A,C,A,A,D,-,A,A,0,NA,NA,NA,NA,Y,NA,A,01,0,0,2,0,0,0,0,0,0,-,-,NA,NA,LOS ANGELES,LOS ANGELES,-118.25653076171876,33.94565963745117
9178484,2020,2021-01-06,1942,2020-10-23,1555,43270,1822,5,5,7,1942,0,0,0,R,0,18A17,S BROADWAY,W 94TH ST,0,NA,Y,A,-,N,NA,NA,NA,NA,NA,NA,NA,NA,NA,Y,3,0,3,3,A,-,03,22350,NA,F,C,C,A,A,H,-,A,A,0,NA,NA,NA,NA,Y,NA,-,99,0,2,1,0,0,0,0,0,0,-,-,NA,NA,LOS ANGELES,LOS ANGELES,-118.27839660644533,33.951011657714844
9178485,2020,2021-01-04,1942,2020-10-22,1050,33599,1821,4,5,7,1942,0,0,0,R,0,18A17,S FIGUEROA ST,W COLDEN AV,0,NA,Y,B,-,N,NA,NA,NA,NA,NA,NA,NA,NA,NA,N,3,0,1,2,A,-,10,21950,A,N,E,J,B,A,H,-,A,A,0,Y,NA,NA,NA,Y,NA,A,01,0,1,0,0,1,0,0,0,0,-,-,NA,NA,LOS ANGELES,LOS ANGELES,-118.28269958496094,33.949161529541016
9178486,2020,2021-01-04,1942,2020-10-30,1205,31713,0164,5,5,7,1942,0,0,0,A,0,1A85,S MAIN ST,EAST 7TH ST,0,NA,Y,A,-,N,NA,NA,NA,NA,NA,NA,NA,NA,NA,N,4,0,1,2,A,-,12,21453,A,N,B,J,A,A,H,-,A,A,0,NA,NA,Y,NA,Y,NA,M,94,0,0,1,0,0,0,0,0,0,-,-,NA,NA,LOS ANGELES,LOS ANGELES,-118.25138092041016,34.04393005371094
9178487,2020,2021-01-04,1942,2020-10-29,1820,37952,0101,4,5,7,1942,0,0,0,A,0,1A1,SUNSET BL,BEAUDRY AV,80,W,N,A,-,N,NA,NA,NA,NA,NA,NA,NA,NA,NA,N,3,0,1,2,A,-,11,21954,A,N,G,B,D,A,H,-,C,D,0,Y,NA,NA,NA,Y,NA,N,60,0,1,0,0,1,0,0,0,0,-,-,NA,NA,LOS ANGELES,LOS ANGELES,-118.24933624267578,34.06545639038086
9178488,2020,2021-01-04,1942,2020-10-29,0510,40325,0176,4,5,7,1942,0,0,0,A,0,1A85,SAN PEDRO ST,8TH ST,50,S,N,A,-,N,NA,NA,NA,NA,NA,NA,NA,NA,NA,Y,4,0,2,2,A,-,08,22107,NA,N,B,C,A,A,H,-,C,A,0,NA,NA,NA,NA,Y,NA,A,01,0,0,2,0,0,0,0,0,0,-,-,NA,NA,LOS ANGELES,LOS ANGELES,-118.24920654296876,34.03837966918945
9178490,2020,2021-01-04,1942,2020-10-26,1615,35230,0195,1,5,7,1942,0,0,0,A,0,1A85,W VENICE BL,S BROADWAY,0,NA,Y,A,-,N,NA,NA,NA,NA,NA,NA,NA,NA,NA,N,4,0,2,3,A,-,12,21453,A,N,D,C,A,A,H,-,A,A,0,NA,NA,NA,NA,Y,NA,A,01,0,0,2,0,0,0,0,0,0,-,-,NA,NA,LOS ANGELES,LOS ANGELES,-118.26357269287108,34.0341796875
9178491,2020,2021-01-04,1942,2020-10-23,2050,39062,0212,5,5,7,1942,0,0,0,B,0,20A39,SILVER LAKE BL,N VIRGIL AV,0,NA,Y,A,-,N,NA,NA,NA,NA,NA,NA,NA,NA,NA,Y,3,0,2,2,A,-,09,21801,A,N,A,C,A,A,H,-,C,A,0,NA,NA,NA,NA,Y,NA,A,01,0,1,1,0,0,0,0,0,0,-,-,NA,NA,LOS ANGELES,LOS ANGELES,-118.2868194580078,34.076351165771484
9178492,2020,2021-01-04,1942,2020-10-21,1100,34458,0236,3,5,7,1942,0,0,0,B,0,2A47,S BURLINGTON AV,BEVERLY BL,0,NA,Y,B,-,N,NA,NA,NA,NA,NA,NA,NA,NA,NA,N,4,0,2,2,A,-,09,21802,A,N,D,C,A,A,H,-,A,A,0,NA,NA,NA,NA,Y,NA,A,07,0,0,2,0,0,0,0,0,0,-,-,NA,NA,LOS ANGELES,LOS ANGELES,-118.2666015625,34.06499099731445
9178493,2020,2021-01-04,1942,2020-10-18,0605,44046,4202,7,5,7,1942,0,0,0,NA,0,0249,7TH ST,BIXEL,455,E,N,A,-,N,NA,NA,NA,NA,NA,NA,NA,NA,NA,N,3,0,1,2,A,-,11,21950,B,F,A,B,D,A,H,-,B,D,0,Y,NA,NA,NA,Y,NA,N,60,0,1,0,0,1,0,0,0,0,-,-,NA,NA,LOS ANGELES,LOS ANGELES,-118.26284027099608,34.050331115722656
9178494,2020,2021-01-04,1942,2020-10-15,1620,41096,0281,4,5,7,1942,0,0,0,B,0,2XL12,BEVERLY BL,BONNIE BRAE,60,W,N,A,-,N,NA,NA,NA,NA,NA,NA,NA,NA,NA,N,4,0,2,2,A,-,04,21703,NA,N,C,C,A,A,-,-,A,A,0,NA,NA,NA,NA,Y,NA,A,01,0,0,2,0,0,0,0,0,0,-,-,NA,NA,LOS ANGELES,LOS ANGELES,-118.26816558837892,34.06570816040039
9178495,2020,2021-01-08,1942,2020-10-14,2040,40513,233,3,5,7,1942,0,0,0,NA,0,2A39,OCCIDENTAL BL,2ND ST,0,NA,Y,A,-,N,NA,NA,NA,NA,NA,NA,NA,NA,NA,N,4,0,1,2,A,-,08,22107,NA,N,D,B,D,A,H,-,D,D,0,Y,NA,NA,NA,Y,NA,A,01,0,0,1,0,1,0,0,0,0,-,-,NA,NA,LOS ANGELES,LOS ANGELES,-118.28118896484376,34.069339752197266
9178496,2020,2021-01-06,1942,2020-10-11,2040,37952,0271,7,5,7,1942,0,0,0,B,0,2A75,JAMES M WOOD BL,S ALVARADO ST,50,E,N,A,-,N,NA,NA,NA,NA,NA,NA,NA,NA,NA,N,3,0,1,2,A,-,03,22350,NA,F,G,B,C,A,H,-,C,D,0,Y,NA,NA,NA,Y,NA,-,-,0,1,0,0,1,0,0,0,0,-,-,NA,NA,LOS ANGELES,LOS ANGELES,-118.278642,34.053304
9178497,2020,2021-01-15,1942,2020-10-10,2320,40932,0238,6,5,7,1942,0,0,0,B,0,2A39,W 1ST ST,S BIXEL ST,200,W,N,A,-,N,NA,NA,NA,NA,NA,NA,NA,NA,NA,N,3,0,1,2,A,-,03,22350,NA,F,B,G,A,A,H,-,C,D,0,NA,Y,NA,NA,Y,Y,-,99,0,1,0,0,0,0,1,0,0,-,-,NA,NA,LOS ANGELES,LOS ANGELES,-118.25742340087892,34.06080627441406
9178498,2020,2021-01-04,1942,2020-10-10,1615,38171,0235,6,5,7,1942,0,0,0,B,0,2A17,W TEMPLE ST,N CORONADO ST,0,NA,Y,A,-,N,NA,NA,NA,NA,NA,NA,NA,NA,NA,N,4,0,2,2,A,-,09,21802,A,F,D,C,A,A,H,-,A,A,0,NA,NA,NA,NA,Y,NA,-,99,0,0,2,0,0,0,0,0,0,-,-,NA,NA,LOS ANGELES,LOS ANGELES,-118.27391815185548,34.072200775146484
9178499,2020,2021-01-06,1942,2020-10-09,1350,44360,0217,5,5,7,1942,0,0,0,B,0,11A51,BELLEVUE AV,GLENDALE BL,0,NA,Y,A,-,N,NA,NA,NA,NA,NA,NA,NA,NA,NA,N,4,0,1,2,A,-,10,21950,A,N,G,B,B,A,H,-,A,A,0,Y,NA,NA,NA,Y,NA,A,01,0,0,1,0,1,0,0,0,0,-,-,NA,NA,LOS ANGELES,LOS ANGELES,-118.26148223876952,34.07061004638672
9178500,2020,2021-01-04,1942,2020-10-07,1405,34458,0233,3,5,7,1942,0,0,0,B,0,2A17,S RAMPART BL,BEVERLY BL,0,NA,Y,A,-,N,NA,NA,NA,NA,NA,NA,NA,NA,NA,N,4,0,2,2,A,-,09,21801,A,N,D,C,A,A,H,-,A,A,0,NA,NA,NA,NA,Y,NA,A,01,0,0,2,0,0,0,0,0,0,-,-,NA,NA,LOS ANGELES,LOS ANGELES,-118.27683,34.06949
9178501,2020,2020-12-07,1942,2020-10-04,1020,40599,0269,7,5,7,1942,0,0,0,B,0,2A1,8TH ST,UNION AV,0,NA,Y,A,-,N,NA,NA,NA,NA,NA,NA,NA,NA,NA,N,4,0,2,2,-,-,-,NA,NA,N,B,C,A,A,H,-,A,-,0,NA,NA,NA,NA,Y,NA,-,-,0,0,2,0,0,0,0,0,0,-,-,NA,NA,LOS ANGELES,LOS ANGELES,-118.27220153808594,34.05234909057617
9178502,2020,2020-12-05,1942,2020-10-02,1610,37952,026,5,5,7,1942,0,0,0,B,0,2A75,W 7TH ST,S BURLINGTON AV,20,W,N,A,-,N,NA,NA,NA,NA,NA,NA,NA,NA,NA,N,3,0,1,2,A,-,03,22350,NA,F,B,J,A,A,H,-,A,D,0,NA,NA,NA,NA,Y,NA,-,99,0,1,0,0,0,0,0,0,0,-,-,NA,NA,LOS ANGELES,LOS ANGELES,-118.27352142333984,34.05498504638672
9178518,2020,2020-12-05,1942,2020-10-29,1400,41292,1243,4,5,7,1942,0,0,0,L,0,12X32,GRAMERCY PL,68TH ST,0,NA,Y,A,-,N,NA,NA,NA,NA,NA,NA,NA,NA,NA,Y,3,0,1,2,A,-,12,22450,A,N,D,C,A,A,H,-,A,A,0,NA,NA,Y,NA,Y,NA,C,02,0,1,0,0,0,0,0,0,1,-,-,NA,NA,LOS ANGELES,LOS ANGELES,-118.31336975097656,33.97779083251953
9178519,2020,2020-12-05,1942,2020-10-20,2340,43651,1245,2,5,7,1942,0,0,0,L,0,12A39,GAGE AV,HALLDALE AV,0,NA,Y,A,-,N,NA,NA,NA,NA,NA,NA,NA,NA,NA,N,3,0,1,1,A,-,03,22350,NA,N,E,J,A,-,H,-,C,D,0,NA,NA,NA,NA,Y,NA,A,01,0,1,0,0,0,0,0,0,0,-,-,NA,NA,LOS ANGELES,LOS ANGELES,-118.30242156982422,33.98234939575195
9178520,2020,2020-12-05,1942,2020-10-23,2025,44335,1269,5,5,7,1942,0,0,0,L,0,12A3,AVALON BL,81ST ST,12,S,N,A,-,N,NA,NA,NA,NA,NA,NA,NA,NA,NA,N,2,0,1,2,A,-,11,21954,A,N,G,B,D,A,H,-,C,D,0,Y,NA,NA,NA,Y,NA,N,60,1,0,0,0,1,0,0,0,0,-,-,NA,NA,LOS ANGELES,LOS ANGELES,-118.26515197753906,33.96552658081055
9178641,2020,2020-12-07,1900,2020-10-11,1837,610211,0451,7,5,6,1949,0,0,0,NA,0,43T1P,FIRESTONE BL,TARGET WY,170,W,N,A,-,N,NA,NA,NA,NA,NA,NA,NA,NA,NA,N,4,0,1,3,A,-,08,22107,NA,N,C,C,A,A,H,-,C,D,0,NA,NA,Y,NA,Y,NA,C,02,0,0,1,0,0,0,0,0,1,-,-,NA,NA,LOS ANGELES,NORWALK,-118.10641479492188,33.92605209350586
9178644,2020,2020-12-14,1942,2020-10-21,1500,36599,2187,3,5,7,1942,0,0,0,NA,0,21A97,VENTURA BL,COMERCIO LN,110,W,N,A,-,N,NA,NA,NA,NA,NA,NA,NA,NA,NA,N,3,0,2,3,C,-,18,NA,NA,N,D,E,E,A,H,-,A,A,0,Y,NA,NA,NA,Y,NA,-,-,0,2,0,0,1,0,0,0,0,-,-,NA,NA,LOS ANGELES,LOS ANGELES,-118.59494018554688,34.16736602783203
9178646,2020,2020-12-09,1900,2020-10-17,2223,640404,1364,6,5,5,1952,0,0,0,NA,0,136A,ROSECRANS AV,GARFIELD AV,0,NA,Y,A,-,N,NA,NA,NA,NA,NA,NA,NA,NA,NA,N,4,0,2,3,A,-,12,21453,A,M,B,C,A,A,H,-,C,D,0,NA,NA,NA,NA,Y,Y,D,22,0,0,2,0,0,0,0,0,0,-,-,NA,NA,LOS ANGELES,PARAMOUNT,-118.16886901855467,33.90372085571289
9178648,2020,2021-01-06,1942,2020-10-16,1645,39600,2143,5,5,7,1942,0,0,0,NA,0,2A42W4,FALLBROOK AV,SATICOY ST,150,N,N,A,-,N,NA,NA,NA,NA,NA,NA,NA,NA,NA,N,4,0,1,2,A,-,09,21801,A,N,D,C,A,A,H,-,A,D,0,NA,NA,NA,NA,Y,NA,D,22,0,0,1,0,0,0,0,0,0,-,-,NA,NA,LOS ANGELES,LOS ANGELES,-118.62344360351564,34.208683013916016
9178649,2020,2020-12-07,1900,2020-10-20,1450,LM1406,0466,2,5,4,1936,0,0,0,NA,0,46ZD,TROJAN WY,NORTHAM ST,0,NA,Y,A,-,N,NA,NA,NA,NA,NA,NA,NA,NA,NA,N,4,0,1,2,A,-,09,21801,A,N,D,C,A,A,H,-,A,D,0,NA,NA,NA,Y,Y,NA,F,26,0,0,1,0,0,0,0,0,0,-,-,33.8857307434082,-118.01583862304688,LOS ANGELES,LA MIRADA,-118.01586151123048,33.88570022583008
9178651,2020,2020-12-26,1900,2020-10-07,1615,642886,1362,3,5,5,1952,0,0,0,NA,0,136K,SOMERSET RANCH RD,DOWNEY AV,0,NA,Y,A,-,N,NA,NA,NA,NA,NA,NA,NA,NA,NA,Y,3,0,1,4,D,-,00,NA,NA,N,C,C,A,A,H,-,A,A,0,NA,NA,NA,NA,Y,NA,-,-,0,1,0,0,0,0,0,0,0,-,-,NA,NA,LOS ANGELES,PARAMOUNT,-118.15245819091795,33.91313171386719
9178652,2020,2020-12-10,1942,2020-10-16,0920,43978,2144,5,5,7,1942,0,0,0,NA,0,21X39,SHOUP AV,OXNARD ST,0,NA,Y,A,-,N,NA,NA,NA,NA,NA,NA,NA,NA,NA,Y,3,0,2,2,A,-,12,21453,A,N,D,C,A,A,H,-,A,A,0,NA,NA,NA,NA,Y,NA,D,22,0,1,1,0,0,0,0,0,0,-,-,NA,NA,LOS ANGELES,LOS ANGELES,-118.61459350585938,34.17919158935547
9178654,2020,2020-12-24,1900,2020-10-16,1000,436136,1324,5,5,5,1935,0,0,0,NA,0,132T2,WOODRUFF AV,DEL AMO BL,129,S,N,A,-,N,NA,NA,NA,NA,NA,NA,NA,NA,NA,N,4,0,1,3,A,-,09,21804,A,N,D,C,A,A,H,-,A,D,0,NA,NA,NA,NA,Y,NA,A,01,0,0,1,0,0,0,0,0,0,-,-,NA,NA,LOS ANGELES,LAKEWOOD,-118.1164321899414,33.846736907958984