CASE_ID,ACCIDENT_YEAR,PROC_DATE,JURIS,COLLISION_DATE,COLLISION_TIME,OFFICER_ID,REPORTING_DISTRICT,DAY_OF_WEEK,CHP_SHIFT,POPULATION,CNTY_CITY_LOC,SPECIAL_COND,BEAT_TYPE,CHP_BEAT_TYPE,CITY_DIVISION_LAPD,CHP_BEAT_CLASS,BEAT_NUMBER,PRIMARY_RD,SECONDARY_RD,DISTANCE,DIRECTION,INTERSECTION,WEATHER_1,WEATHER_2,STATE_HWY_IND,CALTRANS_COUNTY,CALTRANS_DISTRICT,STATE_ROUTE,ROUTE_SUFFIX,POSTMILE_PREFIX,POSTMILE,LOCATION_TYPE,RAMP_INTERSECTION,SIDE_OF_HWY,TOW_AWAY,COLLISION_SEVERITY,NUMBER_KILLED,NUMBER_INJURED,PARTY_COUNT,PRIMARY_COLL_FACTOR,PCF_CODE_OF_VIOL,PCF_VIOL_CATEGORY,PCF_VIOLATION,PCF_VIOL_SUBSECTION,HIT_AND_RUN,TYPE_OF_COLLISION,MVIW,PED_ACTION,ROAD_SURFACE,ROAD_COND_1,ROAD_COND_2,LIGHTING,CONTROL_DEVICE,CHP_ROAD_TYPE,PEDESTRIAN_ACCIDENT,BICYCLE_ACCIDENT,MOTORCYCLE_ACCIDENT,TRUCK_ACCIDENT,NOT_PRIVATE_PROPERTY,ALCOHOL_INVOLVED,STWD_VEHTYPE_AT_FAULT,CHP_VEHTYPE_AT_FAULT,COUNT_SEVERE_INJ,COUNT_VISIBLE_INJ,COUNT_COMPLAINT_PAIN,COUNT_PED_KILLED,COUNT_PED_INJURED,COUNT_BICYCLIST_KILLED,COUNT_BICYCLIST_INJURED,COUNT_MC_KILLED,COUNT_MC_INJURED,PRIMARY_RAMP,SECONDARY_RAMP,LATITUDE,LONGITUDE,COUNTY,CITY,POINT_X,POINT_Y
9179308,2020,2020-12-07,1900,2020-10-09,0610,602995,2610,5,5,6,1950,0,0,0,NA,0,262T1,AVENUE R,6TH ST EAST,155,E,N,A,-,N,NA,NA,NA,NA,NA,NA,NA,NA,NA,Y,3,0,2,2,A,-,05,21650,NA,N,A,C,A,A,H,-,C,D,0,NA,NA,NA,NA,Y,NA,A,01,0,1,1,0,0,0,0,0,0,-,-,34.57265090942383,-118.1164779663086,LOS ANGELES,PALMDALE,-118.1176300048828,34.572574615478516
9179309,2020,2020-11-10,1942,2020-08-11,1200,43500,0373,2,5,7,1942,0,0,0,C,0,3A54-W,WESTERN BL,MARTIN LUTHER KING BL,120,N,N,A,-,N,NA,NA,NA,NA,NA,NA,NA,NA,NA,Y,3,0,5,4,A,-,08,22107,A,N,C,C,A,A,H,-,A,D,0,NA,NA,NA,NA,Y,NA,A,01,0,3,2,0,0,0,0,0,0,-,-,NA,NA,LOS ANGELES,LOS ANGELES,-118.30892181396484,34.01118087768555
9179311,2020,2020-11-12,1942,2020-08-25,1715,43664,RD182,2,5,7,1942,0,0,0,NA,0,18X96,SAN PEDRO ST,111TH ST,150,S,N,A,-,N,NA,NA,NA,NA,NA,NA,NA,NA,NA,N,4,0,1,2,A,-,03,22350,NA,N,C,C,A,A,H,-,A,A,0,NA,NA,NA,NA,Y,NA,A,01,0,0,1,0,0,0,0,0,0,-,-,NA,NA,LOS ANGELES,LOS ANGELES,-118.26953887939452,33.93438720703125
9179320,2020,2020-11-10,1942,2020-08-29,2355,42534,1373,6,5,7,1942,0,0,0,M,0,13XL3,SLAUSON,MCKINLEY,10,S,N,A,-,N,NA,NA,NA,NA,NA,NA,NA,NA,NA,Y,4,0,2,4,A,-,03,22350,NA,F,C,-,A,A,H,-,C,A,0,NA,NA,NA,NA,Y,Y,-,99,0,0,2,0,0,0,0,0,0,-,-,NA,NA,LOS ANGELES,LOS ANGELES,-118.26085662841795,33.989280700683594
9179323,2020,2020-11-10,1942,2020-08-28,1420,40514,1341,5,5,7,1942,0,0,0,M,0,13X53,BROADWAY,MARTIN LUTHER KING BL,0,NA,Y,A,-,NA,NA,NA,NA,NA,NA,NA,NA,NA,NA,Y,4,0,3,5,A,-,07,21658,A,N,C,E,-,A,H,-,A,A,0,Y,NA,NA,NA,Y,NA,A,01,0,0,3,0,1,0,0,0,0,-,-,NA,NA,LOS ANGELES,LOS ANGELES,-118.27886199951172,34.0111083984375
9179324,2020,2020-11-10,1942,2020-08-23,0245,42596,1364,7,5,7,1942,0,0,0,M,0,13Z3,CENTRAL AV,51ST ST,0,NA,Y,A,-,N,NA,NA,NA,NA,NA,NA,NA,NA,NA,N,3,0,1,2,A,-,12,22450,NA,F,D,D,A,A,H,-,C,A,0,NA,NA,NA,NA,Y,NA,-,99,0,1,0,0,0,0,0,0,0,-,-,NA,NA,LOS ANGELES,LOS ANGELES,-118.2564697265625,33.997108459472656
9179325,2020,2020-11-10,1942,2020-08-23,1700,43100,1309,7,5,7,1942,0,0,0,M,0,NA,8TH ST,SANTA FE AVE,0,NA,Y,A,-,N,NA,NA,NA,NA,NA,NA,NA,NA,NA,N,4,0,1,2,-,-,-,NA,NA,F,A,B,F,A,H,-,A,B,0,Y,NA,NA,NA,Y,NA,-,99,0,0,1,0,1,0,0,0,0,-,-,NA,NA,LOS ANGELES,LOS ANGELES,-118.2299575805664,34.02962112426758
9179326,2020,2020-11-10,1942,2020-08-23,1635,44492,1327,7,5,7,1942,0,0,0,M,0,13X28,24TH ST,LONG BEACH AV,12,E,N,A,-,NA,NA,NA,NA,NA,NA,NA,NA,NA,NA,Y,4,0,1,2,A,-,04,21703,NA,F,C,C,A,A,H,-,A,A,0,NA,NA,NA,NA,Y,Y,-,99,0,0,1,0,0,0,0,0,0,-,-,NA,NA,LOS ANGELES,LOS ANGELES,-118.24317169189452,34.01521682739258
9179327,2020,2020-11-10,1942,2020-08-12,1545,43139,1385,3,5,7,1942,0,0,0,M,0,13A9,AVALON BL,61ST,0,NA,Y,A,-,N,NA,NA,NA,NA,NA,NA,NA,NA,NA,N,3,0,1,2,A,-,09,21800,A,N,B,G,A,A,H,-,A,A,0,NA,Y,NA,NA,Y,NA,A,01,0,1,0,0,0,0,1,0,0,-,-,NA,NA,LOS ANGELES,LOS ANGELES,-118.26519012451172,33.98440170288086
9179328,2020,2020-11-10,1942,2020-08-11,1910,44207,NEWTO,2,5,7,1942,0,0,0,NA,0,13A71,54TH ST,BROADWAY,158,W,N,A,-,N,NA,NA,NA,NA,NA,NA,NA,NA,NA,N,3,0,1,2,A,-,11,21955,NA,N,G,B,D,A,H,-,A,D,0,Y,NA,NA,NA,Y,NA,N,60,0,1,0,0,1,0,0,0,0,-,-,NA,NA,LOS ANGELES,LOS ANGELES,-118.27883911132813,33.99330520629883
9179357,2020,2020-12-05,1942,2020-10-06,2200,36814,0119,2,5,7,1942,0,0,0,A,0,1A1,E CESAR E CHAVEZ AV,N VIGNES ST,0,NA,Y,A,-,N,NA,NA,NA,NA,NA,NA,NA,NA,NA,N,3,0,1,2,A,-,10,21950,A,M,G,B,B,A,H,-,C,A,0,Y,NA,NA,NA,Y,NA,-,99,0,1,0,0,1,0,0,0,0,-,-,NA,NA,LOS ANGELES,LOS ANGELES,-118.23182678222656,34.05659103393555
9179358,2020,2020-12-05,1942,2020-10-06,1310,37724,1269,2,5,7,1942,0,0,0,L,0,18A3,AVALON BL,E MANCHESTER AV,60,N,N,A,-,N,NA,NA,NA,NA,NA,NA,NA,NA,NA,Y,4,0,1,2,A,-,01,23152,A,N,C,C,A,A,H,-,A,A,0,NA,NA,NA,NA,Y,Y,A,01,0,0,1,0,0,0,0,0,0,-,-,NA,NA,LOS ANGELES,LOS ANGELES,-118.26512908935548,33.96029281616211
9179359,2020,2020-12-05,1942,2020-10-02,2020,39360,1249,5,5,7,1942,0,0,0,L,0,25T31,S FIGUEROA ST,W FLORENCE AV,80,N,N,A,-,N,NA,NA,NA,NA,NA,NA,NA,NA,NA,Y,4,0,1,3,A,-,01,23152,A,N,C,C,A,A,H,-,C,D,0,NA,NA,NA,NA,Y,Y,A,07,0,0,1,0,0,0,0,0,0,-,-,NA,NA,LOS ANGELES,LOS ANGELES,-118.28269958496094,33.97488021850586
9179360,2020,2020-12-05,1942,2020-10-01,1810,43506,0123,4,5,7,1942,0,0,0,A,0,1X94-W,5TH ST,SPRING ST,0,NA,Y,A,-,N,NA,NA,NA,NA,NA,NA,NA,NA,NA,N,4,0,1,2,A,-,10,21950,A,F,G,B,B,A,H,-,A,A,0,Y,NA,NA,NA,Y,NA,-,99,0,0,1,0,1,0,0,0,0,-,-,NA,NA,LOS ANGELES,LOS ANGELES,-118.2496337890625,34.04738998413086
9179361,2020,2021-01-21,1900,2020-10-12,0107,538684,2607,1,5,6,1950,0,0,0,NA,0,264T1,AVENUE S,47TH ST EAST,0,NA,Y,A,-,N,NA,NA,NA,NA,NA,NA,NA,NA,NA,N,4,0,1,2,A,-,03,22350,NA,N,C,C,A,A,H,-,C,A,0,NA,NA,NA,NA,Y,NA,A,01,0,0,1,0,0,0,0,0,0,-,-,34.5583381652832,-118.04576110839844,LOS ANGELES,PALMDALE,-118.04525756835938,34.558101654052734
9179362,2020,2021-01-21,1900,2020-10-11,1300,514671,2608,7,5,6,1950,0,0,0,NA,0,264T1,AVENUE S,HALFMOON DR,148,W,N,A,-,N,NA,NA,NA,NA,NA,NA,NA,NA,NA,N,4,0,1,2,A,-,00,22658,A,N,B,C,A,A,H,-,A,D,0,NA,NA,NA,NA,Y,NA,A,07,0,0,1,0,0,0,0,0,0,-,-,34.558101654052734,-118.08657073974608,LOS ANGELES,PALMDALE,-118.0881118774414,34.55812454223633
9179363,2020,2021-01-21,1900,2020-10-05,1658,611140,2608,1,5,6,1950,0,0,0,NA,0,264T1,35TH ST EAST,AVENUE R-12,0,NA,Y,A,-,N,NA,NA,NA,NA,NA,NA,NA,NA,NA,N,4,0,3,2,A,-,09,21801,A,N,D,A,A,A,H,-,A,D,0,NA,NA,NA,NA,Y,NA,A,01,0,0,3,0,0,0,0,0,0,-,-,34.56193161010742,-118.07627105712892,LOS ANGELES,PALMDALE,-118.06723785400392,34.56182861328125
9179364,2020,2021-01-21,1900,2020-10-06,1923,618391,2608,2,5,6,1950,0,0,0,NA,0,263T1,AVENUE Q,30TH ST E,0,NA,Y,A,-,Y,NA,NA,NA,NA,NA,NA,NA,NA,NA,N,4,0,1,3,A,-,09,21802,A,N,D,C,A,A,H,-,C,A,0,NA,NA,NA,NA,Y,NA,A,01,0,0,1,0,0,0,0,0,0,-,-,34.58742904663086,-118.07626342773438,LOS ANGELES,PALMDALE,-118.07628631591795,34.587459564208984
9179365,2020,2021-01-21,1900,2020-10-07,2010,611140,2608,3,5,6,1950,0,0,0,NA,0,262T1,25TH SRT E,AVENUE R,244,N,N,A,-,N,NA,NA,NA,NA,NA,NA,NA,NA,NA,N,4,0,1,2,A,-,09,21801,A,N,D,C,A,A,H,-,C,D,0,NA,NA,NA,NA,Y,NA,A,01,0,0,1,0,0,0,0,0,0,-,-,34.57307815551758,-118.08497619628906,LOS ANGELES,PALMDALE,-118.08499908447266,34.57341766357422
9179366,2020,2021-01-21,1900,2020-10-01,1920,611140,2607,4,5,6,1950,0,0,0,NA,0,264T1,47TH ST EAST,PALMDALE BL,787,S,N,A,-,N,NA,NA,138,NA,NA,NA,NA,NA,NA,Y,4,0,1,3,A,-,03,22350,NA,N,C,C,A,A,H,-,C,D,0,NA,NA,NA,NA,Y,NA,A,01,0,0,1,0,0,0,0,0,0,-,-,34.577659606933594,-118.04503631591795,LOS ANGELES,PALMDALE,-118.04507446289064,34.57765579223633
9179367,2020,2021-01-21,1900,2020-10-06,0714,601485,2612,2,5,6,1950,0,0,0,NA,0,260T1,AVENUE S,THE GROVES,0,NA,Y,A,-,N,NA,NA,NA,NA,NA,NA,NA,NA,NA,Y,4,0,3,2,A,-,12,21453,A,N,D,C,A,A,H,-,A,A,0,NA,NA,NA,NA,Y,NA,-,-,0,0,3,0,0,0,0,0,0,-,-,34.561798095703125,-118.19619750976564,LOS ANGELES,PALMDALE,-118.16922760009766,34.56184005737305
9179368,2020,2021-01-21,1900,2020-10-10,1900,630200,2603,6,5,6,1950,0,0,0,NA,0,264T1,AVENUE S,CEMETERY RD,424,W,N,A,-,N,NA,NA,NA,NA,NA,NA,NA,NA,NA,Y,4,0,9,3,A,-,01,23152,A,N,C,C,A,A,H,-,C,D,0,NA,NA,NA,NA,Y,NA,A,01,0,0,9,0,0,0,0,0,0,-,-,34.55799865722656,-118.09030151367188,LOS ANGELES,PALMDALE,-118.40178680419922,33.94510269165039
9179369,2020,2021-01-21,1900,2020-10-05,1840,611140,2610,1,5,6,1950,0,0,0,NA,0,264T1,PALMDALE BL,11TH ST EAST,0,NA,Y,A,-,N,NA,NA,138,NA,NA,NA,NA,NA,NA,N,4,0,1,3,A,-,09,21802,A,N,D,C,A,A,H,-,C,D,0,NA,NA,NA,NA,Y,NA,A,01,0,0,1,0,0,0,0,0,0,-,-,34.57963943481445,-118.1095962524414,LOS ANGELES,PALMDALE,-118.1095962524414,34.57958221435547
9179370,2020,2021-01-21,1900,2020-10-24,2008,610418,1139,6,5,6,1992,0,0,0,NA,0,111T1,AVENUE L,56TH ST W,72,E,N,A,-,N,NA,NA,NA,NA,NA,NA,NA,NA,NA,Y,4,0,1,2,A,-,03,22350,NA,N,C,C,A,A,H,-,C,D,0,NA,NA,NA,NA,Y,NA,A,07,0,0,1,0,0,0,0,0,0,-,-,NA,NA,LOS ANGELES,LANCASTER,-118.22987365722656,34.66022872924805
9179371,2020,2021-01-21,1900,2020-10-17,1855,644792,1192,6,5,6,1992,0,0,0,NA,0,112T2,30TH ST W,AVENUYE K-4,0,NA,Y,A,-,N,NA,NA,NA,NA,NA,NA,NA,NA,NA,Y,3,0,3,2,A,-,09,21802,A,N,D,C,A,A,H,-,C,A,0,NA,NA,NA,NA,Y,NA,A,01,0,2,1,0,0,0,0,0,0,-,-,NA,NA,LOS ANGELES,LANCASTER,NA,NA
9179372,2020,2021-01-21,1900,2020-10-14,0654,602401,1192,3,5,6,1992,0,0,0,NA,0,111T2,30TH ST W,AVENUE K,0,NA,Y,A,-,N,NA,NA,NA,NA,NA,NA,NA,NA,NA,Y,2,0,2,2,D,-,00,NA,NA,N,D,C,A,A,H,-,A,A,0,NA,NA,NA,NA,Y,NA,-,-,1,1,0,0,0,0,0,0,0,-,-,NA,NA,LOS ANGELES,LANCASTER,-118.18359375,34.67488098144531
9179373,2020,2021-01-21,1900,2020-10-09,2224,644792,1122,5,5,6,1992,0,0,0,NA,0,112T1,FERN AV,KETTERING ST,8,N,N,A,-,N,NA,NA,NA,NA,NA,NA,NA,NA,NA,Y,3,0,1,1,A,-,01,23152,A,N,E,I,A,A,H,-,C,D,0,NA,NA,NA,NA,Y,Y,A,01,0,1,0,0,0,0,0,0,0,-,-,NA,NA,LOS ANGELES,LANCASTER,-118.14485168457033,34.69940185546875
9179374,2020,2021-01-21,1900,2020-10-16,2103,627967,1132,5,5,6,1992,0,0,0,NA,0,112T1,AVENUE K,DIVISION ST,88,E,N,A,-,N,NA,NA,NA,NA,NA,NA,NA,NA,NA,Y,4,0,2,3,A,-,01,23152,A,N,C,C,A,-,H,-,C,A,0,NA,NA,NA,NA,Y,Y,A,01,0,0,2,0,0,0,0,0,0,-,-,NA,NA,LOS ANGELES,LANCASTER,-118.1301727294922,34.674991607666016
9179375,2020,2021-01-21,1900,2020-10-22,1324,611164,1121,4,5,6,1992,0,0,0,NA,0,112T2,105TH SR W,AVENUE H-4,0,NA,Y,A,-,N,NA,NA,NA,NA,NA,NA,NA,NA,NA,N,4,0,1,2,A,-,04,21703,NA,N,C,C,A,A,B,C,A,D,0,NA,NA,NA,NA,Y,NA,A,01,0,0,1,0,0,0,0,0,0,-,-,NA,NA,LOS ANGELES,LANCASTER,NA,NA
9179376,2020,2021-01-21,1900,2020-10-20,1540,644527,1127,2,5,6,1992,0,0,0,NA,0,111HPM,AVENUE J-8,27TH ST WEST,0,NA,Y,A,-,N,NA,NA,NA,NA,NA,NA,NA,NA,NA,N,4,0,1,2,A,-,09,21801,A,N,D,C,A,A,H,-,A,D,0,NA,NA,NA,NA,Y,NA,A,01,0,0,1,0,0,0,0,0,0,-,-,NA,NA,LOS ANGELES,LANCASTER,-118.17916870117188,34.68252944946289
9179385,2020,2020-12-04,1956,2020-10-19,1736,1363,38,1,5,5,1956,0,0,0,NA,0,003,FORD AV,AVIATION BL,0,NA,Y,A,-,N,NA,NA,NA,NA,NA,NA,NA,NA,NA,NA,4,0,1,2,A,-,10,21950,A,N,G,B,B,A,H,-,A,A,0,Y,NA,NA,NA,Y,NA,A,01,0,0,1,0,1,0,0,0,0,-,-,33.86716842651367,-118.38410186767578,LOS ANGELES,REDONDO BEACH,-118.38408660888672,33.86716842651367
9179391,2020,2020-12-10,1975,2020-10-14,2311,467,1975,3,5,6,1975,0,0,0,NA,0,001,VINCENT AV,RT 10,0,NA,Y,A,-,Y,LA,7,10,-,-,35.508,R,4,W,Y,4,0,1,2,A,-,12,21453,A,F,D,C,A,-,H,-,C,A,0,NA,NA,NA,NA,Y,NA,A,01,0,0,1,0,0,0,0,0,0,-,WF,NA,NA,LOS ANGELES,WEST COVINA,-117.92485809326172,34.0723876953125
9179392,2020,2020-12-04,1975,2020-10-15,0055,468,1975,4,5,6,1975,0,0,0,NA,0,003,MERCED AV,WILLOW AV,74,W,N,A,-,N,NA,NA,NA,NA,NA,NA,NA,NA,NA,Y,3,0,1,3,A,-,08,22107,NA,N,C,E,A,A,-,-,-,D,0,NA,NA,NA,NA,Y,NA,A,01,0,1,0,0,0,0,0,0,0,-,-,NA,NA,LOS ANGELES,WEST COVINA,-117.9557647705078,34.068443298339844
9179393,2020,2020-12-04,1975,2020-10-08,1119,427,NA,4,5,6,1975,0,0,0,NA,0,005,AMAR RD,AZUSA AV,0,NA,Y,A,-,N,NA,NA,NA,NA,NA,NA,NA,NA,NA,NA,3,0,1,2,A,-,10,21950,A,N,G,B,B,A,H,-,A,A,0,Y,NA,NA,NA,Y,NA,A,01,0,1,0,0,1,0,0,0,0,-,-,34.03144836425781,-117.91472625732422,LOS ANGELES,WEST COVINA,-117.9148178100586,34.03145980834961
9179394,2020,2020-12-04,1975,2020-10-19,1245,377,NA,1,5,6,1975,0,0,0,NA,0,003,MERCED AV,WILLOW AV,332,W,N,A,-,N,NA,NA,NA,NA,NA,NA,NA,NA,NA,NA,3,0,1,2,A,-,21,22106,NA,N,D,G,A,A,H,-,A,D,0,NA,Y,NA,NA,Y,NA,A,01,0,1,0,0,0,0,1,0,0,-,-,34.06835174560547,-117.95558166503906,LOS ANGELES,WEST COVINA,-117.95640563964844,34.06890869140625
9179396,2020,2021-01-29,1975,2020-10-20,0850,377,NA,2,5,6,1975,0,0,0,NA,0,002,GRAND AV,HOLT AV,0,NA,Y,A,-,N,NA,NA,NA,NA,NA,NA,NA,NA,NA,Y,3,0,2,2,A,-,12,21453,A,N,D,C,A,A,H,-,A,A,0,NA,NA,NA,NA,Y,NA,-,-,0,1,1,0,0,0,0,0,0,-,-,34.06917953491211,-117.87210083007813,LOS ANGELES,WEST COVINA,-117.87225341796876,34.069129943847656
9179411,2020,2020-11-12,1900,2020-09-29,1030,623201,0560,2,5,3,1968,0,0,0,NA,0,55T1/D,GARVEY AV,LEE AV,17,W,N,A,-,N,NA,NA,NA,NA,NA,NA,NA,NA,NA,N,3,0,1,2,A,-,12,21453,A,N,D,C,A,A,H,-,A,A,0,NA,NA,NA,NA,Y,NA,A,08,0,1,0,0,0,0,0,0,0,-,-,34.06269073486328,-118.06684112548828,LOS ANGELES,SOUTH EL MONTE,-118.06690979003906,34.06271743774414
9179412,2020,2020-11-12,1900,2020-09-10,1540,629447,0531,4,5,5,1959,0,0,0,NA,0,53/P,ROSEMEAD BL,NEWBY AV,0,NA,Y,B,-,N,NA,NA,NA,NA,NA,NA,NA,NA,NA,Y,3,0,1,3,A,-,04,21703,NA,N,C,C,A,A,H,-,B,A,0,NA,NA,NA,NA,Y,NA,A,01,0,1,0,0,0,0,0,0,0,-,-,34.045799255371094,-118.04229736328124,LOS ANGELES,ROSEMEAD,-118.07331848144533,34.082889556884766
9179422,2020,2020-12-02,1941,2020-09-30,0950,5578,NA,3,5,7,1941,0,0,0,NA,0,NA,LONG BEACH BL,RT 710,0,NA,Y,A,-,Y,LA,7,710,-,-,12.135,R,4,N,Y,4,0,1,2,A,-,07,21658,A,N,B,I,A,A,H,-,A,A,0,NA,NA,NA,NA,Y,NA,A,NA,0,0,1,0,0,0,0,0,0,-,NO,NA,NA,LOS ANGELES,LONG BEACH,-118.1982650756836,33.864044189453125
9179428,2020,2020-11-12,1900,2020-09-28,1335,633029,2824,1,5,5,1915,0,0,0,NA,0,282T1,PALMER ST,MAYO AV,10,W,N,A,-,N,NA,NA,NA,NA,NA,NA,NA,NA,NA,Y,4,0,1,2,A,-,04,21703,NA,N,C,C,A,A,H,-,A,A,0,NA,NA,NA,NA,Y,NA,A,01,0,0,1,0,0,0,0,0,0,-,-,NA,NA,LOS ANGELES,COMPTON,-118.21285247802734,33.89833068847656
9179431,2020,2020-11-16,1942,2020-09-05,1740,40726,1824,6,5,7,1942,0,0,0,R,0,25MQ58,CLOVIS AV,CENTURY BL,0,NA,Y,A,-,N,NA,NA,NA,NA,NA,NA,NA,NA,NA,N,3,0,2,2,A,-,05,21460,NA,F,B,C,A,A,H,-,A,A,0,NA,NA,NA,NA,Y,NA,-,99,0,2,0,0,0,0,0,0,0,-,-,NA,NA,LOS ANGELES,LOS ANGELES,-118.25653076171876,33.94565963745117
9179432,2020,2020-11-16,1942,2020-09-04,1805,43037,NA,5,5,7,1942,0,0,0,NA,0,18X96,IMPERIAL,IMPERIAL HWY,20,S,N,A,-,N,NA,NA,NA,NA,NA,NA,NA,NA,NA,N,3,0,1,2,A,-,08,22107,NA,F,G,B,E,A,H,-,A,D,0,Y,NA,NA,NA,Y,Y,-,99,0,1,0,0,1,0,0,0,0,-,-,NA,NA,LOS ANGELES,LOS ANGELES,-118.23159027099608,34.03814697265625
9179433,2020,2020-11-16,1942,2020-09-04,2330,42929,1805,5,5,7,1942,0,0,0,R,0,18A35,E 92ND ST,TOWNEST,200,NA,N,A,-,N,NA,NA,NA,NA,NA,NA,NA,NA,NA,Y,3,0,1,4,A,-,03,22350,NA,N,A,E,A,A,H,-,C,A,0,NA,NA,NA,NA,Y,NA,A,01,0,1,0,0,0,0,0,0,0,-,-,NA,NA,LOS ANGELES,LOS ANGELES,NA,NA
9179434,2020,2020-11-16,1942,2020-09-29,1710,43008,0156,2,5,7,1942,0,0,0,A,0,1X96-W,6TH ST,WALL ST,0,NA,Y,A,-,N,NA,NA,NA,NA,NA,NA,NA,NA,NA,N,4,0,1,2,A,-,10,21950,A,F,G,B,B,A,H,-,A,A,0,Y,NA,NA,NA,Y,NA,-,99,0,0,1,0,1,0,0,0,0,-,-,NA,NA,LOS ANGELES,LOS ANGELES,-118.24713897705078,34.043460845947266
9179435,2020,2020-11-16,1942,2020-09-27,2045,43031,0191,7,5,7,1942,0,0,0,A,0,1Z45,S FIGUEROA ST,VENICE BL,150,S,N,A,-,N,NA,NA,NA,NA,NA,NA,NA,NA,NA,N,2,0,1,2,A,-,11,21955,NA,N,G,B,D,A,H,-,C,A,0,Y,NA,NA,NA,Y,NA,A,01,1,0,0,0,1,0,0,0,0,-,-,NA,NA,LOS ANGELES,LOS ANGELES,-118.27029418945313,34.03715133666992
9179436,2020,2020-11-16,1942,2020-09-24,1800,38817,1215,4,5,7,1942,0,0,0,L,0,12A45,SLAUSON AVE,NORMANDIE AV,100,W,N,A,-,N,NA,NA,NA,NA,NA,NA,NA,NA,NA,N,3,0,1,2,A,-,03,22350,NA,F,C,C,A,A,H,-,A,A,0,NA,NA,NA,NA,Y,NA,-,99,0,1,0,0,0,0,0,0,0,-,-,NA,NA,LOS ANGELES,LOS ANGELES,-118.30052185058594,33.989139556884766
9179437,2020,2020-11-16,1942,2020-09-24,2040,42854,1205,4,5,7,1942,0,0,0,L,0,12A31,VERMONT AV,50TH ST,0,NA,Y,A,-,N,NA,NA,NA,NA,NA,NA,NA,NA,NA,Y,4,0,1,2,A,-,09,21801,A,F,A,C,A,A,H,-,C,A,0,NA,NA,NA,NA,Y,NA,A,01,0,0,1,0,0,0,0,0,0,-,-,NA,NA,LOS ANGELES,LOS ANGELES,-118.29154205322266,33.997798919677734
9179438,2020,2020-11-16,1942,2020-09-21,1825,42005,1267,1,5,7,1942,0,0,0,L,0,12A31,S HOOVER ST,W MANCHESTER AV,0,NA,Y,A,-,N,NA,NA,NA,NA,NA,NA,NA,NA,NA,N,4,0,1,2,A,-,12,21453,A,N,B,C,A,A,H,-,C,A,0,NA,NA,NA,NA,Y,NA,-,99,0,0,1,0,0,0,0,0,0,-,-,NA,NA,LOS ANGELES,LOS ANGELES,-118.2870635986328,33.96004867553711
9179439,2020,2020-11-16,1942,2020-09-19,1930,43651,1207,6,5,7,1942,0,0,0,L,0,12A15,HOOVER ST,50TH PL,0,NA,Y,A,-,N,NA,NA,NA,NA,NA,NA,NA,NA,NA,Y,4,0,2,2,A,-,09,21802,A,F,D,C,A,A,H,-,C,D,0,NA,NA,NA,NA,Y,NA,-,99,0,0,2,0,0,0,0,0,0,-,-,NA,NA,LOS ANGELES,LOS ANGELES,-118.28713989257813,33.99699020385742
9179440,2020,2020-11-16,1942,2020-09-10,0750,39236,1213,4,5,7,1942,0,0,0,L,0,12A15,56TH ST,DENKER AV,200,W,N,A,-,N,NA,NA,NA,NA,NA,NA,NA,NA,NA,N,4,0,3,3,A,-,21,22106,NA,F,B,C,A,A,H,-,A,D,0,NA,NA,NA,NA,Y,NA,A,07,0,0,3,0,0,0,0,0,0,-,-,NA,NA,LOS ANGELES,LOS ANGELES,-118.30523681640624,33.99147033691406
9179441,2020,2020-11-16,1942,2020-09-09,0400,40921,1257,3,5,7,1942,0,0,0,L,0,12A57,SAN PEDRO ST,80TH ST,20,N,N,A,-,N,NA,NA,NA,NA,NA,NA,NA,NA,NA,Y,4,0,2,2,A,-,08,22107,NA,F,D,C,A,A,H,-,B,D,0,NA,NA,NA,NA,Y,NA,A,01,0,0,2,0,0,0,0,0,0,-,-,NA,NA,LOS ANGELES,LOS ANGELES,-118.26954650878906,33.96707534790039
9179442,2020,2020-11-16,1942,2020-09-07,2025,44326,1363,1,5,7,1942,0,0,0,M,0,13A43,CENTRAL AVE,43RD ST,0,NA,Y,A,-,N,NA,NA,NA,NA,NA,NA,NA,NA,NA,N,4,0,1,2,A,-,04,21703,NA,F,C,C,A,A,H,-,C,A,0,NA,NA,NA,NA,Y,NA,-,99,0,0,1,0,0,0,0,0,0,-,-,NA,NA,LOS ANGELES,LOS ANGELES,-118.25649261474608,34.00572967529297
9179443,2020,2020-11-18,1942,2020-09-05,2220,NA,1383,6,5,7,1942,0,0,0,M,0,13A93,GAGE AV,SAN PEDRO,100,E,N,A,-,N,NA,NA,NA,NA,NA,NA,NA,NA,NA,Y,3,0,1,2,A,-,03,22350,NA,F,B,C,A,A,H,-,C,D,0,NA,NA,NA,NA,Y,NA,-,99,0,1,0,0,0,0,0,0,0,-,-,NA,NA,LOS ANGELES,LOS ANGELES,-118.26924896240234,33.98244094848633
9179444,2020,2020-11-18,1942,2020-09-05,0510,40756,0134,6,5,7,1942,0,0,0,A,0,1A1,4TH ST,HILL ST,0,NA,Y,A,-,N,NA,NA,NA,NA,NA,NA,NA,NA,NA,Y,4,0,1,2,A,-,12,21453,A,F,D,C,A,A,H,-,B,A,0,NA,NA,NA,NA,Y,NA,-,99,0,0,1,0,0,0,0,0,0,-,-,NA,NA,LOS ANGELES,LOS ANGELES,-118.25042724609376,34.05023193359375