CASE_ID,ACCIDENT_YEAR,PROC_DATE,JURIS,COLLISION_DATE,COLLISION_TIME,OFFICER_ID,REPORTING_DISTRICT,DAY_OF_WEEK,CHP_SHIFT,POPULATION,CNTY_CITY_LOC,SPECIAL_COND,BEAT_TYPE,CHP_BEAT_TYPE,CITY_DIVISION_LAPD,CHP_BEAT_CLASS,BEAT_NUMBER,PRIMARY_RD,SECONDARY_RD,DISTANCE,DIRECTION,INTERSECTION,WEATHER_1,WEATHER_2,STATE_HWY_IND,CALTRANS_COUNTY,CALTRANS_DISTRICT,STATE_ROUTE,ROUTE_SUFFIX,POSTMILE_PREFIX,POSTMILE,LOCATION_TYPE,RAMP_INTERSECTION,SIDE_OF_HWY,TOW_AWAY,COLLISION_SEVERITY,NUMBER_KILLED,NUMBER_INJURED,PARTY_COUNT,PRIMARY_COLL_FACTOR,PCF_CODE_OF_VIOL,PCF_VIOL_CATEGORY,PCF_VIOLATION,PCF_VIOL_SUBSECTION,HIT_AND_RUN,TYPE_OF_COLLISION,MVIW,PED_ACTION,ROAD_SURFACE,ROAD_COND_1,ROAD_COND_2,LIGHTING,CONTROL_DEVICE,CHP_ROAD_TYPE,PEDESTRIAN_ACCIDENT,BICYCLE_ACCIDENT,MOTORCYCLE_ACCIDENT,TRUCK_ACCIDENT,NOT_PRIVATE_PROPERTY,ALCOHOL_INVOLVED,STWD_VEHTYPE_AT_FAULT,CHP_VEHTYPE_AT_FAULT,COUNT_SEVERE_INJ,COUNT_VISIBLE_INJ,COUNT_COMPLAINT_PAIN,COUNT_PED_KILLED,COUNT_PED_INJURED,COUNT_BICYCLIST_KILLED,COUNT_BICYCLIST_INJURED,COUNT_MC_KILLED,COUNT_MC_INJURED,PRIMARY_RAMP,SECONDARY_RAMP,LATITUDE,LONGITUDE,COUNTY,CITY,POINT_X,POINT_Y
9181713,2020,2021-01-06,1976,2020-10-28,2208,474,NA,3,5,3,1964,0,0,0,NA,0,001,TELEGRAPH RD,ORR AND DAY RD,0,NA,Y,-,-,N,NA,NA,NA,NA,NA,NA,NA,NA,NA,Y,4,0,2,2,A,-,09,21453,C,N,A,C,A,-,-,-,-,A,0,NA,NA,NA,NA,Y,NA,A,07,0,0,2,0,0,0,0,0,0,-,-,NA,NA,LOS ANGELES,SANTA FE SPRINGS,-118.08956909179688,33.9487190246582
9181714,2020,2020-12-29,1942,2020-10-13,1305,34458,0195,2,5,7,1942,0,0,0,A,0,13A13,E 16TH ST,MAPLE AV,0,NA,Y,A,-,N,NA,NA,NA,NA,NA,NA,NA,NA,NA,Y,4,0,1,2,A,-,09,21801,A,N,D,C,A,A,H,-,A,A,0,NA,NA,NA,NA,Y,NA,A,01,0,0,1,0,0,0,0,0,0,-,-,NA,NA,LOS ANGELES,LOS ANGELES,-118.25942230224608,34.031829833984375
9181722,2020,2021-02-09,1969,2020-11-02,1541,20279,TRAFF,1,5,5,1969,0,0,0,NA,0,005,GARFIELD AV,EL PASEO AV,30,S,N,A,-,NA,NA,NA,NA,NA,NA,NA,NA,NA,NA,Y,4,0,1,2,A,-,03,22350,NA,F,C,C,A,A,H,-,A,A,0,NA,NA,NA,NA,Y,NA,-,NA,0,0,1,0,0,0,0,0,0,-,-,33.95083999633789,-118.16470336914064,LOS ANGELES,SOUTH GATE,NA,NA
9181723,2020,2020-12-09,1953,2020-09-28,1821,6300,PASAD,1,5,6,1953,0,0,0,NA,0,002,WALNUT ST,PASADENA AV,0,NA,Y,A,-,N,NA,NA,NA,NA,NA,NA,NA,NA,NA,Y,4,0,1,2,A,-,12,21453,A,N,D,C,A,A,H,-,A,A,0,NA,NA,NA,NA,Y,NA,A,07,0,0,1,0,0,0,0,0,0,-,-,NA,NA,LOS ANGELES,PASADENA,-118.15486145019533,34.14960861206055
9181727,2020,2021-01-05,1953,2020-10-01,1422,3367,1953,4,5,6,1953,0,0,0,NA,0,003,ORANGE GROVE BL,CARMELO AV,150,E,N,A,-,N,NA,NA,NA,NA,NA,NA,NA,NA,NA,Y,2,0,2,1,A,-,01,23152,A,N,E,I,A,A,D,-,A,A,0,NA,NA,NA,NA,Y,Y,D,22,1,1,0,0,0,0,0,0,0,-,-,NA,NA,LOS ANGELES,PASADENA,-118.0999755859375,34.15827941894531
9181820,2020,2020-12-29,1909,2020-10-24,0845,486,1909,6,5,4,1909,0,0,0,NA,0,NORTH,SCOUT AV,FLORENCE PL,47,S,N,B,-,N,NA,NA,NA,NA,NA,NA,NA,NA,NA,Y,4,0,1,2,A,-,08,22107,NA,N,-,C,A,A,H,-,A,D,0,NA,NA,NA,NA,Y,NA,A,01,0,0,1,0,0,0,0,0,0,-,-,NA,NA,LOS ANGELES,BELL GARDENS,-118.14002990722656,33.965087890625
9181985,2020,2020-11-18,1901,2020-07-06,1839,293,14,1,5,5,1901,0,0,0,NA,0,002,CHAPEL AV,VALLEY BL,0,NA,Y,A,-,N,NA,NA,NA,NA,NA,NA,NA,NA,NA,N,4,0,1,2,A,-,12,21453,NA,N,D,C,A,A,H,-,A,A,0,NA,NA,NA,NA,Y,NA,A,01,0,0,1,0,0,0,0,0,0,-,-,NA,NA,LOS ANGELES,ALHAMBRA,-118.1197509765625,34.07878875732422
9182002,2020,2020-11-13,1900,2020-09-05,0930,617372,0456,6,5,6,1949,0,0,0,NA,0,43T1D,BLOOMFIELD AV,HAYFORD ST,0,NA,Y,A,-,N,NA,NA,NA,NA,NA,NA,NA,NA,NA,N,2,0,1,2,A,-,09,21801,A,F,E,I,A,A,H,-,A,D,0,NA,NA,Y,NA,Y,NA,A,07,1,0,0,0,0,0,0,0,1,-,-,NA,NA,LOS ANGELES,NORWALK,-118.06433868408205,33.88908004760742
9182024,2020,2020-11-13,1976,2020-09-24,1326,442,NA,4,5,3,1964,0,0,0,NA,0,001,FLORENCE AV,SHOEMAKER AV,0,NA,Y,A,-,N,NA,NA,NA,NA,NA,NA,NA,NA,NA,Y,3,0,3,2,A,-,09,21801,A,N,D,C,A,A,H,-,A,A,0,NA,NA,NA,NA,Y,NA,A,01,0,1,2,0,0,0,0,0,0,-,-,NA,NA,LOS ANGELES,SANTA FE SPRINGS,-118.05522918701172,33.93526840209961
9182025,2020,2020-11-13,1913,2020-09-22,0948,3845,65,2,5,4,1913,0,0,0,NA,0,NA,FOOTHILL BL,CLAREMONT BL,0,NA,Y,B,-,N,NA,NA,NA,NA,NA,NA,NA,NA,NA,Y,4,0,2,4,A,-,12,21453,A,N,D,C,A,A,H,-,A,A,0,NA,NA,NA,NA,Y,NA,A,07,0,0,2,0,0,0,0,0,0,-,-,NA,NA,LOS ANGELES,CLAREMONT,-117.70301055908205,34.10683059692383
9182032,2020,2020-11-13,1900,2020-09-07,1540,638503,1430,1,5,4,1937,0,0,0,NA,0,143T1,SUNKIST AV,HOMEWARD ST,0,NA,Y,A,-,N,NA,NA,NA,NA,NA,NA,NA,NA,NA,N,2,0,1,2,A,-,05,21650,1,M,D,G,A,A,H,-,A,A,0,NA,Y,NA,NA,Y,NA,L,04,1,0,0,0,0,0,1,0,0,-,-,34.04838943481445,-117.97218322753906,LOS ANGELES,LA PUENTE,-117.97216796875,34.0483512878418
9182033,2020,2020-11-13,1900,2020-09-15,2315,438154,1417,2,5,1,1932,0,0,0,NA,0,141T5,AZUSA AV,TEMPLE AV,18,S,N,A,-,N,NA,NA,NA,NA,NA,NA,NA,NA,NA,Y,4,0,1,2,A,-,10,21950,A,N,G,B,B,A,H,-,C,A,0,Y,NA,NA,NA,Y,NA,A,07,0,0,1,0,1,0,0,0,0,-,-,34.02473068237305,-117.9178466796875,LOS ANGELES,INDUSTRY,-117.91771697998048,34.02463150024414
9182034,2020,2020-11-13,1900,2020-09-24,1620,619126,1435,4,5,4,1937,0,0,0,NA,0,143T1,VALLEY BL,DORA GUZMAN AV,10,W,N,A,-,N,NA,NA,NA,NA,NA,NA,NA,NA,NA,N,4,0,1,2,A,-,09,21802,A,N,E,I,A,A,H,-,A,A,0,NA,NA,NA,NA,Y,NA,A,07,0,0,1,0,0,0,0,0,0,-,-,34.00965118408203,-117.92861175537108,LOS ANGELES,LA PUENTE,-117.9285125732422,34.00953674316406
9182035,2020,2020-11-13,1900,2020-09-19,1425,638503,1431,6,5,4,1937,0,0,0,NA,0,143T1,HACIENDA BL,TEMPLE AV,38,N,N,A,-,N,NA,NA,NA,NA,NA,NA,NA,NA,NA,Y,4,0,2,2,A,-,03,22350,NA,N,C,C,A,A,H,-,A,A,0,NA,NA,NA,NA,Y,NA,A,01,0,0,2,0,0,0,0,0,0,-,-,34.03044891357422,-117.9538116455078,LOS ANGELES,LA PUENTE,-117.9538803100586,34.03036880493164
9182037,2020,2020-11-13,1900,2020-09-25,1226,629227,1434,5,5,4,1937,0,0,0,NA,0,143T1,CHATTERTON AV,SALAIS ST,119,N,N,A,-,N,NA,NA,NA,NA,NA,NA,NA,NA,NA,N,4,0,1,1,C,-,18,NA,NA,N,E,I,A,A,H,-,A,D,0,NA,NA,NA,NA,Y,NA,-,-,0,0,1,0,0,0,0,0,0,-,-,34.01424026489258,-117.93213653564452,LOS ANGELES,LA PUENTE,-117.93219757080078,34.014156341552734
9182060,2020,2021-02-13,1942,2020-11-03,1225,44301.,1215,2,5,7,1942,0,0,0,L,0,12A83,W SLAUSON AV,S NORMANDIE AV,0,NA,Y,A,-,N,NA,NA,NA,NA,NA,NA,NA,NA,NA,N,4,0,2,2,A,-,09,21801,A,N,B,C,A,A,H,-,A,A,0,NA,NA,NA,NA,Y,NA,A,01,0,0,2,0,0,0,0,0,0,-,-,NA,NA,LOS ANGELES,LOS ANGELES,-118.30019378662108,33.989139556884766
9182061,2020,2021-02-13,1942,2020-11-02,0545,31674,0397,1,5,7,1942,0,0,0,C,0,25MQ11,MARTIN LUTHER KING BL,NORMANDIE AV,0,NA,Y,A,-,N,NA,NA,NA,NA,NA,NA,NA,NA,NA,N,4,0,1,2,A,-,09,21801,A,N,D,C,A,A,H,-,C,A,0,NA,NA,NA,NA,Y,NA,A,01,0,0,1,0,0,0,0,0,0,-,-,NA,NA,LOS ANGELES,LOS ANGELES,-118.30017852783205,34.01087188720703
9182063,2020,2021-02-13,1942,2020-11-01,0830,40851,0373,7,5,7,1942,0,0,0,C,0,3A73,COLISEUM ST,DEGNAN BL,8,S,N,A,-,N,NA,NA,NA,NA,NA,NA,NA,NA,NA,N,2,0,1,1,A,-,03,22350,NA,N,H,-,A,A,H,-,A,D,0,NA,NA,Y,NA,Y,NA,C,03,1,0,0,0,0,0,0,0,1,-,-,NA,NA,LOS ANGELES,LOS ANGELES,-118.33003997802734,34.01823043823242
9182065,2020,2021-02-13,1942,2020-11-06,2050,39458,0507,5,5,7,1942,0,0,0,E,0,5A1,WESTERN AV,227TH ST,65,S,N,A,-,N,NA,NA,NA,NA,NA,NA,NA,NA,NA,Y,3,0,1,1,A,-,03,22350,NA,N,A,I,A,A,H,-,C,A,0,NA,NA,Y,NA,Y,Y,C,03,0,1,0,0,0,0,0,0,1,-,-,NA,NA,LOS ANGELES,LOS ANGELES,-118.30890655517578,33.820011138916016
9182066,2020,2021-02-13,1942,2020-11-03,1340,36659,0585,2,5,7,1942,0,0,0,E,0,5A11,19TH ST,PACIFIC AV,200,W,N,A,-,N,NA,NA,NA,NA,NA,NA,NA,NA,NA,Y,3,0,1,3,A,-,03,22350,NA,N,B,E,A,A,H,-,A,D,0,NA,NA,NA,NA,Y,NA,A,01,0,1,0,0,0,0,0,0,0,-,-,NA,NA,LOS ANGELES,LOS ANGELES,-118.4714813232422,33.98580551147461
9182067,2020,2021-02-13,1942,2020-11-03,2130,44382,0515,2,5,7,1942,0,0,0,E,0,5A25,PACIFIC COAST HWY,MCDONALD AV,0,NA,Y,A,-,N,NA,NA,NA,NA,NA,NA,NA,NA,NA,Y,4,0,1,3,A,-,09,21804,A,N,D,C,A,A,H,-,C,D,0,NA,NA,NA,NA,Y,NA,A,01,0,0,1,0,0,0,0,0,0,-,-,NA,NA,LOS ANGELES,LOS ANGELES,-118.27185821533205,33.79071044921875
9182068,2020,2021-02-13,1942,2020-11-02,1910,43709,0585,1,5,7,1942,0,0,0,E,0,5XL3,W 25TH ST,MEYLER ST,25,E,N,A,-,N,NA,NA,NA,NA,NA,NA,NA,NA,NA,N,4,0,1,4,-,-,-,NA,NA,N,B,E,A,A,H,-,C,A,0,NA,NA,NA,NA,Y,NA,-,-,0,0,1,0,0,0,0,0,0,-,-,NA,NA,LOS ANGELES,LOS ANGELES,-118.29677581787108,33.72154998779297
9182069,2020,2021-02-13,1942,2020-11-03,1545,43982,0541,2,5,7,1942,0,0,0,E,0,5A1,WESTERN AV,CRESTWOOD DR,0,NA,-,A,-,N,NA,NA,NA,NA,NA,NA,NA,NA,NA,N,4,0,2,4,A,-,04,21703,NA,N,C,C,A,A,H,-,A,D,0,NA,NA,NA,NA,Y,NA,A,01,0,0,2,0,0,0,0,0,0,-,-,NA,NA,LOS ANGELES,LOS ANGELES,-118.30921173095705,33.75014114379883
9182070,2020,2021-02-13,1942,2020-11-02,1835,39628,0529,1,5,7,1942,0,0,0,E,0,5A25,BROAD AV,HARRY BRIDGES BL,19,N,N,A,-,N,NA,NA,NA,NA,NA,NA,NA,NA,NA,N,4,0,1,2,A,-,09,21801,A,F,B,C,A,A,H,-,C,A,0,NA,NA,NA,NA,Y,NA,-,99,0,0,1,0,0,0,0,0,0,-,-,NA,NA,LOS ANGELES,LOS ANGELES,-118.26049041748048,33.771392822265625
9182071,2020,2021-02-18,1942,2020-11-01,2015,44267,1215,7,5,7,1942,0,0,0,L,0,12A31,SLAUSON AV,VERMONT AV,0,NA,Y,A,-,N,NA,NA,NA,NA,NA,NA,NA,NA,NA,Y,4,0,1,2,A,-,12,21453,A,N,D,C,A,A,H,-,C,A,0,NA,NA,NA,NA,Y,NA,-,NA,0,0,1,0,0,0,0,0,0,-,-,NA,NA,LOS ANGELES,LOS ANGELES,-118.29147338867188,33.989131927490234
9182072,2020,2021-02-13,1942,2020-11-02,1600,39236,RD125,1,5,7,1942,0,0,0,NA,0,12A15,VAN NESS AV,73RD ST,0,NA,Y,A,-,N,NA,NA,NA,NA,NA,NA,NA,NA,NA,N,4,0,2,2,A,-,12,22450,A,N,B,C,A,A,H,-,A,A,0,NA,NA,NA,NA,Y,Y,A,01,0,0,2,0,0,0,0,0,0,-,-,NA,NA,LOS ANGELES,LOS ANGELES,-118.31773376464844,33.973670959472656
9182073,2020,2021-02-13,1942,2020-11-01,1800,44335,1283,7,5,7,1942,0,0,0,L,0,12A3,WESTERN AV,CENTURY BL,200,S,N,A,-,N,NA,NA,NA,NA,NA,NA,NA,NA,NA,N,4,0,1,2,A,-,00,22651,B,F,B,C,A,A,H,-,C,A,0,NA,NA,NA,NA,Y,NA,A,01,0,0,1,0,0,0,0,0,0,-,-,NA,NA,LOS ANGELES,LOS ANGELES,-118.30902862548828,33.94490051269531
9182074,2020,2021-02-13,1942,2020-11-04,1230,33599,1243,3,5,7,1942,0,0,0,L,0,12A51,S VAN NESS AV,W 62ND ST,0,NA,Y,A,-,N,NA,NA,NA,NA,NA,NA,NA,NA,NA,Y,4,0,2,2,A,-,12,21453,A,N,A,C,A,A,H,-,A,A,0,NA,NA,NA,NA,Y,NA,-,-,0,0,2,0,0,0,0,0,0,-,-,NA,NA,LOS ANGELES,LOS ANGELES,-118.31768798828124,33.983341217041016
9182094,2020,2021-02-06,1900,2020-11-03,1500,465644,2927,2,5,5,1990,0,0,0,NA,0,1292A,CASTLE,BRONCO LN,0,NA,Y,A,-,N,NA,NA,NA,NA,NA,NA,NA,NA,NA,N,4,0,1,2,A,-,17,22517,NA,N,C,G,A,A,H,-,A,D,0,NA,Y,NA,NA,Y,NA,A,01,0,0,1,0,0,0,1,0,0,-,-,NA,NA,LOS ANGELES,DIAMOND BAR,-117.84196,33.97289
9182095,2020,2021-02-06,1900,2020-11-06,1620,438096,2923,5,5,5,1990,0,0,0,NA,0,292T1,GOLDEN SPRINGS DR,CARPIO DR,0,NA,Y,B,-,N,NA,NA,NA,NA,NA,NA,NA,NA,NA,Y,3,0,1,2,A,-,09,21801,A,N,D,C,A,A,H,-,A,A,0,NA,NA,NA,NA,Y,NA,A,01,0,1,0,0,0,0,0,0,0,-,-,34.02484130859375,-117.79737091064452,LOS ANGELES,DIAMOND BAR,-117.79672241210938,34.026458740234375
9182096,2020,2021-02-06,1900,2020-11-07,1047,504778,2924,6,5,5,1990,0,0,0,NA,0,292K4,GRAND AV,LAVENDER DR,0,NA,Y,C,-,N,NA,NA,NA,NA,NA,NA,NA,NA,NA,Y,4,0,2,2,A,-,12,21453,A,N,B,C,A,B,-,-,A,A,0,NA,NA,NA,NA,Y,NA,A,01,0,0,2,0,0,0,0,0,0,-,-,NA,NA,LOS ANGELES,DIAMOND BAR,-117.81964111328124,34.004520416259766
9182105,2020,2020-12-03,1942,2020-10-20,1130,41629,1377,2,5,7,1942,0,0,0,M,0,13A75,S ALAMEDA ST,E 55TH ST,118,N,N,A,-,N,NA,NA,NA,NA,NA,NA,NA,NA,NA,N,2,0,1,2,A,-,11,21954,A,N,G,B,E,A,H,-,C,D,0,Y,NA,NA,NA,Y,NA,N,60,1,0,0,0,1,0,0,0,0,-,-,NA,NA,LOS ANGELES,LOS ANGELES,-118.23828125,33.99329376220703
9182106,2020,2020-12-03,1942,2020-10-22,1700,38171,1394,4,5,7,1942,0,0,0,M,0,12A57,EAST FLORENCE AV,S MAIN ST,117,E,N,A,-,N,NA,NA,NA,NA,NA,NA,NA,NA,NA,N,2,0,1,2,A,-,09,21801,A,N,D,C,A,A,H,-,A,D,0,NA,NA,Y,NA,Y,NA,A,07,1,0,0,0,0,0,0,0,1,-,-,NA,NA,LOS ANGELES,LOS ANGELES,-118.27355194091795,33.97468185424805
9182107,2020,2020-12-03,1942,2020-10-04,1900,40865,1363,7,5,7,1942,0,0,0,M,0,13A61,E 51ST ST,AVALON BL,0,NA,Y,A,-,N,NA,NA,NA,NA,NA,NA,NA,NA,NA,N,4,0,1,2,A,-,12,21453,A,F,D,G,A,A,H,-,C,A,0,NA,Y,NA,NA,Y,Y,-,99,0,0,1,0,0,0,1,0,0,-,-,NA,NA,LOS ANGELES,LOS ANGELES,-118.26522827148438,33.996559143066406
9182108,2020,2020-12-03,1942,2020-10-13,0015,34350,1393,2,5,7,1942,0,0,0,M,0,13A93,BROADWAY,GAGE AV,0,NA,Y,A,-,N,NA,NA,NA,NA,NA,NA,NA,NA,NA,Y,4,0,2,3,A,-,01,23152,A,N,D,C,A,A,H,-,C,A,0,NA,NA,NA,NA,Y,NA,A,07,0,0,2,0,0,0,0,0,0,-,-,NA,NA,LOS ANGELES,LOS ANGELES,-118.2782974243164,33.98236846923828
9182109,2020,2020-12-03,1942,2020-10-01,2115,44154,0246,4,5,7,1942,0,0,0,B,0,1A41,WILSHIRE BL,ALVARADO ST,0,NA,Y,A,-,N,NA,NA,NA,NA,NA,NA,NA,NA,NA,N,4,0,1,2,A,-,17,21228,A,F,D,C,A,A,H,-,C,A,0,NA,NA,NA,NA,Y,NA,-,99,0,0,1,0,0,0,0,0,0,-,-,NA,NA,LOS ANGELES,LOS ANGELES,-118.27587127685548,34.05794143676758
9182110,2020,2020-12-03,1942,2020-10-19,1920,43209,1249,1,5,7,1942,0,0,0,L,0,12A67,FIGUEROA,FIGUEROA ST,15,W,N,A,-,N,NA,NA,NA,NA,NA,NA,NA,NA,NA,N,3,0,1,2,A,-,03,22350,NA,F,G,B,-,A,H,-,C,D,0,Y,NA,NA,NA,Y,NA,-,99,0,1,0,0,1,0,0,0,0,-,-,NA,NA,LOS ANGELES,LOS ANGELES,-118.28302001953124,33.7983512878418
9182111,2020,2020-12-03,1942,2020-10-29,0530,35692,1256,4,5,7,1942,0,0,0,L,0,12A53,HOOVER ST,76TH ST,0,NA,Y,A,-,N,NA,NA,NA,NA,NA,NA,NA,NA,NA,Y,4,0,1,10,A,-,03,22350,NA,N,B,E,A,A,G,-,D,A,0,NA,NA,NA,NA,Y,NA,-,NA,0,0,1,0,0,0,0,0,0,-,-,NA,NA,LOS ANGELES,LOS ANGELES,-118.28711700439452,33.97074890136719
9182112,2020,2020-12-03,1942,2020-10-29,1650,39177,1255,4,5,7,1942,0,0,0,L,0,25TL54,VERMONT AV,77TH ST,20,N,N,A,-,N,NA,NA,NA,NA,NA,NA,NA,NA,NA,N,4,0,1,2,A,-,03,22350,NA,F,C,C,A,A,H,-,A,D,0,NA,NA,NA,NA,Y,NA,-,99,0,0,1,0,0,0,0,0,0,-,-,NA,NA,LOS ANGELES,LOS ANGELES,-118.2918701171875,33.97028350830078
9182113,2020,2020-12-16,1942,2020-10-31,1210,42282,1239,6,5,7,1942,0,0,0,L,0,25T21W,SLAUSON AV,FIGUEROA ST,200,W,N,A,-,N,NA,NA,NA,NA,NA,NA,NA,NA,NA,N,4,0,2,2,A,-,03,22350,NA,F,-,C,A,A,H,-,A,A,0,NA,NA,NA,NA,Y,NA,-,99,0,0,2,0,0,0,0,0,0,-,-,NA,NA,LOS ANGELES,LOS ANGELES,-118.28334045410156,33.989158630371094
9182115,2020,2020-12-03,1942,2020-10-23,0700,33599,1243,5,5,7,1942,0,0,0,L,0,12A45,S WESTERN AV,W 68TH ST,75,S,N,A,-,N,NA,NA,NA,NA,NA,NA,NA,NA,NA,Y,4,0,1,1,A,-,03,22350,NA,N,E,I,A,A,H,-,A,D,0,NA,NA,NA,NA,Y,NA,A,07,0,0,1,0,0,0,0,0,0,-,-,NA,NA,LOS ANGELES,LOS ANGELES,-118.30897521972656,33.97758483886719
9182116,2020,2020-12-03,1942,2020-10-06,1735,43950,NA,2,5,7,1942,0,0,0,NA,0,12A8,51ST PL,NORMANDIE AV,0,NA,Y,A,-,N,NA,NA,NA,NA,NA,NA,NA,NA,NA,N,3,0,3,4,A,-,10,21950,A,N,G,B,B,A,H,-,A,D,0,Y,NA,NA,NA,Y,Y,A,01,0,2,1,0,3,0,0,0,0,-,-,NA,NA,LOS ANGELES,LOS ANGELES,-118.3001708984375,33.995948791503906
9182117,2020,2020-12-03,1942,2020-10-17,1300,40656,1267,6,5,7,1942,0,0,0,L,0,12X48,VERMONT AV,83RD ST,0,NA,Y,A,-,N,NA,NA,NA,NA,NA,NA,NA,NA,NA,Y,4,0,3,2,A,-,06,21750,A,N,B,C,A,A,H,-,A,A,0,NA,NA,NA,NA,Y,NA,A,01,0,0,3,0,0,0,0,0,0,-,-,NA,NA,LOS ANGELES,LOS ANGELES,-118.29183197021484,33.96364974975586
9182118,2020,2020-12-03,1942,2020-10-19,2245,41747,1253,1,5,7,1942,0,0,0,L,0,12A53,W FLORENCE AV,S GRAMERCY PL,116,E,N,A,-,N,NA,NA,NA,NA,NA,NA,NA,NA,NA,Y,3,0,4,3,A,-,03,22350,NA,N,C,C,A,A,H,-,C,A,0,NA,NA,NA,NA,Y,NA,A,01,0,1,3,0,0,0,0,0,0,-,-,NA,NA,LOS ANGELES,LOS ANGELES,-118.31299591064452,33.974578857421875
9182119,2020,2020-12-03,1942,2020-10-13,1345,42434,1265,2,5,7,1942,0,0,0,L,0,12X32,MANCHESTER AV,RAYMOND AV,100,W,N,A,-,N,NA,NA,NA,NA,NA,NA,NA,NA,NA,Y,4,0,1,2,A,-,08,22102,NA,F,D,C,A,A,H,-,A,D,0,NA,NA,NA,NA,Y,NA,-,99,0,0,1,0,0,0,0,0,0,-,-,NA,NA,LOS ANGELES,LOS ANGELES,-118.29793548583984,33.960018157958984
9182120,2020,2020-12-03,1942,2020-10-19,2245,43252,1256,1,5,7,1942,0,0,0,L,0,12X42,75TH ST,FLOWER ST,15,W,N,A,-,N,NA,NA,NA,NA,NA,NA,NA,NA,NA,N,4,0,1,2,A,-,08,22100,A,F,D,C,A,A,H,-,D,D,0,NA,NA,NA,NA,Y,NA,-,NA,0,0,1,0,0,0,0,0,0,-,-,NA,NA,LOS ANGELES,LOS ANGELES,-118.2813720703125,33.97174835205078
9182121,2020,2020-12-03,1942,2020-10-21,2240,43296,1243,3,5,7,1942,0,0,0,L,0,12X4,W FLORENCE AV,S VAN NESS AV,0,NA,Y,A,-,N,NA,NA,NA,NA,NA,NA,NA,NA,NA,N,3,0,1,2,A,-,03,22350,NA,F,A,C,A,A,H,-,C,A,0,NA,NA,NA,NA,Y,NA,A,01,0,1,0,0,0,0,0,0,0,-,-,NA,NA,LOS ANGELES,LOS ANGELES,-118.31773376464844,33.97460174560547
9182122,2020,2020-12-03,1942,2020-10-13,1750,42320,1265,2,5,7,1942,0,0,0,L,0,3A34,VERMONT AV,81ST ST,15,S,N,A,-,N,NA,NA,NA,NA,NA,NA,NA,NA,NA,N,4,0,1,2,A,-,09,21801,NA,F,D,C,A,A,H,-,C,A,0,NA,NA,NA,NA,Y,NA,-,99,0,0,1,0,0,0,0,0,0,-,-,NA,NA,LOS ANGELES,LOS ANGELES,-118.29178619384766,33.96541976928711
9182123,2020,2020-12-03,1942,2020-10-22,2340,35869,1269,4,5,7,1942,0,0,0,L,0,12A73,AVALON BL,84TH PL,100,S,N,A,-,N,NA,NA,NA,NA,NA,NA,NA,NA,NA,N,3,0,1,4,A,-,07,21658,NA,F,-,B,F,A,H,-,C,D,0,Y,NA,NA,NA,Y,NA,-,99,0,1,0,0,1,0,0,0,0,-,-,NA,NA,LOS ANGELES,LOS ANGELES,-118.26513671875,33.96165466308594
9182124,2020,2020-12-03,1942,2020-10-23,1110,43902,1267,5,5,7,1942,0,0,0,L,0,25T23,MANCHESTER AV,DENKER AV,300,E,N,B,-,N,NA,NA,NA,NA,NA,NA,NA,NA,NA,N,4,0,2,2,A,-,21,22106,NA,F,C,C,A,A,D,-,A,A,0,NA,NA,NA,NA,Y,NA,-,99,0,0,2,0,0,0,0,0,0,-,-,NA,NA,LOS ANGELES,LOS ANGELES,-118.3036651611328,33.95999526977539
9182125,2020,2020-12-03,1942,2020-10-17,2330,42558,1267,6,5,7,1942,0,0,0,L,0,12T2,FIGUEROA,MANCHESTER,0,NA,Y,B,-,N,NA,NA,NA,NA,NA,NA,NA,NA,NA,Y,4,0,3,3,A,-,03,22350,NA,F,B,C,A,A,H,-,C,A,0,NA,NA,NA,NA,Y,NA,-,99,0,0,3,0,0,0,0,0,0,-,-,NA,NA,LOS ANGELES,LOS ANGELES,-118.28273010253906,33.960060119628906
9182126,2020,2020-12-03,1942,2020-10-22,1450,43311,1273,4,5,7,1942,0,0,0,L,0,12X32,WESTERN AV,91ST ST,230,S,N,A,-,N,NA,NA,NA,NA,NA,NA,NA,NA,NA,N,3,0,1,2,A,-,08,22107,NA,N,D,C,A,A,H,-,A,D,0,NA,NA,NA,NA,Y,Y,A,01,0,1,0,0,0,0,0,0,0,-,-,NA,NA,LOS ANGELES,LOS ANGELES,-118.30902099609376,33.953880310058594
9182127,2020,2020-12-08,1942,2020-10-17,1430,44045,1204,6,5,7,1942,0,0,0,L,0,12A3W2,NORMANDIE AV,48TH ST,0,NA,Y,A,-,N,NA,NA,NA,NA,NA,NA,NA,NA,NA,Y,3,0,5,2,A,-,09,21801,NA,N,D,C,A,A,H,-,A,A,0,NA,NA,NA,NA,Y,Y,-,NA,0,1,4,0,0,0,0,0,0,-,-,NA,NA,LOS ANGELES,LOS ANGELES,-118.30019378662108,34.00008010864258
9182128,2020,2020-12-03,1942,2020-10-22,1655,37799,1251,4,5,7,1942,0,0,0,L,0,12A3,11TH AV,71ST ST,420,N,N,A,-,N,NA,NA,NA,NA,NA,NA,NA,NA,NA,N,4,0,1,2,A,-,21,22106,NA,N,D,E,A,A,H,-,A,D,0,NA,NA,NA,NA,Y,NA,A,08,0,0,1,0,0,0,0,0,0,-,-,NA,NA,LOS ANGELES,LOS ANGELES,-118.32940673828124,33.976806640625
9182129,2020,2020-12-03,1942,2020-10-24,1930,44199,1203,6,5,7,1942,0,0,0,L,0,12A39,48TH ST,WESTERN AV,60,E,N,A,-,N,NA,NA,NA,NA,NA,NA,NA,NA,NA,N,3,0,1,2,A,-,05,21650,NA,N,A,G,A,A,H,-,C,D,0,NA,Y,NA,NA,Y,NA,L,04,0,1,0,0,0,0,1,0,0,-,-,NA,NA,LOS ANGELES,LOS ANGELES,-118.30873107910156,34.00006103515625