CASE_ID,ACCIDENT_YEAR,PROC_DATE,JURIS,COLLISION_DATE,COLLISION_TIME,OFFICER_ID,REPORTING_DISTRICT,DAY_OF_WEEK,CHP_SHIFT,POPULATION,CNTY_CITY_LOC,SPECIAL_COND,BEAT_TYPE,CHP_BEAT_TYPE,CITY_DIVISION_LAPD,CHP_BEAT_CLASS,BEAT_NUMBER,PRIMARY_RD,SECONDARY_RD,DISTANCE,DIRECTION,INTERSECTION,WEATHER_1,WEATHER_2,STATE_HWY_IND,CALTRANS_COUNTY,CALTRANS_DISTRICT,STATE_ROUTE,ROUTE_SUFFIX,POSTMILE_PREFIX,POSTMILE,LOCATION_TYPE,RAMP_INTERSECTION,SIDE_OF_HWY,TOW_AWAY,COLLISION_SEVERITY,NUMBER_KILLED,NUMBER_INJURED,PARTY_COUNT,PRIMARY_COLL_FACTOR,PCF_CODE_OF_VIOL,PCF_VIOL_CATEGORY,PCF_VIOLATION,PCF_VIOL_SUBSECTION,HIT_AND_RUN,TYPE_OF_COLLISION,MVIW,PED_ACTION,ROAD_SURFACE,ROAD_COND_1,ROAD_COND_2,LIGHTING,CONTROL_DEVICE,CHP_ROAD_TYPE,PEDESTRIAN_ACCIDENT,BICYCLE_ACCIDENT,MOTORCYCLE_ACCIDENT,TRUCK_ACCIDENT,NOT_PRIVATE_PROPERTY,ALCOHOL_INVOLVED,STWD_VEHTYPE_AT_FAULT,CHP_VEHTYPE_AT_FAULT,COUNT_SEVERE_INJ,COUNT_VISIBLE_INJ,COUNT_COMPLAINT_PAIN,COUNT_PED_KILLED,COUNT_PED_INJURED,COUNT_BICYCLIST_KILLED,COUNT_BICYCLIST_INJURED,COUNT_MC_KILLED,COUNT_MC_INJURED,PRIMARY_RAMP,SECONDARY_RAMP,LATITUDE,LONGITUDE,COUNTY,CITY,POINT_X,POINT_Y
9182320,2020,2020-11-19,1942,2020-09-13,2335,43501,0138,7,5,7,1942,0,0,0,A,0,1X95,S ALAMEDA ST,3RD ST,0,NA,Y,A,-,N,NA,NA,NA,NA,NA,NA,NA,NA,NA,Y,4,0,1,2,A,-,09,21801,A,N,A,C,A,A,H,-,C,A,0,NA,NA,NA,NA,Y,Y,A,01,0,0,1,0,0,0,0,0,0,-,-,NA,NA,LOS ANGELES,LOS ANGELES,-118.23809051513672,34.04553985595703
9182321,2020,2020-11-19,1942,2020-09-26,0045,39395,0251,6,5,7,1942,0,0,0,B,0,2A45,S RAMPART BL,W 4TH ST,0,NA,Y,A,-,N,NA,NA,NA,NA,NA,NA,NA,NA,NA,N,2,0,1,2,A,-,11,21956,A,F,G,B,E,A,H,-,C,D,0,Y,NA,NA,NA,Y,NA,N,60,1,0,0,0,1,0,0,0,0,-,-,NA,NA,LOS ANGELES,LOS ANGELES,-118.06752014160156,33.92605972290039
9182322,2020,2020-11-19,1942,2020-09-17,1755,40275,0217,4,5,7,1942,0,0,0,B,0,2A17,W SUNSET BL,N ALVARADO ST,220,E,N,A,-,N,NA,NA,NA,NA,NA,NA,NA,NA,NA,Y,2,0,1,2,A,-,09,21804,A,N,D,C,A,A,H,-,A,D,0,NA,NA,Y,NA,Y,NA,A,07,1,0,0,0,0,0,0,0,1,-,-,NA,NA,LOS ANGELES,LOS ANGELES,-118.26277160644533,34.07773971557617
9182323,2020,2020-11-19,1942,2020-09-19,1610,34420,0203,6,5,7,1942,0,0,0,B,0,2A1,MELROSE AV,VERMONT AV,0,NA,Y,A,-,N,NA,NA,NA,NA,NA,NA,NA,NA,NA,N,4,0,1,2,A,-,12,21453,A,F,A,C,A,A,H,-,A,A,0,NA,NA,NA,NA,Y,NA,-,99,0,0,1,0,0,0,0,0,0,-,-,NA,NA,LOS ANGELES,LOS ANGELES,-118.29170989990234,34.083580017089844
9182324,2020,2020-11-19,1942,2020-09-05,2323,39127,1134,6,5,7,1942,0,0,0,K,0,11X42,LOS ANGELES,AVENUE 36,75,NA,N,A,-,N,NA,NA,NA,NA,NA,NA,NA,NA,NA,Y,3,0,2,1,A,-,01,23152,A,N,A,I,A,A,H,-,C,D,0,NA,NA,NA,NA,Y,Y,A,01,0,2,0,0,0,0,0,0,0,-,-,NA,NA,LOS ANGELES,LOS ANGELES,NA,NA
9182325,2020,2020-11-19,1942,2020-09-11,0750,41139,1147,5,5,7,1942,0,0,0,K,0,11A51,SAN FERNANDO DR,ARVIA ST,0,NA,Y,A,-,N,NA,NA,NA,NA,NA,NA,NA,NA,NA,Y,4,0,1,2,A,-,08,22107,NA,N,B,C,A,A,H,-,A,A,0,NA,NA,NA,NA,Y,NA,A,01,0,0,1,0,0,0,0,0,0,-,-,NA,NA,LOS ANGELES,LOS ANGELES,-118.23116302490234,34.095088958740234
9182326,2020,2020-11-19,1942,2020-09-19,1315,33452,1127,6,5,7,1942,0,0,0,K,0,11A25,GARVANZA AV,NORTH FIGUEROA ST,0,NA,Y,A,-,N,NA,NA,NA,NA,NA,NA,NA,NA,NA,N,3,0,1,2,A,-,00,21602,A,N,D,C,A,A,H,-,A,A,0,NA,NA,Y,NA,Y,NA,A,01,0,1,0,0,0,0,0,0,1,-,-,NA,NA,LOS ANGELES,LOS ANGELES,-118.18360137939452,34.116371154785156
9182327,2020,2020-11-19,1942,2020-09-01,1800,40144,RD117,2,5,7,1942,0,0,0,NA,0,11X72,N ALVARADO RD,N ALVARADO BL 1515,0,NA,Y,A,-,N,NA,NA,NA,NA,NA,NA,NA,NA,NA,N,4,0,1,2,A,-,03,22350,NA,N,C,B,E,A,H,-,A,D,0,Y,NA,NA,NA,Y,NA,A,01,0,0,1,0,1,0,0,0,0,-,-,NA,NA,LOS ANGELES,LOS ANGELES,-118.260527,34.082399
9182328,2020,2020-11-19,1942,2020-09-07,1725,36860,1176,1,5,7,1942,0,0,0,K,0,11XL62,RIVERSIDE DR,SHOREDALE AV,0,NA,Y,A,-,N,NA,NA,NA,NA,NA,NA,NA,NA,NA,N,3,0,2,3,A,-,08,22107,NA,N,D,C,A,A,H,-,A,A,0,NA,NA,NA,NA,Y,NA,-,NA,0,1,1,0,0,0,0,0,0,-,-,NA,NA,LOS ANGELES,LOS ANGELES,-118.23525238037108,34.08824920654297
9182329,2020,2020-11-19,1942,2020-09-03,2140,25115,1171,4,5,7,1942,0,0,0,K,0,2A5,W SUNSET BL,DESCANSO DR,60,E,N,A,-,N,NA,NA,NA,NA,NA,NA,NA,NA,NA,N,3,0,1,2,A,-,11,21954,A,N,G,B,D,A,H,-,C,D,0,Y,NA,NA,NA,Y,NA,N,60,0,1,0,0,1,0,0,0,0,-,-,NA,NA,LOS ANGELES,LOS ANGELES,-118.27477264404295,34.08526611328125
9182330,2020,2020-11-19,1942,2020-09-26,1655,43517,1109,6,5,7,1942,0,0,0,K,0,11A37,COLORADO BL,FIGUEROA,0,NA,Y,A,-,N,NA,NA,NA,NA,NA,NA,NA,NA,NA,N,3,0,3,2,A,-,09,21801,NA,N,A,C,A,A,H,-,A,A,0,NA,NA,NA,NA,Y,NA,A,01,0,3,0,0,0,0,0,0,0,-,-,NA,NA,LOS ANGELES,LOS ANGELES,-118.18739318847656,34.13813018798828
9182331,2020,2020-11-19,1942,2020-09-26,1100,40411,1107,6,5,7,1942,0,0,0,K,0,11X48L,WIOTA ST,YOSEMITE DR,0,NA,Y,A,-,N,NA,NA,NA,NA,NA,NA,NA,NA,NA,N,4,0,1,2,A,-,09,21804,A,F,G,B,C,A,H,-,A,D,0,Y,NA,NA,NA,Y,NA,-,99,0,0,1,0,1,0,0,0,0,-,-,NA,NA,LOS ANGELES,LOS ANGELES,-118.19352722167967,34.133270263671875
9182332,2020,2020-11-19,1942,2020-09-26,1830,44373,1153,6,5,7,1942,0,0,0,K,0,11X58,LOS FELIZ BL,HOBART BL,0,NA,Y,A,-,N,NA,NA,NA,NA,NA,NA,NA,NA,NA,Y,3,0,1,2,A,-,09,21801,A,N,D,C,A,A,H,-,B,D,0,NA,NA,NA,NA,Y,NA,A,07,0,1,0,0,0,0,0,0,0,-,-,34.1084098815918,-118.30605316162108,LOS ANGELES,LOS ANGELES,-118.30606842041016,34.108428955078125
9182333,2020,2020-11-19,1942,2020-09-29,1930,43625,1129,2,5,7,1942,0,0,0,K,0,11A25,SAN PASCUAL AV,YORK BL,0,NA,Y,A,-,N,NA,NA,NA,NA,NA,NA,NA,NA,NA,N,3,0,1,2,D,-,00,NA,NA,N,G,B,B,A,H,-,D,A,0,Y,NA,NA,NA,Y,NA,-,-,0,1,0,0,1,0,0,0,0,-,-,NA,NA,LOS ANGELES,LOS ANGELES,-118.17910003662108,34.11357879638672
9182334,2020,2020-11-19,1942,2020-09-07,1100,43377,1347,1,5,7,1942,0,0,0,M,0,13X53,ALAMEDA AV,VERNON AV,0,NA,Y,A,-,N,NA,NA,NA,NA,NA,NA,NA,NA,NA,Y,4,0,1,3,A,-,09,21801,A,M,A,C,A,A,-,-,A,A,0,NA,NA,NA,NA,Y,NA,A,01,0,0,1,0,0,0,0,0,0,-,-,NA,NA,LOS ANGELES,LOS ANGELES,-118.23918,34.00393
9182335,2020,2020-11-19,1942,2020-09-03,1210,37505,0233,4,5,7,1942,0,0,0,B,0,2A17,N BENTON WY,W TEMPLE ST,235,N,N,A,-,N,NA,NA,NA,NA,NA,NA,NA,NA,NA,N,4,0,1,2,A,-,08,22107,NA,F,D,C,A,A,H,-,A,D,0,NA,NA,NA,NA,Y,NA,A,01,0,0,1,0,0,0,0,0,0,-,-,NA,NA,LOS ANGELES,LOS ANGELES,-118.27536010742188,34.07346725463867
9182336,2020,2020-11-19,1942,2020-09-18,2155,43958,0162,5,5,7,1942,0,0,0,A,0,1A29,8TH ST,EAST BROADWAY,21,E,N,A,-,N,NA,NA,NA,NA,NA,NA,NA,NA,NA,Y,4,0,1,2,A,-,01,23152,A,F,C,C,A,A,H,-,C,A,0,NA,NA,NA,NA,Y,Y,A,01,0,0,1,0,0,0,0,0,0,-,-,NA,NA,LOS ANGELES,LOS ANGELES,-118.25467681884766,34.04367446899414
9182337,2020,2020-11-19,1942,2020-09-12,0330,43911,0171,6,5,7,1942,0,0,0,A,0,1A61,W 11TH ST,L A  LIVER WY,0,NA,Y,A,-,N,NA,NA,NA,NA,NA,NA,NA,NA,NA,Y,4,0,1,3,A,-,04,21703,NA,N,-,-,A,A,H,-,C,-,0,NA,NA,NA,NA,Y,NA,-,-,0,0,1,0,0,0,0,0,0,-,-,NA,NA,LOS ANGELES,LOS ANGELES,-118.27006,34.04512
9182338,2020,2020-11-19,1942,2020-09-17,1730,44170,0192,4,5,7,1942,0,0,0,A,0,1A2,OLIVE ST,18TH ST,0,NA,Y,A,-,N,NA,NA,NA,NA,NA,NA,NA,NA,NA,N,4,0,1,2,A,-,12,21453,A,F,D,C,A,A,H,-,A,A,0,NA,NA,NA,NA,Y,NA,-,99,0,0,1,0,0,0,0,0,0,-,-,NA,NA,LOS ANGELES,LOS ANGELES,-118.26654815673828,34.03374099731445
9182339,2020,2020-11-19,1942,2020-09-17,2250,42762,0216,4,5,7,1942,0,0,0,B,0,2A2,ALVARADO ST,TEMPLE ST,0,NA,Y,A,-,N,NA,NA,NA,NA,NA,NA,NA,NA,NA,N,2,0,1,2,A,-,10,21950,A,F,A,B,B,A,H,-,C,A,0,Y,NA,NA,NA,Y,NA,-,99,1,0,0,0,1,0,0,0,0,-,-,NA,NA,LOS ANGELES,LOS ANGELES,-118.26805114746094,34.07027053833008
9182340,2020,2020-11-19,1942,2020-09-09,1000,43369,0235,3,5,7,1942,0,0,0,B,0,2XL11,ALVARADO BL,3RD ST,0,NA,Y,A,-,N,NA,NA,NA,NA,NA,NA,NA,NA,NA,N,4,0,1,2,A,-,04,21703,NA,N,C,C,A,A,H,-,A,D,0,NA,NA,NA,NA,Y,NA,A,01,0,0,1,0,0,0,0,0,0,-,-,NA,NA,LOS ANGELES,LOS ANGELES,-118.27271270751952,34.06296157836914
9182358,2020,2020-12-24,1922,2020-10-02,1441,669,NA,5,5,6,1922,0,0,0,NA,0,NA,MOUNTAIN VIEW RD,GARVEY AV,300,N,N,A,-,N,NA,NA,NA,NA,NA,NA,NA,NA,NA,N,3,0,1,2,A,-,09,21804,A,N,D,D,A,A,H,-,A,D,0,NA,NA,NA,NA,Y,NA,A,01,0,1,0,0,0,0,0,0,0,-,-,34.06282043457031,-118.0218505859375,LOS ANGELES,EL MONTE,-118.02112579345705,34.06348419189453
9182359,2020,2020-12-24,1922,2020-10-04,0755,702,NA,7,5,6,1922,0,0,0,NA,0,NA,SANTA ANITA AV,RAMONA BL,0,NA,Y,A,-,N,NA,NA,NA,NA,NA,NA,NA,NA,NA,Y,4,0,1,5,A,-,12,21453,A,N,C,C,A,A,H,-,A,A,0,NA,NA,NA,NA,Y,NA,A,01,0,0,1,0,0,0,0,0,0,-,-,NA,NA,LOS ANGELES,EL MONTE,-118.0422134399414,34.07197189331055
9182360,2020,2020-12-24,1922,2020-10-04,1943,682,NA,7,5,6,1922,0,0,0,NA,0,NA,DURFEE AV,GARVEY AV,0,NA,Y,A,-,N,NA,NA,NA,NA,NA,NA,NA,NA,NA,Y,3,0,2,2,A,-,09,21801,A,N,B,C,A,A,H,-,C,A,0,NA,NA,NA,NA,Y,NA,A,01,0,2,0,0,0,0,0,0,0,-,-,34.06364059448242,-118.01165771484376,LOS ANGELES,EL MONTE,-118.01158142089844,34.063629150390625
9182361,2020,2020-12-22,1922,2020-10-18,1523,682,NA,7,5,6,1922,0,0,0,NA,0,001,MAPLE AV,FOREST GROVE AV,50,N,N,A,-,N,NA,NA,NA,NA,NA,NA,NA,NA,NA,Y,3,0,1,3,A,-,03,22350,NA,N,B,C,A,A,H,-,A,D,0,NA,NA,NA,NA,Y,Y,B,01,0,1,0,0,0,0,0,0,0,-,-,34.078369140625,-118.02416229248048,LOS ANGELES,EL MONTE,-118.02458190917967,34.07745361328125
9182362,2020,2020-12-22,1922,2020-10-02,1835,674,1,5,5,6,1922,0,0,0,NA,0,NA,SANTA ANITA,LOWER AZUSA,5,S,N,A,-,N,NA,NA,NA,NA,NA,NA,NA,NA,NA,N,3,0,2,2,A,-,04,21703,NA,N,C,C,A,A,H,-,A,A,0,NA,NA,NA,NA,Y,NA,A,01,0,1,1,0,0,0,0,0,0,-,-,34.092159271240234,-118.02654266357422,LOS ANGELES,EL MONTE,-118.02639770507813,34.092098236083984
9182363,2020,2020-12-22,1922,2020-10-15,1859,616,NA,4,5,6,1922,0,0,0,NA,0,NA,DURFEE AV,FINEVIEW,0,NA,Y,A,-,N,NA,NA,NA,NA,NA,NA,NA,NA,NA,N,4,0,1,2,A,-,10,21950,A,N,G,B,B,A,H,-,C,A,0,Y,NA,NA,NA,Y,NA,A,01,0,0,1,0,1,0,0,0,0,-,-,NA,NA,LOS ANGELES,EL MONTE,-118.02675628662108,34.04827117919922
9182364,2020,2020-12-22,1922,2020-10-01,1845,463,NA,4,5,6,1922,0,0,0,NA,0,NA,VALLEY BL,ARDEN DR,20,E,N,A,-,N,NA,NA,NA,NA,NA,NA,NA,NA,NA,N,3,0,1,2,A,-,04,21703,NA,M,C,C,A,A,H,-,C,A,0,NA,NA,NA,NA,Y,NA,A,01,0,1,0,0,0,0,0,0,0,-,-,34.076568603515625,-118.04625701904295,LOS ANGELES,EL MONTE,-118.0461654663086,34.07656478881836
9182365,2020,2020-12-22,1922,2020-10-06,2251,635,NA,2,5,6,1922,0,0,0,NA,0,004,LEAFDALE AV,MAGNOLIA ST,150,NA,N,A,-,N,NA,NA,NA,NA,NA,NA,NA,NA,NA,Y,3,0,1,4,A,-,08,22107,NA,N,D,E,A,A,H,-,C,D,0,NA,NA,NA,NA,Y,NA,-,-,0,1,0,0,0,0,0,0,0,-,-,34.05730056762695,-118.02033996582033,LOS ANGELES,EL MONTE,-118.02001190185548,34.058101654052734
9182366,2020,2020-12-22,1922,2020-10-12,2052,682,NA,1,5,6,1922,0,0,0,NA,0,001,LAMBERT AV,PECK RD,0,NA,Y,A,-,N,NA,NA,NA,NA,NA,NA,NA,NA,NA,N,3,0,1,2,A,-,17,21451,A,N,G,B,B,A,H,-,C,A,0,Y,NA,NA,NA,Y,NA,A,01,0,1,0,0,1,0,0,0,0,-,-,34.08224105834961,-118.01889038085938,LOS ANGELES,EL MONTE,-118.01883697509766,34.08219909667969
9182367,2020,2020-12-22,1922,2020-10-15,1609,681,NA,4,5,6,1922,0,0,0,NA,0,004,PECK RD,MEEKER AV,300,N,N,A,-,N,NA,NA,NA,NA,NA,NA,NA,NA,NA,N,3,0,1,2,A,-,04,21703,NA,N,C,C,A,A,H,-,A,D,0,NA,NA,Y,NA,Y,NA,C,02,0,1,0,0,0,0,0,0,1,-,-,34.066429138183594,-118.02954864501952,LOS ANGELES,EL MONTE,-118.03014373779295,34.066368103027344
9182368,2020,2020-12-22,1922,2020-10-21,1336,650,NA,3,5,6,1922,0,0,0,NA,0,003,SANTA ANITA AV,ASHER ST,0,NA,Y,A,-,N,NA,NA,NA,NA,NA,NA,NA,NA,NA,Y,4,0,1,2,A,-,12,21453,A,N,D,C,A,A,H,-,A,A,0,NA,NA,NA,NA,Y,NA,A,01,0,0,1,0,0,0,0,0,0,-,-,34.0683708190918,-118.0422821044922,LOS ANGELES,EL MONTE,-118.04229736328124,34.067989349365234
9182369,2020,2020-12-22,1922,2020-10-18,1120,679,NA,7,5,6,1922,0,0,0,NA,0,004,VALLEY BL,LA MADERA AV,50,E,N,A,-,N,NA,NA,NA,NA,NA,NA,NA,NA,NA,Y,3,0,3,2,A,-,09,21800,A,N,B,C,A,A,H,-,A,D,0,NA,NA,NA,NA,Y,NA,A,01,0,3,0,0,0,0,0,0,0,-,-,NA,NA,LOS ANGELES,EL MONTE,-118.02345275878906,34.06559371948242
9182370,2020,2020-12-22,1922,2020-10-19,0117,693,NA,1,5,6,1922,0,0,0,NA,0,003,GARVEY AV,CENTRAL AV,0,NA,Y,A,-,N,NA,NA,NA,NA,NA,NA,NA,NA,NA,Y,3,0,1,3,A,-,03,22350,NA,N,C,D,A,A,H,-,C,A,0,NA,NA,NA,NA,Y,Y,A,01,0,1,0,0,0,0,0,0,0,-,-,34.06270980834961,-118.04695129394533,LOS ANGELES,EL MONTE,-118.0469207763672,34.06272888183594
9182371,2020,2020-12-22,1922,2020-10-12,1840,697,1,1,5,6,1922,0,0,0,NA,0,001,VALLEY BL,SHIRLEY AV,0,NA,Y,A,-,N,NA,NA,NA,NA,NA,NA,NA,NA,NA,N,4,0,1,2,A,-,03,22350,NA,M,C,C,A,A,H,-,C,D,0,NA,NA,NA,NA,Y,NA,-,NA,0,0,1,0,0,0,0,0,0,-,-,NA,NA,LOS ANGELES,EL MONTE,-118.0517807006836,34.078590393066406
9182374,2020,2020-12-22,1925,2020-10-31,1539,26050,255,6,5,6,1925,0,0,0,NA,0,003,E CHESTNUT ST,GLENDALE AV,252,E,N,A,-,N,NA,NA,NA,NA,NA,NA,NA,NA,NA,Y,3,0,2,2,A,-,06,21750,A,N,B,C,A,A,E,-,A,D,0,NA,NA,NA,NA,Y,NA,A,07,0,1,1,0,0,0,0,0,0,-,-,NA,NA,LOS ANGELES,GLENDALE,-118.24971771240234,34.13987350463867
9182451,2020,2020-11-18,1900,2020-08-19,1930,526345,1450,3,5,2,1999,0,0,0,NA,0,147A,HACIENDA BL,SKYLINE DR,2000,N,N,A,-,N,NA,NA,NA,NA,NA,NA,NA,NA,NA,Y,4,0,1,1,A,-,03,22350,NA,N,E,I,A,A,H,-,A,D,0,NA,NA,NA,NA,Y,NA,A,01,0,0,1,0,0,0,0,0,0,-,-,33.97272872924805,-117.96662139892578,LOS ANGELES,LA HABRA HEIGHTS,-117.96651458740234,33.97267532348633
9182461,2020,2021-02-08,1942,2020-11-08,0125,43584,0376,7,5,7,1942,0,0,0,C,0,3X95W3,EXPOSITION BL,HARVARD,20,W,N,A,-,N,NA,NA,NA,NA,NA,NA,NA,NA,NA,Y,3,0,2,1,A,-,03,22350,NA,N,E,I,A,A,H,-,C,D,0,NA,NA,NA,NA,Y,NA,A,07,0,1,1,0,0,0,0,0,0,-,-,NA,NA,LOS ANGELES,LOS ANGELES,-118.30677795410156,34.018218994140625
9182462,2020,2021-02-03,1942,2020-11-06,1340,40851,0392,5,5,7,1942,0,0,0,C,0,3A73,CRENSHAW BL,S 48TH ST,100,S,N,A,-,N,NA,NA,NA,NA,NA,NA,NA,NA,NA,N,4,0,1,2,A,-,04,21703,NA,N,C,C,A,A,C,D,A,A,0,NA,NA,NA,NA,Y,NA,A,07,0,0,1,0,0,0,0,0,0,-,-,NA,NA,LOS ANGELES,LOS ANGELES,-118.33099365234376,33.99980163574219
9182463,2020,2021-02-03,1942,2020-11-06,1456,43784,0355,5,5,7,1942,0,0,0,C,0,3A1,WESTERN AV,37TH PL,9,S,N,A,-,N,NA,NA,NA,NA,NA,NA,NA,NA,NA,N,4,0,1,2,A,-,03,22350,NA,N,C,C,A,A,H,-,A,A,0,NA,NA,NA,NA,Y,NA,A,01,0,0,1,0,0,0,0,0,0,-,-,NA,NA,LOS ANGELES,LOS ANGELES,-118.30890655517578,34.020206451416016
9182464,2020,2021-02-02,1942,2020-11-05,1700,44554,0303,4,5,7,1942,0,0,0,C,0,SPW,S LA BREA AV,ADAMS BL,300,N,N,A,-,N,NA,NA,NA,NA,NA,NA,NA,NA,NA,N,4,0,1,2,A,-,03,22350,NA,F,C,-,A,-,H,-,B,A,0,NA,NA,NA,NA,Y,NA,-,99,0,0,1,0,0,0,0,0,0,-,-,NA,NA,LOS ANGELES,LOS ANGELES,-118.35045623779295,34.033226013183594
9182465,2020,2021-02-02,1942,2020-11-04,1615,42718,0333,3,5,7,1942,0,0,0,C,0,3A31,CRENSHAW BL,JEFFERSON BL,0,NA,Y,A,-,N,NA,NA,NA,NA,NA,NA,NA,NA,NA,Y,4,0,1,2,A,-,12,21453,A,F,A,C,A,-,H,-,B,A,0,NA,NA,NA,NA,Y,Y,A,01,0,0,1,0,0,0,0,0,0,-,-,NA,NA,LOS ANGELES,LOS ANGELES,-118.33511352539064,34.02558135986328
9182466,2020,2021-02-03,1942,2020-11-04,1710,41300,0391,3,5,7,1942,0,0,0,C,0,3A28,DON ZAREMBO DR,DON FELIPE DR,5,S,N,A,-,N,NA,NA,NA,NA,NA,NA,NA,NA,NA,N,2,0,1,3,A,-,12,22450,NA,N,A,B,D,A,H,-,C,-,0,Y,NA,NA,NA,Y,NA,A,01,1,0,0,0,1,0,0,0,0,-,-,NA,NA,LOS ANGELES,LOS ANGELES,-118.35563659667967,34.00505828857422
9182467,2020,2021-02-02,1942,2020-11-03,1300,42906,0341,2,5,7,1942,0,0,0,C,0,3A41,LA BREA AV,COLLISEUM,0,N,N,A,-,N,NA,NA,NA,NA,NA,NA,NA,NA,NA,N,4,0,1,2,D,-,00,NA,NA,N,G,B,F,A,H,-,A,D,0,Y,NA,NA,NA,Y,NA,-,-,0,0,1,0,1,0,0,0,0,-,-,NA,NA,LOS ANGELES,LOS ANGELES,-118.3555908203125,34.018310546875
9182468,2020,2021-02-11,1931,2020-11-03,1757,5141,1931,2,5,5,1931,0,0,0,NA,0,003,PACIFIC BL,FLORENCE AV,31,N,N,A,-,N,NA,NA,NA,NA,NA,NA,NA,NA,NA,Y,4,0,1,1,A,-,08,22107,NA,N,E,I,A,A,H,-,C,D,0,NA,NA,NA,NA,Y,NA,A,01,0,0,1,0,0,0,0,0,0,-,-,NA,NA,LOS ANGELES,HUNTINGTON PARK,-118.2252197265625,33.97430419921875
9182469,2020,2021-02-10,1931,2020-11-03,1817,5701,1931,2,5,5,1931,0,0,0,NA,0,001,SEVILLE AV,RANDOLPH ST,14,E,N,A,-,N,NA,NA,NA,NA,NA,NA,NA,NA,NA,Y,4,0,1,2,A,-,05,21650,NA,N,D,G,A,A,H,-,C,D,0,NA,Y,NA,NA,Y,NA,L,04,0,0,1,0,0,0,1,0,0,-,-,NA,NA,LOS ANGELES,HUNTINGTON PARK,-118.22264862060548,33.98529815673828
9182470,2020,2021-02-03,1925,2020-11-04,1258,22783,150,3,5,6,1925,0,0,0,NA,0,004,VERDUGO RD,MOUNTAIN ST,88,N,N,A,-,N,NA,NA,NA,NA,NA,NA,NA,NA,NA,Y,3,0,1,1,A,-,08,22107,NA,N,E,I,A,A,H,-,A,D,0,NA,NA,NA,NA,Y,NA,A,07,0,1,0,0,0,0,0,0,0,-,-,NA,NA,LOS ANGELES,GLENDALE,-118.23197174072266,34.165287017822266
9182471,2020,2021-02-03,1925,2020-11-09,1159,21089,123,1,5,6,1925,0,0,0,NA,0,005,HONOLULJ AV,LA CRESCENTA AV,416,W,N,A,-,N,NA,NA,NA,NA,NA,NA,NA,NA,NA,Y,3,0,1,3,A,-,01,23152,F,N,C,B,E,A,H,-,A,D,0,Y,NA,NA,NA,Y,NA,A,01,0,1,0,0,1,0,0,0,0,-,-,NA,NA,LOS ANGELES,GLENDALE,-118.24108123779295,34.21213912963867
9182486,2020,2021-02-04,1901,2020-11-01,1311,295,17,7,5,5,1901,0,0,0,NA,0,004,VALLEY BL,ELM ST,39,W,N,A,-,N,NA,NA,NA,NA,NA,NA,NA,NA,NA,N,2,0,1,3,A,-,11,21954,A,N,G,B,E,A,H,-,A,D,0,Y,NA,NA,NA,Y,NA,N,60,1,0,0,0,1,0,0,0,0,-,-,NA,NA,LOS ANGELES,ALHAMBRA,-118.15094757080078,34.07695007324219
9182503,2020,2021-01-02,1901,2020-10-13,1740,291,8,2,5,5,1901,0,0,0,NA,0,001,MISSION RD,CHAPEL AV,0,NA,Y,A,-,N,NA,NA,NA,NA,NA,NA,NA,NA,NA,Y,4,0,2,3,A,-,09,21801,A,N,D,C,A,A,H,-,A,A,0,NA,NA,NA,NA,Y,NA,A,01,0,0,2,0,0,0,0,0,0,-,-,NA,NA,LOS ANGELES,ALHAMBRA,-118.11975860595705,34.091041564941406
9182504,2020,2021-01-02,1901,2020-10-09,1813,144,6,5,5,5,1901,0,0,0,NA,0,002,S 6TH ST,SAN MARINO AV,96,N,N,A,-,N,NA,NA,NA,NA,NA,NA,NA,NA,NA,N,4,0,1,2,A,-,11,21954,A,N,A,B,-,A,H,-,A,D,0,Y,NA,NA,NA,Y,NA,N,60,0,0,1,0,1,0,0,0,0,-,-,NA,NA,LOS ANGELES,ALHAMBRA,-118.1293716430664,34.08299255371094
9182505,2020,2021-01-02,1901,2020-10-09,1507,151,22,5,5,5,1901,0,0,0,NA,0,003,BIRCH ST,FREMONT AV,15,E,N,A,-,N,NA,NA,NA,NA,NA,NA,NA,NA,NA,N,3,0,1,2,A,-,05,21460,A,N,D,C,A,A,H,-,A,D,0,NA,NA,NA,NA,Y,NA,A,01,0,1,0,0,0,0,0,0,0,-,-,NA,NA,LOS ANGELES,ALHAMBRA,-118.1520538330078,34.09749984741211
9182507,2020,2021-01-02,1901,2020-10-14,1508,280,NA,3,5,5,1901,0,0,0,NA,0,004,FREMONT AV,CARLOS ST,75,S,N,A,-,N,NA,NA,NA,NA,NA,NA,NA,NA,NA,Y,3,0,3,2,A,-,03,22350,NA,N,C,C,A,A,H,-,A,D,0,NA,NA,NA,NA,Y,NA,A,01,0,2,1,0,0,0,0,0,0,-,-,NA,NA,LOS ANGELES,ALHAMBRA,-118.14778900146484,34.06437683105469
9182508,2020,2021-01-02,1901,2020-10-16,0711,293,13,5,5,5,1901,0,0,0,NA,0,002,ATLANTIC BL,NORWOOD PL,0,NA,Y,A,-,N,NA,NA,NA,NA,NA,NA,NA,NA,NA,Y,2,0,1,2,A,-,09,21802,A,N,D,C,A,A,H,-,A,A,0,NA,NA,Y,NA,Y,NA,A,01,1,0,0,0,0,0,0,0,1,-,-,NA,NA,LOS ANGELES,ALHAMBRA,-118.1344985961914,34.07588195800781
9182509,2020,2021-01-02,1901,2020-10-16,1758,297,21,5,5,5,1901,0,0,0,NA,0,FOUR,FREMONT AV,MONTEZUMA AV,0,NA,Y,A,-,N,NA,NA,NA,NA,NA,NA,NA,NA,NA,N,4,0,4,2,A,-,07,21658,A,N,B,C,A,A,H,-,B,A,0,NA,NA,NA,NA,Y,NA,A,07,0,0,4,0,0,0,0,0,0,-,-,NA,NA,LOS ANGELES,ALHAMBRA,-118.14936065673828,34.0676383972168