CASE_ID,ACCIDENT_YEAR,PROC_DATE,JURIS,COLLISION_DATE,COLLISION_TIME,OFFICER_ID,REPORTING_DISTRICT,DAY_OF_WEEK,CHP_SHIFT,POPULATION,CNTY_CITY_LOC,SPECIAL_COND,BEAT_TYPE,CHP_BEAT_TYPE,CITY_DIVISION_LAPD,CHP_BEAT_CLASS,BEAT_NUMBER,PRIMARY_RD,SECONDARY_RD,DISTANCE,DIRECTION,INTERSECTION,WEATHER_1,WEATHER_2,STATE_HWY_IND,CALTRANS_COUNTY,CALTRANS_DISTRICT,STATE_ROUTE,ROUTE_SUFFIX,POSTMILE_PREFIX,POSTMILE,LOCATION_TYPE,RAMP_INTERSECTION,SIDE_OF_HWY,TOW_AWAY,COLLISION_SEVERITY,NUMBER_KILLED,NUMBER_INJURED,PARTY_COUNT,PRIMARY_COLL_FACTOR,PCF_CODE_OF_VIOL,PCF_VIOL_CATEGORY,PCF_VIOLATION,PCF_VIOL_SUBSECTION,HIT_AND_RUN,TYPE_OF_COLLISION,MVIW,PED_ACTION,ROAD_SURFACE,ROAD_COND_1,ROAD_COND_2,LIGHTING,CONTROL_DEVICE,CHP_ROAD_TYPE,PEDESTRIAN_ACCIDENT,BICYCLE_ACCIDENT,MOTORCYCLE_ACCIDENT,TRUCK_ACCIDENT,NOT_PRIVATE_PROPERTY,ALCOHOL_INVOLVED,STWD_VEHTYPE_AT_FAULT,CHP_VEHTYPE_AT_FAULT,COUNT_SEVERE_INJ,COUNT_VISIBLE_INJ,COUNT_COMPLAINT_PAIN,COUNT_PED_KILLED,COUNT_PED_INJURED,COUNT_BICYCLIST_KILLED,COUNT_BICYCLIST_INJURED,COUNT_MC_KILLED,COUNT_MC_INJURED,PRIMARY_RAMP,SECONDARY_RAMP,LATITUDE,LONGITUDE,COUNTY,CITY,POINT_X,POINT_Y
9184588,2020,2021-02-03,1942,2020-11-04,1430,34265,1793,3,5,7,1942,0,0,0,Q,0,17A81,TAMPA AV,BUSINESS CENTER DR,0,NA,Y,A,-,N,NA,NA,NA,NA,NA,NA,NA,NA,NA,Y,2,0,3,3,A,-,12,21453,A,N,D,C,A,A,H,-,A,A,0,NA,NA,Y,NA,Y,NA,C,02,1,1,1,0,0,0,0,0,1,-,-,NA,NA,LOS ANGELES,LOS ANGELES,-118.55355072021484,34.230960845947266
9184589,2020,2021-02-03,1942,2020-11-02,1630,39569,1559,1,5,7,1942,0,0,0,O,0,15A28,CAHUENGA BL,MAGNOLIA BL,0,NA,Y,A,-,N,NA,NA,NA,NA,NA,NA,NA,NA,NA,Y,4,0,1,2,A,-,12,21453,A,F,D,C,A,A,H,-,A,A,0,NA,NA,NA,NA,Y,NA,-,99,0,0,1,0,0,0,0,0,0,-,-,NA,NA,LOS ANGELES,LOS ANGELES,-118.36154174804688,34.16490173339844
9184591,2020,2021-02-03,1942,2020-11-01,0435,44097,2155,7,5,7,1942,0,0,0,NA,0,21A73,SUMMIT VUE DR E,SUMMIT VUE DR,55,E,N,A,-,N,NA,NA,NA,NA,NA,NA,NA,NA,NA,N,4,0,1,2,A,-,05,21650,NA,F,A,C,A,A,H,-,C,D,0,NA,NA,NA,NA,Y,NA,-,99,0,0,1,0,0,0,0,0,0,-,-,NA,NA,LOS ANGELES,LOS ANGELES,-118.61080932617188,34.18164825439453
9184592,2020,2021-02-03,1942,2020-11-01,0250,43233,0914,7,5,7,1942,0,0,0,I,0,9Z1W3,VANOWEN ST,NOBLE AV,50,E,N,A,-,N,NA,NA,NA,NA,NA,NA,NA,NA,NA,Y,4,0,1,3,A,-,05,21460,A,F,A,C,A,A,H,-,C,D,0,NA,NA,NA,NA,Y,NA,-,99,0,0,1,0,0,0,0,0,0,-,-,NA,NA,LOS ANGELES,LOS ANGELES,-118.46167755126952,34.193931579589844
9184593,2020,2021-02-03,1942,2020-11-06,2255,42214,1265,5,5,7,1942,0,0,0,L,0,12A67,NORMANDIE AV,MANCHESTER AV,0,NA,Y,A,-,N,NA,NA,NA,NA,NA,NA,NA,NA,NA,Y,4,0,2,2,A,-,08,22107,NA,N,A,C,A,A,H,-,C,A,0,NA,NA,NA,NA,Y,NA,A,07,0,0,2,0,0,0,0,0,0,-,-,NA,NA,LOS ANGELES,LOS ANGELES,-118.3002700805664,33.96001052856445
9184606,2020,2021-02-16,1942,2020-11-01,1400,43648,1802,7,5,7,1942,0,0,0,R,0,18X38,MAIN ST,88TH PL,0,NA,Y,A,-,N,NA,NA,NA,NA,NA,NA,NA,NA,NA,N,3,0,1,2,A,-,12,21453,A,F,D,G,A,A,H,-,A,A,0,NA,Y,NA,NA,Y,Y,-,99,0,1,0,0,0,0,1,0,0,-,-,NA,NA,LOS ANGELES,LOS ANGELES,-118.2738800048828,33.95643997192383
9184607,2020,2021-02-18,1942,2020-11-01,1430,37724,1861,7,5,7,1942,0,0,0,R,0,18A63,S FIGUEROA ST,CENTURY FWY,50,N,N,A,-,N,NA,NA,NA,NA,NA,NA,NA,NA,NA,N,4,0,2,2,A,-,03,22350,NA,F,C,C,A,A,H,-,A,A,0,NA,NA,NA,NA,Y,NA,-,99,0,0,2,0,0,0,0,0,0,-,-,NA,NA,LOS ANGELES,LOS ANGELES,-118.28265380859376,33.9456787109375
9184608,2020,2021-02-16,1942,2020-11-01,0230,42663,557,7,5,7,1942,0,0,0,NA,0,557,GAFFEY ST,7TH ST,10,N,N,E,-,N,NA,NA,NA,NA,NA,NA,NA,NA,NA,N,4,0,2,2,A,-,03,22350,NA,N,C,C,A,A,H,-,C,A,0,NA,NA,NA,NA,Y,NA,A,08,0,0,2,0,0,0,0,0,0,-,-,NA,NA,LOS ANGELES,LOS ANGELES,-118.29235076904295,33.73790740966797
9184609,2020,2021-02-16,1942,2020-11-01,1920,39142,522,7,5,7,1942,0,0,0,NA,0,5X26,OPP ST,MCDONALD,6,E,N,A,-,N,NA,NA,NA,NA,NA,NA,NA,NA,NA,N,4,0,1,2,A,-,03,22350,NA,F,C,C,A,A,H,-,C,D,0,NA,NA,NA,NA,Y,NA,A,01,0,0,1,0,0,0,0,0,0,-,-,NA,NA,LOS ANGELES,LOS ANGELES,-118.27132415771484,33.782432556152344
9184610,2020,2021-02-18,1942,2020-11-06,2350,43209,1263,5,5,7,1942,0,0,0,L,0,12A83,MANCHESTER,ST ANDREWS,175,E,N,A,-,N,NA,NA,NA,NA,NA,NA,NA,NA,NA,Y,4,0,2,2,A,-,08,22102,NA,N,C,C,A,A,H,-,C,D,0,NA,NA,NA,NA,Y,NA,A,01,0,0,2,0,0,0,0,0,0,-,-,NA,NA,LOS ANGELES,LOS ANGELES,-118.31062316894533,33.9599609375
9184611,2020,2021-02-16,1942,2020-11-06,1740,43311,1263,5,5,7,1942,0,0,0,L,0,12X8,WESTERN AV,83RD ST,100,S,N,A,-,N,NA,NA,NA,NA,NA,NA,NA,NA,NA,N,4,0,1,2,A,-,04,21703,NA,F,C,C,A,A,H,-,B,D,0,NA,NA,NA,NA,Y,NA,-,99,0,0,1,0,0,0,0,0,0,-,-,NA,NA,LOS ANGELES,LOS ANGELES,-118.30901336669922,33.963375091552734
9184612,2020,2021-02-16,1942,2020-11-05,1930,43651,1253,4,5,7,1942,0,0,0,L,0,12A39,76TH ST,WESTERN AV,0,NA,Y,A,-,N,NA,NA,NA,NA,NA,NA,NA,NA,NA,N,4,0,1,2,A,-,03,22350,NA,M,B,C,A,A,H,-,C,D,0,NA,NA,NA,NA,Y,NA,-,99,0,0,1,0,0,0,0,0,0,-,-,NA,NA,LOS ANGELES,LOS ANGELES,-118.30899810791016,33.97090148925781
9184613,2020,2021-02-16,1942,2020-11-05,1300,43939,1218,4,5,7,1942,0,0,0,L,0,12X8,S HOOVER ST,W 55TH ST,0,NA,Y,A,-,N,NA,NA,NA,NA,NA,NA,NA,NA,NA,N,4,0,1,2,A,-,10,21950,NA,F,G,B,C,A,H,-,A,A,0,Y,NA,NA,NA,Y,NA,-,99,0,0,1,0,1,0,0,0,0,-,-,NA,NA,LOS ANGELES,LOS ANGELES,-118.28713989257813,33.99232864379883
9184614,2020,2021-02-16,1942,2020-11-05,1000,41582,1232,4,5,7,1942,0,0,0,L,0,12A53,58TH PL,WEST BL,1000,E,N,A,-,N,NA,NA,NA,NA,NA,NA,NA,NA,NA,Y,4,0,1,3,A,-,03,22350,NA,N,A,C,A,A,H,-,A,D,0,NA,NA,NA,NA,Y,NA,A,01,0,0,1,0,0,0,0,0,0,-,-,NA,NA,LOS ANGELES,LOS ANGELES,-118.3319091796875,33.98811340332031
9184615,2020,2021-02-16,1942,2020-11-04,2205,42005,1265,3,5,7,1942,0,0,0,L,0,1223,W 81ST ST,HALLDALE AV,250,E,N,A,-,N,NA,NA,NA,NA,NA,NA,NA,NA,NA,N,4,0,1,2,A,-,05,21651,A,F,B,C,A,A,H,-,C,D,0,NA,NA,NA,NA,Y,NA,-,99,0,0,1,0,0,0,0,0,0,-,-,NA,NA,LOS ANGELES,LOS ANGELES,-118.30165863037108,33.965484619140625
9184616,2020,2021-02-16,1942,2020-11-04,1500,42672,1249,3,5,7,1942,0,0,0,L,0,12A67,FLORENCE,ESTRELLA,0,NA,Y,A,-,N,NA,NA,NA,NA,NA,NA,NA,NA,NA,N,3,0,1,2,A,-,08,22102,NA,N,D,C,A,A,H,-,A,A,0,NA,NA,NA,NA,Y,NA,A,01,0,1,0,0,0,0,0,0,0,-,-,NA,NA,LOS ANGELES,LOS ANGELES,-118.2848892211914,33.97465896606445
9184617,2020,2021-02-16,1942,2020-11-03,2350,43241,1243,2,5,7,1942,0,0,0,L,0,12A45,GAGE AV,WESTERN AV,0,NA,Y,A,-,N,NA,NA,NA,NA,NA,NA,NA,NA,NA,Y,4,0,1,3,A,-,09,21801,A,F,D,C,A,A,H,-,C,A,0,NA,NA,NA,NA,Y,NA,A,01,0,0,1,0,0,0,0,0,0,-,-,NA,NA,LOS ANGELES,LOS ANGELES,-118.30896759033205,33.98236083984375
9184618,2020,2021-02-16,1942,2020-11-03,1815,44267,1269,2,5,7,1942,0,0,0,L,0,12A31,E 80TH ST,TOWNE AV,25,E,N,A,-,N,NA,NA,NA,NA,NA,NA,NA,NA,NA,N,4,0,2,2,A,-,07,21658,A,F,B,C,A,A,H,-,C,D,0,NA,NA,NA,NA,Y,NA,-,99,0,0,2,0,0,0,0,0,0,-,-,NA,NA,LOS ANGELES,LOS ANGELES,-118.26728057861328,33.966461181640625
9184620,2020,2021-02-16,1942,2020-11-01,2305,42231,1218,7,5,7,1942,0,0,0,L,0,12A93,S VERMONT AV,W 58TH ST,0,NA,Y,E,-,N,NA,NA,NA,NA,NA,NA,NA,NA,NA,Y,3,0,5,2,A,-,03,22350,NA,F,D,C,A,A,H,-,C,D,0,NA,NA,NA,NA,Y,NA,-,99,0,3,2,0,0,0,0,0,0,-,-,NA,NA,LOS ANGELES,LOS ANGELES,-118.2914810180664,33.98965835571289
9184653,2020,2021-02-18,1942,2020-11-01,0220,43748,1861,7,5,7,1942,0,0,0,R,0,18A97,120TH ST,BROADWAY,10,S,N,A,-,N,NA,NA,NA,NA,NA,NA,NA,NA,NA,Y,4,0,2,2,A,-,01,23152,G,F,C,C,A,A,H,-,C,D,0,NA,NA,NA,NA,Y,NA,A,01,0,0,2,0,0,0,0,0,0,-,-,NA,NA,LOS ANGELES,LOS ANGELES,-118.27825164794922,33.92374038696289
9184665,2020,2021-01-27,1942,2020-11-04,0810,37679,1827,3,5,7,1942,0,0,0,R,0,25T21,HOLMES AV,97TH ST,40,N,N,A,-,N,NA,NA,NA,NA,NA,NA,NA,NA,NA,Y,4,0,1,2,A,-,03,22350,NA,N,C,E,A,A,H,-,A,D,0,NA,NA,NA,NA,Y,NA,A,01,0,0,1,0,0,0,0,0,0,-,-,NA,NA,LOS ANGELES,LOS ANGELES,-118.24080657958984,33.948280334472656
9184674,2020,2021-02-02,1942,2020-11-01,0305,43708,1829,7,5,7,1942,0,0,0,R,0,18A17,TWEEDY,ALAMEDA,0,NA,Y,A,-,N,NA,NA,NA,NA,NA,NA,NA,NA,NA,N,4,0,2,2,A,-,01,23152,NA,F,C,D,A,A,H,-,C,A,0,NA,NA,NA,NA,Y,Y,A,01,0,0,2,0,0,0,0,0,0,-,-,NA,NA,LOS ANGELES,LOS ANGELES,-118.22815704345705,33.94660186767578
9184721,2020,2021-02-05,1900,2020-11-02,2128,647468,0456,1,5,6,1949,0,0,0,NA,0,43T1P,THORNLAKE AV,ABINGDON ST,110,N,N,A,-,N,NA,NA,NA,NA,NA,NA,NA,NA,NA,Y,3,0,1,3,A,-,01,23152,A,M,A,E,A,A,H,-,C,D,0,NA,NA,NA,NA,Y,Y,A,01,0,1,0,0,0,0,0,0,0,-,-,NA,NA,LOS ANGELES,NORWALK,-118.07188415527344,33.89680099487305
9184722,2020,2021-02-10,1942,2020-11-08,1730,44132,1966,7,5,7,1942,0,0,0,NA,0,1966,SYLMAR AV,TUPPER ST,0,NA,Y,A,-,N,NA,NA,NA,NA,NA,NA,NA,NA,NA,Y,3,0,1,2,A,-,01,23152,A,N,C,C,A,A,H,-,C,A,0,NA,NA,Y,NA,Y,Y,A,01,0,1,0,0,0,0,0,0,1,-,-,NA,NA,LOS ANGELES,LOS ANGELES,-118.44593811035156,34.238990783691406
9184723,2020,2021-02-05,1942,2020-11-09,2220,33504,0939,1,5,7,1942,0,0,0,I,0,9A37,BURBANK BL,FULTON AV,0,NA,Y,A,C,N,NA,NA,NA,NA,NA,NA,NA,NA,NA,Y,4,0,1,2,A,-,01,23152,A,N,C,C,A,A,H,-,-,A,0,NA,NA,NA,NA,Y,Y,A,01,0,0,1,0,0,0,0,0,0,-,-,NA,NA,LOS ANGELES,LOS ANGELES,-118.42250823974608,34.172119140625
9184724,2020,2021-02-05,1942,2020-11-09,1845,38687,1901,1,5,7,1942,0,0,0,NA,0,19A1,FOOTHILL BL,BALBOA BL,80,N,N,A,-,N,NA,NA,NA,NA,NA,NA,NA,NA,NA,N,4,0,1,2,A,-,07,21658,A,F,B,C,A,A,H,-,C,A,0,NA,NA,NA,NA,Y,NA,-,99,0,0,1,0,0,0,0,0,0,-,-,NA,NA,LOS ANGELES,LOS ANGELES,-118.49604034423828,34.32166290283203
9184725,2020,2021-02-05,1942,2020-11-05,1730,44098,0909,4,5,7,1942,0,0,0,I,0,9X66,SHERMAN WY,ALLOTT AV,370,W,N,A,-,N,NA,NA,NA,NA,NA,NA,NA,NA,NA,N,4,0,1,2,A,-,03,22350,NA,F,C,C,A,A,H,-,C,D,0,NA,NA,NA,NA,Y,NA,-,99,0,0,1,0,0,0,0,0,0,-,-,NA,NA,LOS ANGELES,LOS ANGELES,-118.42929077148438,34.20119094848633
9184726,2020,2021-02-05,1942,2020-11-07,1705,41483,1821,6,5,7,1942,0,0,0,R,0,18X36,S FIGUEROA ST,W 97TH ST,0,NA,Y,A,-,N,NA,NA,NA,NA,NA,NA,NA,NA,NA,N,3,0,1,2,A,-,07,21658,NA,N,B,B,A,A,H,-,C,D,0,NA,NA,Y,NA,Y,NA,A,01,0,1,0,0,0,0,0,0,1,-,-,NA,NA,LOS ANGELES,LOS ANGELES,-118.28269958496094,33.94824981689453
9184727,2020,2021-02-05,1942,2020-11-05,1045,37080,1063,4,5,7,1942,0,0,0,J,0,10A83,YOLANDA AV,BURBANK BL,0,NA,Y,B,-,N,NA,NA,NA,NA,NA,NA,NA,NA,NA,N,4,0,1,2,A,-,10,21950,A,N,G,B,D,A,H,-,A,A,0,Y,NA,NA,NA,Y,NA,A,01,0,0,1,0,1,0,0,0,0,-,-,NA,NA,LOS ANGELES,LOS ANGELES,-118.54073333740234,34.1723518371582
9184728,2020,2021-02-05,1942,2020-11-05,1505,31392,1025,4,5,7,1942,0,0,0,J,0,10A3,LINDLEY AV,SHERMAN WY,40,N,N,A,-,N,NA,NA,NA,NA,NA,NA,NA,NA,NA,Y,3,0,2,2,A,-,09,21801,A,N,A,C,A,A,H,-,A,D,0,NA,NA,NA,NA,Y,NA,A,08,0,1,1,0,0,0,0,0,0,-,-,NA,NA,LOS ANGELES,LOS ANGELES,-118.52729034423828,34.20119094848633
9184729,2020,2021-02-05,1942,2020-11-01,1110,44422,1039,7,5,7,1942,0,0,0,J,0,10A39,KITTRIDGE ST,WOODLEY AV,0,NA,-,A,-,N,NA,NA,NA,NA,NA,NA,NA,NA,NA,N,4,0,1,2,A,-,05,21650,1,N,G,G,A,A,H,-,A,D,0,NA,Y,NA,NA,Y,NA,A,01,0,0,1,0,0,0,1,0,0,-,-,NA,NA,LOS ANGELES,LOS ANGELES,-118.48365020751952,34.19028091430664
9184730,2020,2021-02-05,1942,2020-11-01,0115,43589,NA,7,5,7,1942,0,0,0,NA,0,0914,SHERMAN WY,KESTER AV,0,NA,Y,A,-,N,NA,NA,NA,NA,NA,NA,NA,NA,NA,N,3,0,2,2,A,-,08,22107,NA,N,B,C,A,A,H,-,C,A,0,NA,NA,NA,NA,Y,NA,A,01,0,1,1,0,0,0,0,0,0,-,-,NA,NA,LOS ANGELES,LOS ANGELES,-118.45745849609376,34.201141357421875
9184731,2020,2021-02-10,1942,2020-11-07,1745,39048,0938,6,5,7,1942,0,0,0,I,0,9A37,VICTORY BL,WOODMAN AV,250,W,N,B,-,N,NA,NA,NA,NA,NA,NA,NA,NA,NA,Y,4,0,3,5,A,-,06,21755,A,N,C,C,F,B,H,-,C,D,0,Y,NA,NA,NA,Y,NA,A,01,0,0,3,0,1,0,0,0,0,-,-,NA,NA,LOS ANGELES,LOS ANGELES,-118.4320831298828,34.18667221069336
9184732,2020,2021-02-05,1942,2020-11-09,1040,39746,0955,1,5,7,1942,0,0,0,I,0,9A63,VAN NUYS BL,MAGNOLIA BL,25,N,N,A,-,N,NA,NA,NA,NA,NA,NA,NA,NA,NA,N,4,0,2,2,A,-,04,21703,NA,N,C,C,A,A,H,-,A,A,0,NA,NA,NA,NA,Y,NA,A,01,0,0,2,0,0,0,0,0,0,-,-,NA,NA,LOS ANGELES,LOS ANGELES,-118.44871520996094,34.164939880371094
9184733,2020,2021-02-05,1942,2020-11-08,1400,41579,0392,7,5,7,1942,0,0,0,C,0,25TL25,VERNON AV,ARLINGTON AV,0,NA,Y,A,-,N,NA,NA,NA,NA,NA,NA,NA,NA,NA,N,4,0,1,2,A,-,09,21801,A,N,A,C,A,A,H,-,A,A,0,NA,NA,NA,NA,Y,NA,A,07,0,0,1,0,0,0,0,0,0,-,-,NA,NA,LOS ANGELES,LOS ANGELES,-118.31822204589844,34.003700256347656
9184734,2020,2021-02-05,1942,2020-11-08,1400,42539,0397,7,5,7,1942,0,0,0,C,0,25T52,RAYMOND AV,W 43RD ST,0,NA,Y,G,-,N,NA,NA,NA,NA,NA,NA,NA,NA,NA,N,4,0,1,2,A,-,12,21453,A,N,D,G,A,A,H,-,A,A,0,NA,Y,NA,NA,Y,NA,L,04,0,0,1,0,0,0,1,0,0,-,-,NA,NA,LOS ANGELES,LOS ANGELES,-118.2980499267578,34.005489349365234
9184735,2020,2021-02-05,1942,2020-11-05,0740,33599,0308,4,5,7,1942,0,0,0,C,0,3A19,W 23RD ST,S HOOVER ST,0,NA,Y,A,-,N,NA,NA,NA,NA,NA,NA,NA,NA,NA,Y,4,0,1,2,A,-,12,21453,A,N,F,C,A,A,H,-,A,A,0,NA,NA,NA,NA,Y,NA,A,01,0,0,1,0,0,0,0,0,0,-,-,NA,NA,LOS ANGELES,LOS ANGELES,-118.28401184082033,34.03517150878906
9184736,2020,2021-02-09,1942,2020-11-05,1840,42118,0313,4,5,7,1942,0,0,0,C,0,3A31,W ADAMS BL,S BRONSON AV,0,NA,Y,B,-,N,NA,NA,NA,NA,NA,NA,NA,NA,NA,N,3,0,1,2,A,-,10,21950,A,N,G,B,B,A,H,-,C,D,0,Y,NA,NA,NA,Y,NA,-,-,0,1,0,0,1,0,0,0,0,-,-,NA,NA,LOS ANGELES,LOS ANGELES,-118.33380126953124,34.032588958740234
9184737,2020,2021-02-05,1942,2020-11-09,1740,37146,1269,1,5,7,1942,0,0,0,L,0,25TL35,MANCHESTER AV,WESTERN AV,100,W,N,A,-,N,NA,NA,NA,NA,NA,NA,NA,NA,NA,N,4,0,1,2,A,-,03,22350,NA,F,C,C,A,A,H,-,C,A,0,NA,NA,NA,NA,Y,NA,-,99,0,0,1,0,0,0,0,0,0,-,-,NA,NA,LOS ANGELES,LOS ANGELES,-118.30934143066406,33.959964752197266
9184738,2020,2021-02-05,1942,2020-11-07,0700,43310,77TH,6,5,7,1942,0,0,0,NA,0,1245,GAGE AV,DENKER AV,45,E,N,B,C,N,NA,NA,NA,NA,NA,NA,NA,NA,NA,Y,3,0,2,3,A,-,03,22348,NA,N,A,C,A,B,-,-,A,D,0,NA,NA,NA,NA,Y,NA,A,01,0,2,0,0,0,0,0,0,0,-,-,NA,NA,LOS ANGELES,LOS ANGELES,-118.30445098876952,33.98236083984375
9184739,2020,2021-02-05,1942,2020-11-06,1125,33458,1004,5,5,7,1942,0,0,0,J,0,17A67,RESEDA BL,ROSCOE BL,250,N,N,A,-,N,NA,NA,NA,NA,NA,NA,NA,NA,NA,Y,4,0,1,1,A,-,08,22107,NA,N,E,I,A,A,H,-,A,D,0,NA,NA,NA,NA,Y,NA,A,01,0,0,1,0,0,0,0,0,0,-,-,NA,NA,LOS ANGELES,LOS ANGELES,-118.53607177734376,34.221435546875
9184740,2020,2021-02-05,1942,2020-11-02,1400,44365,0985,1,5,7,1942,0,0,0,I,0,9A37,STANSBURY AV,MOORPARK ST,0,NA,Y,A,-,N,NA,NA,NA,NA,NA,NA,NA,NA,NA,N,4,0,2,2,A,-,09,21801,A,N,A,D,A,A,H,-,A,A,0,NA,NA,NA,NA,Y,NA,A,01,0,0,2,0,0,0,0,0,0,-,-,NA,NA,LOS ANGELES,LOS ANGELES,-118.44110870361328,34.15053176879883
9184742,2020,2021-02-02,1942,2020-11-05,1735,43806,1804,4,5,7,1942,0,0,0,R,0,18A34,CENTRAL AV,87TH PL,0,NA,Y,A,-,N,NA,NA,NA,NA,NA,NA,NA,NA,NA,N,3,0,1,2,A,-,07,21658,A,N,G,B,B,A,H,-,C,A,0,Y,NA,NA,NA,Y,NA,A,01,0,1,0,0,1,0,0,0,0,-,-,NA,NA,LOS ANGELES,LOS ANGELES,-118.25641632080078,33.95833969116211
9184743,2020,2021-02-02,1942,2020-11-04,1952,41060,1842,3,5,7,1942,0,0,0,R,0,18A41,MAIN ST,110TH ST,25,N,N,A,-,N,NA,NA,NA,NA,NA,NA,NA,NA,NA,N,3,0,1,2,A,-,10,21950,A,M,B,B,D,A,H,-,C,D,0,Y,NA,NA,NA,Y,Y,-,99,0,1,0,0,1,0,0,0,0,-,-,NA,NA,LOS ANGELES,LOS ANGELES,-118.27388763427734,33.93572998046875
9184744,2020,2021-02-03,1942,2020-11-03,1550,43664,RD184,2,5,7,1942,0,0,0,NA,0,18A44,AVALON BL,109TH PL,15,N,N,A,-,N,NA,NA,NA,NA,NA,NA,NA,NA,NA,N,3,0,1,2,A,-,03,22350,NA,N,D,C,A,A,H,-,A,A,0,NA,NA,Y,NA,Y,NA,C,03,0,1,0,0,0,0,0,0,1,-,-,NA,NA,LOS ANGELES,LOS ANGELES,-118.26519775390624,33.936492919921875
9184745,2020,2021-02-03,1942,2020-11-03,1800,43627,1823,2,5,7,1942,0,0,0,R,0,18X96,SAN PEDRO ST,98TH ST,52,N,N,A,-,N,NA,NA,NA,NA,NA,NA,NA,NA,NA,N,4,0,2,3,A,-,03,22350,NA,F,B,C,A,A,H,-,C,A,0,NA,NA,NA,NA,Y,NA,-,99,0,0,2,0,0,0,0,0,0,-,-,NA,NA,LOS ANGELES,LOS ANGELES,-118.26952362060548,33.947532653808594
9184746,2020,2021-02-03,1942,2020-11-03,0025,42962,1823,2,5,7,1942,0,0,0,R,0,18A3,AVALON BL,CENTURY BL,0,NA,Y,E,-,N,NA,NA,NA,NA,NA,NA,NA,NA,NA,N,3,0,2,2,A,-,12,21453,A,N,D,C,A,A,H,-,C,A,0,NA,NA,NA,NA,Y,NA,A,01,0,1,1,0,0,0,0,0,0,-,-,NA,NA,LOS ANGELES,LOS ANGELES,-118.2651824951172,33.94561004638672
9184747,2020,2021-02-03,1942,2020-11-01,2035,43098,1842,7,5,7,1942,0,0,0,R,0,18A41,112TH ST,MAIN ST,100,E,N,A,-,N,NA,NA,NA,NA,NA,NA,NA,NA,NA,N,4,0,1,2,A,-,09,21804,A,N,D,G,A,A,H,-,C,D,0,NA,Y,NA,NA,Y,NA,L,04,0,0,1,0,0,0,1,0,0,-,-,NA,NA,LOS ANGELES,LOS ANGELES,-118.27388763427734,33.932979583740234
9184748,2020,2021-02-08,1942,2020-11-08,1720,41537,1804,7,5,7,1942,0,0,0,R,0,18X36,CENTRAL AV,MANCHESTER,54,S,N,A,-,N,NA,NA,NA,NA,NA,NA,NA,NA,NA,N,4,0,1,2,A,-,09,21804,NA,F,G,B,D,A,H,-,C,D,0,Y,NA,NA,NA,Y,NA,-,99,0,0,1,0,1,0,0,0,0,-,-,NA,NA,LOS ANGELES,LOS ANGELES,-118.25641632080078,33.96001052856445
9184749,2020,2021-02-02,1942,2020-11-05,1125,37797,1823,4,5,7,1942,0,0,0,R,0,18Q19,SAN PEDRO,COLDEN AV,0,NA,Y,A,-,N,NA,NA,NA,NA,NA,NA,NA,NA,NA,N,4,0,1,2,A,-,03,22350,NA,F,C,C,A,A,H,-,A,A,0,NA,NA,NA,NA,Y,NA,-,99,0,0,1,0,0,0,0,0,0,-,-,NA,NA,LOS ANGELES,LOS ANGELES,-118.26952362060548,33.94919967651367
9184750,2020,2021-02-02,1942,2020-11-11,1115,33599,1251,3,5,7,1942,0,0,0,L,0,12A51,CRENSHAW BL,W FLORENCE AV,45,N,N,A,-,N,NA,NA,NA,NA,NA,NA,NA,NA,NA,N,4,0,2,4,A,-,03,22350,NA,N,B,C,A,A,D,-,A,A,0,NA,NA,NA,NA,Y,NA,A,01,0,0,2,0,0,0,0,0,0,-,-,NA,NA,LOS ANGELES,LOS ANGELES,-118.33088684082033,33.97466278076172
9184751,2020,2021-02-02,1942,2020-11-11,0940,33599,1832,3,5,7,1942,0,0,0,R,0,18A41,S MAIN ST,E 108TH ST,0,NA,Y,A,-,N,NA,NA,NA,NA,NA,NA,NA,NA,NA,N,4,0,1,2,A,-,10,21950,A,F,G,B,B,A,H,-,A,A,0,Y,NA,NA,NA,Y,NA,-,99,0,0,1,0,1,0,0,0,0,-,-,NA,NA,LOS ANGELES,LOS ANGELES,-118.2738800048828,33.93830108642578
9184752,2020,2021-02-02,1931,2020-11-05,1526,5141,1931,4,5,5,1931,0,0,0,NA,0,004,FLORENCE AV,CALIFORNIA AV E,0,NA,Y,A,-,N,NA,NA,NA,NA,NA,NA,NA,NA,NA,Y,4,0,1,2,A,-,12,21453,A,N,D,C,A,A,H,-,A,A,0,NA,NA,NA,NA,Y,NA,A,01,0,0,1,0,0,0,0,0,0,-,-,NA,NA,LOS ANGELES,HUNTINGTON PARK,-118.20343780517578,33.97193908691406
9184753,2020,2021-02-02,1942,2020-11-05,1945,32142,1841,4,5,7,1942,0,0,0,R,0,18U5,IMPERIAL HWY,VERMONT AV,250,E,N,A,-,N,NA,NA,NA,NA,NA,NA,NA,NA,NA,N,3,0,1,2,A,-,21,22106,NA,N,G,-,E,A,H,-,C,D,0,Y,NA,NA,NA,Y,NA,A,01,0,1,0,0,1,0,0,0,0,-,-,NA,NA,LOS ANGELES,LOS ANGELES,-118.29078674316406,33.93098068237305
9184756,2020,2021-02-08,1972,2020-11-03,1709,21205,NA,2,5,6,1972,0,0,0,NA,0,NA,182ND ST,YUKON AV,100,E,N,A,-,N,NA,NA,NA,NA,NA,NA,NA,NA,NA,Y,3,0,3,6,A,-,04,21703,NA,N,C,C,A,A,H,-,C,D,0,NA,NA,NA,NA,Y,NA,A,NA,0,1,2,0,0,0,0,0,0,-,-,NA,NA,LOS ANGELES,TORRANCE,-118.33480834960938,33.86558151245117
9184757,2020,2021-02-08,1972,2020-11-09,1637,19155,NA,1,5,6,1972,0,0,0,NA,0,NA,HAWTHORNE BL,DEL AMO BL,30,S,N,A,-,N,NA,NA,NA,NA,NA,NA,NA,NA,NA,N,4,0,1,2,A,-,03,22350,NA,N,C,C,A,A,H,-,A,A,0,NA,NA,NA,NA,Y,NA,A,NA,0,0,1,0,0,0,0,0,0,-,-,NA,NA,LOS ANGELES,TORRANCE,-118.35385131835938,33.84852600097656