CASE_ID,ACCIDENT_YEAR,PROC_DATE,JURIS,COLLISION_DATE,COLLISION_TIME,OFFICER_ID,REPORTING_DISTRICT,DAY_OF_WEEK,CHP_SHIFT,POPULATION,CNTY_CITY_LOC,SPECIAL_COND,BEAT_TYPE,CHP_BEAT_TYPE,CITY_DIVISION_LAPD,CHP_BEAT_CLASS,BEAT_NUMBER,PRIMARY_RD,SECONDARY_RD,DISTANCE,DIRECTION,INTERSECTION,WEATHER_1,WEATHER_2,STATE_HWY_IND,CALTRANS_COUNTY,CALTRANS_DISTRICT,STATE_ROUTE,ROUTE_SUFFIX,POSTMILE_PREFIX,POSTMILE,LOCATION_TYPE,RAMP_INTERSECTION,SIDE_OF_HWY,TOW_AWAY,COLLISION_SEVERITY,NUMBER_KILLED,NUMBER_INJURED,PARTY_COUNT,PRIMARY_COLL_FACTOR,PCF_CODE_OF_VIOL,PCF_VIOL_CATEGORY,PCF_VIOLATION,PCF_VIOL_SUBSECTION,HIT_AND_RUN,TYPE_OF_COLLISION,MVIW,PED_ACTION,ROAD_SURFACE,ROAD_COND_1,ROAD_COND_2,LIGHTING,CONTROL_DEVICE,CHP_ROAD_TYPE,PEDESTRIAN_ACCIDENT,BICYCLE_ACCIDENT,MOTORCYCLE_ACCIDENT,TRUCK_ACCIDENT,NOT_PRIVATE_PROPERTY,ALCOHOL_INVOLVED,STWD_VEHTYPE_AT_FAULT,CHP_VEHTYPE_AT_FAULT,COUNT_SEVERE_INJ,COUNT_VISIBLE_INJ,COUNT_COMPLAINT_PAIN,COUNT_PED_KILLED,COUNT_PED_INJURED,COUNT_BICYCLIST_KILLED,COUNT_BICYCLIST_INJURED,COUNT_MC_KILLED,COUNT_MC_INJURED,PRIMARY_RAMP,SECONDARY_RAMP,LATITUDE,LONGITUDE,COUNTY,CITY,POINT_X,POINT_Y
9186273,2020,2021-01-29,1942,2020-11-14,2320,42222,1215,6,5,7,1942,0,0,0,L,0,12A57,NORMANDIE,55TH ST,9,N,N,A,-,N,NA,NA,NA,NA,NA,NA,NA,NA,NA,Y,4,0,2,2,A,-,03,22350,NA,F,C,E,A,A,H,-,C,D,0,NA,NA,NA,NA,Y,NA,A,01,0,0,2,0,0,0,0,0,0,-,-,NA,NA,LOS ANGELES,LOS ANGELES,-118.30020904541016,33.99234390258789
9186274,2020,2021-01-27,1942,2020-11-14,1340,43939,1248,6,5,7,1942,0,0,0,L,0,12X8,S HOOVER ST,W 70TH ST,0,NA,Y,A,-,N,NA,NA,NA,NA,NA,NA,NA,NA,NA,N,4,0,1,3,A,-,03,22350,NA,F,B,C,A,A,H,-,A,D,0,NA,NA,NA,NA,Y,NA,-,99,0,0,1,0,0,0,0,0,0,-,-,NA,NA,LOS ANGELES,LOS ANGELES,-118.287109375,33.97637939453125
9186275,2020,2021-01-28,1942,2020-11-13,1545,42352,LA,5,5,7,1942,0,0,0,NA,0,1235,NORMANDIE,61ST ST,20,N,N,A,-,N,NA,NA,NA,NA,NA,NA,NA,NA,NA,N,4,0,1,2,A,-,04,21703,NA,N,C,C,A,A,H,-,A,D,0,NA,NA,NA,NA,Y,NA,A,01,0,0,1,0,0,0,0,0,0,-,-,NA,NA,LOS ANGELES,LOS ANGELES,-118.30026245117188,33.984195709228516
9186276,2020,2021-01-27,1942,2020-11-13,1035,40924,1213,5,5,7,1942,0,0,0,L,0,12A31,SLAUSON AV,WESTERN AV,0,NA,Y,A,-,N,NA,NA,NA,NA,NA,NA,NA,NA,NA,N,4,0,1,2,A,-,11,21956,A,N,G,-,B,A,H,-,A,A,0,Y,NA,NA,NA,Y,NA,N,60,0,0,1,0,1,0,0,0,0,-,-,NA,NA,LOS ANGELES,LOS ANGELES,-118.30895233154295,33.98915100097656
9186277,2020,2021-01-28,1942,2020-11-13,1940,43917,1243,5,5,7,1942,0,0,0,L,0,1222,FLORENCE AV,WESTERN AV,60,W,N,A,-,N,NA,NA,NA,NA,NA,NA,NA,NA,NA,N,3,0,1,2,A,-,09,21804,A,N,D,C,A,A,H,-,A,A,0,NA,NA,NA,NA,Y,NA,A,01,0,1,0,0,0,0,0,0,0,-,-,NA,NA,LOS ANGELES,LOS ANGELES,-118.30918121337892,33.974571228027344
9186278,2020,2021-01-27,1942,2020-11-13,1430,43311,1257,5,5,7,1942,0,0,0,L,0,12Z2,FIGUEROA ST,77TH ST,10,N,N,A,-,N,NA,NA,NA,NA,NA,NA,NA,NA,NA,N,3,0,1,2,A,-,04,21703,NA,F,B,G,A,A,H,-,A,D,0,NA,Y,NA,NA,Y,NA,-,99,0,1,0,0,0,0,1,0,0,-,-,NA,NA,LOS ANGELES,LOS ANGELES,-118.28272247314452,33.969825744628906
9186279,2020,2021-01-27,1942,2020-11-12,1905,44401,1263,4,5,7,1942,0,0,0,L,0,12A63,80TH ST,DENKER,0,NA,Y,A,-,N,NA,NA,NA,NA,NA,NA,NA,NA,NA,Y,3,0,1,2,A,-,12,22450,A,F,D,C,A,A,H,-,C,A,0,NA,NA,NA,NA,Y,NA,A,01,0,1,0,0,0,0,0,0,0,-,-,NA,NA,LOS ANGELES,LOS ANGELES,-118.3046417236328,33.96636962890625
9186280,2020,2021-01-28,1942,2020-11-12,1455,44350,1266,4,5,7,1942,0,0,0,L,0,12A67,80TH ST,HOOVER ST,0,NA,Y,A,-,N,NA,NA,NA,NA,NA,NA,NA,NA,NA,N,3,0,1,2,A,-,08,22107,NA,N,B,C,A,A,H,-,A,D,0,NA,NA,Y,NA,Y,NA,C,02,0,1,0,0,0,0,0,0,1,-,-,NA,NA,LOS ANGELES,LOS ANGELES,-118.28711700439452,33.96670913696289
9186281,2020,2021-01-27,1942,2020-11-11,0450,44305,1273,3,5,7,1942,0,0,0,L,0,12A73,MANCHESTER AV,HALLDALE AV,75,W,N,A,-,N,NA,NA,NA,NA,NA,NA,NA,NA,NA,Y,4,0,1,3,A,-,05,21651,B,F,A,C,A,A,H,-,C,D,0,NA,NA,NA,NA,Y,Y,-,99,0,0,1,0,0,0,0,0,0,-,-,NA,NA,LOS ANGELES,LOS ANGELES,-118.302734375,33.959999084472656
9186282,2020,2021-01-27,1942,2020-11-10,0100,44335,1266,2,5,7,1942,0,0,0,L,0,12A3,FIGUEROA ST,80TH ST,0,NA,Y,A,-,N,NA,NA,NA,NA,NA,NA,NA,NA,NA,N,4,0,1,2,A,-,05,21651,B,F,A,C,A,A,H,-,C,A,0,NA,NA,NA,NA,Y,NA,-,99,0,0,1,0,0,0,0,0,0,-,-,NA,NA,LOS ANGELES,LOS ANGELES,-118.28272247314452,33.96689987182617
9186283,2020,2021-01-27,1942,2020-11-09,1840,43654,1256,1,5,7,1942,0,0,0,L,0,12A73W,FIGUEROA  ST,73RD ST,120,S,N,A,-,N,NA,NA,NA,NA,NA,NA,NA,NA,NA,N,4,0,1,2,A,-,11,21955,NA,N,G,B,D,A,H,-,C,-,0,Y,NA,NA,NA,Y,NA,N,60,0,0,1,0,1,0,0,0,0,-,-,NA,NA,LOS ANGELES,LOS ANGELES,-118.28269958496094,33.973350524902344
9186284,2020,2021-01-29,1942,2020-11-09,1750,41258,1215,1,5,7,1942,0,0,0,L,0,NA,SLAUSON AV,HALLDALE AV,0,NA,Y,A,-,N,NA,NA,NA,NA,NA,NA,NA,NA,NA,N,4,0,1,2,A,-,09,21802,A,N,A,D,A,A,H,-,D,D,0,NA,NA,NA,NA,Y,NA,A,01,0,0,1,0,0,0,0,0,0,-,-,NA,NA,LOS ANGELES,LOS ANGELES,-118.3023681640625,33.989139556884766
9186285,2020,2021-01-27,1942,2020-11-09,1100,42718,1203,1,5,7,1942,0,0,0,L,0,3A31,WESTERN AV,45TH ST,0,NA,Y,A,-,N,NA,NA,NA,NA,NA,NA,NA,NA,NA,N,4,0,1,2,A,-,09,21802,A,N,B,C,A,A,H,-,A,D,0,NA,NA,Y,NA,Y,Y,A,01,0,0,1,0,0,0,0,0,1,-,-,NA,NA,LOS ANGELES,LOS ANGELES,-118.30892944335938,34.00278091430664
9186286,2020,2021-01-27,1942,2020-11-06,2345,41505,12A69,5,5,7,1942,0,0,0,L,0,1205,NORMANDIE AV,52ND ST,0,NA,Y,A,-,N,NA,NA,NA,NA,NA,NA,NA,NA,NA,Y,2,0,2,6,A,-,09,21801,A,N,A,C,A,A,H,-,C,D,0,NA,NA,NA,NA,Y,Y,A,08,1,0,1,0,0,0,0,0,0,-,-,NA,NA,LOS ANGELES,LOS ANGELES,-118.3001708984375,33.99504852294922
9186287,2020,2021-01-27,1942,2020-11-06,0810,43475,1213,5,5,7,1942,0,0,0,L,0,12X35,S WESTERN AV,W SLAUSON AV,200,S,N,B,-,N,NA,NA,NA,NA,NA,NA,NA,NA,NA,Y,4,0,3,2,A,-,09,21801,A,N,A,C,A,A,H,-,A,D,0,NA,NA,NA,NA,Y,NA,A,07,0,0,3,0,0,0,0,0,0,-,-,NA,NA,LOS ANGELES,LOS ANGELES,-118.30895233154295,33.98860168457031
9186288,2020,2021-01-27,1942,2020-11-12,0910,42282,1239,4,5,7,1942,0,0,0,L,0,0910,S VERMONT AV,W 59TH ST,15,N,N,A,-,N,NA,NA,NA,NA,NA,NA,NA,NA,NA,Y,3,0,1,2,A,-,05,21651,B,N,A,C,A,A,H,-,A,A,0,NA,NA,NA,NA,Y,NA,A,07,0,1,0,0,0,0,0,0,0,-,-,NA,NA,LOS ANGELES,LOS ANGELES,-118.29147338867188,33.9875602722168
9186289,2020,2021-02-05,1942,2020-11-10,1500,42604,1801,2,5,7,1942,0,0,0,R,0,18A35,HOOVER ST,92ND ST,20,N,N,A,-,N,NA,NA,NA,NA,NA,NA,NA,NA,NA,N,4,0,1,2,A,-,03,22350,NA,N,C,C,A,A,H,-,A,A,0,NA,NA,NA,NA,Y,NA,A,01,0,0,1,0,0,0,0,0,0,-,-,NA,NA,LOS ANGELES,LOS ANGELES,-118.28697967529295,33.95286560058594
9186290,2020,2021-01-27,1942,2020-11-09,2145,43628,1822,1,5,7,1942,0,0,0,R,0,18A17,CENTURY BL,MAIN ST,50,W,N,A,-,N,NA,NA,NA,NA,NA,NA,NA,NA,NA,N,4,0,1,2,A,-,03,22350,NA,N,B,C,A,A,H,-,C,D,0,NA,NA,NA,NA,Y,NA,-,99,0,0,1,0,0,0,0,0,0,-,-,NA,NA,LOS ANGELES,LOS ANGELES,-118.27405548095705,33.945560455322266
9186291,2020,2021-01-27,1942,2020-11-09,1720,34146,1836,1,5,7,1942,0,0,0,R,0,25TL35,110TH ST,SLATER ST,55,E,N,A,-,N,NA,NA,NA,NA,NA,NA,NA,NA,NA,N,4,0,1,2,A,-,03,22350,NA,N,D,C,A,A,H,-,C,D,0,NA,NA,Y,NA,Y,NA,C,03,0,0,1,0,0,0,0,0,1,-,-,NA,NA,LOS ANGELES,LOS ANGELES,-118.25148010253906,33.93577194213867
9186292,2020,2021-01-29,1942,2020-11-03,0055,41060,1942,2,5,7,1942,0,0,0,NA,0,18A41,IMPERIAL HWY,MENLOW,2,E,N,A,-,N,NA,NA,NA,NA,NA,NA,NA,NA,NA,N,4,0,2,4,A,-,21,22106,NA,N,C,C,A,A,C,-,C,D,0,NA,NA,NA,NA,Y,NA,A,01,0,0,2,0,0,0,0,0,0,-,-,NA,NA,LOS ANGELES,LOS ANGELES,-118.289264,33.930978
9186293,2020,2021-01-27,1942,2020-11-12,1900,40105,1283,4,5,7,1942,0,0,0,L,0,12A73,S WESTERN AV,W 94TH ST,20,S,N,A,-,N,NA,NA,NA,NA,NA,NA,NA,NA,NA,Y,3,0,1,2,A,-,03,22350,NA,F,G,B,D,A,H,-,C,A,0,Y,NA,NA,NA,Y,NA,A,01,0,1,0,0,1,0,0,0,0,-,-,NA,NA,LOS ANGELES,LOS ANGELES,-118.30900573730467,33.95106506347656
9186294,2020,2021-02-05,1942,2020-11-11,1840,41911,0557,3,5,7,1942,0,0,0,E,0,5A55,S GRAND AV,W 5TH ST,0,NA,Y,A,-,N,NA,NA,NA,NA,NA,NA,NA,NA,NA,N,4,0,1,2,D,-,00,NA,NA,N,D,C,A,A,H,-,C,A,0,NA,NA,NA,NA,Y,NA,-,-,0,0,1,0,0,0,0,0,0,-,-,NA,NA,LOS ANGELES,LOS ANGELES,-118.2901611328125,33.739688873291016
9186295,2020,2021-02-02,1942,2020-11-10,2355,44300,0314,2,5,7,1942,0,0,0,C,0,3A57,W 27TH ST,5TH AV,300,E,N,A,-,N,NA,NA,NA,NA,NA,NA,NA,NA,NA,Y,3,0,2,3,A,-,03,22350,NA,N,B,E,A,A,H,-,C,D,0,NA,NA,NA,NA,Y,NA,-,NA,0,1,1,0,0,0,0,0,0,-,-,NA,NA,LOS ANGELES,LOS ANGELES,-118.32143402099608,34.030601501464844
9186296,2020,2021-01-27,1942,2020-11-09,0630,39523,0551,1,5,7,1942,0,0,0,E,0,5A85,WESTERN,SUMMERLAND,525,S,N,A,-,N,NA,NA,NA,NA,NA,NA,NA,NA,NA,Y,2,0,1,2,A,-,03,22350,NA,N,C,E,A,A,H,-,A,D,0,NA,NA,NA,NA,Y,NA,A,01,1,0,0,0,0,0,0,0,0,-,-,NA,NA,LOS ANGELES,LOS ANGELES,-118.30963897705078,33.745689392089844
9186297,2020,2021-01-27,1942,2020-11-09,1630,38720,0531,1,5,7,1942,0,0,0,E,0,5A12,261ST ST,BELLE PORTE AV,20,W,N,A,-,N,NA,NA,NA,NA,NA,NA,NA,NA,NA,N,3,0,1,3,A,-,09,21801,A,N,A,E,A,A,H,-,A,A,0,NA,Y,NA,NA,Y,NA,L,04,0,1,0,0,0,0,1,0,0,-,-,NA,NA,LOS ANGELES,LOS ANGELES,-118.3021240234375,33.7859992980957
9186298,2020,2021-02-05,1942,2020-11-09,1910,43509,0376,1,5,7,1942,0,0,0,C,0,3A18,NORMANDIE AV,MLK KING JR BL,0,NA,Y,A,-,N,NA,NA,NA,NA,NA,NA,NA,NA,NA,Y,4,0,4,2,D,-,00,NA,NA,N,B,C,A,A,H,-,C,D,0,NA,NA,NA,NA,Y,NA,-,-,0,0,4,0,0,0,0,0,0,-,-,NA,NA,LOS ANGELES,LOS ANGELES,-118.30018,34.01087
9186299,2020,2021-01-27,1942,2020-11-08,1025,42729,0313,7,5,7,1942,0,0,0,C,0,3A57,MONTCLAIR ST,12TH AV,0,NA,Y,A,-,N,NA,NA,NA,NA,NA,NA,NA,NA,NA,Y,2,0,2,3,A,-,03,22350,NA,N,A,C,A,A,H,-,A,D,0,NA,NA,NA,NA,Y,NA,A,01,1,0,1,0,0,0,0,0,0,-,-,NA,NA,LOS ANGELES,LOS ANGELES,-118.33136749267578,34.030921936035156
9186300,2020,2021-01-28,1942,2020-11-07,2135,42633,0378,6,5,7,1942,0,0,0,C,0,3A99,MLK KING JR BL,VEERMONT AV,0,NA,Y,A,-,N,NA,NA,NA,NA,NA,NA,NA,NA,NA,Y,4,0,1,2,A,-,09,21801,B,N,A,C,A,A,H,-,C,A,0,NA,NA,NA,NA,Y,NA,A,07,0,0,1,0,0,0,0,0,0,-,-,NA,NA,LOS ANGELES,LOS ANGELES,-118.29153,34.01087
9186301,2020,2021-02-02,1942,2020-11-07,1955,42758,0362,6,5,7,1942,0,0,0,C,0,0363,MARTIN LUTHER KING BL,MARLTON AV,0,NA,Y,A,-,N,NA,NA,NA,NA,NA,NA,NA,NA,NA,Y,2,0,2,1,A,-,12,21453,NA,N,F,J,A,A,H,-,C,A,0,NA,NA,NA,NA,Y,NA,A,01,1,1,0,0,0,0,0,0,0,-,-,NA,NA,LOS ANGELES,LOS ANGELES,-118.33773040771484,34.01237869262695
9186302,2020,2021-02-02,1942,2020-11-06,0700,35936,0529,5,5,7,1942,0,0,0,E,0,25T21,ANAHEIM ST,MCFARLAND AV,0,NA,Y,A,-,N,NA,NA,NA,NA,NA,NA,NA,NA,NA,Y,2,0,2,2,A,-,09,21801,A,N,D,C,A,A,H,-,A,A,0,NA,NA,NA,NA,Y,NA,A,01,1,0,1,0,0,0,0,0,0,-,-,NA,NA,LOS ANGELES,LOS ANGELES,-118.25254058837892,33.78050994873047
9186303,2020,2021-02-02,1942,2020-11-05,1725,43968,0504,4,5,7,1942,0,0,0,E,0,5A1,TORRANCE BL,NORMANDIE AV,0,NA,Y,A,-,N,NA,NA,NA,NA,NA,NA,NA,NA,NA,N,2,0,1,2,A,-,09,21453,C,N,D,C,A,A,H,-,C,A,0,NA,NA,Y,NA,Y,NA,A,01,1,0,0,0,0,0,0,0,1,-,-,NA,NA,LOS ANGELES,LOS ANGELES,-118.29962158203124,33.84196090698242
9186304,2020,2021-02-02,1942,2020-11-04,1920,42888,0333,3,5,7,1942,0,0,0,C,0,3A73,CRENSHAW BL,JEFFERSON,35,N,N,A,-,N,NA,NA,NA,NA,NA,NA,NA,NA,NA,N,2,0,1,2,A,-,03,22350,NA,F,G,B,D,A,H,-,C,A,0,Y,NA,NA,NA,Y,NA,-,99,1,0,0,0,1,0,0,0,0,-,-,NA,NA,LOS ANGELES,LOS ANGELES,-118.33511352539064,34.02567672729492
9186305,2020,2021-02-02,1942,2020-11-03,1845,44554,0331,2,5,7,1942,0,0,0,C,0,03A,LA BREA AV,JEFFERSON BL,0,NA,Y,A,-,N,NA,NA,NA,NA,NA,NA,NA,NA,NA,N,2,0,1,2,A,-,10,21950,A,F,G,B,B,A,H,-,C,A,0,Y,NA,NA,NA,Y,NA,-,99,1,0,0,0,1,0,0,0,0,-,-,NA,NA,LOS ANGELES,LOS ANGELES,-118.35487365722656,34.02552032470703
9186306,2020,2021-02-02,1931,2020-11-10,0601,1021,159,2,5,5,1931,0,0,0,NA,0,007,HEIL,OAKMONT DR,0,NA,Y,A,-,N,NA,NA,NA,NA,NA,NA,NA,NA,NA,Y,4,0,2,2,A,-,09,21801,A,N,D,C,A,-,H,-,B,A,0,NA,NA,NA,NA,Y,NA,A,01,0,0,2,0,0,0,0,0,0,-,-,NA,NA,LOS ANGELES,HUNTINGTON PARK,NA,NA
9186309,2020,2021-02-02,1931,2020-11-04,0328,3087,455,3,5,5,1931,0,0,0,NA,0,002,INDIANAPOLIS ST,KELVIN GROVE LN,30,W,N,A,-,N,NA,NA,NA,NA,NA,NA,NA,NA,NA,Y,4,0,1,2,A,-,01,23152,A,N,C,C,A,A,H,-,C,D,0,NA,NA,NA,NA,Y,Y,A,01,0,0,1,0,0,0,0,0,0,-,-,NA,NA,LOS ANGELES,HUNTINGTON PARK,-117.96834564208984,33.66496658325195
9186317,2020,2021-02-02,1900,2020-11-04,2020,533418,2316,3,5,5,1919,0,0,0,NA,0,230T,ALEXANDER AVE,LA JARA ST,6,N,N,A,-,N,NA,NA,NA,NA,NA,NA,NA,NA,NA,Y,3,0,1,2,A,-,08,22107,NA,N,D,E,A,A,H,-,C,D,0,NA,NA,NA,NA,Y,Y,A,01,0,1,0,0,0,0,0,0,0,-,-,NA,NA,LOS ANGELES,CERRITOS,-118.04492950439452,33.86549758911133
9186321,2020,2020-12-26,1942,2020-10-23,2010,42098,1243,5,5,7,1942,0,0,0,L,0,1226,GAGE,GRAMMERCY,0,NA,Y,A,-,N,NA,NA,NA,NA,NA,NA,NA,NA,NA,Y,4,0,2,3,A,-,03,22350,NA,F,A,A,A,A,H,-,C,A,0,NA,NA,NA,NA,Y,NA,-,99,0,0,2,0,0,0,0,0,0,-,-,NA,NA,LOS ANGELES,LOS ANGELES,-118.3134536743164,33.981849670410156
9186322,2020,2020-12-26,1942,2020-10-09,1300,33397,1273,5,5,7,1942,0,0,0,L,0,25MQ14,MANCHESTER AV,CIMARRON ST,76,W,N,A,-,N,NA,NA,NA,NA,NA,NA,NA,NA,NA,N,3,0,1,2,A,-,09,21804,A,N,D,A,A,A,H,-,A,D,0,NA,NA,NA,NA,Y,NA,-,NA,0,1,0,0,0,0,0,0,0,-,-,NA,NA,LOS ANGELES,LOS ANGELES,-118.31639099121094,33.9599609375
9186323,2020,2020-12-26,1942,2020-10-05,1635,43787,12A58,1,5,7,1942,0,0,0,L,0,12Z2,75TH SR,SAN PEDRO ST,7,E,N,A,-,N,NA,NA,NA,NA,NA,NA,NA,NA,NA,Y,4,0,2,3,-,-,-,NA,NA,N,C,C,A,A,H,-,A,D,0,NA,NA,NA,NA,Y,NA,A,01,0,0,2,0,0,0,0,0,0,-,-,NA,NA,LOS ANGELES,LOS ANGELES,-118.26954650878906,33.97215270996094
9186324,2020,2020-12-26,1942,2020-10-23,2300,43656,0373,5,5,7,1942,0,0,0,C,0,3A41W3,39TH ST,CRENSHAW AV,15,E,N,A,-,N,NA,NA,NA,NA,NA,NA,NA,NA,NA,Y,2,0,1,1,A,-,03,22350,NA,N,A,I,A,A,H,-,C,A,0,NA,NA,NA,NA,Y,NA,A,01,1,0,0,0,0,0,0,0,0,-,-,NA,NA,LOS ANGELES,LOS ANGELES,-118.33528137207033,34.01456832885742
9186327,2020,2020-12-26,1900,2020-10-23,1920,552721,2821,5,5,5,1915,0,0,0,NA,0,283T3,ROSECRANS AV,SANTA FE AV,0,NA,Y,A,C,N,NA,NA,NA,NA,NA,NA,NA,NA,NA,Y,4,0,4,2,A,-,12,21453,A,F,D,A,A,-,H,-,A,A,0,NA,NA,NA,NA,Y,NA,A,01,0,0,4,0,0,0,0,0,0,-,-,NA,NA,LOS ANGELES,COMPTON,-118.21630859375,33.903438568115234
9186328,2020,2021-01-15,1900,2020-10-15,1800,632970,2842,4,5,5,1915,0,0,0,NA,0,283T1,GREENLEAF BL,WILLOWBROOK AV E,20,E,N,A,-,N,NA,NA,NA,NA,NA,NA,NA,NA,NA,Y,3,0,3,2,A,-,03,22350,NA,N,C,A,A,A,H,-,A,D,0,NA,NA,NA,NA,Y,NA,A,01,0,1,2,0,0,0,0,0,0,-,-,NA,NA,LOS ANGELES,COMPTON,-118.22324371337892,33.88111114501953
9186329,2020,2020-12-26,1900,2020-10-30,1620,552721,2835,5,5,5,1915,0,0,0,NA,0,283T3,ALONDRA BL,WILLOWBROOK AV W,0,NA,Y,A,-,N,NA,NA,NA,NA,NA,NA,NA,NA,NA,N,3,0,2,2,A,-,12,21453,A,N,A,C,A,A,H,-,A,A,0,NA,NA,NA,NA,Y,NA,A,01,0,1,1,0,0,0,0,0,0,-,-,33.88859176635742,-118.25238800048828,LOS ANGELES,COMPTON,-118.22386932373048,33.88859176635742
9186335,2020,2020-12-26,1955,2020-10-17,1807,42591,85,6,5,6,1955,0,0,0,NA,0,004,PHILLIPS BL,GIBBS ST,0,NA,Y,A,-,N,NA,NA,NA,NA,NA,NA,NA,NA,NA,Y,4,0,1,3,-,-,-,NA,NA,N,D,C,A,A,H,-,A,A,0,NA,NA,NA,NA,Y,NA,A,07,0,0,1,0,0,0,0,0,0,-,-,NA,NA,LOS ANGELES,POMONA,-117.74746704101564,34.04425048828125
9186336,2020,2020-12-26,1955,2020-10-03,1603,41456,81,6,5,6,1955,0,0,0,NA,0,005,PARK AV,LEXINGTON AV,30,S,N,A,-,N,NA,NA,NA,NA,NA,NA,NA,NA,NA,Y,4,0,2,2,A,-,08,22107,NA,N,B,C,A,A,H,-,A,A,0,NA,NA,NA,NA,Y,NA,A,01,0,0,2,0,0,0,0,0,0,-,-,NA,NA,LOS ANGELES,POMONA,-117.75376892089844,34.03671646118164
9186337,2020,2020-12-29,1955,2020-10-08,1624,42606,086,4,5,6,1955,0,0,0,NA,0,004,TOWNE AV,PHILADELPHIA ST,0,NA,Y,A,-,N,NA,NA,NA,NA,NA,NA,NA,NA,NA,Y,4,0,1,3,-,-,-,NA,NA,N,A,C,A,A,H,-,A,A,0,NA,NA,NA,NA,Y,NA,-,-,0,0,1,0,0,0,0,0,0,-,-,34.03350830078125,-117.74053192138672,LOS ANGELES,POMONA,-117.74053955078124,34.03351974487305
9186342,2020,2021-01-04,1900,2020-10-30,1319,534596,2317,5,5,5,1919,0,0,0,NA,0,234D,NORWALK BL,PALM DR,0,NA,Y,A,-,N,NA,NA,NA,NA,NA,NA,NA,NA,NA,Y,3,0,2,2,A,-,09,21804,A,N,A,C,A,A,H,-,A,D,0,NA,NA,NA,NA,Y,NA,A,01,0,1,1,0,0,0,0,0,0,-,-,NA,NA,LOS ANGELES,CERRITOS,-118.07261657714844,33.87525177001953
9186343,2020,2021-01-08,1900,2020-10-27,1954,513420,2316,2,5,5,1919,0,0,0,NA,0,230T,183RD ST,CARMENITA RD,0,NA,Y,A,-,N,NA,NA,NA,NA,NA,NA,NA,NA,NA,Y,4,0,1,2,A,-,12,21453,A,N,B,C,A,A,H,-,C,-,0,NA,NA,NA,NA,Y,NA,-,-,0,0,1,0,0,0,0,0,0,-,-,NA,NA,LOS ANGELES,CERRITOS,-118.0464096069336,33.86600875854492
9186344,2020,2021-01-08,1900,2020-10-27,1700,612129,2316,2,5,5,1919,0,0,0,NA,0,230K2,BLOOMFIELD AV,TOWNE CENTER DR,0,NA,Y,A,-,N,NA,NA,NA,NA,NA,NA,NA,NA,NA,Y,4,0,1,2,A,-,12,21453,A,N,D,C,A,A,H,-,A,A,0,NA,NA,NA,NA,Y,NA,-,-,0,0,1,0,0,0,0,0,0,-,-,33.87038040161133,-118.06375122070313,LOS ANGELES,CERRITOS,-118.0637435913086,33.870399475097656
9186370,2020,2021-01-22,1969,2020-10-17,1405,10195,TRAFF,6,5,5,1969,0,0,0,NA,0,004,FIRESTONE RD,LOTTA AV,80,W,N,A,-,N,NA,NA,NA,NA,NA,NA,NA,NA,NA,Y,4,0,1,2,A,-,08,22107,NA,N,B,C,A,A,H,-,A,D,0,NA,NA,NA,NA,Y,NA,A,07,0,0,1,0,0,0,0,0,0,-,-,33.951499938964844,-118.1816864013672,LOS ANGELES,SOUTH GATE,-118.18186950683594,33.95155334472656
9186371,2020,2021-01-11,1969,2020-10-13,1328,20226,TRAFF,2,5,5,1969,0,0,0,NA,0,005,GARFIELD AV,MCKINLEY AV,0,NA,Y,A,-,N,NA,NA,NA,NA,NA,NA,NA,NA,NA,Y,4,0,1,2,A,-,09,21802,A,N,D,C,A,A,H,-,A,A,0,NA,NA,NA,NA,Y,NA,A,01,0,0,1,0,0,0,0,0,0,-,-,33.919620513916016,-118.16898345947266,LOS ANGELES,SOUTH GATE,-118.1689682006836,33.919578552246094
9186373,2020,2021-01-07,1976,2020-10-21,1940,496,1976,3,5,3,1964,0,0,0,NA,0,002,TELEGRAPH RD,CARMENITA RD,0,NA,Y,A,-,N,NA,NA,NA,NA,NA,NA,NA,NA,NA,Y,4,0,1,2,A,-,08,22100,A,N,D,C,A,-,H,-,C,A,0,NA,NA,NA,NA,Y,NA,A,01,0,0,1,0,0,0,0,0,0,-,-,NA,NA,LOS ANGELES,SANTA FE SPRINGS,-118.04657745361328,33.9404411315918
9186374,2020,2021-01-05,1976,2020-10-16,1941,442,NA,5,5,3,1964,0,0,0,NA,0,001,WASHINGTON BL,BROADWAY,169,W,N,A,-,N,NA,NA,NA,NA,NA,NA,NA,NA,NA,N,4,0,3,2,A,-,03,22350,NA,N,C,C,A,A,H,-,C,A,0,NA,NA,NA,NA,Y,NA,A,07,0,0,3,0,0,0,0,0,0,-,-,NA,NA,LOS ANGELES,SANTA FE SPRINGS,-118.06943511962892,33.97147750854492
9186381,2020,2020-12-01,1900,2020-09-02,2223,645631,2812,3,5,5,1915,0,0,0,NA,0,281T1,CENTRAL AV,STOCKWELL ST,95,S,N,A,-,N,NA,NA,NA,NA,NA,NA,NA,NA,NA,Y,4,0,3,2,A,-,03,22350,NA,N,C,C,A,A,H,-,C,D,0,NA,NA,NA,NA,Y,NA,A,01,0,0,3,0,0,0,0,0,0,-,-,NA,NA,LOS ANGELES,COMPTON,-118.25446319580078,33.909088134765625
9186384,2020,2020-12-04,1900,2020-09-30,0545,413834,2318,3,5,5,1919,0,0,0,NA,0,230T,ARTESIA BL,SHOEMAKER RD,0,NA,Y,A,-,N,NA,NA,NA,NA,NA,NA,NA,NA,NA,Y,4,0,1,2,A,-,12,21453,A,N,D,C,A,A,H,-,B,A,0,NA,NA,NA,NA,Y,NA,-,-,0,0,1,0,0,0,0,0,0,-,-,NA,NA,LOS ANGELES,CERRITOS,-118.05522918701172,33.87316131591797
9186408,2020,2021-02-01,1953,2020-11-05,1527,7454,195,4,5,6,1953,0,0,0,NA,0,003,ALTADENA DR,ORANGE GROVE BL,0,NA,Y,B,-,N,NA,NA,NA,NA,NA,NA,NA,NA,NA,Y,4,0,1,2,A,-,12,21453,A,N,B,C,A,A,H,-,A,A,0,NA,NA,NA,NA,Y,NA,A,07,0,0,1,0,0,0,0,0,0,-,-,NA,NA,LOS ANGELES,PASADENA,-118.09847259521484,34.15827941894531