CASE_ID,ACCIDENT_YEAR,PROC_DATE,JURIS,COLLISION_DATE,COLLISION_TIME,OFFICER_ID,REPORTING_DISTRICT,DAY_OF_WEEK,CHP_SHIFT,POPULATION,CNTY_CITY_LOC,SPECIAL_COND,BEAT_TYPE,CHP_BEAT_TYPE,CITY_DIVISION_LAPD,CHP_BEAT_CLASS,BEAT_NUMBER,PRIMARY_RD,SECONDARY_RD,DISTANCE,DIRECTION,INTERSECTION,WEATHER_1,WEATHER_2,STATE_HWY_IND,CALTRANS_COUNTY,CALTRANS_DISTRICT,STATE_ROUTE,ROUTE_SUFFIX,POSTMILE_PREFIX,POSTMILE,LOCATION_TYPE,RAMP_INTERSECTION,SIDE_OF_HWY,TOW_AWAY,COLLISION_SEVERITY,NUMBER_KILLED,NUMBER_INJURED,PARTY_COUNT,PRIMARY_COLL_FACTOR,PCF_CODE_OF_VIOL,PCF_VIOL_CATEGORY,PCF_VIOLATION,PCF_VIOL_SUBSECTION,HIT_AND_RUN,TYPE_OF_COLLISION,MVIW,PED_ACTION,ROAD_SURFACE,ROAD_COND_1,ROAD_COND_2,LIGHTING,CONTROL_DEVICE,CHP_ROAD_TYPE,PEDESTRIAN_ACCIDENT,BICYCLE_ACCIDENT,MOTORCYCLE_ACCIDENT,TRUCK_ACCIDENT,NOT_PRIVATE_PROPERTY,ALCOHOL_INVOLVED,STWD_VEHTYPE_AT_FAULT,CHP_VEHTYPE_AT_FAULT,COUNT_SEVERE_INJ,COUNT_VISIBLE_INJ,COUNT_COMPLAINT_PAIN,COUNT_PED_KILLED,COUNT_PED_INJURED,COUNT_BICYCLIST_KILLED,COUNT_BICYCLIST_INJURED,COUNT_MC_KILLED,COUNT_MC_INJURED,PRIMARY_RAMP,SECONDARY_RAMP,LATITUDE,LONGITUDE,COUNTY,CITY,POINT_X,POINT_Y
9190930,2020,2021-01-26,1962,2020-11-20,1604,157,1962,5,5,4,1962,0,0,0,NA,0,001,MISSION RD,MANLEY DR,23,N,N,A,-,N,NA,NA,NA,NA,NA,NA,NA,NA,NA,Y,4,0,1,2,A,-,09,21801,A,N,C,C,A,A,H,-,A,D,0,NA,NA,NA,NA,Y,NA,A,01,0,0,1,0,0,0,0,0,0,-,-,34.09492111206055,-118.10164642333984,LOS ANGELES,SAN GABRIEL,-118.10166931152344,34.09492492675781
9190935,2020,2021-02-02,1942,2020-11-22,0810,38349,1984,7,5,7,1942,0,0,0,NA,0,19A85,WILLIS AVE,PACE AV,50,N,N,A,-,N,NA,NA,NA,NA,NA,NA,NA,NA,NA,Y,4,0,1,2,A,-,09,21802,A,N,D,C,A,A,H,-,A,A,0,NA,NA,NA,NA,Y,NA,A,01,0,0,1,0,0,0,0,0,0,-,-,NA,NA,LOS ANGELES,LOS ANGELES,NA,NA
9190939,2020,2021-02-02,1942,2020-11-21,1235,36599,1779,6,5,7,1942,0,0,0,Q,0,17A95,LASSEN ST,HASKELL AV,600,W,N,A,-,N,NA,NA,NA,NA,NA,NA,NA,NA,NA,N,3,0,2,2,A,-,21,22106,NA,N,C,D,A,A,H,-,A,A,0,NA,NA,Y,NA,Y,NA,I,11,0,2,0,0,0,0,0,0,2,-,-,NA,NA,LOS ANGELES,LOS ANGELES,-118.4781494140625,34.25010299682617
9190944,2020,2021-01-20,1942,2020-09-24,1010,41657,1125,4,5,7,1942,0,0,0,K,0,11A25,ROY ST,NEVA PL,20,W,N,A,-,N,NA,NA,NA,NA,NA,NA,NA,NA,NA,Y,3,0,1,7,C,-,18,NA,NA,N,B,B,E,A,H,-,A,-,0,Y,NA,NA,NA,Y,NA,-,-,0,1,0,0,1,0,0,0,0,-,-,NA,NA,LOS ANGELES,LOS ANGELES,-118.18755340576172,34.1224479675293
9190947,2020,2021-01-26,1942,2020-11-22,1305,40165,1027,7,5,7,1942,0,0,0,J,0,10A17,LOUISE AV,SHERMAN WY,0,NA,Y,A,-,N,NA,NA,NA,NA,NA,NA,NA,NA,NA,N,4,0,3,3,A,-,12,21453,A,N,D,C,A,A,H,-,A,A,0,NA,NA,NA,NA,Y,NA,A,07,0,0,3,0,0,0,0,0,0,-,-,NA,NA,LOS ANGELES,LOS ANGELES,-118.5098114013672,34.20122146606445
9190951,2020,2021-01-26,1942,2020-11-20,1930,43822,1063,5,5,7,1942,0,0,0,J,0,10A83,RESEDA BL,BURBANK BL,90,S,N,A,-,N,NA,NA,NA,NA,NA,NA,NA,NA,NA,Y,3,0,1,1,A,-,08,22107,NA,N,E,I,A,A,H,-,C,D,0,NA,NA,NA,NA,Y,NA,D,22,0,1,0,0,0,0,0,0,0,-,-,NA,NA,LOS ANGELES,LOS ANGELES,-118.53600311279295,34.17209243774414
9190955,2020,2021-01-27,1942,2020-11-22,2115,42469,1067,7,5,7,1942,0,0,0,J,0,10A99,LOUISE AV,KILLION ST,84,N,N,A,-,N,NA,NA,NA,NA,NA,NA,NA,NA,NA,Y,4,0,2,2,A,-,03,22350,NA,N,C,C,A,A,H,-,D,D,0,NA,NA,NA,NA,Y,NA,D,22,0,0,2,0,0,0,0,0,0,-,-,NA,NA,LOS ANGELES,LOS ANGELES,-118.50987243652344,34.17108917236328
9190959,2020,2021-02-18,1942,2020-11-21,0735,4330,1695,6,5,7,1942,0,0,0,P,0,15A3,SATICOY ST,VINEYARD AV,0,NA,Y,A,-,N,NA,NA,NA,NA,NA,NA,NA,NA,NA,Y,4,0,2,3,A,-,09,21453,C,N,D,C,A,A,H,-,A,A,0,NA,NA,NA,NA,Y,NA,D,22,0,0,2,0,0,0,0,0,0,-,-,NA,NA,LOS ANGELES,LOS ANGELES,NA,NA
9190964,2020,2021-02-01,1942,2020-11-25,0650,43300,2146,3,5,7,1942,0,0,0,NA,0,21A57,VANOWEN ST,OWENSMOUTH AV,0,NA,Y,A,-,N,NA,NA,NA,NA,NA,NA,NA,NA,NA,N,2,0,2,2,D,-,00,NA,NA,N,D,C,A,A,H,-,A,A,0,NA,NA,NA,NA,Y,NA,-,-,1,0,1,0,0,0,0,0,0,-,-,NA,NA,LOS ANGELES,LOS ANGELES,-118.6015167236328,34.19375991821289
9190965,2020,2021-02-01,1942,2020-11-11,1300,41537,1844,3,5,7,1942,0,0,0,R,0,18U4,AVALON BL,108TH ST,0,NA,Y,A,-,N,NA,NA,NA,NA,NA,NA,NA,NA,NA,N,4,0,1,2,A,-,04,21703,NA,M,C,C,A,A,H,-,A,A,0,NA,NA,NA,NA,Y,NA,-,99,0,0,1,0,0,0,0,0,0,-,-,NA,NA,LOS ANGELES,LOS ANGELES,-118.26519775390624,33.93827819824219
9190966,2020,2021-01-07,1942,2020-10-14,2140,43445,0119,3,5,7,1942,0,0,0,A,0,1A2,ALAMEDA ST,CESAR E CHAVEZ,0,NA,Y,A,-,N,NA,NA,NA,NA,NA,NA,NA,NA,NA,Y,4,0,5,2,A,-,09,21801,NA,N,A,C,A,A,H,-,C,A,0,NA,NA,NA,NA,Y,NA,D,22,0,0,5,0,0,0,0,0,0,-,-,NA,NA,LOS ANGELES,LOS ANGELES,-118.23709106445313,34.05809020996094
9190968,2020,2021-01-28,1942,2020-11-19,2115,41400,2185,4,5,7,1942,0,0,0,NA,0,21AZ3,TOPANGA CANYON BL,CLARENDON ST,0,NA,Y,A,-,N,NA,NA,NA,NA,NA,NA,NA,NA,NA,N,3,0,3,3,A,-,09,21801,A,N,D,C,A,A,H,-,C,D,0,NA,NA,NA,NA,Y,NA,D,22,0,2,1,0,0,0,0,0,0,-,-,NA,NA,LOS ANGELES,LOS ANGELES,-118.60591888427734,34.169620513916016
9190969,2020,2021-01-26,1942,2020-11-12,1130,35456,1891,4,5,7,1942,0,0,0,R,0,18A97,VERMONT AV,167TH ST,15,N,N,A,-,N,NA,NA,NA,NA,NA,NA,NA,NA,NA,N,4,0,1,2,A,-,09,21802,NA,N,D,C,A,A,H,-,A,-,0,NA,NA,NA,NA,Y,NA,A,01,0,0,1,0,0,0,0,0,0,-,-,NA,NA,LOS ANGELES,LOS ANGELES,-118.29124450683594,33.87982940673828
9190973,2020,2021-01-14,1942,2020-11-13,2300,44162,LOS A,5,5,7,1942,0,0,0,NA,0,1802,MAIN ST,87TH ST,10,S,N,A,-,N,NA,NA,NA,NA,NA,NA,NA,NA,NA,Y,3,0,1,2,A,-,21,22106,NA,N,D,C,A,A,H,-,C,D,0,NA,NA,NA,NA,Y,NA,D,22,0,1,0,0,0,0,0,0,0,-,-,NA,NA,LOS ANGELES,LOS ANGELES,-118.2738800048828,33.95905303955078
9190976,2020,2021-01-26,1942,2020-11-24,1100,43300,1029,2,5,7,1942,0,0,0,J,0,10A39,SHERMAN WY,WOODLEY AV,60,E,N,A,-,N,NA,NA,NA,NA,NA,NA,NA,NA,NA,N,4,0,1,2,A,-,08,22107,NA,N,C,C,A,A,H,-,A,D,0,NA,NA,NA,NA,Y,NA,A,01,0,0,1,0,0,0,0,0,0,-,-,NA,NA,LOS ANGELES,LOS ANGELES,-118.48348999023438,34.20112991333008
9190978,2020,2021-01-15,1942,2020-10-02,1630,43945,LAPD,5,5,7,1942,0,0,0,NA,0,01A44,MAIN ST,5TH ST,20,N,N,A,-,N,NA,NA,NA,NA,NA,NA,NA,NA,NA,N,3,0,1,2,A,-,12,21453,A,N,H,G,A,A,H,-,A,A,0,NA,Y,NA,NA,Y,NA,-,-,0,1,0,0,0,0,1,0,0,-,-,NA,NA,LOS ANGELES,LOS ANGELES,-118.2484893798828,34.04674530029297
9190980,2020,2021-02-01,1942,2020-11-21,1830,44196,1025,6,5,7,1942,0,0,0,J,0,10X94,SHERMAN WY,ETIWANDA AV,0,NA,Y,A,-,N,NA,NA,NA,NA,NA,NA,NA,NA,NA,Y,4,0,2,2,A,-,08,22100,A,N,D,C,A,A,H,-,C,A,0,NA,NA,NA,NA,Y,NA,A,01,0,0,2,0,0,0,0,0,0,-,-,NA,NA,LOS ANGELES,LOS ANGELES,-118.53167724609376,34.20117950439453
9190981,2020,2021-01-26,1942,2020-11-18,2055,41267,1208,3,5,7,1942,0,0,0,L,0,3A99,FIGUEROA ST,VERNON AV,0,NA,Y,A,-,N,NA,NA,NA,NA,NA,NA,NA,NA,NA,Y,4,0,2,3,A,-,03,22350,A,N,A,C,A,A,H,-,C,A,0,NA,NA,NA,NA,Y,NA,A,07,0,0,2,0,0,0,0,0,0,-,-,NA,NA,LOS ANGELES,LOS ANGELES,-118.2827377319336,34.00374984741211
9190982,2020,2021-01-11,1942,2020-10-16,2045,43620,0138,5,5,7,1942,0,0,0,A,0,1X37,4TH ST,SAN PEDRO ST,0,NA,Y,A,-,N,NA,NA,NA,NA,NA,NA,NA,NA,NA,N,4,0,4,2,A,-,12,21453,A,N,D,C,A,A,H,-,C,A,0,NA,NA,NA,NA,Y,NA,D,22,0,0,4,0,0,0,0,0,0,-,-,NA,NA,LOS ANGELES,LOS ANGELES,-118.24300384521484,34.04584884643555
9190984,2020,2021-01-26,1942,2020-11-17,1530,44430,1035,2,5,7,1942,0,0,0,J,0,10A99,VICTORY BL,LINDLEY AV,0,NA,Y,A,-,N,NA,NA,NA,NA,NA,NA,NA,NA,NA,Y,4,0,3,2,A,-,08,22107,NA,N,D,C,A,A,H,-,A,D,0,NA,NA,NA,NA,Y,NA,A,08,0,0,3,0,0,0,0,0,0,-,-,NA,NA,LOS ANGELES,LOS ANGELES,-118.52728271484376,34.18661117553711
9190988,2020,2021-01-26,1942,2020-11-26,1300,34265,0909,4,5,7,1942,0,0,0,I,0,9A5,WOODMAN AV,WOODMAN PL,70,S,N,A,-,N,NA,NA,NA,NA,NA,NA,NA,NA,NA,N,4,0,1,2,A,-,09,21804,A,N,E,I,A,A,H,-,A,D,0,NA,NA,NA,NA,Y,NA,D,22,0,0,1,0,0,0,0,0,0,-,-,NA,NA,LOS ANGELES,LOS ANGELES,-118.43125915527344,34.206966400146484
9190989,2020,2021-01-26,1942,2020-11-18,1650,42906,0354,3,5,7,1942,0,0,0,C,0,3A55,OBAMA BL,3RD AV,90,E,N,A,-,N,NA,NA,NA,NA,NA,NA,NA,NA,NA,Y,4,0,1,2,A,-,03,22350,NA,N,C,C,A,A,H,-,B,D,0,NA,NA,NA,NA,Y,NA,D,22,0,0,1,0,0,0,0,0,0,-,-,NA,NA,LOS ANGELES,LOS ANGELES,-118.32034,34.018265
9190993,2020,2021-01-26,1942,2020-11-24,2000,43804,0301,2,5,7,1942,0,0,0,C,0,3A19,ADAMS BL,GENESEE AV,40,W,N,A,-,N,NA,NA,NA,NA,NA,NA,NA,NA,NA,Y,4,0,2,2,A,-,05,21651,A,N,D,C,A,A,H,-,C,A,0,NA,NA,NA,NA,Y,NA,A,01,0,0,2,0,0,0,0,0,0,-,-,NA,NA,LOS ANGELES,LOS ANGELES,-118.3703842163086,34.032447814941406
9191009,2020,2021-02-02,1942,2020-11-11,0723,96157,527,3,5,7,1942,0,0,0,NA,0,1A27,HARRY BRIDGES BL,JOHN S GIBSON BL,1164,E,N,A,-,N,NA,NA,NA,NA,NA,NA,NA,NA,NA,N,2,0,1,2,B,-,22,NA,NA,N,G,B,F,A,H,-,A,D,0,Y,NA,NA,NA,Y,NA,E,22,1,0,0,0,1,0,0,0,0,-,-,NA,NA,LOS ANGELES,LOS ANGELES,-118.275131,33.770552
9191013,2020,2021-01-27,1942,2020-11-21,1850,35722,0515,6,5,7,1942,0,0,0,E,0,5Z5,PACIFIC COAST HWY,FRIES AV,25,W,N,A,-,Y,LA,7,1,-,-,10.68,H,-,S,N,2,0,1,2,A,-,11,21956,A,N,G,B,E,A,H,-,C,D,0,Y,NA,NA,NA,Y,NA,N,60,1,0,0,0,1,0,0,0,0,-,-,NA,NA,LOS ANGELES,LOS ANGELES,-118.2658920288086,33.79096221923828
9191021,2020,2021-01-08,1942,2020-09-24,1800,41911,1383,4,5,7,1942,0,0,0,M,0,13A93,E 62ND ST,S SAN PEDRO ST,65,W,N,A,-,N,NA,NA,NA,NA,NA,NA,NA,NA,NA,N,4,0,1,3,A,-,06,21750,A,F,B,C,A,A,H,-,A,D,0,NA,NA,NA,NA,Y,NA,A,01,0,0,1,0,0,0,0,0,0,-,-,NA,NA,LOS ANGELES,LOS ANGELES,-118.26979064941406,33.983341217041016
9191029,2020,2021-01-04,1942,2020-10-02,1000,39710,192,5,5,7,1942,0,0,0,NA,0,1X45,OLIVE ST,18TH ST,0,NA,Y,A,-,N,NA,NA,NA,NA,NA,NA,NA,NA,NA,N,3,0,1,2,A,-,08,22100,B,N,B,C,A,A,H,-,A,A,0,NA,NA,NA,NA,Y,NA,D,22,0,1,0,0,0,0,0,0,0,-,-,NA,NA,LOS ANGELES,LOS ANGELES,-118.26654815673828,34.03374099731445
9191033,2020,2021-01-04,1942,2020-10-05,2300,42237,0195,1,5,7,1942,0,0,0,A,0,1A85,LOS ANGELES ST,14TH ST,0,NA,Y,A,-,N,NA,NA,NA,NA,NA,NA,NA,NA,NA,N,4,0,1,2,A,-,09,21801,A,N,D,C,A,A,H,-,C,D,0,NA,NA,NA,NA,Y,NA,D,22,0,0,1,0,0,0,0,0,0,-,-,NA,NA,LOS ANGELES,LOS ANGELES,-118.26016998291016,34.03474044799805
9191039,2020,2021-01-26,1942,2020-11-24,0715,43300,1707,2,5,7,1942,0,0,0,Q,0,17A35,JOLETTE AV,BALBOA BL,0,NA,Y,A,-,N,NA,NA,NA,NA,NA,NA,NA,NA,NA,N,4,0,3,2,A,-,09,21801,A,N,D,C,A,A,H,-,A,A,0,NA,NA,NA,NA,Y,NA,A,01,0,0,3,0,0,0,0,0,0,-,-,NA,NA,LOS ANGELES,LOS ANGELES,-118.50216674804688,34.293128967285156
9191046,2020,2021-01-16,1942,2020-11-18,2025,42925,0397,3,5,7,1942,0,0,0,C,0,3A55,NORMANDIE AV,42ND ST,0,NA,Y,A,-,N,NA,NA,NA,NA,NA,NA,NA,NA,NA,Y,4,0,2,2,A,-,08,22107,NA,N,D,C,A,A,H,-,C,D,0,NA,NA,NA,NA,Y,NA,A,01,0,0,2,0,0,0,0,0,0,-,-,NA,NA,LOS ANGELES,LOS ANGELES,-118.30020141601564,34.00733184814453
9191080,2020,2021-01-23,1942,2020-11-21,2340,43095,1764,6,5,7,1942,0,0,0,Q,0,17XL7,SUPERIOR ST,CORBIN AV,10,E,N,A,-,N,NA,NA,NA,NA,NA,NA,NA,NA,NA,N,3,0,1,1,A,-,01,23152,A,N,E,A,A,A,A,-,C,A,0,NA,NA,NA,NA,Y,Y,A,01,0,1,0,0,0,0,0,0,0,-,-,NA,NA,LOS ANGELES,LOS ANGELES,-118.56227111816406,34.24637222290039
9191087,2020,2021-01-23,1942,2020-11-25,1615,38191,1687,3,5,7,1942,0,0,0,P,0,16A81,SUNLAND BL,SAN FERNANDO RD,30,S,N,A,-,N,NA,NA,NA,NA,NA,NA,NA,NA,NA,N,3,0,1,1,A,-,01,23152,A,M,E,I,A,A,H,-,A,D,0,NA,NA,NA,NA,Y,Y,A,07,0,1,0,0,0,0,0,0,0,-,-,NA,NA,LOS ANGELES,LOS ANGELES,-118.36904907226564,34.21904373168945
9191102,2020,2021-01-22,1942,2020-11-15,1345,42766,1989,7,5,7,1942,0,0,0,NA,0,19A61,ROSCOE BL,COLDWATER CYN,50,W,N,A,-,N,NA,NA,NA,NA,NA,NA,NA,NA,NA,N,2,0,1,2,A,-,03,22350,NA,M,C,C,A,A,-,-,A,A,0,NA,NA,NA,NA,Y,NA,-,99,1,0,0,0,0,0,0,0,0,-,-,NA,NA,LOS ANGELES,LOS ANGELES,-118.4145736694336,34.2216796875
9191106,2020,2021-01-22,1942,2020-11-23,1015,44256,1241,1,5,7,1942,0,0,0,L,0,12A31,HYDE PARK BL,8TH AV,0,NA,Y,A,-,N,NA,NA,NA,NA,NA,NA,NA,NA,NA,N,4,0,1,2,A,-,06,21750,A,M,B,C,A,A,H,-,A,A,0,NA,NA,NA,NA,Y,NA,-,99,0,0,1,0,0,0,0,0,0,-,-,NA,NA,LOS ANGELES,LOS ANGELES,-118.32650756835938,33.98065185546875
9191109,2020,2021-02-01,1942,2020-11-21,2135,41812,1267,6,5,7,1942,0,0,0,L,0,12A3,MANCHESTER,WESTERN AV,100,E,N,A,-,N,NA,NA,NA,NA,NA,NA,NA,NA,NA,N,4,0,1,2,A,-,03,22350,NA,M,C,C,A,A,H,-,C,A,0,NA,NA,NA,NA,Y,NA,-,99,0,0,1,0,0,0,0,0,0,-,-,NA,NA,LOS ANGELES,LOS ANGELES,-118.30867767333984,33.95996856689453
9191180,2020,2021-01-21,1929,2020-11-28,1606,201,1929,6,5,3,1929,0,0,0,NA,0,001,HERMOSA AV,8TH CT,40,S,N,A,-,N,NA,NA,NA,NA,NA,NA,NA,NA,NA,Y,4,0,3,7,A,-,03,22350,NA,M,B,C,A,A,H,-,A,A,0,NA,NA,NA,NA,Y,NA,A,01,0,0,3,0,0,0,0,0,0,-,-,NA,NA,LOS ANGELES,HERMOSA BEACH,-118.39920806884766,33.858802795410156
9191227,2020,2021-02-06,1942,2020-11-13,0730,38556,525,5,5,7,1942,0,0,0,NA,0,25T25,C ST,ISLAND AV,0,NA,Y,A,-,N,NA,NA,NA,NA,NA,NA,NA,NA,NA,N,3,0,1,2,A,-,03,22350,NA,N,D,C,A,A,H,-,A,A,0,NA,NA,NA,NA,Y,NA,A,01,0,1,0,0,0,0,0,0,0,-,-,NA,NA,LOS ANGELES,LOS ANGELES,-118.26580810546876,33.77251052856445
9191239,2020,2021-02-06,1976,2020-11-14,1402,542,1976,6,5,5,1976,0,0,0,NA,0,002,LAMBERT RD,PAINTER AV,528,E,N,A,-,N,NA,NA,NA,NA,NA,NA,NA,NA,NA,N,4,0,1,2,A,-,09,21804,A,N,D,C,A,A,H,-,A,D,0,NA,NA,NA,NA,Y,NA,A,01,0,0,1,0,0,0,0,0,0,-,-,NA,NA,LOS ANGELES,WHITTIER,-118.03662872314452,33.95732116699219
9191428,2020,2021-01-26,1900,2020-11-16,0809,625464,2603,1,5,6,1950,0,0,0,NA,0,264T1,45TH ST EAST,AVE S-8,275,N,N,A,-,N,NA,NA,NA,NA,NA,NA,NA,NA,NA,Y,2,0,1,1,A,-,03,22350,NA,N,F,I,A,A,H,-,A,A,0,NA,NA,NA,NA,Y,NA,A,01,1,0,0,0,0,0,0,0,0,-,-,34.3302001953125,-118.02580261230467,LOS ANGELES,PALMDALE,-118.04974365234376,34.550662994384766
9191429,2020,2021-01-26,1900,2020-11-17,1029,6125464,2619,2,5,6,1950,0,0,0,NA,0,264T7,10TH ST WEST,AVE O,0,NA,Y,A,-,N,NA,NA,NA,NA,NA,NA,NA,NA,NA,Y,4,0,2,2,A,-,12,21453,A,N,D,C,A,A,H,-,A,A,0,NA,NA,NA,NA,Y,NA,A,07,0,0,2,0,0,0,0,0,0,-,-,34.36589813232422,-118.08509826660156,LOS ANGELES,PALMDALE,-118.14777374267578,34.61661148071289
9191430,2020,2021-01-26,1900,2020-11-27,2209,637294,2610,5,5,6,1950,0,0,0,NA,0,263T1,PALM VISTA AVE,AVE R-4,0,NA,Y,A,-,N,NA,NA,NA,NA,NA,NA,NA,NA,NA,N,3,0,1,2,A,-,10,21950,A,M,G,B,-,A,H,-,D,A,0,Y,NA,NA,NA,Y,NA,A,01,0,1,0,0,1,0,0,0,0,-,-,34.34832000732422,-118.63086700439452,LOS ANGELES,PALMDALE,-118.10848236083984,34.5689582824707
9191431,2020,2021-01-26,1900,2020-11-20,1841,615106,NA,5,5,6,1950,0,0,0,NA,0,262T1,AVE M,20TH ST EAST,0,NA,Y,A,-,N,NA,NA,NA,NA,NA,NA,NA,NA,NA,Y,4,0,1,1,A,-,08,22107,NA,N,E,I,A,A,H,-,C,A,0,NA,NA,NA,NA,Y,NA,A,01,0,0,1,0,0,0,0,0,0,-,-,34.64596176147461,-118.0944366455078,LOS ANGELES,PALMDALE,-118.09442138671876,34.64598083496094
9191432,2020,2021-01-26,1942,2020-11-21,1845,625597,2607,6,5,7,1942,0,0,0,NA,0,2C4T1,AVE R,50TH ST EAST,0,NA,Y,A,-,N,NA,NA,NA,NA,NA,NA,NA,NA,NA,Y,3,0,2,2,A,-,09,21801,A,N,D,C,A,A,H,-,C,D,0,NA,NA,NA,NA,Y,NA,A,01,0,2,0,0,0,0,0,0,0,-,-,34.5726203918457,-118.0405731201172,LOS ANGELES,LOS ANGELES,-118.04058074951172,34.5726318359375
9191433,2020,2021-01-26,1900,2020-11-23,1135,602995,2611,1,5,6,1950,0,0,0,NA,0,262T1,RANCHO VISTA BL,15TH ST WEST,636,E,N,A,-,N,NA,NA,NA,NA,NA,NA,NA,NA,NA,Y,4,0,1,2,A,-,12,21453,A,N,D,C,A,A,H,-,A,A,0,NA,NA,NA,NA,Y,NA,A,07,0,0,1,0,0,0,0,0,0,-,-,34.601890563964844,-118.1543426513672,LOS ANGELES,PALMDALE,-118.15447998046876,34.60186004638672
9191434,2020,2021-01-26,1900,2020-11-23,0950,602995,2619,1,5,6,1950,0,0,0,NA,0,262T1,RANCHO VISTA BL,ARMFIELD AVE,0,NA,Y,A,-,N,NA,NA,NA,NA,NA,NA,NA,NA,NA,Y,4,0,1,2,A,-,12,21453,A,N,D,C,A,A,H,-,A,A,0,NA,NA,NA,NA,Y,NA,A,01,0,0,1,0,0,0,0,0,0,-,-,34.601898193359375,-118.15139770507813,LOS ANGELES,PALMDALE,-118.151393,34.601746
9191435,2020,2021-01-26,1900,2020-11-16,2245,629513,2627,1,5,6,1950,0,0,0,NA,0,262T1,AVE M,20TH ST EAST,0,NA,Y,A,-,N,NA,NA,NA,NA,NA,NA,NA,NA,NA,Y,4,0,3,2,A,-,08,22100,A,N,A,C,A,A,H,-,C,A,0,NA,NA,NA,NA,Y,NA,A,01,0,0,3,0,0,0,0,0,0,-,-,34.64596176147461,-118.09439849853516,LOS ANGELES,PALMDALE,-118.09442138671876,34.64598083496094
9191436,2020,2021-01-26,1928,2020-11-30,2126,50420,516,1,5,5,1928,0,0,0,NA,0,503,PRAIRIE AV,139TH ST,0,NA,Y,A,-,NA,NA,NA,NA,NA,NA,NA,NA,NA,NA,Y,2,0,1,2,A,-,10,21950,A,N,D,G,A,A,H,-,C,A,0,NA,Y,NA,NA,Y,NA,A,01,1,0,0,0,0,0,1,0,0,-,-,33.905548095703125,-118.34396362304688,LOS ANGELES,HAWTHORNE,-118.3438720703125,33.90555953979492
9191437,2020,2021-01-26,1928,2020-11-30,1827,50416,509,1,5,5,1928,0,0,0,NA,0,502,EL SEGUNDO BL,KORNBLUM AV,0,NA,Y,A,-,NA,NA,NA,NA,NA,NA,NA,NA,NA,NA,Y,4,0,2,2,A,-,03,22350,NA,N,D,C,A,A,H,-,C,A,0,NA,NA,NA,NA,Y,NA,A,01,0,0,2,0,0,0,0,0,0,-,-,33.91643142700195,-118.3373565673828,LOS ANGELES,HAWTHORNE,-118.33740234375,33.916419982910156
9191454,2020,2021-01-26,1900,2020-11-26,1037,644558,2260,4,5,2,1993,0,0,0,NA,0,225,LINDERO CANYON RD,AGOURA RD,25,S,N,A,-,N,NA,NA,NA,NA,NA,NA,NA,NA,NA,N,3,0,2,2,A,-,07,21658,A,N,B,G,A,A,H,-,A,D,0,NA,Y,Y,NA,Y,NA,L,04,0,1,1,0,0,0,1,0,1,-,-,34.14455032348633,-118.8074188232422,LOS ANGELES,WESTLAKE VILLAGE,-118.80593872070313,34.1460075378418
9191455,2020,2021-01-26,1900,2020-11-28,1400,521029,2262,6,5,2,1993,0,0,0,NA,0,226/PM,LA TIENDA RD,VIA ROCAS,0,NA,Y,A,-,N,NA,NA,NA,NA,NA,NA,NA,NA,NA,N,2,0,1,2,A,-,05,21651,B,N,-,G,A,A,H,-,A,D,0,NA,Y,NA,NA,Y,NA,M,96,1,0,0,0,0,0,1,0,0,-,-,NA,NA,LOS ANGELES,WESTLAKE VILLAGE,-118.80728149414064,34.15052032470703
9191488,2020,2021-01-30,1956,2020-11-25,1738,1293,66,3,5,5,1956,0,0,0,NA,0,004,INGLEWOOD AV,156TH ST,125,S,N,A,-,N,NA,NA,NA,NA,NA,NA,NA,NA,NA,N,4,0,1,2,A,-,09,21801,A,N,D,C,A,A,H,-,C,A,0,NA,NA,NA,NA,Y,NA,A,07,0,0,1,0,0,0,0,0,0,-,-,33.8896598815918,-118.36135864257813,LOS ANGELES,REDONDO BEACH,-118.36132049560548,33.88930892944336
9191506,2020,2021-01-30,1942,2020-11-24,1645,40398,0943,2,5,7,1942,0,0,0,I,0,9A41,CALHOUN AV,EMELITA ST,0,NA,Y,A,-,N,NA,NA,NA,NA,NA,NA,NA,NA,NA,N,3,0,1,2,A,-,12,22450,A,N,D,C,A,A,H,-,A,A,0,NA,NA,NA,NA,Y,NA,A,01,0,1,0,0,0,0,0,0,0,-,-,NA,NA,LOS ANGELES,LOS ANGELES,-118.44219207763672,34.176639556884766
9191507,2020,2021-01-30,1942,2020-11-17,1845,41721,1063,2,5,7,1942,0,0,0,J,0,10X94,RESEDA BL,CLARK ST,0,NA,Y,A,-,N,NA,NA,NA,NA,NA,NA,NA,NA,NA,Y,4,0,1,2,A,-,12,21453,A,N,A,C,A,A,H,-,C,D,0,NA,NA,NA,NA,Y,Y,A,01,0,0,1,0,0,0,0,0,0,-,-,NA,NA,LOS ANGELES,LOS ANGELES,-118.53600311279295,34.17036819458008
9191508,2020,2021-01-30,1942,2020-11-17,0830,38427,1049,2,5,7,1942,0,0,0,J,0,10A17,BURBANK BL,HAYVENHURST AV,0,NA,Y,A,-,N,NA,NA,NA,NA,NA,NA,NA,NA,NA,Y,4,0,2,4,A,-,12,21453,A,N,D,C,A,A,H,-,A,A,0,NA,NA,NA,NA,Y,NA,A,01,0,0,2,0,0,0,0,0,0,-,-,NA,NA,LOS ANGELES,LOS ANGELES,-118.49234771728516,34.16712188720703
9191509,2020,2021-01-30,1942,2020-11-20,2130,44223,1027,5,5,7,1942,0,0,0,J,0,10A47,SHERMAN WY,LOUSIE AV,0,NA,Y,A,-,N,NA,NA,NA,NA,NA,NA,NA,NA,NA,Y,4,0,1,2,A,-,09,21801,A,N,A,C,A,A,H,-,C,A,0,NA,NA,Y,NA,Y,NA,A,01,0,0,1,0,0,0,0,0,1,-,-,NA,NA,LOS ANGELES,LOS ANGELES,-118.5098114013672,34.20122146606445