CASE_ID,ACCIDENT_YEAR,PROC_DATE,JURIS,COLLISION_DATE,COLLISION_TIME,OFFICER_ID,REPORTING_DISTRICT,DAY_OF_WEEK,CHP_SHIFT,POPULATION,CNTY_CITY_LOC,SPECIAL_COND,BEAT_TYPE,CHP_BEAT_TYPE,CITY_DIVISION_LAPD,CHP_BEAT_CLASS,BEAT_NUMBER,PRIMARY_RD,SECONDARY_RD,DISTANCE,DIRECTION,INTERSECTION,WEATHER_1,WEATHER_2,STATE_HWY_IND,CALTRANS_COUNTY,CALTRANS_DISTRICT,STATE_ROUTE,ROUTE_SUFFIX,POSTMILE_PREFIX,POSTMILE,LOCATION_TYPE,RAMP_INTERSECTION,SIDE_OF_HWY,TOW_AWAY,COLLISION_SEVERITY,NUMBER_KILLED,NUMBER_INJURED,PARTY_COUNT,PRIMARY_COLL_FACTOR,PCF_CODE_OF_VIOL,PCF_VIOL_CATEGORY,PCF_VIOLATION,PCF_VIOL_SUBSECTION,HIT_AND_RUN,TYPE_OF_COLLISION,MVIW,PED_ACTION,ROAD_SURFACE,ROAD_COND_1,ROAD_COND_2,LIGHTING,CONTROL_DEVICE,CHP_ROAD_TYPE,PEDESTRIAN_ACCIDENT,BICYCLE_ACCIDENT,MOTORCYCLE_ACCIDENT,TRUCK_ACCIDENT,NOT_PRIVATE_PROPERTY,ALCOHOL_INVOLVED,STWD_VEHTYPE_AT_FAULT,CHP_VEHTYPE_AT_FAULT,COUNT_SEVERE_INJ,COUNT_VISIBLE_INJ,COUNT_COMPLAINT_PAIN,COUNT_PED_KILLED,COUNT_PED_INJURED,COUNT_BICYCLIST_KILLED,COUNT_BICYCLIST_INJURED,COUNT_MC_KILLED,COUNT_MC_INJURED,PRIMARY_RAMP,SECONDARY_RAMP,LATITUDE,LONGITUDE,COUNTY,CITY,POINT_X,POINT_Y
9194128,2020,2021-02-10,1953,2020-12-08,1458,3775,NA,2,5,6,1953,0,0,0,NA,0,002,MARENGO AV,ORANGE GROVE BL,15,S,N,A,-,N,NA,NA,NA,NA,NA,NA,NA,NA,NA,N,4,0,3,2,A,-,03,22350,NA,N,C,C,A,A,H,-,A,A,0,NA,NA,NA,NA,Y,NA,A,01,0,0,3,0,0,0,0,0,0,-,-,NA,NA,LOS ANGELES,PASADENA,-118.1460189819336,34.15781021118164
9194129,2020,2021-02-10,1953,2020-12-08,1719,7231,1953,2,5,6,1953,0,0,0,NA,0,001,LINDA VISTA AV,EL MIRADOR DR,0,NA,Y,A,-,N,NA,NA,NA,NA,NA,NA,NA,NA,NA,N,3,0,1,2,A,-,09,21801,A,N,D,G,A,A,H,-,C,D,0,NA,Y,NA,NA,Y,NA,A,01,0,1,0,0,0,0,1,0,0,-,-,NA,NA,LOS ANGELES,PASADENA,-118.1759033203125,34.16551971435547
9194130,2020,2021-02-10,1953,2020-12-08,1517,8091,PASAD,2,5,6,1953,0,0,0,NA,0,002,FAIR OAKS AV,HOWARD AV,0,NA,Y,A,-,N,NA,NA,NA,NA,NA,NA,NA,NA,NA,N,3,0,1,2,A,-,12,21453,A,N,D,G,A,A,H,-,A,A,0,NA,Y,NA,NA,Y,NA,L,04,0,1,0,0,0,0,1,0,0,-,-,NA,NA,LOS ANGELES,PASADENA,-118.15071868896484,34.17250061035156
9194131,2020,2021-02-11,1953,2020-12-10,1655,6113,1953,4,5,6,1953,0,0,0,NA,0,200130,EL MOLINO AV,MAPLE ST,0,NA,Y,A,-,N,NA,NA,NA,NA,NA,NA,NA,NA,NA,N,4,0,3,3,A,-,00,22145,A,N,D,C,A,A,H,-,B,A,0,NA,NA,NA,NA,Y,NA,A,01,0,0,3,0,0,0,0,0,0,-,-,NA,NA,LOS ANGELES,PASADENA,-118.13693237304688,34.152339935302734
9194132,2020,2021-02-10,1953,2020-12-12,1409,7449,1953,6,5,6,1953,0,0,0,NA,0,002,SIERRA MADRE VILLA AV,WALNUT ST,0,NA,Y,A,-,N,NA,NA,NA,NA,NA,NA,NA,NA,NA,Y,3,0,1,2,A,-,12,21453,A,N,D,C,A,A,H,-,A,A,0,NA,NA,NA,NA,Y,NA,A,01,0,1,0,0,0,0,0,0,0,-,-,NA,NA,LOS ANGELES,PASADENA,-118.08191680908205,34.14720916748047
9194133,2020,2021-02-10,1953,2020-12-12,1836,5202,1953,6,5,6,1953,0,0,0,NA,0,003,ALLEN AV,PALOMA ST,0,NA,Y,A,-,N,NA,NA,NA,NA,NA,NA,NA,NA,NA,Y,3,0,1,2,A,-,03,22350,NA,N,C,C,A,A,H,-,C,D,0,NA,NA,NA,NA,Y,NA,A,01,0,1,0,0,0,0,0,0,0,-,-,NA,NA,LOS ANGELES,PASADENA,-118.1131591796875,34.1591796875
9194134,2020,2021-02-10,1953,2020-12-12,1928,0333,1953,6,5,6,1953,0,0,0,NA,0,005,COLORADO BL,MENTOR AV,0,NA,Y,A,-,N,NA,NA,NA,NA,NA,NA,NA,NA,NA,Y,4,0,2,2,A,-,12,21453,A,N,D,C,A,A,H,-,C,A,0,NA,NA,NA,NA,Y,NA,A,01,0,0,2,0,0,0,0,0,0,-,-,NA,NA,LOS ANGELES,PASADENA,-118.13085174560548,34.14591979980469
9194135,2020,2021-02-10,1953,2020-12-13,1458,9219,1953,7,5,6,1953,0,0,0,NA,0,002,NORTH LOS ROBLES AV,ATCHISON ST,0,NA,N,A,-,N,NA,NA,NA,NA,NA,NA,NA,NA,NA,Y,4,0,3,2,A,-,08,22107,NA,N,D,C,A,A,H,-,A,A,0,NA,NA,NA,NA,Y,NA,A,01,0,0,3,0,0,0,0,0,0,-,-,NA,NA,LOS ANGELES,PASADENA,-118.14167785644533,34.17570114135742
9194152,2020,2021-02-10,1926,2020-12-02,0905,0159,1,3,5,5,1926,0,0,0,NA,0,001,W RT 66,GRAND AV,115,E,N,A,-,N,NA,NA,NA,NA,NA,NA,NA,NA,NA,N,3,0,1,2,A,-,10,21950,A,N,D,G,A,A,H,-,A,D,0,NA,Y,NA,NA,Y,NA,A,07,0,1,0,0,0,0,1,0,0,-,-,NA,NA,LOS ANGELES,GLENDORA,-117.8723373413086,34.128814697265625
9194153,2020,2021-02-05,1926,2020-12-04,1617,0129,1,5,5,5,1926,0,0,0,NA,0,001,SIERRA MADRE AV,GRAND AV,0,NA,Y,A,-,N,NA,NA,NA,NA,NA,NA,NA,NA,NA,N,3,0,1,2,A,-,10,21950,A,N,G,B,B,A,H,-,A,A,0,Y,NA,NA,NA,Y,NA,A,01,0,1,0,0,1,0,0,0,0,-,-,34.14693069458008,-117.87261962890624,LOS ANGELES,GLENDORA,-117.87255859375,34.146968841552734
9194154,2020,2021-02-09,1976,2020-12-02,1911,449,20-71,3,5,5,1976,0,0,0,NA,0,NA,WASHINGTON BL,LAMBERT RD,0,NA,Y,A,-,N,NA,NA,NA,NA,NA,NA,NA,NA,NA,Y,4,0,1,2,A,-,12,21453,A,N,D,C,A,-,H,-,C,A,0,NA,NA,NA,NA,Y,NA,-,-,0,0,1,0,0,0,0,0,0,-,-,NA,NA,LOS ANGELES,WHITTIER,-118.0480499267578,33.96738052368164
9194155,2020,2021-02-05,1976,2020-12-01,1358,539,1976,2,5,5,1976,0,0,0,NA,0,003,COLLEGE AV,RAMONA DR,66,S,N,A,-,N,NA,NA,NA,NA,NA,NA,NA,NA,NA,Y,3,0,4,3,A,-,03,22350,NA,F,D,C,A,A,H,-,A,D,0,NA,NA,NA,NA,Y,NA,A,01,0,2,2,0,0,0,0,0,0,-,-,NA,NA,LOS ANGELES,WHITTIER,-118.02745056152344,33.96274948120117
9194167,2020,2021-02-09,1976,2020-12-02,0650,546,NA,3,5,3,1964,0,0,0,NA,0,001,SLAUSON AV,SORENSON AV,0,NA,Y,A,-,N,NA,NA,NA,NA,NA,NA,NA,NA,NA,Y,3,0,1,2,A,-,12,21453,A,N,D,C,A,A,H,-,A,A,0,NA,NA,NA,NA,Y,NA,A,07,0,1,0,0,0,0,0,0,0,-,-,NA,NA,LOS ANGELES,SANTA FE SPRINGS,-118.06043243408205,33.963558197021484
9194170,2020,2021-02-16,1900,2020-12-02,1737,610418,1124,3,5,6,1992,0,0,0,NA,0,111T1,AV K,SIERRA HWY,304,W,N,A,-,N,NA,NA,NA,NA,NA,NA,NA,NA,NA,N,4,0,1,2,A,-,03,22350,NA,N,C,-,A,A,H,-,C,A,0,NA,NA,NA,NA,Y,NA,A,01,0,0,1,0,0,0,0,0,0,-,-,NA,NA,LOS ANGELES,LANCASTER,-118.13395690917967,34.67497634887695
9194171,2020,2021-02-09,1900,2020-12-01,1004,627975,0455,2,5,6,1949,0,0,0,NA,0,45K3,FOSTER RD,STUDEBAKER RD,15,E,N,A,-,N,NA,NA,NA,NA,NA,NA,NA,NA,NA,N,3,0,1,2,A,-,11,21950,B,N,D,G,A,A,H,-,A,A,0,NA,Y,NA,NA,Y,NA,L,04,0,1,0,0,0,0,1,0,0,-,-,NA,NA,LOS ANGELES,NORWALK,-118.09925842285156,33.909828186035156
9194172,2020,2021-02-09,1900,2020-12-04,0140,489533,0466,5,5,4,1936,0,0,0,NA,0,46T1,DESMAN RD,KNOTT AV,174,W,N,A,-,N,NA,NA,NA,NA,NA,NA,NA,NA,NA,Y,3,0,1,1,A,-,08,22107,NA,N,E,I,A,A,H,-,C,D,0,NA,NA,NA,NA,Y,NA,A,07,0,1,0,0,0,0,0,0,0,-,-,NA,NA,LOS ANGELES,LA MIRADA,-118.01203918457033,33.881587982177734
9194183,2020,2021-02-09,1931,2020-12-04,1332,5315,1931,5,5,5,1931,0,0,0,NA,0,004,MILES AV,SATURN AV,0,NA,Y,A,-,N,NA,NA,NA,NA,NA,NA,NA,NA,NA,N,4,0,2,2,A,-,12,21453,A,N,D,C,A,A,H,-,A,A,0,NA,NA,NA,NA,Y,NA,A,01,0,0,2,0,0,0,0,0,0,-,-,NA,NA,LOS ANGELES,HUNTINGTON PARK,-118.21903228759766,33.976890563964844
9194184,2020,2021-02-09,1920,2020-12-01,0637,12609,1920,2,5,6,1920,0,0,0,NA,0,004,FLORENCE AV,VULTEE AV,0,NA,Y,A,-,N,NA,NA,NA,NA,NA,NA,NA,NA,NA,N,4,0,1,2,D,-,00,NA,NA,M,D,C,A,A,H,-,A,D,0,NA,NA,NA,NA,Y,NA,-,-,0,0,1,0,0,0,0,0,0,-,-,NA,NA,LOS ANGELES,DOWNEY,-118.11605834960938,33.94694137573242
9194185,2020,2021-02-09,1900,2020-12-04,1809,647475,1149,5,5,6,1992,0,0,0,NA,0,112T2,QUARTZ HILL RD,45TH ST,0,NA,Y,A,-,N,NA,NA,NA,NA,NA,NA,NA,NA,NA,Y,4,0,1,2,A,-,09,21802,A,N,B,C,A,A,H,-,C,A,0,NA,NA,NA,NA,Y,NA,A,07,0,0,1,0,0,0,0,0,0,-,-,NA,NA,LOS ANGELES,LANCASTER,-118.20999908447266,34.6442985534668
9194186,2020,2021-02-09,1955,2020-12-05,1239,42606,007,6,5,6,1955,0,0,0,NA,0,003,HOLT AV,PALOMARES ST,174,W,N,A,-,N,NA,NA,NA,NA,NA,NA,NA,NA,NA,Y,4,0,1,4,A,-,01,23152,A,N,B,E,A,A,H,-,A,A,0,NA,NA,NA,NA,Y,Y,A,01,0,0,1,0,0,0,0,0,0,-,-,34.062599182128906,-117.74594116210938,LOS ANGELES,POMONA,-117.7465362548828,34.06248092651367
9194187,2020,2021-02-17,1956,2020-12-05,1604,1293,50,6,5,5,1956,0,0,0,NA,0,003,KINGSDALE AV,177TH ST,500,S,N,A,-,N,NA,NA,NA,NA,NA,NA,NA,NA,NA,Y,4,0,1,1,C,-,18,NA,NA,N,E,I,A,A,H,-,A,A,0,NA,NA,NA,NA,Y,NA,-,-,0,0,1,0,0,0,0,0,0,-,-,33.869720458984375,-118.35678863525392,LOS ANGELES,REDONDO BEACH,-118.35630798339844,33.86846160888672
9194188,2020,2021-02-09,1956,2020-12-04,1810,1293,37,5,5,5,1956,0,0,0,NA,0,003,AVIATION BL,ORMOND LN,138,N,N,A,-,N,NA,NA,NA,NA,NA,NA,NA,NA,NA,N,2,0,1,2,A,-,11,21954,A,N,G,B,D,A,H,-,C,A,0,Y,NA,NA,NA,Y,NA,N,60,1,0,0,0,1,0,0,0,0,-,-,33.8691291809082,-118.38266754150392,LOS ANGELES,REDONDO BEACH,-118.38259887695313,33.8695068359375
9194189,2020,2021-02-09,1956,2020-12-04,1658,1244,66,5,5,5,1956,0,0,0,NA,0,004,INGLEWOOD AV,153RD ST,35,S,N,A,-,N,NA,NA,NA,NA,NA,NA,NA,NA,NA,N,3,0,1,2,A,-,09,21804,A,N,D,C,A,A,H,-,B,D,0,NA,NA,NA,NA,Y,NA,A,07,0,1,0,0,0,0,0,0,0,-,-,33.89263916015625,-118.3613510131836,LOS ANGELES,REDONDO BEACH,-118.36134338378906,33.89253234863281
9194190,2020,2021-02-09,1956,2020-12-03,0810,1183,57,4,5,5,1956,0,0,0,NA,0,004,CURTIS AV,BLOSSOM LN,130,W,N,A,-,N,NA,NA,NA,NA,NA,NA,NA,NA,NA,N,3,0,1,2,A,-,11,21954,A,N,G,B,D,A,H,-,A,D,0,Y,NA,NA,NA,Y,NA,N,60,0,1,0,0,1,0,0,0,0,-,-,33.877540588378906,-118.37490081787108,LOS ANGELES,REDONDO BEACH,-118.37532806396484,33.87753677368164
9194191,2020,2021-02-09,1956,2020-12-02,1716,1224,50,3,5,5,1956,0,0,0,NA,0,003,KINGSDALE AV,177TH ST,390,S,N,A,-,N,NA,NA,NA,NA,NA,NA,NA,NA,NA,N,4,0,1,2,A,-,11,21954,A,N,G,B,D,A,H,-,C,D,0,Y,NA,NA,NA,Y,NA,N,60,0,0,1,0,1,0,0,0,0,-,-,33.86983871459961,-118.35684967041016,LOS ANGELES,REDONDO BEACH,-118.35630798339844,33.86872100830078
9194323,2020,2021-01-30,1900,2020-11-07,1441,642878,1127,6,5,6,1992,0,0,0,NA,0,111T1,AVENUE J,40TH ST WEST,0,NA,Y,B,-,N,NA,NA,NA,NA,NA,NA,NA,NA,NA,Y,4,0,2,2,A,-,09,21801,A,N,D,C,A,B,H,-,A,D,0,NA,NA,NA,NA,Y,NA,A,07,0,0,2,0,0,0,0,0,0,-,-,NA,NA,LOS ANGELES,LANCASTER,-118.20152282714844,34.68931198120117
9194324,2020,2021-01-26,1920,2020-10-14,1630,12609,1920,3,5,6,1920,0,0,0,NA,0,004,IMPERIAL HWY,LAKEWOOD BL,445,W,N,A,-,N,NA,NA,NA,NA,NA,NA,NA,NA,NA,N,4,0,1,2,A,-,03,22350,NA,N,C,C,A,A,H,-,C,D,0,NA,NA,NA,NA,Y,NA,A,01,0,0,1,0,0,0,0,0,0,-,-,NA,NA,LOS ANGELES,DOWNEY,-118.13927459716795,33.917240142822266
9194327,2020,2021-01-30,1900,2020-11-19,2015,625432,1134,4,5,6,1992,0,0,0,NA,0,112T2,AVENUE K-6,DIVISION ST,0,NA,Y,A,-,N,NA,NA,NA,NA,NA,NA,NA,NA,NA,Y,4,0,1,2,A,-,01,23152,A,N,D,C,A,A,H,-,C,D,0,NA,NA,NA,NA,Y,Y,D,22,0,0,1,0,0,0,0,0,0,-,-,NA,NA,LOS ANGELES,LANCASTER,-118.1301727294922,34.669471740722656
9194328,2020,2021-01-21,1920,2020-10-09,1307,13022,NA,5,5,6,1920,0,0,0,NA,0,005,DOWNEY AV,FLORENCE AV,10,S,N,A,-,N,NA,NA,NA,NA,NA,NA,NA,NA,NA,N,4,0,1,2,A,-,05,21650,NA,N,D,G,A,A,H,-,A,A,0,NA,Y,NA,NA,Y,NA,L,04,0,0,1,0,0,0,1,0,0,-,-,NA,NA,LOS ANGELES,DOWNEY,-118.12577056884766,33.95139694213867
9194331,2020,2021-01-21,1900,2020-10-31,1900,610418,1123,6,5,6,1992,0,0,0,NA,0,111T1,SIERRA HIGHWAY,AVE J-8,0,NA,Y,A,-,N,NA,NA,NA,NA,NA,NA,NA,NA,NA,Y,2,0,2,3,D,-,00,NA,NA,N,G,B,D,A,H,-,C,D,0,Y,NA,NA,NA,Y,NA,-,-,2,0,0,0,2,0,0,0,0,-,-,NA,NA,LOS ANGELES,LANCASTER,-118.1340103149414,34.68217086791992
9194332,2020,2021-01-22,1920,2020-10-15,1820,13965,NA,4,5,6,1920,0,0,0,NA,0,005,LAKEWOOD BL,FIFTH ST,0,NA,Y,A,-,N,NA,NA,NA,NA,NA,NA,NA,NA,NA,N,4,0,1,2,A,-,21,22106,NA,N,C,C,A,A,H,-,B,A,0,NA,NA,NA,NA,Y,NA,D,22,0,0,1,0,0,0,0,0,0,-,-,NA,NA,LOS ANGELES,DOWNEY,-118.12197875976564,33.93907165527344
9194339,2020,2021-01-30,1900,2020-11-12,0530,644565,1130,4,5,6,1992,0,0,0,NA,0,111T1,SIERRA HWY,AVENUE G,0,NA,Y,A,-,N,NA,NA,NA,NA,NA,NA,NA,NA,NA,Y,3,0,1,2,A,-,09,21802,A,N,D,C,A,A,H,-,D,A,0,NA,NA,NA,NA,Y,NA,D,23,0,1,0,0,0,0,0,0,0,-,-,NA,NA,LOS ANGELES,LANCASTER,-118.14222717285156,34.73337936401367
9194343,2020,2021-01-30,1900,2020-11-02,1409,602401,1192,1,5,6,1992,0,0,0,NA,0,111T2,20TH ST WEST,AVENUE K-8,135,S,N,A,-,N,NA,NA,NA,NA,NA,NA,NA,NA,NA,Y,3,0,3,6,A,-,09,21804,A,M,E,C,A,A,H,-,A,D,0,NA,NA,NA,NA,Y,NA,D,22,0,3,0,0,0,0,0,0,0,-,-,NA,NA,LOS ANGELES,LANCASTER,-118.16567230224608,34.667301177978516
9194345,2020,2021-01-30,1920,2020-11-22,2204,13499,1920,7,5,6,1920,0,0,0,NA,0,003,PARAMOUNT BL,GALLATIN RD,236,S,N,A,-,N,NA,NA,NA,NA,NA,NA,NA,NA,NA,Y,3,0,2,3,A,-,08,22107,NA,N,B,E,A,A,H,-,C,D,0,NA,NA,NA,NA,Y,NA,A,01,0,2,0,0,0,0,0,0,0,-,-,NA,NA,LOS ANGELES,DOWNEY,-118.12371063232422,33.96174621582031
9194349,2020,2021-01-27,1920,2020-11-28,1911,13965,NA,6,5,6,1920,0,0,0,NA,0,003,PELLET ST,OLD RIVER SCHOOL RD,594,W,N,A,-,N,NA,NA,NA,NA,NA,NA,NA,NA,NA,N,4,0,1,4,A,-,09,21804,A,N,D,C,A,A,H,-,C,D,0,NA,NA,NA,NA,Y,NA,A,01,0,0,1,0,0,0,0,0,0,-,-,NA,NA,LOS ANGELES,DOWNEY,-118.14920806884766,33.95011520385742
9194351,2020,2021-01-21,1955,2020-10-21,1225,42689,01,3,5,6,1955,0,0,0,NA,0,002,PARK AV,HOLT AV,0,NA,Y,A,-,N,NA,NA,NA,NA,NA,NA,NA,NA,NA,N,4,0,1,2,A,-,09,21804,A,N,D,G,A,A,H,-,A,D,0,NA,Y,NA,NA,Y,NA,D,22,0,0,1,0,0,0,1,0,0,-,-,NA,NA,LOS ANGELES,POMONA,-117.7546615600586,34.062278747558594
9194352,2020,2021-02-02,1900,2020-11-13,1522,626393,NA,5,5,6,1992,0,0,0,NA,0,111T2,AV F,70TH ST,0,NA,Y,A,-,N,NA,NA,NA,NA,NA,NA,NA,NA,NA,Y,4,0,2,2,A,-,09,21802,A,N,D,C,A,A,H,-,A,A,0,NA,NA,NA,NA,Y,NA,D,22,0,0,2,0,0,0,0,0,0,-,-,34.74748992919922,-118.25463104248048,LOS ANGELES,LANCASTER,-118.25464630126952,34.74747848510742
9194356,2020,2021-01-04,1920,2020-10-12,0810,13321,1920,1,5,6,1920,0,0,0,NA,0,005,PARMOUNT BL,FLORENCE AV,0,NA,Y,A,-,N,NA,NA,NA,NA,NA,NA,NA,NA,NA,N,4,0,3,2,D,-,00,NA,NA,N,D,C,A,A,H,-,A,A,0,NA,NA,NA,NA,Y,NA,-,-,0,0,3,0,0,0,0,0,0,-,-,NA,NA,LOS ANGELES,DOWNEY,-118.13005065917967,33.953548431396484
9194364,2020,2021-01-11,1920,2020-10-13,2301,13500,1920,2,5,6,1920,0,0,0,NA,0,004,LAKEWOOD BL,CECILIA ST,0,NA,Y,A,-,N,NA,NA,NA,NA,NA,NA,NA,NA,NA,Y,4,0,1,2,A,-,09,21453,B,N,D,C,A,A,H,-,C,A,0,NA,NA,NA,Y,Y,NA,A,01,0,0,1,0,0,0,0,0,0,-,-,NA,NA,LOS ANGELES,DOWNEY,-118.12187957763672,33.939029693603516
9194368,2020,2021-01-27,1900,2020-11-18,1338,629461,1137,3,5,6,1992,0,0,0,NA,0,111T1,AVE J-8,20TH ST,0,NA,Y,A,-,N,NA,NA,NA,NA,NA,NA,NA,NA,NA,Y,4,0,2,3,A,-,12,21453,A,N,D,C,A,A,H,-,A,A,0,NA,NA,NA,NA,Y,NA,D,22,0,0,2,0,0,0,0,0,0,-,-,NA,NA,LOS ANGELES,LANCASTER,-118.16568756103516,34.68220901489258
9194371,2020,2021-02-16,1942,2020-12-01,1128,41221,1273,2,5,7,1942,0,0,0,L,0,12A73,NORMANDIE AV,92ND ST,0,NA,Y,A,-,N,NA,NA,NA,NA,NA,NA,NA,NA,NA,Y,3,0,1,4,A,-,03,22350,NA,N,D,C,A,A,H,-,A,A,0,NA,NA,NA,NA,Y,NA,A,08,0,1,0,0,0,0,0,0,0,-,-,NA,NA,LOS ANGELES,LOS ANGELES,-118.3002700805664,33.952728271484375
9194376,2020,2021-02-01,1900,2020-11-10,1154,619116,1122,2,5,6,1992,0,0,0,NA,0,111T1,SIERRA HWY,JACKMAN ST,67,N,N,A,-,N,NA,NA,NA,NA,NA,NA,NA,NA,NA,N,4,0,1,2,A,-,03,22350,NA,N,C,C,A,A,H,-,A,A,0,NA,NA,NA,NA,Y,NA,D,22,0,0,1,0,0,0,0,0,0,-,-,NA,NA,LOS ANGELES,LANCASTER,-118.13755035400392,34.702152252197266
9194377,2020,2021-01-27,1920,2020-11-12,1250,11792,1920,4,5,6,1920,0,0,0,NA,0,003,FLORENCE AV,OLD RIVER SCHOOL RD,185,E,N,A,-,N,NA,NA,NA,NA,NA,NA,NA,NA,NA,N,4,0,1,4,A,-,03,22350,NA,M,B,C,A,A,H,-,A,D,0,NA,NA,NA,NA,Y,NA,A,01,0,0,1,0,0,0,0,0,0,-,-,NA,NA,LOS ANGELES,DOWNEY,-118.13999176025392,33.958580017089844
9194379,2020,2021-02-16,1956,2020-12-07,0927,1183,50,1,5,5,1956,0,0,0,NA,0,003,INGLEWOOD AV,RIPLEY AV,425,S,N,A,B,N,NA,NA,NA,NA,NA,NA,NA,NA,NA,N,4,0,3,2,A,-,08,22100,A,N,D,C,A,A,H,-,A,D,0,NA,NA,NA,NA,Y,NA,A,01,0,0,3,0,0,0,0,0,0,-,-,33.8684196472168,-118.36122131347656,LOS ANGELES,REDONDO BEACH,-118.36119079589844,33.867305755615234
9194380,2020,2021-02-05,1900,2020-11-20,1718,610418,1127,5,5,6,1992,0,0,0,NA,0,111T1,VALLEY CENTRAL WY,DOUBLE PLAY WY,150,S,N,A,-,N,NA,NA,NA,NA,NA,NA,NA,NA,NA,N,4,0,1,2,A,-,07,21658,A,N,B,C,A,A,H,-,C,D,0,NA,NA,NA,Y,Y,NA,-,-,0,0,1,0,0,0,0,0,0,-,-,NA,NA,LOS ANGELES,LANCASTER,-118.17506408691406,34.701290130615234
9194381,2020,2021-01-27,1920,2020-11-22,1008,13321,1920,7,5,6,1920,0,0,0,NA,0,003,FLORENCE AV,WILEY BURKE AV,0,NA,Y,A,-,N,NA,NA,NA,NA,NA,NA,NA,NA,NA,N,4,0,1,2,A,-,09,21801,A,N,D,C,A,A,H,-,A,A,0,NA,NA,NA,NA,Y,NA,D,22,0,0,1,0,0,0,0,0,0,-,-,NA,NA,LOS ANGELES,DOWNEY,-118.137451171875,33.957061767578125
9194385,2020,2021-01-27,1920,2020-11-16,1106,12605,1920,1,5,6,1920,0,0,0,NA,0,005,PARAMOUNT BL,FLORENCE AV,211,S,N,A,-,N,NA,NA,NA,NA,NA,NA,NA,NA,NA,Y,4,0,3,5,A,-,03,22350,NA,N,C,C,A,A,H,-,A,A,0,NA,NA,NA,NA,Y,NA,D,22,0,0,3,0,0,0,0,0,0,-,-,NA,NA,LOS ANGELES,DOWNEY,-118.13040924072266,33.95305633544922
9194416,2020,2021-01-27,1920,2020-11-02,1207,12609,1920,1,5,6,1920,0,0,0,NA,0,006,BROOKSHIRE AV,ALAMEDA ST,0,NA,Y,A,-,N,NA,NA,NA,NA,NA,NA,NA,NA,NA,Y,4,0,1,2,A,-,09,21801,A,N,D,C,A,A,H,-,A,A,0,NA,NA,NA,NA,Y,NA,D,22,0,0,1,0,0,0,0,0,0,-,-,NA,NA,LOS ANGELES,DOWNEY,-118.13858795166016,33.92628860473633
9194421,2020,2021-01-19,1955,2020-10-31,1914,30374,88,6,5,6,1955,0,0,0,NA,0,004,RESERVOIR ST,RT 60,0,NA,Y,A,-,Y,LA,7,60,-,R,30.175,R,4,E,Y,4,0,1,2,A,-,01,23152,A,N,D,C,A,A,H,-,C,A,0,NA,NA,NA,NA,Y,NA,A,01,0,0,1,0,0,0,0,0,0,-,EF,NA,NA,LOS ANGELES,POMONA,-117.73439025878906,34.02491760253906
9194424,2020,2021-01-08,1920,2020-10-30,1354,13118,1920,5,5,6,1920,0,0,0,NA,0,001,IMPERIAL HWY,BELLFLOWER BL,45,E,N,A,-,N,NA,NA,NA,NA,NA,NA,NA,NA,NA,N,4,0,1,2,A,-,08,22107,NA,N,B,C,A,A,H,-,A,A,0,NA,NA,NA,NA,Y,NA,A,01,0,0,1,0,0,0,0,0,0,-,-,NA,NA,LOS ANGELES,DOWNEY,-118.12527465820313,33.917030334472656
9194426,2020,2021-01-27,1900,2020-11-19,1908,627713,1516,4,5,5,1954,0,0,0,NA,0,151T2,REX RD,ROSEMEAD BL,105,W,N,A,-,N,NA,NA,NA,NA,NA,NA,NA,NA,NA,Y,4,0,1,1,A,-,08,22107,NA,N,E,I,A,A,-,-,C,D,0,NA,NA,NA,Y,Y,Y,F,21,0,0,1,0,0,0,0,0,0,-,-,33.97760009765625,-118.1017608642578,LOS ANGELES,PICO RIVERA,-118.10173797607422,33.977561950683594
9194428,2020,2021-01-27,1920,2020-11-05,0813,13022,NA,4,5,6,1920,0,0,0,NA,0,NA,STEWART AND GRAY RD,PARAMOUNT BL,15,W,N,A,-,N,NA,NA,NA,NA,NA,NA,NA,NA,NA,N,4,0,1,2,A,-,21,22106,NA,N,C,C,A,A,H,-,A,A,0,NA,NA,NA,NA,Y,NA,I,11,0,0,1,0,0,0,0,0,0,-,-,NA,NA,LOS ANGELES,DOWNEY,-118.1438217163086,33.93482208251953
9194432,2020,2021-01-11,1920,2020-10-07,1815,13643,NA,3,5,6,1920,0,0,0,NA,0,001,IMPERIAL HWY,WOODRUFF AV,50,W,N,A,-,N,NA,NA,NA,NA,NA,NA,NA,NA,NA,N,4,0,2,3,A,-,03,22350,NA,N,C,C,A,A,H,-,A,A,0,NA,NA,NA,NA,Y,NA,D,22,0,0,2,0,0,0,0,0,0,-,-,NA,NA,LOS ANGELES,DOWNEY,-118.11703491210938,33.9168701171875
9194433,2020,2021-03-04,1976,2020-12-02,1120,539,1976,3,5,5,1976,0,0,0,NA,0,002,MAR VISTA ST,PICKERING AV,0,NA,Y,A,-,N,NA,NA,NA,NA,NA,NA,NA,NA,NA,Y,3,0,2,2,A,-,12,21453,A,N,D,C,A,A,H,-,A,A,0,NA,NA,NA,NA,Y,NA,A,01,0,1,1,0,0,0,0,0,0,-,-,NA,NA,LOS ANGELES,WHITTIER,-118.04205322265624,33.97367858886719
9194435,2020,2021-03-02,1900,2020-12-02,1228,629461,1126,3,5,6,1992,0,0,0,NA,0,111T1,AVENUE J-2,KINGTREE AV,0,NA,Y,A,-,N,NA,NA,NA,NA,NA,NA,NA,NA,NA,Y,3,0,1,2,A,-,09,21802,A,N,D,A,A,A,H,-,A,A,0,NA,NA,NA,NA,Y,NA,A,01,0,1,0,0,0,0,0,0,0,-,-,NA,NA,LOS ANGELES,LANCASTER,-118.15128326416016,34.68764114379883