CASE_ID,ACCIDENT_YEAR,PROC_DATE,JURIS,COLLISION_DATE,COLLISION_TIME,OFFICER_ID,REPORTING_DISTRICT,DAY_OF_WEEK,CHP_SHIFT,POPULATION,CNTY_CITY_LOC,SPECIAL_COND,BEAT_TYPE,CHP_BEAT_TYPE,CITY_DIVISION_LAPD,CHP_BEAT_CLASS,BEAT_NUMBER,PRIMARY_RD,SECONDARY_RD,DISTANCE,DIRECTION,INTERSECTION,WEATHER_1,WEATHER_2,STATE_HWY_IND,CALTRANS_COUNTY,CALTRANS_DISTRICT,STATE_ROUTE,ROUTE_SUFFIX,POSTMILE_PREFIX,POSTMILE,LOCATION_TYPE,RAMP_INTERSECTION,SIDE_OF_HWY,TOW_AWAY,COLLISION_SEVERITY,NUMBER_KILLED,NUMBER_INJURED,PARTY_COUNT,PRIMARY_COLL_FACTOR,PCF_CODE_OF_VIOL,PCF_VIOL_CATEGORY,PCF_VIOLATION,PCF_VIOL_SUBSECTION,HIT_AND_RUN,TYPE_OF_COLLISION,MVIW,PED_ACTION,ROAD_SURFACE,ROAD_COND_1,ROAD_COND_2,LIGHTING,CONTROL_DEVICE,CHP_ROAD_TYPE,PEDESTRIAN_ACCIDENT,BICYCLE_ACCIDENT,MOTORCYCLE_ACCIDENT,TRUCK_ACCIDENT,NOT_PRIVATE_PROPERTY,ALCOHOL_INVOLVED,STWD_VEHTYPE_AT_FAULT,CHP_VEHTYPE_AT_FAULT,COUNT_SEVERE_INJ,COUNT_VISIBLE_INJ,COUNT_COMPLAINT_PAIN,COUNT_PED_KILLED,COUNT_PED_INJURED,COUNT_BICYCLIST_KILLED,COUNT_BICYCLIST_INJURED,COUNT_MC_KILLED,COUNT_MC_INJURED,PRIMARY_RAMP,SECONDARY_RAMP,LATITUDE,LONGITUDE,COUNTY,CITY,POINT_X,POINT_Y
9200775,2020,2021-01-19,1942,2020-10-18,2000,43146,0455,7,5,7,1942,0,0,0,D,0,4A53,CESAR E CHAVEZ,N SOTO ST,0,NA,Y,A,-,N,NA,NA,NA,NA,NA,NA,NA,NA,NA,N,4,0,2,2,A,-,07,21658,A,N,B,C,A,A,H,-,C,A,0,NA,NA,NA,NA,Y,NA,A,01,0,0,2,0,0,0,0,0,0,-,-,NA,NA,LOS ANGELES,LOS ANGELES,-118.2078094482422,34.046810150146484
9200776,2020,2021-01-13,1942,2020-10-16,2210,41411,0453,5,5,7,1942,0,0,0,D,0,4G7,CESAR E CHAVEZ AV,BOYLE AV,0,NA,Y,A,-,N,NA,NA,NA,NA,NA,NA,NA,NA,NA,Y,4,0,2,2,A,-,12,21453,A,N,D,C,A,A,H,-,C,A,0,NA,NA,NA,NA,Y,Y,A,01,0,0,2,0,0,0,0,0,0,-,-,NA,NA,LOS ANGELES,LOS ANGELES,-118.21761322021484,34.05120086669922
9200777,2020,2021-01-13,1942,2020-10-16,2210,38590,0408,5,5,7,1942,0,0,0,D,0,4A9,HUNTINGTON DR,ROSEMEAD AV,0,NA,Y,A,-,N,NA,NA,NA,NA,NA,NA,NA,NA,NA,Y,4,0,2,2,A,-,09,21801,A,N,D,C,A,A,H,-,C,A,0,NA,NA,Y,NA,Y,NA,A,07,0,0,2,0,0,0,0,0,2,-,-,NA,NA,LOS ANGELES,LOS ANGELES,-118.17597198486328,34.08721923828125
9200894,2020,2021-03-02,1942,2020-12-12,1805,43950,1821,6,5,7,1942,0,0,0,R,0,12X18,CENTURY BL,FIGUEROA ST,0,NA,Y,A,-,N,NA,NA,NA,NA,NA,NA,NA,NA,NA,N,4,0,2,3,A,-,08,22107,NA,N,D,C,A,A,-,-,C,A,0,NA,NA,NA,NA,Y,Y,A,01,0,0,2,0,0,0,0,0,0,-,-,NA,NA,LOS ANGELES,LOS ANGELES,-118.28265380859376,33.94554138183594
9200911,2020,2021-01-23,1942,2020-11-19,1400,43698,0773,4,5,7,1942,0,0,0,G,0,7A22,WASHINGTON BL,REDONDO BL,0,NA,Y,A,-,N,NA,NA,NA,NA,NA,NA,NA,NA,NA,Y,4,0,1,2,A,-,09,21801,A,N,D,C,A,A,H,-,A,D,0,NA,NA,NA,NA,Y,NA,A,07,0,0,1,0,0,0,0,0,0,-,-,NA,NA,LOS ANGELES,LOS ANGELES,-118.35281372070313,34.04121017456055
9201023,2020,2021-02-11,1956,2020-12-18,0848,1335,3,5,5,5,1956,0,0,0,NA,0,001,AVE G,PALOS VERDES BL,410,N,N,A,-,N,NA,NA,NA,NA,NA,NA,NA,NA,NA,Y,4,0,1,2,A,-,08,22107,NA,N,B,E,A,A,H,-,A,D,0,NA,NA,NA,NA,Y,NA,A,01,0,0,1,0,0,0,0,0,0,-,-,33.820091247558594,-118.38258361816406,LOS ANGELES,REDONDO BEACH,-118.38361358642578,33.82086944580078
9201024,2020,2021-02-11,1910,2020-12-21,1310,04267,NA,1,5,4,1910,0,0,0,NA,0,004,WILSHIRE BL,SANTA MONICA,400,W,N,A,-,N,NA,NA,NA,NA,NA,NA,NA,NA,NA,Y,4,0,1,3,A,-,03,22350,NA,F,C,-,A,A,H,-,A,A,0,NA,NA,NA,NA,Y,NA,A,01,0,0,1,0,0,0,0,0,0,-,-,NA,NA,LOS ANGELES,BEVERLY HILLS,-118.41173553466795,34.06707000732422
9201025,2020,2021-02-11,1910,2020-12-19,2000,04126,NA,6,5,4,1910,0,0,0,NA,0,005,SPALDING DR,OLYMPIC BL,0,NA,Y,A,-,N,NA,NA,NA,NA,NA,NA,NA,NA,NA,N,4,0,1,2,A,-,03,22350,NA,N,G,B,B,A,H,-,C,A,0,Y,NA,NA,NA,Y,NA,A,07,0,0,1,0,1,0,0,0,0,-,-,NA,NA,LOS ANGELES,BEVERLY HILLS,-118.40892791748048,34.059688568115234
9201026,2020,2021-02-11,1910,2020-12-11,0757,03410,NA,5,5,4,1910,0,0,0,NA,0,009,WILSHIRE BL,BEVERLY DR,99,E,N,A,-,N,NA,NA,NA,NA,NA,NA,NA,NA,NA,N,3,0,1,1,D,-,00,NA,NA,N,H,A,A,A,H,-,A,D,0,NA,Y,NA,NA,Y,NA,-,-,0,1,0,0,0,0,1,0,0,-,-,NA,NA,LOS ANGELES,BEVERLY HILLS,-118.39886474609376,34.06707000732422
9201027,2020,2021-02-11,1910,2020-12-15,1120,04267,NA,2,5,4,1910,0,0,0,NA,0,009,ROBERTSON BL,WILSHIRE BL,0,NA,Y,A,-,N,NA,NA,NA,NA,NA,NA,NA,NA,NA,N,4,0,1,2,A,-,03,22350,NA,N,C,C,A,A,H,-,A,A,0,NA,NA,NA,NA,Y,NA,A,01,0,0,1,0,0,0,0,0,0,-,-,NA,NA,LOS ANGELES,BEVERLY HILLS,-118.38368988037108,34.06705093383789
9201028,2020,2021-02-11,1910,2020-12-10,1513,03209,NA,4,5,4,1910,0,0,0,NA,0,004,BEVERLY DR,LEXINGTON AV,0,NA,Y,A,-,N,NA,NA,NA,NA,NA,NA,NA,NA,NA,Y,3,0,2,2,A,-,09,21801,A,N,D,C,A,A,H,-,A,A,0,NA,NA,NA,NA,Y,NA,A,01,0,1,1,0,0,0,0,0,0,-,-,NA,NA,LOS ANGELES,BEVERLY HILLS,-118.41275024414064,34.0855712890625
9201029,2020,2021-02-11,1900,2020-12-09,1854,614031,0562,3,5,3,1968,0,0,0,NA,0,55T1PM,DURFEE AV,BROADMEAD ST,9,N,N,A,-,N,NA,NA,NA,NA,NA,NA,NA,NA,NA,N,3,0,1,2,A,-,11,21954,A,N,G,B,D,A,H,-,B,D,0,Y,NA,NA,NA,Y,NA,N,60,0,1,0,0,1,0,0,0,0,-,-,34.0425910949707,-118.03382873535156,LOS ANGELES,SOUTH EL MONTE,-118.03394317626952,34.04290008544922
9201030,2020,2021-02-11,1900,2020-12-20,1040,608280,0542,7,5,3,1921,0,0,0,NA,0,58T1AM,HUNTINGTON DR,LAS LOMAS RD,12,W,N,A,-,N,NA,NA,NA,NA,NA,NA,NA,NA,NA,N,4,0,1,2,A,-,03,22350,NA,N,C,C,A,A,H,-,A,A,0,NA,NA,NA,NA,Y,NA,A,01,0,0,1,0,0,0,0,0,0,-,-,34.13911056518555,-117.94709014892578,LOS ANGELES,DUARTE,-117.94694519042967,34.139122009277344
9201031,2020,2021-02-11,1900,2020-12-19,1400,527455,0541,6,5,3,1921,0,0,0,NA,0,58T1PM,CENTRAL AV,BUENA VISTA ST,331,E,N,A,-,N,NA,NA,NA,NA,NA,NA,NA,NA,NA,N,3,0,1,2,A,-,09,21801,A,N,D,C,A,A,H,-,A,A,0,NA,NA,NA,NA,Y,NA,A,01,0,1,0,0,0,0,0,0,0,-,-,34.13587188720703,-117.97635650634766,LOS ANGELES,DUARTE,-117.97647857666016,34.13591003417969
9201032,2020,2021-02-11,1900,2020-12-19,1853,527455,0541,6,5,3,1921,0,0,0,NA,0,58TPM,HUNTINGTON DR,SANTO DOMINGO AV,98,W,N,A,-,N,NA,NA,NA,NA,NA,NA,NA,NA,NA,N,4,0,1,2,A,-,08,22107,NA,N,C,C,A,A,H,-,C,D,0,NA,NA,NA,NA,Y,NA,A,01,0,0,1,0,0,0,0,0,0,-,-,34.13970947265625,-117.96478271484376,LOS ANGELES,DUARTE,-117.96475219726564,34.1397705078125
9201033,2020,2021-02-11,1900,2020-12-21,0007,606764,0534,1,5,5,1959,0,0,0,NA,0,53T1EM,DOROTHY ST,WALNUT GROVE AV,0,E,N,A,-,N,NA,NA,NA,NA,NA,NA,NA,NA,NA,Y,3,0,1,1,A,-,21,22106,NA,N,E,I,A,A,H,-,C,D,0,NA,NA,NA,NA,Y,NA,A,01,0,1,0,0,0,0,0,0,0,-,-,NA,NA,LOS ANGELES,ROSEMEAD,-118.0820770263672,34.067771911621094
9201034,2020,2021-02-11,1900,2020-12-21,1115,499592,0523,1,5,4,1971,0,0,0,NA,0,52T1AM,BROADWAY,TEMPLE CITY BL,0,NA,Y,A,-,N,NA,NA,NA,NA,NA,NA,NA,NA,NA,Y,3,0,1,2,A,-,09,21801,A,N,B,C,A,A,H,-,A,A,0,NA,NA,NA,NA,Y,NA,A,07,0,1,0,0,0,0,0,0,0,-,-,NA,NA,LOS ANGELES,TEMPLE CITY,-118.05962371826172,34.10047912597656
9201035,2020,2021-02-11,1967,2020-12-17,1516,153,NA,4,5,2,1967,0,0,0,NA,0,SOUTH,OBISPO AV,HILL,0,NA,Y,A,-,N,NA,NA,NA,NA,NA,NA,NA,NA,NA,Y,4,0,1,2,D,-,00,NA,NA,N,D,C,A,A,H,-,A,A,0,NA,NA,NA,NA,Y,NA,-,-,0,0,1,0,0,0,0,0,0,-,-,NA,NA,LOS ANGELES,SIGNAL HILL,-118.15457916259766,33.797080993652344
9201036,2020,2021-02-11,1967,2020-12-17,1643,153,NA,4,5,2,1967,0,0,0,NA,0,NORTH,CALIFORNIA AV,SPRING,0,NA,Y,A,-,N,NA,NA,NA,NA,NA,NA,NA,NA,NA,N,4,0,1,2,A,-,03,22350,NA,N,C,C,A,A,H,-,B,A,0,NA,NA,NA,NA,Y,NA,A,07,0,0,1,0,0,0,0,0,0,-,-,NA,NA,LOS ANGELES,SIGNAL HILL,-118.1806869506836,33.811668395996094
9201039,2020,2021-02-11,1942,2020-12-16,0755,33599,0336,3,5,7,1942,0,0,0,C,0,3A55,JEFFERSON BL,WESTERN AV,0,NA,-,A,-,N,NA,NA,NA,NA,NA,NA,NA,NA,NA,Y,4,0,3,2,A,-,09,21801,A,N,F,C,A,A,H,-,A,D,0,NA,NA,NA,NA,Y,NA,A,07,0,0,3,0,0,0,0,0,0,-,-,NA,NA,LOS ANGELES,LOS ANGELES,-118.30889129638672,34.025550842285156
9201040,2020,2021-02-11,1942,2020-12-16,0830,41729,0363,3,5,7,1942,0,0,0,C,0,25TL23,MARTIN LUTHER KING JR BL,HILLCREST DR,250,E,N,A,-,N,NA,NA,NA,NA,NA,NA,NA,NA,NA,Y,4,0,2,2,A,-,08,22102,NA,N,D,C,A,A,H,-,A,D,0,NA,NA,NA,NA,Y,NA,A,01,0,0,2,0,0,0,0,0,0,-,-,NA,NA,LOS ANGELES,LOS ANGELES,-118.34342193603516,34.0158805847168
9201043,2020,2021-02-05,1913,2020-12-09,1339,3886,67,3,5,4,1913,0,0,0,NA,0,004,BASELINE RD,GRAND AV,18,W,N,A,-,N,NA,NA,NA,NA,NA,NA,NA,NA,NA,Y,4,0,1,2,A,-,09,21804,A,N,D,C,A,A,H,-,A,D,0,NA,NA,NA,Y,Y,NA,F,26,0,0,1,0,0,0,0,0,0,-,-,NA,NA,LOS ANGELES,CLAREMONT,-117.70269012451172,34.12158966064453
9201046,2020,2021-02-08,1926,2020-12-22,0920,0043,NA,2,5,5,1926,0,0,0,NA,0,002,E GLADSTONE ST,S BARRANCA AV,0,NA,Y,A,-,N,NA,NA,NA,NA,NA,NA,NA,NA,NA,Y,3,0,1,2,A,-,12,21453,A,N,D,C,A,A,H,-,A,A,0,NA,NA,NA,NA,Y,NA,A,01,0,1,0,0,0,0,0,0,0,-,-,34.11405944824219,-117.88144683837892,LOS ANGELES,GLENDORA,-117.88146209716795,34.114070892333984
9201049,2020,2021-02-03,1976,2020-11-24,1918,518,1976,2,5,5,1976,0,0,0,NA,0,002,SANTA FE SPRINGS RD,PUTNAM ST,0,NA,Y,A,-,N,NA,NA,NA,NA,NA,NA,NA,NA,NA,Y,3,0,2,2,A,-,12,22450,A,N,D,C,A,A,H,-,C,A,0,NA,NA,NA,NA,Y,NA,A,07,0,1,1,0,0,0,0,0,0,-,-,NA,NA,LOS ANGELES,WHITTIER,-118.04329681396484,33.96635055541992
9201061,2020,2021-02-10,1928,2020-12-04,1204,50384,529,5,5,5,1928,0,0,0,NA,0,502,EL SEGUNDO BL,WILKIE AVE,171,W,N,A,-,NA,NA,NA,NA,NA,NA,NA,NA,NA,NA,Y,3,0,1,2,A,-,08,22102,NA,N,D,C,A,A,H,-,A,A,0,NA,NA,NA,NA,Y,NA,-,NA,0,1,0,0,0,0,0,0,0,-,-,33.91640090942383,-118.32286071777344,LOS ANGELES,HAWTHORNE,-118.32355499267578,33.91645812988281
9201065,2020,2021-02-08,1928,2020-12-08,1830,50386,515,2,5,5,1928,0,0,0,NA,0,503,EL SEGUNDO BL,WASHINGTON AV,0,NA,Y,-,-,N,NA,NA,NA,NA,NA,NA,NA,NA,NA,Y,4,0,1,2,A,-,07,21658,A,M,B,C,A,A,H,-,C,A,0,NA,NA,Y,NA,Y,NA,D,22,0,0,1,0,0,0,0,0,1,-,-,33.916419982910156,-118.34954833984376,LOS ANGELES,HAWTHORNE,-118.34957122802734,33.916419982910156
9201095,2020,2021-02-03,1900,2020-11-18,0945,630211,0459,3,5,6,1949,0,0,0,NA,0,43T1D,CARMENITA RD,PUMICE ST,16,S,N,A,-,N,NA,NA,NA,NA,NA,NA,NA,NA,NA,N,3,0,1,2,A,-,07,21658,A,N,B,G,A,A,H,-,A,D,0,NA,Y,NA,NA,Y,NA,L,04,0,1,0,0,0,0,1,0,0,-,-,NA,NA,LOS ANGELES,NORWALK,-118.04660034179688,33.897525787353516
9201117,2020,2021-02-03,1955,2020-11-29,0221,42725,51,7,5,6,1955,0,0,0,NA,0,001,MISSION BL,HUNTINGTON ST,7,E,N,A,-,N,NA,NA,NA,NA,NA,NA,NA,NA,NA,N,4,0,1,2,A,-,03,22350,NA,N,E,I,E,A,D,-,C,A,0,Y,NA,NA,Y,Y,NA,G,26,0,0,1,0,1,0,0,0,0,-,-,NA,NA,LOS ANGELES,POMONA,-117.76094818115234,34.054840087890625
9201123,2020,2021-02-02,1942,2020-10-17,1505,38764,0881,6,5,7,1942,0,0,0,H,0,8A52W4,BARRINGTON AV,MISSOURI AV,0,NA,Y,A,-,N,NA,NA,NA,NA,NA,NA,NA,NA,NA,Y,3,0,2,2,A,-,09,21802,A,N,-,-,A,A,H,-,A,-,0,NA,NA,Y,NA,Y,NA,D,22,0,2,0,0,0,0,0,0,1,-,-,NA,NA,LOS ANGELES,LOS ANGELES,-118.45159912109376,34.038570404052734
9201132,2020,2021-03-13,1942,2020-12-24,2050,44409,1501,4,5,7,1942,0,0,0,O,0,15A21,COLD WATER CYN,CANTARA ST,0,NA,Y,A,-,N,NA,NA,NA,NA,NA,NA,NA,NA,NA,N,4,0,1,2,A,-,07,21658,A,M,C,C,A,A,H,-,C,A,0,NA,NA,NA,NA,Y,NA,-,99,0,0,1,0,0,0,0,0,0,-,-,NA,NA,LOS ANGELES,LOS ANGELES,-118.41441345214844,34.2198486328125
9201136,2020,2021-02-22,1942,2020-12-24,2230,44223,1027,4,5,7,1942,0,0,0,J,0,10A83,SHERMAN WAY,FORBES AV,0,NA,Y,A,-,N,NA,NA,NA,NA,NA,NA,NA,NA,NA,Y,2,0,3,6,A,-,09,21802,A,N,A,E,A,A,H,-,C,D,0,NA,NA,NA,NA,Y,NA,A,01,1,1,1,0,0,0,0,0,0,-,-,NA,NA,LOS ANGELES,LOS ANGELES,-118.49894714355467,34.20122146606445
9201140,2020,2021-02-22,1942,2020-12-24,1540,44034,0914,4,5,7,1942,0,0,0,I,0,9A23,SHERMAN WAY,SHERMAN CIR,10,W,N,B,-,N,NA,NA,NA,NA,NA,NA,NA,NA,NA,Y,4,0,2,3,A,-,03,22350,NA,F,C,C,A,B,H,-,A,A,0,NA,NA,NA,NA,Y,NA,-,99,0,0,2,0,0,0,0,0,0,-,-,NA,NA,LOS ANGELES,LOS ANGELES,-118.45093536376952,34.20117950439453
9201142,2020,2021-02-05,1967,2020-12-19,1138,153,NA,6,5,2,1967,0,0,0,NA,0,SOUTH,CALIFORNIA AV,WILLOW,0,NA,Y,A,-,N,NA,NA,NA,NA,NA,NA,NA,NA,NA,Y,4,0,1,2,A,-,01,23152,A,M,B,E,A,A,A,-,A,A,0,NA,NA,NA,NA,Y,Y,D,22,0,0,1,0,0,0,0,0,0,-,-,NA,NA,LOS ANGELES,SIGNAL HILL,-118.1807098388672,33.80438995361328
9201144,2020,2021-02-18,1942,2020-12-23,1640,42917,1605,3,5,7,1942,0,0,0,P,0,16A23,VAN NUYS BL,FOOTHILL BL,1320,E,N,A,-,N,NA,NA,NA,NA,NA,NA,NA,NA,NA,Y,4,0,1,2,A,-,08,22103,NA,F,D,C,A,A,H,-,B,D,0,NA,NA,NA,NA,Y,Y,-,99,0,0,1,0,0,0,0,0,0,-,-,NA,NA,LOS ANGELES,LOS ANGELES,-118.40077972412108,34.281558990478516
9201146,2020,2021-02-08,1942,2020-12-31,0920,33599,1243,4,5,7,1942,0,0,0,L,0,12A45,HAAS AV,W GAGE AV,0,NA,Y,A,-,N,NA,NA,NA,NA,NA,NA,NA,NA,NA,Y,4,0,1,4,A,-,12,22450,A,M,D,C,A,A,H,-,A,A,0,NA,NA,NA,NA,Y,NA,A,07,0,0,1,0,0,0,0,0,0,-,-,NA,NA,LOS ANGELES,LOS ANGELES,-118.31680297851564,33.98183822631836
9201162,2020,2021-02-08,1942,2020-12-13,1745,43636,1498,7,5,7,1942,0,0,0,N,0,14X16W,S LA CIENEGA BL,W 111TH ST,5,S,N,A,-,N,NA,NA,NA,NA,NA,NA,NA,NA,NA,Y,4,0,2,2,A,-,09,21802,A,N,D,C,A,A,H,-,C,A,0,NA,NA,NA,NA,Y,NA,A,01,0,0,2,0,0,0,0,0,0,-,-,NA,NA,LOS ANGELES,LOS ANGELES,-118.37010955810548,33.93455505371094
9201163,2020,2021-01-21,1900,2020-11-14,1250,646215,2842,6,5,5,1915,0,0,0,NA,0,282T1,ALAMEDA ST WEST,ARTESIA BL,0,NA,Y,A,-,N,NA,NA,NA,NA,NA,NA,NA,NA,NA,Y,4,0,1,3,A,-,12,21453,A,N,D,C,A,A,H,-,A,A,0,NA,NA,NA,NA,Y,NA,A,07,0,0,1,0,0,0,0,0,0,-,-,33.87628173828125,-118.21739959716795,LOS ANGELES,COMPTON,-118.21698760986328,33.874229431152344
9201174,2020,2021-02-03,1942,2020-11-28,0542,44065,0725,6,5,7,1942,0,0,0,G,0,7A1,3RD ST,POINSETTIA PL,50,W,N,A,-,N,NA,NA,NA,NA,NA,NA,NA,NA,NA,N,4,0,1,4,A,-,08,22107,NA,N,C,E,A,A,H,-,B,B,0,NA,NA,NA,NA,Y,NA,A,01,0,0,1,0,0,0,0,0,0,-,-,NA,NA,LOS ANGELES,LOS ANGELES,-118.34877777099608,34.069461822509766
9201179,2020,2021-02-10,1909,2020-12-26,1007,486,1909,6,5,4,1909,0,0,0,NA,0,NORTH,EASTERN AV,LUBEC ST,726,N,N,A,-,NA,NA,NA,NA,NA,NA,NA,NA,NA,NA,Y,4,0,1,2,A,-,03,22350,A,N,C,C,A,A,H,-,A,D,0,NA,NA,NA,NA,Y,NA,D,22,0,0,1,0,0,0,0,0,0,-,-,NA,NA,LOS ANGELES,BELL GARDENS,-118.16403198242188,33.97353744506836
9201182,2020,2021-02-03,1942,2020-11-18,1720,44491,0813,3,5,7,1942,0,0,0,H,0,EA36,SUNSET BL,CHURCH RD,0,NA,N,A,-,N,NA,NA,NA,NA,NA,NA,NA,NA,NA,N,4,0,1,2,A,-,08,22107,NA,F,B,C,A,A,H,-,B,A,0,NA,NA,NA,NA,Y,NA,-,99,0,0,1,0,0,0,0,0,0,-,-,NA,NA,LOS ANGELES,LOS ANGELES,-118.46742248535156,34.07244110107422
9201183,2020,2021-02-22,1928,2020-12-22,1158,50261,514,2,5,5,1928,0,0,0,NA,0,504,INGLEWOOD AV,137TH ST N,183,N,N,A,-,N,NA,NA,NA,NA,NA,NA,NA,NA,NA,Y,4,0,2,2,A,-,07,21658,A,N,E,I,A,A,H,-,A,D,0,NA,NA,NA,NA,Y,Y,D,22,0,0,2,0,0,0,0,0,0,-,-,33.90795135498047,-118.36128997802734,LOS ANGELES,HAWTHORNE,-118.36128997802734,33.908382415771484
9201190,2020,2021-02-03,1942,2020-11-03,0640,44494,2074,2,5,7,1942,0,0,0,NA,0,20A13,VENICE BLJ,NORMANDIE AV,0,NA,Y,A,-,N,NA,NA,NA,NA,NA,NA,NA,NA,NA,N,4,0,1,2,A,-,09,21801,A,N,A,C,A,A,H,-,A,A,0,NA,NA,NA,NA,Y,NA,A,01,0,0,1,0,0,0,0,0,0,-,-,NA,NA,LOS ANGELES,LOS ANGELES,-118.300454,34.043752
9201207,2020,2021-02-24,1900,2020-12-19,1421,605526,0466,6,5,4,1936,0,0,0,NA,0,46T1,VALLEY VIEW AV,ALONDRA BL,392,S,N,A,-,N,NA,NA,NA,NA,NA,NA,NA,NA,NA,N,4,0,2,2,A,-,04,21703,NA,M,C,C,A,A,H,-,A,A,0,NA,NA,NA,NA,Y,NA,A,01,0,0,2,0,0,0,0,0,0,-,-,NA,NA,LOS ANGELES,LA MIRADA,-118.02896881103516,33.886985778808594
9201313,2020,2021-02-24,1942,2020-12-20,1710,38139,1768,7,5,7,1942,0,0,0,Q,0,17X47,17401 PLUMMER ST,PLUMMER ST 17401,0,NA,N,A,-,N,NA,NA,NA,NA,NA,NA,NA,NA,NA,N,4,0,2,2,A,-,08,22100,A,N,D,C,A,A,-,-,B,D,0,NA,NA,NA,NA,Y,NA,A,07,0,0,2,0,0,0,0,0,0,-,-,NA,NA,LOS ANGELES,LOS ANGELES,-118.513615,34.243069
9201339,2020,2021-02-24,1942,2020-12-23,1810,37453,1823,3,5,7,1942,0,0,0,R,0,18X38,SAN PEDRO,CENTURY BL,0,NA,Y,A,-,N,NA,NA,NA,NA,NA,NA,NA,NA,NA,Y,4,0,1,2,A,-,09,21801,A,N,D,C,A,A,H,-,C,A,0,NA,NA,NA,NA,Y,NA,A,01,0,0,1,0,0,0,0,0,0,-,-,NA,NA,LOS ANGELES,LOS ANGELES,-118.26953125,33.94559097290039
9201359,2020,2021-02-25,1942,2020-12-30,1035,42539,1881,3,5,7,1942,0,0,0,R,0,18A97,S FIGUEROA ST,W ALONDRA BL,0,NA,Y,B,-,N,NA,NA,NA,NA,NA,NA,NA,NA,NA,Y,4,0,2,2,A,-,08,22107,NA,N,A,C,A,A,H,-,A,D,0,NA,NA,NA,NA,Y,NA,A,01,0,0,2,0,0,0,0,0,0,-,-,NA,NA,LOS ANGELES,LOS ANGELES,-118.2827606201172,33.88547897338867
9201401,2020,2021-02-06,1967,2020-12-22,1553,142,NA,2,5,2,1967,0,0,0,NA,0,NORTH,33RD,OLIVE AV,13,W,N,A,-,N,NA,NA,NA,NA,NA,NA,NA,NA,NA,N,4,0,1,2,A,-,11,21954,A,N,G,B,E,A,H,-,A,D,0,Y,NA,NA,NA,Y,NA,N,60,0,0,1,0,1,0,0,0,0,-,-,NA,NA,LOS ANGELES,SIGNAL HILL,-118.18289947509766,33.81707000732422
9201402,2020,2021-02-06,1967,2020-12-29,1417,142,NA,2,5,2,1967,0,0,0,NA,0,SOUTH,CRESCENT HEIGHTS,GAVIOTA AV,0,NA,Y,A,-,N,NA,NA,NA,NA,NA,NA,NA,NA,NA,N,4,0,1,2,D,-,00,NA,NA,F,D,C,A,A,H,-,A,D,0,NA,NA,NA,NA,Y,NA,-,-,0,0,1,0,0,0,0,0,0,-,-,NA,NA,LOS ANGELES,SIGNAL HILL,-118.17093658447266,33.80255889892578
9201405,2020,2021-02-06,1969,2020-12-19,1113,10251,NA,6,5,5,1969,0,0,0,NA,0,003,LIBERTY BL,SAN JUAN AV,0,NA,Y,A,-,N,NA,NA,NA,NA,NA,NA,NA,NA,NA,N,4,0,1,2,A,-,12,22450,A,N,D,C,A,A,H,-,A,A,0,NA,NA,NA,NA,Y,NA,A,01,0,0,1,0,0,0,0,0,0,-,-,33.95962142944336,-118.2005615234375,LOS ANGELES,SOUTH GATE,-118.2005615234375,33.95954895019531
9201407,2020,2021-02-06,1969,2020-12-18,1839,10171,PATRO,5,5,5,1969,0,0,0,NA,0,003,FIRESTONE BL,SAN MIGUEL AV,0,NA,Y,A,-,N,NA,NA,NA,NA,NA,NA,NA,NA,NA,NA,4,0,1,2,A,-,01,23152,A,N,D,C,A,A,H,-,C,A,0,NA,NA,NA,NA,Y,Y,A,01,0,0,1,0,0,0,0,0,0,-,-,33.953529357910156,-118.19915771484376,LOS ANGELES,SOUTH GATE,-118.19914245605467,33.953521728515625
9201414,2020,2021-02-06,1900,2020-12-22,1723,642840,0455,2,5,6,1949,0,0,0,NA,0,45T1,NORWALK,HAYFORD ST,185,S,N,A,-,N,NA,NA,NA,NA,NA,NA,NA,NA,NA,Y,4,0,1,1,A,-,08,22107,NA,N,E,J,A,A,H,-,A,D,0,NA,NA,Y,NA,Y,NA,C,02,0,0,1,0,0,0,0,0,1,-,-,NA,NA,LOS ANGELES,NORWALK,-118.07285308837892,33.887874603271484
9201415,2020,2021-02-06,1900,2020-12-24,2230,627975,0456,4,5,6,1949,0,0,0,NA,0,43T1,ALONDRA BL,SHOEMAKER AV,36,W,N,A,-,N,NA,NA,NA,NA,NA,NA,NA,NA,NA,Y,4,0,1,2,A,-,03,22350,NA,N,C,C,A,A,H,-,C,A,0,NA,NA,NA,NA,Y,NA,A,01,0,0,1,0,0,0,0,0,0,-,-,NA,NA,LOS ANGELES,NORWALK,-118.05549621582033,33.88773727416992
9201416,2020,2021-02-09,1900,2020-12-27,1530,610211,0452,7,5,6,1949,0,0,0,NA,0,43T1,IMPERIAL HWY,RT 605,180,W,N,A,-,N,NA,NA,NA,NA,NA,NA,NA,NA,NA,Y,3,0,3,2,A,-,09,21804,A,N,D,C,A,A,H,-,A,D,0,NA,NA,NA,NA,Y,NA,A,07,0,1,2,0,0,0,0,0,0,-,SF,NA,NA,LOS ANGELES,NORWALK,-118.10491180419922,33.917030334472656
9201417,2020,2021-02-06,1900,2020-12-20,2250,517022,0453,7,5,6,1949,0,0,0,NA,0,43T1PM,STUDEBAKER RD,ADOREE ST,121,N,N,A,-,N,NA,NA,NA,NA,NA,NA,NA,NA,NA,Y,4,0,1,1,A,-,01,23152,A,N,E,I,A,A,H,-,C,A,0,NA,NA,NA,NA,Y,Y,A,01,0,0,1,0,0,0,0,0,0,-,-,NA,NA,LOS ANGELES,NORWALK,-118.09950256347656,33.9140510559082