CASE_ID,ACCIDENT_YEAR,PROC_DATE,JURIS,COLLISION_DATE,COLLISION_TIME,OFFICER_ID,REPORTING_DISTRICT,DAY_OF_WEEK,CHP_SHIFT,POPULATION,CNTY_CITY_LOC,SPECIAL_COND,BEAT_TYPE,CHP_BEAT_TYPE,CITY_DIVISION_LAPD,CHP_BEAT_CLASS,BEAT_NUMBER,PRIMARY_RD,SECONDARY_RD,DISTANCE,DIRECTION,INTERSECTION,WEATHER_1,WEATHER_2,STATE_HWY_IND,CALTRANS_COUNTY,CALTRANS_DISTRICT,STATE_ROUTE,ROUTE_SUFFIX,POSTMILE_PREFIX,POSTMILE,LOCATION_TYPE,RAMP_INTERSECTION,SIDE_OF_HWY,TOW_AWAY,COLLISION_SEVERITY,NUMBER_KILLED,NUMBER_INJURED,PARTY_COUNT,PRIMARY_COLL_FACTOR,PCF_CODE_OF_VIOL,PCF_VIOL_CATEGORY,PCF_VIOLATION,PCF_VIOL_SUBSECTION,HIT_AND_RUN,TYPE_OF_COLLISION,MVIW,PED_ACTION,ROAD_SURFACE,ROAD_COND_1,ROAD_COND_2,LIGHTING,CONTROL_DEVICE,CHP_ROAD_TYPE,PEDESTRIAN_ACCIDENT,BICYCLE_ACCIDENT,MOTORCYCLE_ACCIDENT,TRUCK_ACCIDENT,NOT_PRIVATE_PROPERTY,ALCOHOL_INVOLVED,STWD_VEHTYPE_AT_FAULT,CHP_VEHTYPE_AT_FAULT,COUNT_SEVERE_INJ,COUNT_VISIBLE_INJ,COUNT_COMPLAINT_PAIN,COUNT_PED_KILLED,COUNT_PED_INJURED,COUNT_BICYCLIST_KILLED,COUNT_BICYCLIST_INJURED,COUNT_MC_KILLED,COUNT_MC_INJURED,PRIMARY_RAMP,SECONDARY_RAMP,LATITUDE,LONGITUDE,COUNTY,CITY,POINT_X,POINT_Y
9202544,2020,2021-02-22,1942,2020-12-18,2140,38185,0931,5,5,7,1942,0,0,0,I,0,9A23,HASKELL AV,RT 405,0,NA,Y,B,-,Y,LA,7,405,-,-,41.481,R,4,S,Y,4,0,2,2,A,-,09,21801,A,N,D,C,A,A,H,-,C,A,0,NA,NA,NA,NA,Y,NA,A,07,0,0,2,0,0,0,0,0,0,-,-,NA,NA,LOS ANGELES,LOS ANGELES,-118.47432708740234,34.18817138671875
9202545,2020,2021-02-11,1942,2020-12-18,1715,41316,1921,5,5,7,1942,0,0,0,NA,0,19A1,TELFAIR AV,POLK ST,200,N,N,A,-,N,NA,NA,NA,NA,NA,NA,NA,NA,NA,N,3,0,1,2,A,-,11,21954,A,N,G,B,D,A,H,-,C,D,0,Y,NA,NA,NA,Y,NA,N,60,0,1,0,0,1,0,0,0,0,-,-,NA,NA,LOS ANGELES,LOS ANGELES,-118.4629135131836,34.29666519165039
9202546,2020,2021-02-11,1942,2020-12-17,2040,40383,2183,4,5,7,1942,0,0,0,NA,0,26ZL20,VALLEY CIRCLE BL,AVENUE SAN LUIS,0,NA,Y,A,-,N,NA,NA,NA,NA,NA,NA,NA,NA,NA,N,4,0,1,2,A,-,09,21801,A,N,A,C,A,A,H,-,C,A,0,NA,NA,NA,NA,Y,NA,A,01,0,0,1,0,0,0,0,0,0,-,-,NA,NA,LOS ANGELES,LOS ANGELES,-118.6364288330078,34.15869903564453
9202547,2020,2021-02-11,1942,2020-12-19,1930,40388,1981,6,5,7,1942,0,0,0,NA,0,19A61,SEPULVEDA BL,CHASE ST,0,NA,Y,A,-,N,NA,NA,NA,NA,NA,NA,NA,NA,NA,Y,4,0,2,2,A,-,09,21801,A,N,D,C,A,A,H,-,C,A,0,NA,NA,NA,NA,Y,NA,A,01,0,0,2,0,0,0,0,0,0,-,-,NA,NA,LOS ANGELES,LOS ANGELES,-118.46771240234376,34.2246208190918
9202548,2020,2021-02-11,1942,2020-12-19,2150,38996,0911,6,5,7,1942,0,0,0,I,0,9A23,VICTORY BL,SEPULVEDA BL,0,NA,Y,A,-,N,NA,NA,NA,NA,NA,NA,NA,NA,NA,N,3,0,3,2,A,-,09,21801,A,N,A,C,A,A,H,-,C,A,0,NA,NA,NA,NA,Y,NA,A,07,0,1,2,0,0,0,0,0,0,-,-,NA,NA,LOS ANGELES,LOS ANGELES,-118.46617126464844,34.18666076660156
9202722,2020,2021-01-26,1900,2020-11-20,1042,499039,1510,5,5,5,1954,0,0,0,NA,0,151T1,ROSEMEAD BL,ISORA ST,144,S,N,A,-,N,NA,NA,NA,NA,NA,NA,NA,NA,NA,N,2,0,1,2,A,-,03,22350,NA,M,C,C,A,A,H,-,A,D,0,NA,NA,NA,NA,Y,NA,A,01,1,0,0,0,0,0,0,0,0,-,-,34.01565170288086,-118.0794677734375,LOS ANGELES,PICO RIVERA,-118.07938385009766,34.0157356262207
9203001,2020,2021-02-06,1900,2020-12-07,1130,610427,1369,1,5,5,1952,0,0,0,NA,0,136A,DOWNEY AV,MADISON ST,0,NA,Y,B,-,N,NA,NA,NA,NA,NA,NA,NA,NA,NA,N,4,0,1,2,A,-,10,21950,A,N,G,B,D,A,H,-,A,D,0,Y,NA,NA,NA,Y,NA,A,01,0,0,1,0,1,0,0,0,0,-,-,NA,NA,LOS ANGELES,PARAMOUNT,-118.15148162841795,33.891109466552734
9203002,2020,2021-02-06,1900,2020-12-01,2103,648564,1332,2,5,5,1908,0,0,0,NA,0,133H,ROSECRANS AV,CERRITOS AV,7,S,N,A,-,N,NA,NA,NA,NA,NA,NA,NA,NA,NA,N,3,0,2,2,A,-,12,22450,NA,F,D,C,A,A,H,-,C,A,0,NA,NA,NA,NA,Y,NA,A,01,0,2,0,0,0,0,0,0,0,-,-,NA,NA,LOS ANGELES,BELLFLOWER,-118.13585662841795,33.90403747558594
9203003,2020,2021-02-06,1900,2020-12-07,0245,363464,1366,1,5,5,1952,0,0,0,NA,0,136D,ALONDRA BL,DELCOMBRE AV,20,W,N,A,-,N,NA,NA,NA,NA,NA,NA,NA,NA,NA,N,3,0,1,1,A,-,03,22350,NA,N,A,J,A,-,H,-,C,D,0,NA,NA,Y,NA,Y,NA,C,02,0,1,0,0,0,0,0,0,1,-,-,NA,NA,LOS ANGELES,PARAMOUNT,-118.17909240722656,33.889305114746094
9203004,2020,2021-02-09,1900,2020-12-02,1535,647144,1335,3,5,5,1908,0,0,0,NA,0,133T1,PARK ST,BELLFLOWER BL,0,NA,Y,A,-,N,NA,NA,NA,NA,NA,NA,NA,NA,NA,N,2,0,2,3,A,-,10,21950,A,N,G,B,B,A,G,-,A,B,0,Y,NA,NA,NA,Y,NA,A,07,1,0,1,0,2,0,0,0,0,-,-,NA,NA,LOS ANGELES,BELLFLOWER,-118.12525939941406,33.878440856933594
9203005,2020,2021-02-06,1900,2020-12-05,0530,654365,1333,6,5,5,1908,0,0,0,NA,0,133A,MCNAB AV,ROSECRANS AV,100,S,N,A,-,N,NA,NA,NA,NA,NA,NA,NA,NA,NA,N,4,0,1,3,A,-,03,22350,NA,N,B,E,A,A,H,-,C,D,0,NA,NA,NA,NA,Y,NA,A,01,0,0,1,0,0,0,0,0,0,-,-,NA,NA,LOS ANGELES,BELLFLOWER,-118.11313629150392,33.90176773071289
9203006,2020,2021-02-06,1900,2020-12-05,1250,623044,1368,6,5,5,1952,0,0,0,NA,0,136A,CALIFORNIA AV,ADAMS ST,50,N,N,A,-,N,NA,NA,NA,NA,NA,NA,NA,NA,NA,Y,3,0,1,2,-,-,-,NA,NA,N,C,E,A,A,H,-,A,D,0,NA,NA,NA,NA,Y,NA,A,01,0,1,0,0,0,0,0,0,0,-,-,33.89506912231445,-118.15792846679688,LOS ANGELES,PARAMOUNT,-118.15875244140624,33.89495849609375
9203016,2020,2021-02-06,1925,2020-12-15,1625,14881,146,2,5,6,1925,0,0,0,NA,0,005,BROADVIEW DR,SIERRA VISTA AV,0,NA,Y,A,-,N,NA,NA,NA,NA,NA,NA,NA,NA,NA,N,3,0,1,1,C,-,18,NA,NA,N,H,I,A,A,H,-,A,D,0,NA,NA,Y,NA,Y,NA,-,-,0,1,0,0,0,0,0,0,1,-,-,NA,NA,LOS ANGELES,GLENDALE,-118.2332000732422,34.20624923706055
9203017,2020,2021-02-06,1925,2020-12-14,1520,22783,242,1,5,6,1925,0,0,0,NA,0,003,COLORADO ST,CHEVY CHASE DR,0,NA,Y,A,-,N,NA,NA,NA,NA,NA,NA,NA,NA,NA,Y,4,0,1,2,A,-,09,21801,A,N,A,C,A,A,H,-,A,A,0,NA,NA,NA,NA,Y,NA,A,07,0,0,1,0,0,0,0,0,0,-,-,NA,NA,LOS ANGELES,GLENDALE,-118.23960876464844,34.14263153076172
9203018,2020,2021-02-08,1925,2020-12-15,0855,235871,220,2,5,6,1925,0,0,0,NA,0,001,BRAND BL,MONTEREH RD,0,NA,Y,A,-,N,NA,NA,NA,NA,NA,NA,NA,NA,NA,Y,4,0,1,2,A,-,12,21453,A,N,D,C,A,A,H,-,A,A,0,NA,NA,NA,NA,Y,NA,A,01,0,0,1,0,0,0,0,0,0,-,-,NA,NA,LOS ANGELES,GLENDALE,-118.25498,34.15751
9203019,2020,2021-02-06,1925,2020-12-18,0131,27629,1,5,5,6,1925,0,0,0,NA,0,172,N KENILWORTH AV,N KENILWORTH AV 1101,0,NA,N,A,-,N,NA,NA,NA,NA,NA,NA,NA,NA,NA,Y,3,0,1,1,A,-,01,23152,A,N,E,J,A,A,H,-,C,D,0,NA,NA,NA,NA,Y,NA,A,07,0,1,0,0,0,0,0,0,0,-,-,NA,NA,LOS ANGELES,GLENDALE,NA,NA
9203020,2020,2021-02-10,1925,2020-12-15,1258,21092,226,2,5,6,1925,0,0,0,NA,0,002,ORANGE ST,CALIFORNIA AV,0,NA,Y,A,-,N,NA,NA,NA,NA,NA,NA,NA,NA,NA,Y,3,0,2,3,A,-,12,21453,A,N,D,C,A,A,H,-,A,A,0,NA,NA,NA,NA,Y,NA,A,07,0,1,1,0,0,0,0,0,0,-,-,NA,NA,LOS ANGELES,GLENDALE,-118.25640869140624,34.1498908996582
9203031,2020,2021-02-06,1967,2020-12-08,1608,102,NA,2,5,2,1967,0,0,0,NA,0,NORTH,SPRING ST,ORANGE AV,0,NA,Y,A,-,N,NA,NA,NA,NA,NA,NA,NA,NA,NA,Y,4,0,1,2,A,-,12,21453,A,N,D,C,A,-,H,-,A,A,0,NA,NA,NA,NA,Y,NA,A,07,0,0,1,0,0,0,0,0,0,-,-,NA,NA,LOS ANGELES,SIGNAL HILL,-118.17630767822266,33.81167984008789
9203032,2020,2021-02-06,1967,2020-12-09,0807,162,NA,3,5,2,1967,0,0,0,NA,0,SOUTH,CHERRY AV,SKYLINE DR,86,N,N,A,-,N,NA,NA,NA,NA,NA,NA,NA,NA,NA,Y,4,0,1,2,A,-,03,22350,NA,N,C,C,A,A,H,-,A,D,0,NA,NA,NA,NA,Y,NA,A,01,0,0,1,0,0,0,0,0,0,-,-,NA,NA,LOS ANGELES,SIGNAL HILL,-118.16754913330078,33.800987243652344
9203033,2020,2021-02-06,1967,2020-12-04,1222,153,NA,5,5,2,1967,0,0,0,NA,0,SOUTH,CHERRY AV,CRESCENT HEIGHTS,0,NA,Y,A,-,N,NA,NA,NA,NA,NA,NA,NA,NA,NA,Y,3,0,2,2,-,-,-,NA,A,N,D,C,A,A,H,-,A,A,0,NA,NA,NA,NA,Y,NA,A,01,0,1,1,0,0,0,0,0,0,-,-,NA,NA,LOS ANGELES,SIGNAL HILL,-118.16769,33.80256
9203039,2020,2021-02-11,1909,2020-12-10,0603,486,1909,4,5,4,1909,0,0,0,NA,0,SOUTH,CLARA ST,GARFIELD AV,23,W,N,A,-,N,NA,NA,NA,NA,NA,NA,NA,NA,NA,Y,4,0,1,2,A,-,00,21458,A,F,G,B,B,-,H,-,C,A,0,Y,NA,NA,NA,Y,Y,A,01,0,0,1,0,1,0,0,0,0,-,-,NA,NA,LOS ANGELES,BELL GARDENS,-118.15412139892578,33.96201705932617
9203040,2020,2021-02-11,1909,2020-12-01,1442,599,1909,2,5,4,1909,0,0,0,NA,0,SOUTH,EASTERN AV,JABONERIA RD,0,NA,Y,A,-,N,NA,NA,NA,NA,NA,NA,NA,NA,NA,Y,2,0,2,2,A,-,09,21801,A,N,D,C,A,-,H,-,A,A,0,NA,NA,NA,NA,Y,NA,A,01,1,0,1,0,0,0,0,0,0,-,-,33.959930419921875,-118.16542053222656,LOS ANGELES,BELL GARDENS,-118.16546630859376,33.9598503112793
9203122,2020,2021-01-20,1900,2020-11-30,1005,647602,1321,1,5,5,1935,0,0,0,NA,0,132T1,BELLFLOWER BL,ASHWORTH ST,402,S,N,A,-,N,NA,NA,NA,NA,NA,NA,NA,NA,NA,N,4,0,1,1,A,-,03,22350,NA,N,F,C,A,A,H,-,A,D,0,NA,NA,NA,NA,Y,NA,A,01,0,0,1,0,0,0,0,0,0,-,-,33.86677169799805,-118.12503814697266,LOS ANGELES,LAKEWOOD,-118.12537384033205,33.866817474365234
9203123,2020,2021-01-20,1900,2020-11-28,1215,616065,1351,6,5,3,1927,0,0,0,NA,0,1358/D,224TH ST,BELSHIRE AV,0,NA,Y,A,-,N,NA,NA,NA,NA,NA,NA,NA,NA,NA,N,3,0,1,2,A,-,12,22450,A,N,D,G,A,A,H,-,A,A,0,NA,Y,NA,NA,Y,NA,A,07,0,1,0,0,0,0,1,0,0,-,-,33.825401306152344,-118.0698013305664,LOS ANGELES,HAWAIIAN GARDENS,-118.0698013305664,33.825469970703125
9203124,2020,2021-01-20,1900,2020-11-30,1751,615096,1333,1,5,5,1908,0,0,0,NA,0,133T1,ROSECRANS AV,CARPINTERO AV,65,W,N,A,-,N,NA,NA,NA,NA,NA,NA,NA,NA,NA,Y,3,0,1,2,A,-,09,21804,A,N,D,C,A,A,H,-,C,D,0,NA,NA,NA,NA,Y,NA,A,01,0,1,0,0,0,0,0,0,0,-,-,33.90203094482422,-118.11419677734376,LOS ANGELES,BELLFLOWER,-118.11443328857422,33.902034759521484
9203125,2020,2021-01-20,1900,2020-11-30,1450,647144,132,1,5,5,1935,0,0,0,NA,0,132T1,PALO VERDE AV,DEL AMO BL,0,NA,Y,A,-,N,NA,NA,NA,NA,NA,NA,NA,NA,NA,Y,4,0,3,2,A,-,09,21801,A,N,A,C,A,A,H,-,A,A,0,NA,NA,NA,NA,Y,NA,A,01,0,0,3,0,0,0,0,0,0,-,-,NA,NA,LOS ANGELES,LAKEWOOD,-118.10769653320313,33.84706115722656
9203126,2020,2021-01-20,1900,2020-11-24,1714,640991,1335,2,5,5,1908,0,0,0,NA,0,133E,CLARK AV,CEDAR ST,10,S,N,A,-,N,NA,NA,NA,NA,NA,NA,NA,NA,NA,N,4,0,1,2,A,-,09,21801,A,N,A,C,A,A,H,-,C,A,0,NA,NA,NA,NA,Y,NA,A,07,0,0,1,0,0,0,0,0,0,-,-,NA,NA,LOS ANGELES,BELLFLOWER,-118.13388824462892,33.87111282348633
9203127,2020,2021-01-20,1900,2020-11-24,1150,548030,1366,2,5,5,1952,0,0,0,NA,0,136B,ORANGE AV,MOTZ ST,0,NA,Y,A,-,N,NA,NA,NA,NA,NA,NA,NA,NA,NA,Y,3,0,1,3,A,-,09,21801,A,N,D,C,A,A,H,-,A,D,0,NA,NA,NA,NA,Y,NA,A,08,0,1,0,0,0,0,0,0,0,-,-,NA,NA,LOS ANGELES,PARAMOUNT,-118.17749786376952,33.88740921020508
9203128,2020,2021-01-20,1900,2020-11-26,0719,648076,1336,4,5,5,1908,0,0,0,NA,0,133,ARTESIA BL,BELLFLOWER BL,0,NA,Y,A,-,N,NA,NA,NA,NA,NA,NA,NA,NA,NA,Y,4,0,1,2,A,-,17,22109,NA,M,C,C,A,A,H,-,A,A,0,NA,NA,NA,NA,Y,NA,A,07,0,0,1,0,0,0,0,0,0,-,-,NA,NA,LOS ANGELES,BELLFLOWER,-118.1252212524414,33.874839782714844
9203129,2020,2021-01-20,1900,2020-11-27,1735,648050,1351,5,5,3,1927,0,0,0,NA,0,135B,CARSON ST,JUAN AV,97,E,N,A,-,N,NA,NA,NA,NA,NA,NA,NA,NA,NA,N,3,0,1,2,A,-,03,22350,NA,N,C,C,A,A,H,-,C,D,0,NA,NA,NA,NA,Y,NA,A,01,0,1,0,0,0,0,0,0,0,-,-,NA,NA,LOS ANGELES,HAWAIIAN GARDENS,-118.07527923583984,33.8315315246582
9203133,2020,2021-01-20,1900,2020-11-03,0730,653518,NA,2,5,5,1915,0,0,0,NA,0,283,WILMINGTON AV,CALDWELL ST,12,W,N,B,-,N,NA,NA,NA,NA,NA,NA,NA,NA,NA,Y,4,0,1,2,A,-,12,21453,A,N,D,C,A,A,H,-,A,A,0,NA,NA,NA,NA,Y,Y,A,08,0,0,1,0,0,0,0,0,0,-,-,NA,NA,LOS ANGELES,COMPTON,-118.23678588867188,33.88396453857422
9203140,2020,2021-01-21,1909,2020-11-28,1311,563,1909,6,5,4,1909,0,0,0,NA,0,NA,EASTERN AV,PRIORY ST,0,NA,Y,A,-,NA,NA,NA,NA,NA,NA,NA,NA,NA,NA,Y,4,0,1,2,A,-,09,21802,A,N,D,C,A,A,H,-,A,D,0,NA,NA,NA,NA,Y,NA,A,07,0,0,1,0,0,0,0,0,0,-,-,33.96424102783203,-118.16522979736328,LOS ANGELES,BELL GARDENS,-118.1653289794922,33.964229583740234
9203141,2020,2021-01-05,1963,2020-09-29,0156,00356,101,2,5,3,1963,0,0,0,NA,0,ONE,LOS ROBLES AV,OLD MILL RD,168,S,N,A,-,N,NA,NA,NA,NA,NA,NA,NA,NA,NA,Y,4,0,1,1,A,-,03,22350,NA,N,E,I,A,A,H,-,C,D,0,NA,NA,NA,NA,Y,NA,A,01,0,0,1,0,0,0,0,0,0,-,-,NA,NA,LOS ANGELES,SAN MARINO,-118.13863372802734,34.11773681640625
9203144,2020,2021-01-05,1963,2020-09-10,1438,00365,242,4,5,3,1963,0,0,0,NA,0,TWO,HUNTINGTON DR E,BRADBURY RD,218,W,N,A,-,N,NA,NA,NA,NA,NA,NA,NA,NA,NA,N,4,0,1,2,A,-,03,22350,NA,N,C,C,A,A,H,-,A,A,0,NA,NA,NA,NA,Y,NA,A,07,0,0,1,0,0,0,0,0,0,-,-,NA,NA,LOS ANGELES,SAN MARINO,-118.09706878662108,34.12504577636719
9203145,2020,2021-01-05,1963,2020-09-11,1406,00284,127,5,5,3,1963,0,0,0,NA,0,TWO,SIERRA MADRE BL,EUSTON RD,0,NA,Y,B,-,N,NA,NA,NA,NA,NA,NA,NA,NA,NA,Y,3,0,2,2,A,-,09,21802,A,N,D,C,A,A,H,-,A,A,0,NA,NA,NA,NA,Y,NA,A,01,0,1,1,0,0,0,0,0,0,-,-,NA,NA,LOS ANGELES,SAN MARINO,-118.10691833496094,34.12508010864258
9203150,2020,2020-12-31,1922,2020-09-12,1337,639,NA,6,5,6,1922,0,0,0,NA,0,001,PECK RD,FOREST GROVE AV,0,NA,Y,A,-,N,NA,NA,NA,NA,NA,NA,NA,NA,NA,N,3,0,2,2,A,-,09,21802,A,N,D,C,A,A,H,-,A,A,0,NA,NA,NA,NA,Y,NA,A,01,0,1,1,0,0,0,0,0,0,-,-,34.07761001586914,-118.02574920654295,LOS ANGELES,EL MONTE,-118.02195739746094,34.07598114013672
9203162,2020,2021-01-05,1942,2020-08-24,1410,41212,0205,1,5,7,1942,0,0,0,B,0,2A5W2,VIRGIL,CINTON,0,NA,Y,A,-,N,NA,NA,NA,NA,NA,NA,NA,NA,NA,N,4,0,1,2,A,-,10,21950,NA,N,G,A,B,A,H,-,A,A,0,Y,NA,NA,NA,Y,NA,A,01,0,0,1,0,1,0,0,0,0,-,-,NA,NA,LOS ANGELES,LOS ANGELES,-118.28683,34.08178
9203163,2020,2021-01-05,1942,2020-08-15,2005,42762,2A68,6,5,7,1942,0,0,0,NA,0,0275,JAMES M WOOD BL,BONNIEBRAE ST,300,W,N,A,-,N,NA,NA,NA,NA,NA,NA,NA,NA,NA,N,3,0,2,2,A,-,09,21801,A,N,D,C,A,A,H,-,C,D,0,NA,NA,NA,NA,Y,NA,A,08,0,1,1,0,0,0,0,0,0,-,-,NA,NA,LOS ANGELES,LOS ANGELES,-118.277438,34.052779
9203164,2020,2021-01-05,1942,2020-08-17,1530,43353,0201,1,5,7,1942,0,0,0,B,0,2A1-W2,N ALEXANDRIA AV,ROMAINE ST,30,N,N,A,-,N,NA,NA,NA,NA,NA,NA,NA,NA,NA,N,4,0,1,2,A,-,08,22107,NA,F,B,G,A,A,H,-,A,D,0,NA,Y,NA,NA,Y,NA,-,99,0,0,1,0,0,0,1,0,0,-,-,NA,NA,LOS ANGELES,LOS ANGELES,-118.29786682128906,34.0886116027832
9203170,2020,2021-01-06,1941,2020-08-13,1607,5226,NA,4,5,7,1941,0,0,0,NA,0,NA,LINDEN AV,11TH ST,0,N,N,A,-,N,NA,NA,NA,NA,NA,NA,NA,NA,NA,N,4,0,1,2,D,-,00,NA,NA,N,C,B,E,A,H,-,A,D,0,Y,NA,NA,NA,Y,NA,-,-,0,0,1,0,1,0,0,0,0,-,-,NA,NA,LOS ANGELES,LONG BEACH,-118.18668365478516,33.78091812133789
9203173,2020,2021-01-06,1942,2020-08-24,2015,43947,0182,1,5,7,1942,0,0,0,A,0,1A61W3,GRAND AV,9TH ST,0,NA,Y,A,-,N,NA,NA,NA,NA,NA,NA,NA,NA,NA,N,4,0,2,2,A,-,12,21453,A,F,D,G,A,A,H,-,C,A,0,NA,Y,NA,NA,Y,NA,L,04,0,0,2,0,0,0,0,0,0,-,-,NA,NA,LOS ANGELES,LOS ANGELES,-118.29017639160156,33.73604965209961
9203174,2020,2021-01-05,1961,2020-08-17,1330,10473,1961,1,5,3,1961,0,0,0,NA,0,001,MACLAY AV,SEVENTH ST,0,NA,Y,A,-,N,NA,NA,NA,NA,NA,NA,NA,NA,NA,N,3,0,2,2,A,-,09,21801,A,N,D,C,A,A,H,-,A,A,0,NA,NA,NA,NA,Y,NA,A,01,0,1,1,0,0,0,0,0,0,-,-,NA,NA,LOS ANGELES,SAN FERNANDO,-118.42707824707033,34.293701171875
9203175,2020,2021-01-05,1961,2020-08-15,1425,0620,NA,6,5,3,1961,0,0,0,NA,0,003,SAN FERNANDO RD,S LAZARD ST,300,E,N,A,-,N,NA,NA,NA,NA,NA,NA,NA,NA,NA,Y,3,0,3,2,A,-,09,21804,A,N,D,C,A,A,H,-,A,D,0,NA,NA,NA,NA,Y,NA,A,01,0,1,2,0,0,0,0,0,0,-,-,NA,NA,LOS ANGELES,SAN FERNANDO,-118.44723510742188,34.288185119628906
9203176,2020,2021-01-05,1961,2020-08-22,1510,10337,NA,6,5,3,1961,0,0,0,NA,0,NA,MACLAY AV,SEVENTH ST,0,NA,Y,A,-,N,NA,NA,NA,NA,NA,NA,NA,NA,NA,N,4,0,1,2,A,-,03,22350,NA,N,C,C,A,A,H,-,A,A,0,NA,NA,NA,NA,Y,NA,A,01,0,0,1,0,0,0,0,0,0,-,-,NA,NA,LOS ANGELES,SAN FERNANDO,-118.42707824707033,34.293701171875
9203183,2020,2021-01-06,1905,2020-07-29,1533,1110,131,3,5,4,1905,0,0,0,NA,0,061,AZUSA AV,PARAMOUNT ST,0,NA,Y,A,-,N,NA,NA,NA,NA,NA,NA,NA,NA,NA,Y,3,0,1,2,A,-,12,21453,A,N,D,C,A,A,H,-,A,A,0,NA,NA,NA,NA,Y,NA,A,07,0,1,0,0,0,0,0,0,0,-,-,34.11790084838867,-117.90754699707033,LOS ANGELES,AZUSA,-117.90770721435548,34.11800003051758
9203184,2020,2021-01-14,1942,2020-07-24,0410,43222,1263,5,5,7,1942,0,0,0,L,0,12A67,84TH PL,WESTERN AV,0,NA,Y,A,-,N,NA,NA,NA,NA,NA,NA,NA,NA,NA,N,3,0,1,2,D,-,00,NA,NA,F,G,B,E,A,H,-,C,A,0,Y,NA,NA,NA,Y,Y,-,-,0,1,0,0,1,0,0,0,0,-,-,NA,NA,LOS ANGELES,LOS ANGELES,-118.30902099609376,33.961788177490234
9203189,2020,2021-01-06,1900,2020-07-28,1410,643702,1360,2,5,5,1952,0,0,0,NA,0,136D,GARFIELD AV,SOMERSET RANCH ROAD,0,NA,Y,A,-,N,NA,NA,NA,NA,NA,NA,NA,NA,NA,Y,4,0,1,3,A,-,12,21453,A,N,F,C,A,A,-,-,A,A,0,NA,NA,NA,NA,Y,NA,A,01,0,0,1,0,0,0,0,0,0,-,-,NA,NA,LOS ANGELES,PARAMOUNT,-118.16890716552734,33.910499572753906
9203193,2020,2021-01-25,1963,2020-07-25,1138,00365,223,6,5,3,1963,0,0,0,NA,0,002,HUNTINGTON DR,VIRGINIA RD,300,W,N,A,-,N,NA,NA,NA,NA,NA,NA,NA,NA,NA,N,3,0,1,2,A,-,07,21658,A,F,B,G,A,A,H,-,A,D,0,NA,Y,NA,NA,Y,NA,A,07,0,1,0,0,0,0,1,0,0,-,-,NA,NA,LOS ANGELES,SAN MARINO,-118.11859130859376,34.117401123046875
9203194,2020,2021-01-06,1963,2020-07-27,1115,00346,108,1,5,3,1963,0,0,0,NA,0,ONE,MILL LN,VIRGINA RD,267,W,N,A,-,N,NA,NA,NA,NA,NA,NA,NA,NA,NA,N,3,0,1,1,A,-,06,21755,A,N,H,A,A,A,G,-,A,D,0,NA,Y,NA,NA,Y,NA,L,04,0,1,0,0,0,0,1,0,0,-,-,NA,NA,LOS ANGELES,SAN MARINO,-118.12552642822266,34.12087631225586
9203196,2020,2021-01-06,1963,2020-07-23,1818,00351,114,4,5,3,1963,0,0,0,NA,0,001,HUNTINGTON DR,SAINT ALBANS RD,0,NA,Y,A,-,N,NA,NA,NA,NA,NA,NA,NA,NA,NA,Y,3,0,1,2,D,-,00,NA,NA,N,D,C,A,A,H,-,A,A,0,NA,NA,NA,NA,Y,NA,-,-,0,1,0,0,0,0,0,0,0,-,-,NA,NA,LOS ANGELES,SAN MARINO,-118.1212921142578,34.11574172973633
9203203,2020,2021-01-11,1942,2020-05-20,0005,42096,1283,3,5,7,1942,0,0,0,L,0,1273,VAN NESS AV,CENTURY BL,0,NA,Y,A,-,N,NA,NA,NA,NA,NA,NA,NA,NA,NA,N,4,0,1,2,A,-,03,22350,NA,F,C,C,A,A,H,-,C,A,0,NA,NA,NA,NA,Y,NA,A,01,0,0,1,0,0,0,0,0,0,-,-,NA,NA,LOS ANGELES,LOS ANGELES,-118.31771850585938,33.94546127319336
9203207,2020,2021-01-05,1922,2020-05-05,2122,673,4,2,5,6,1922,0,0,0,NA,0,004,DURFEE AV,FINEVIEW,200,N,N,A,-,N,NA,NA,NA,NA,NA,NA,NA,NA,NA,N,2,0,1,2,A,-,11,21956,A,N,G,B,E,A,H,-,C,A,0,Y,NA,NA,NA,Y,NA,N,60,1,0,0,0,1,0,0,0,0,-,-,34.0489387512207,-118.02529907226564,LOS ANGELES,EL MONTE,-118.02629089355467,34.04865646362305
9203213,2020,2021-03-11,1942,2020-05-09,0055,39277,1745,6,5,7,1942,0,0,0,Q,0,17A49,KINGSBURY ST,LINDLEY AV,0,NA,Y,A,-,N,NA,NA,NA,NA,NA,NA,NA,NA,NA,N,2,0,3,7,A,-,03,22350,NA,F,C,E,E,A,H,-,C,D,0,Y,NA,NA,NA,Y,NA,A,01,2,1,0,0,3,0,0,0,0,-,-,NA,NA,LOS ANGELES,LOS ANGELES,-118.52735137939452,34.262691497802734
9203214,2020,2021-01-06,1942,2020-05-26,2334,42927,1842,2,5,7,1942,0,0,0,R,0,18T90,BROADWAY,109TH PL,0,NA,Y,A,-,N,NA,NA,NA,NA,NA,NA,NA,NA,NA,Y,3,0,4,4,A,-,03,22350,NA,N,D,C,A,A,H,-,C,A,0,NA,NA,NA,NA,Y,NA,A,01,0,2,2,0,0,0,0,0,0,-,-,NA,NA,LOS ANGELES,LOS ANGELES,-118.27838134765624,33.93650817871094
9203215,2020,2021-01-05,1942,2020-05-13,1435,37600,1321,3,5,7,1942,0,0,0,M,0,13X21,22ND ST,MAIN,0,NA,Y,A,-,N,NA,NA,NA,NA,NA,NA,NA,NA,NA,N,4,0,1,3,A,-,09,21804,A,N,D,C,A,A,H,-,A,D,0,NA,NA,NA,NA,Y,NA,A,01,0,0,1,0,0,0,0,0,0,-,-,NA,NA,LOS ANGELES,LOS ANGELES,-118.2664794921875,34.0283203125