CASE_ID,ACCIDENT_YEAR,PROC_DATE,JURIS,COLLISION_DATE,COLLISION_TIME,OFFICER_ID,REPORTING_DISTRICT,DAY_OF_WEEK,CHP_SHIFT,POPULATION,CNTY_CITY_LOC,SPECIAL_COND,BEAT_TYPE,CHP_BEAT_TYPE,CITY_DIVISION_LAPD,CHP_BEAT_CLASS,BEAT_NUMBER,PRIMARY_RD,SECONDARY_RD,DISTANCE,DIRECTION,INTERSECTION,WEATHER_1,WEATHER_2,STATE_HWY_IND,CALTRANS_COUNTY,CALTRANS_DISTRICT,STATE_ROUTE,ROUTE_SUFFIX,POSTMILE_PREFIX,POSTMILE,LOCATION_TYPE,RAMP_INTERSECTION,SIDE_OF_HWY,TOW_AWAY,COLLISION_SEVERITY,NUMBER_KILLED,NUMBER_INJURED,PARTY_COUNT,PRIMARY_COLL_FACTOR,PCF_CODE_OF_VIOL,PCF_VIOL_CATEGORY,PCF_VIOLATION,PCF_VIOL_SUBSECTION,HIT_AND_RUN,TYPE_OF_COLLISION,MVIW,PED_ACTION,ROAD_SURFACE,ROAD_COND_1,ROAD_COND_2,LIGHTING,CONTROL_DEVICE,CHP_ROAD_TYPE,PEDESTRIAN_ACCIDENT,BICYCLE_ACCIDENT,MOTORCYCLE_ACCIDENT,TRUCK_ACCIDENT,NOT_PRIVATE_PROPERTY,ALCOHOL_INVOLVED,STWD_VEHTYPE_AT_FAULT,CHP_VEHTYPE_AT_FAULT,COUNT_SEVERE_INJ,COUNT_VISIBLE_INJ,COUNT_COMPLAINT_PAIN,COUNT_PED_KILLED,COUNT_PED_INJURED,COUNT_BICYCLIST_KILLED,COUNT_BICYCLIST_INJURED,COUNT_MC_KILLED,COUNT_MC_INJURED,PRIMARY_RAMP,SECONDARY_RAMP,LATITUDE,LONGITUDE,COUNTY,CITY,POINT_X,POINT_Y
9206637,2020,2021-01-28,1941,2020-11-28,2008,11600,NA,6,5,7,1941,0,0,0,NA,0,NA,ALAMITOS AV,S 3RD ST,0,S,N,A,-,N,NA,NA,NA,NA,NA,NA,NA,NA,NA,Y,4,0,1,2,A,-,08,22107,NA,N,A,C,A,A,H,-,C,A,0,NA,NA,NA,NA,Y,NA,-,-,0,0,1,0,0,0,0,0,0,-,-,NA,NA,LOS ANGELES,LONG BEACH,-118.18167877197266,33.77048873901367
9206638,2020,2021-01-28,1941,2020-11-27,0928,11539,901T,5,5,7,1941,0,0,0,NA,0,NA,OCEAN BL,13TH PL,0,NA,Y,A,-,N,NA,NA,NA,NA,NA,NA,NA,NA,NA,Y,4,0,1,2,A,-,03,22350,NA,N,A,E,A,A,H,-,A,A,0,NA,NA,NA,NA,Y,NA,A,NA,0,0,1,0,0,0,0,0,0,-,-,NA,NA,LOS ANGELES,LONG BEACH,-118.17069244384766,33.76478958129883
9206639,2020,2021-01-28,1941,2020-11-26,1635,11568,901T,4,5,7,1941,0,0,0,NA,0,NA,16TH ST,TRIBUNE CT,0,NA,Y,A,-,N,NA,NA,NA,NA,NA,NA,NA,NA,NA,N,4,0,1,2,A,-,08,22107,NA,N,D,C,A,A,H,-,A,D,0,NA,NA,Y,NA,Y,NA,A,NA,0,0,1,0,0,0,0,0,1,-,-,NA,NA,LOS ANGELES,LONG BEACH,-118.19171142578124,33.78715896606445
9206640,2020,2021-01-28,1941,2020-11-26,1144,11548,901T,4,5,7,1941,0,0,0,NA,0,NA,OCEAN BL,LINDEN AV,0,NA,Y,A,-,N,NA,NA,NA,NA,NA,NA,NA,NA,NA,N,3,0,1,2,A,-,09,21802,A,N,D,B,B,A,H,-,A,A,0,Y,NA,NA,NA,Y,NA,-,NA,0,1,0,0,1,0,0,0,0,-,-,NA,NA,LOS ANGELES,LONG BEACH,-118.18636322021484,33.766578674316406
9206641,2020,2021-01-29,1941,2020-11-25,2200,11560,NA,3,5,7,1941,0,0,0,NA,0,NA,PARK AV,BROADWAY,0,NA,Y,A,-,N,NA,NA,NA,NA,NA,NA,NA,NA,NA,N,4,0,1,2,A,-,11,21954,A,N,G,B,E,A,H,-,C,A,0,Y,NA,NA,NA,Y,NA,N,NA,0,0,1,0,1,0,0,0,0,-,-,NA,NA,LOS ANGELES,LONG BEACH,-118.13722229003906,33.76445007324219
9206642,2020,2021-01-29,1941,2020-11-29,0611,11401,NA,7,5,7,1941,0,0,0,NA,0,NA,OBISPO AV,ANAHEIM ST,130,S,N,A,-,N,NA,NA,NA,NA,NA,NA,NA,NA,NA,N,2,0,1,2,A,-,11,21954,A,N,G,B,E,A,H,-,B,A,0,Y,NA,NA,NA,Y,NA,N,NA,1,0,0,0,1,0,0,0,0,-,-,NA,NA,LOS ANGELES,LONG BEACH,-118.15459442138672,33.78224182128906
9206643,2020,2021-01-29,1941,2020-11-28,1307,10913,NA,6,5,7,1941,0,0,0,NA,0,NA,ANAHEIM ST,PINE  AV,0,NA,-,A,-,N,NA,NA,NA,NA,NA,NA,NA,NA,NA,Y,4,0,3,3,A,-,12,21453,A,N,D,C,A,A,H,-,A,A,0,NA,NA,NA,NA,Y,NA,A,NA,0,0,3,0,0,0,0,0,0,-,-,NA,NA,LOS ANGELES,LONG BEACH,-118.19239044189452,33.78260040283203
9206644,2020,2021-01-29,1941,2020-11-28,1148,11531,NA,6,5,7,1941,0,0,0,NA,0,NA,WARDLOW RD,MAGNOLIA AV,0,NA,Y,A,-,N,NA,NA,NA,NA,NA,NA,NA,NA,NA,Y,4,0,2,2,A,-,08,22107,NA,N,D,C,A,A,H,-,A,A,0,NA,NA,NA,NA,Y,NA,A,NA,0,0,2,0,0,0,0,0,0,-,-,NA,NA,LOS ANGELES,LONG BEACH,-118.19805145263672,33.81917190551758
9206646,2020,2021-02-02,1941,2020-11-29,1650,11234,NA,7,5,7,1941,0,0,0,NA,0,NA,REDONDO AV,EAST 10TH ST,0,NA,Y,A,-,N,NA,NA,NA,NA,NA,NA,NA,NA,NA,N,3,0,1,3,A,-,08,22107,NA,M,G,B,-,A,H,-,A,A,0,Y,NA,NA,NA,Y,NA,-,-,0,1,0,0,1,0,0,0,0,-,-,NA,NA,LOS ANGELES,LONG BEACH,-118.15242767333984,33.77894973754883
9206647,2020,2021-01-29,1941,2020-11-30,1138,11542,NA,1,5,7,1941,0,0,0,NA,0,NA,PARAMOUNT BL,EAST 65TH ST,0,NA,Y,A,-,N,NA,NA,NA,NA,NA,NA,NA,NA,NA,Y,3,0,1,2,A,-,09,21801,A,N,D,C,A,A,H,-,A,D,0,NA,NA,Y,NA,Y,NA,A,NA,0,1,0,0,0,0,0,0,1,-,-,NA,NA,LOS ANGELES,LONG BEACH,-118.15997314453124,33.872459411621094
9206648,2020,2021-01-29,1941,2020-11-30,1035,11392,NA,1,5,7,1941,0,0,0,NA,0,NA,15TH ST,LONG BEACH BL,0,NA,Y,A,-,N,NA,NA,NA,NA,NA,NA,NA,NA,NA,N,4,0,1,2,A,-,03,22350,NA,N,D,C,A,A,H,-,A,D,0,NA,NA,NA,NA,Y,NA,-,-,0,0,1,0,0,0,0,0,0,-,-,NA,NA,LOS ANGELES,LONG BEACH,-118.18948364257813,33.78532028198242
9206649,2020,2021-01-29,1941,2020-11-30,1100,11142,NA,1,5,7,1941,0,0,0,NA,0,NA,49TH ST,RUTH AV,0,NA,Y,A,-,N,NA,NA,NA,NA,NA,NA,NA,NA,NA,N,4,0,1,2,-,-,-,NA,NA,N,H,B,D,A,H,-,A,A,0,Y,NA,NA,NA,Y,NA,-,-,0,0,1,0,1,0,0,0,0,-,-,NA,NA,LOS ANGELES,LONG BEACH,-118.19596099853516,33.84484100341797
9206650,2020,2021-01-29,1941,2020-11-30,0824,11014,NA,1,5,7,1941,0,0,0,NA,0,NA,7TH ST,WALNUT AV,0,NA,Y,A,-,N,NA,NA,NA,NA,NA,NA,NA,NA,NA,N,4,0,1,2,A,-,08,22107,NA,N,A,B,B,A,H,-,A,A,0,Y,NA,NA,NA,Y,NA,-,-,0,0,1,0,1,0,0,0,0,-,-,NA,NA,LOS ANGELES,LONG BEACH,-118.17202758789064,33.77534866333008
9206651,2020,2021-01-29,1941,2020-11-23,1501,10951,NA,1,5,7,1941,0,0,0,NA,0,NA,OCEAN BL,55TH PL,0,NA,Y,A,-,N,NA,NA,NA,NA,NA,NA,NA,NA,NA,N,3,0,1,2,A,-,09,21802,A,F,B,G,A,A,H,-,A,D,0,NA,Y,NA,NA,Y,NA,A,NA,0,1,0,0,0,0,1,0,0,-,-,NA,NA,LOS ANGELES,LONG BEACH,-118.12863159179688,33.75151062011719
9206652,2020,2021-01-29,1941,2020-11-25,2123,11524,NA,3,5,7,1941,0,0,0,NA,0,NA,OCEAN BL,3RD PL,0,NA,Y,A,-,N,NA,NA,NA,NA,NA,NA,NA,NA,NA,Y,2,0,2,2,A,-,08,22100,5,N,D,C,A,A,H,-,C,A,0,NA,NA,NA,NA,Y,NA,A,NA,1,0,1,0,0,0,0,0,0,-,-,NA,NA,LOS ANGELES,LONG BEACH,-118.17958831787108,33.765968322753906
9206653,2020,2021-01-29,1941,2020-11-25,2003,11350,NA,3,5,7,1941,0,0,0,NA,0,NA,4TH ST,WALNUT AV,0,NA,Y,A,-,N,NA,NA,NA,NA,NA,NA,NA,NA,NA,N,4,0,1,2,A,-,10,21950,A,N,G,B,B,A,H,-,-,A,0,Y,NA,NA,NA,Y,NA,A,NA,0,0,1,0,1,0,0,0,0,-,-,NA,NA,LOS ANGELES,LONG BEACH,-118.17204284667967,33.77170944213867
9206654,2020,2021-02-09,1941,2020-11-25,1208,5617,NA,3,5,7,1941,0,0,0,NA,0,NA,PALO VERDE AV,RT 405,0,NA,Y,A,-,Y,LA,7,405,-,-,1.522,R,4,N,Y,4,0,2,3,A,-,12,21453,A,N,D,C,A,A,H,-,A,D,0,NA,NA,NA,NA,Y,NA,E,NA,0,0,2,0,0,0,0,0,0,-,-,NA,NA,LOS ANGELES,LONG BEACH,-118.11290740966795,33.800758361816406
9206655,2020,2021-01-29,1941,2020-11-24,1833,11511,NA,2,5,7,1941,0,0,0,NA,0,NA,SOUTH ST,ORANGE AV,157,NA,N,A,-,N,NA,NA,NA,NA,NA,NA,NA,NA,NA,Y,4,0,2,2,A,-,07,21658,A,N,B,C,A,A,H,-,C,D,0,NA,NA,NA,NA,Y,NA,A,NA,0,0,2,0,0,0,0,0,0,-,-,NA,NA,LOS ANGELES,LONG BEACH,-118.17729949951172,33.860111236572266
9206656,2020,2021-01-29,1941,2020-11-24,1741,11545,NA,2,5,7,1941,0,0,0,NA,0,NA,JUNIPERO AV,6TH ST,30,S,N,A,-,N,NA,NA,NA,NA,NA,NA,NA,NA,NA,Y,3,0,3,3,A,-,03,22350,NA,N,C,C,A,A,H,-,C,D,0,NA,NA,NA,NA,Y,Y,A,NA,0,1,2,0,0,0,0,0,0,-,-,NA,NA,LOS ANGELES,LONG BEACH,-118.16388702392578,33.773441314697266
9206657,2020,2021-01-29,1941,2020-11-24,1705,11521,NA,2,5,7,1941,0,0,0,NA,0,NA,REDONDO AV,WILTON ST,0,NA,Y,A,-,N,NA,NA,NA,NA,NA,NA,NA,NA,NA,N,3,0,1,2,A,-,09,21804,A,N,D,C,A,A,H,-,C,A,0,NA,NA,NA,NA,Y,NA,A,NA,0,1,0,0,0,0,0,0,0,-,-,NA,NA,LOS ANGELES,LONG BEACH,-118.15242004394533,33.78759002685547
9206658,2020,2021-01-29,1941,2020-11-24,1542,11533,NA,2,5,7,1941,0,0,0,NA,0,NA,10TH ST,XIMENO AV,0,NA,Y,A,-,N,NA,NA,NA,NA,NA,NA,NA,NA,NA,N,3,0,1,2,A,-,10,21950,A,N,G,B,B,A,H,-,A,A,0,Y,NA,NA,NA,Y,NA,A,NA,0,1,0,0,1,0,0,0,0,-,-,NA,NA,LOS ANGELES,LONG BEACH,-118.14157104492188,33.77894973754883
9206659,2020,2021-01-29,1941,2020-11-24,1355,11541,NA,2,5,7,1941,0,0,0,NA,0,NA,54TH PL,OCEAN BL,156,N,N,A,-,N,NA,NA,NA,NA,NA,NA,NA,NA,NA,N,3,0,1,2,A,-,03,22350,NA,N,G,B,F,A,G,-,A,D,0,Y,NA,NA,NA,Y,NA,D,NA,0,1,0,0,1,0,0,0,0,-,-,NA,NA,LOS ANGELES,LONG BEACH,-118.1321258544922,33.75387954711914
9206678,2020,2021-02-04,1941,2020-11-27,1441,11543,NA,5,5,7,1941,0,0,0,NA,0,NA,ATLANTIC AV,WARDLOW RD,0,NA,Y,A,-,N,NA,NA,NA,NA,NA,NA,NA,NA,NA,Y,4,0,2,2,A,-,08,22107,NA,N,A,C,A,A,H,-,A,A,0,NA,NA,NA,NA,Y,NA,A,NA,0,0,2,0,0,0,0,0,0,-,-,NA,NA,LOS ANGELES,LONG BEACH,-118.18502044677734,33.81890869140625
9206681,2020,2021-01-28,1942,2020-11-09,1005,36238,1395,1,5,7,1942,0,0,0,M,0,13A93,E GAGE AV,MCKINLEY AV,210,E,N,A,-,N,NA,NA,NA,NA,NA,NA,NA,NA,NA,Y,4,0,1,3,A,-,07,21658,A,F,B,C,A,A,H,-,A,D,0,NA,NA,NA,NA,Y,NA,-,99,0,0,1,0,0,0,0,0,0,-,-,NA,NA,LOS ANGELES,LOS ANGELES,-118.26074981689452,33.98200988769531
9206682,2020,2021-01-28,1942,2020-11-10,1730,42224,NEWT,2,5,7,1942,0,0,0,NA,0,13X94,29TH ST,SAN PEDRO ST,0,NA,Y,A,-,N,NA,NA,NA,NA,NA,NA,NA,NA,NA,N,4,0,2,2,A,-,09,21802,A,N,D,C,A,A,H,-,C,D,0,NA,NA,NA,NA,Y,NA,A,01,0,0,2,0,0,0,0,0,0,-,-,NA,NA,LOS ANGELES,LOS ANGELES,-118.26300048828124,34.0189208984375
9206683,2020,2021-01-28,1942,2020-11-11,1825,44343,1373,3,5,7,1942,0,0,0,M,0,13X28,55TH ST,CENTRAL AV,0,NA,Y,A,-,N,NA,NA,NA,NA,NA,NA,NA,NA,NA,N,3,0,1,2,A,-,10,21950,A,N,G,B,B,A,H,-,B,A,0,Y,NA,NA,NA,Y,NA,A,01,0,1,0,0,1,0,0,0,0,-,-,NA,NA,LOS ANGELES,LOS ANGELES,-118.25646209716795,33.99298858642578
9206684,2020,2021-01-28,1942,2020-11-14,0210,43655,1347,6,5,7,1942,0,0,0,M,0,13A27,S ALAMEDA ST,41ST ST,0,NA,Y,A,-,N,NA,NA,NA,NA,NA,NA,NA,NA,NA,Y,4,0,3,2,A,-,03,22350,NA,N,C,C,A,A,H,-,C,A,0,NA,NA,NA,NA,Y,NA,A,01,0,0,3,0,0,0,0,0,0,-,-,NA,NA,LOS ANGELES,LOS ANGELES,-118.23951721191406,34.00798034667969
9206685,2020,2021-01-28,1942,2020-11-14,0245,43071,1344,6,5,7,1942,0,0,0,M,0,13A45,42ND PL,MCKINLEY AV,100,E,N,A,-,N,NA,NA,NA,NA,NA,NA,NA,NA,NA,N,4,0,3,4,A,-,03,22350,NA,N,B,E,A,A,H,-,C,D,0,NA,NA,NA,NA,Y,NA,-,NA,0,0,3,0,0,0,0,0,0,-,-,NA,NA,LOS ANGELES,LOS ANGELES,-118.26058197021484,34.006622314453125
9206686,2020,2021-01-28,1942,2020-11-14,1830,44226,1333,6,5,7,1942,0,0,0,M,0,13X14,28TH ST,PALOMA,0,NA,N,A,-,N,NA,NA,NA,NA,NA,NA,NA,NA,NA,Y,3,0,2,4,A,-,08,22107,NA,N,B,C,F,A,H,-,C,D,0,Y,NA,NA,NA,Y,NA,A,01,0,2,0,0,2,0,0,0,0,-,-,NA,NA,LOS ANGELES,LOS ANGELES,-118.25743865966795,34.01750946044922
9206687,2020,2021-01-28,1942,2020-11-16,1200,31713,1352,1,5,7,1942,0,0,0,M,0,13A61,S MAIN ST,E 46TH ST,0,NA,Y,A,-,N,NA,NA,NA,NA,NA,NA,NA,NA,NA,Y,4,0,1,2,A,-,12,21453,A,F,D,C,A,A,H,-,A,A,0,NA,NA,NA,NA,Y,NA,-,-,0,0,1,0,0,0,0,0,0,-,-,NA,NA,LOS ANGELES,LOS ANGELES,-118.27400207519533,34.002010345458984
9206688,2020,2021-01-28,1942,2020-11-21,1705,34426,1322,6,5,7,1942,0,0,0,M,0,13A13,E ADAMS BL,TRINITY ST,40,W,N,A,-,N,NA,NA,NA,NA,NA,NA,NA,NA,NA,N,4,0,1,2,A,-,17,22517,NA,N,D,G,A,A,H,-,C,D,0,NA,Y,NA,NA,Y,NA,A,01,0,0,1,0,0,0,1,0,0,-,-,NA,NA,LOS ANGELES,LOS ANGELES,-118.2633819580078,34.02249526977539
9206689,2020,2021-01-28,1942,2020-11-29,0635,33452,1373,7,5,7,1942,0,0,0,M,0,13A85,S CENTRAL AV,56TH ST,65,N,N,A,-,N,NA,NA,NA,NA,NA,NA,NA,NA,NA,Y,4,0,1,2,A,-,03,22350,NA,N,C,E,A,A,H,-,A,D,0,NA,NA,NA,NA,Y,NA,A,01,0,0,1,0,0,0,0,0,0,-,-,NA,NA,LOS ANGELES,LOS ANGELES,-118.25646209716795,33.99223709106445
9206690,2020,2021-01-28,1942,2020-11-07,1820,41487,461,6,5,7,1942,0,0,0,NA,0,4A78,4TH ST,PECAN ST,0,NA,Y,A,-,N,NA,NA,NA,NA,NA,NA,NA,NA,NA,Y,4,0,2,2,A,-,12,21453,A,N,D,C,A,A,H,-,C,A,0,NA,NA,NA,NA,Y,NA,A,07,0,0,2,0,0,0,0,0,0,-,-,NA,NA,LOS ANGELES,LOS ANGELES,-118.22174072265624,34.04296112060547
9206691,2020,2021-01-28,1942,2020-11-08,1820,43177,1352,7,5,7,1942,0,0,0,M,0,13A63,46TH ST,WALL ST,0,NA,Y,A,-,N,NA,NA,NA,NA,NA,NA,NA,NA,NA,Y,2,0,1,2,A,-,12,22450,NA,N,D,C,A,A,H,-,C,D,0,NA,NA,NA,NA,Y,Y,A,01,1,0,0,0,0,0,0,0,0,-,-,NA,NA,LOS ANGELES,LOS ANGELES,-118.27179718017578,34.002010345458984
9206692,2020,2021-01-28,1942,2020-11-12,1530,37908,0451,4,5,7,1942,0,0,0,D,0,4A78,FICKETT ST,CESAR CHAVEZ AV,0,NA,Y,A,-,N,NA,NA,NA,NA,NA,NA,NA,NA,NA,N,4,0,1,2,A,-,09,21800,A,F,B,C,A,A,H,-,A,A,0,NA,NA,NA,NA,Y,NA,-,99,0,0,1,0,0,0,0,0,0,-,-,NA,NA,LOS ANGELES,LOS ANGELES,-118.20585,34.04596
9206693,2020,2021-01-28,1942,2020-11-16,0505,43935,1351,1,5,7,1942,0,0,0,M,0,13A41,VERNON AV,GRAND AV,0,NA,Y,A,-,N,NA,NA,NA,NA,NA,NA,NA,NA,NA,Y,4,0,1,2,A,-,12,21453,A,N,A,C,A,A,H,-,C,A,0,NA,NA,NA,NA,Y,NA,-,-,0,0,1,0,0,0,0,0,0,-,-,NA,NA,LOS ANGELES,LOS ANGELES,-118.280517578125,34.00376892089844
9206694,2020,2021-01-28,1942,2020-11-16,1330,34458,1352,1,5,7,1942,0,0,0,M,0,13A61,WALL ST,E VERNON AV,0,NA,Y,A,-,N,NA,NA,NA,NA,NA,NA,NA,NA,NA,Y,4,0,1,2,A,-,12,21453,A,N,D,C,A,A,H,-,A,A,0,NA,NA,NA,NA,Y,NA,A,01,0,0,1,0,0,0,0,0,0,-,-,NA,NA,LOS ANGELES,LOS ANGELES,-118.27175903320313,34.003841400146484
9206695,2020,2021-01-28,1942,2020-11-17,1620,44302,1313,2,5,7,1942,0,0,0,M,0,13A13,CENTRAL AV,WASHINGTON,0,NA,Y,A,-,N,NA,NA,NA,NA,NA,NA,NA,NA,NA,NA,4,0,1,2,A,-,12,21453,NA,N,D,C,A,A,H,-,A,A,0,NA,NA,NA,NA,Y,NA,A,01,0,0,1,0,0,0,0,0,0,-,-,NA,NA,LOS ANGELES,LOS ANGELES,-118.25055694580078,34.02442169189453
9206696,2020,2021-01-28,1942,2020-11-17,1435,40829,1321,2,5,7,1942,0,0,0,M,0,13A75,WASHINGTON BL,OLIVE ST,0,NA,Y,A,-,N,NA,NA,NA,NA,NA,NA,NA,NA,NA,N,4,0,1,1,A,-,09,21453,C,N,H,F,A,A,H,-,A,A,0,NA,NA,NA,NA,Y,NA,A,01,0,0,1,0,0,0,0,0,0,-,-,NA,NA,LOS ANGELES,LOS ANGELES,-118.26764678955078,34.032291412353516
9206697,2020,2021-01-28,1942,2020-11-17,1750,39733,1311,2,5,7,1942,0,0,0,M,0,13X42,FIGUEROA ST,20TH ST,0,NA,Y,A,-,N,NA,NA,NA,NA,NA,NA,NA,NA,NA,N,3,0,1,2,A,-,03,22350,NA,N,A,J,A,A,H,-,D,D,0,NA,NA,NA,NA,Y,NA,A,01,0,1,0,0,0,0,0,0,0,-,-,NA,NA,LOS ANGELES,LOS ANGELES,-118.2729263305664,34.0329704284668
9206698,2020,2021-01-28,1942,2020-11-19,0830,37611,1331,4,5,7,1942,0,0,0,M,0,13A41,W 30TH ST,S GRAND AV,0,NA,Y,A,-,N,NA,NA,NA,NA,NA,NA,NA,NA,NA,Y,4,0,1,2,A,-,12,21453,A,N,D,C,A,A,H,-,A,A,0,NA,NA,NA,NA,Y,NA,A,07,0,0,1,0,0,0,0,0,0,-,-,NA,NA,LOS ANGELES,LOS ANGELES,-118.27426147460938,34.023380279541016
9206699,2020,2021-01-28,1942,2020-11-18,2210,44468,1313,3,5,7,1942,0,0,0,M,0,13A13,GRIFFITH AV,21ST ST,100,N,N,A,-,N,NA,NA,NA,NA,NA,NA,NA,NA,NA,N,4,0,1,5,A,-,08,22107,NA,F,B,B,F,A,H,-,C,D,0,Y,NA,NA,NA,Y,NA,A,01,0,0,1,0,1,0,0,0,0,-,-,NA,NA,LOS ANGELES,LOS ANGELES,-118.254638671875,34.02436447143555
9206700,2020,2021-01-28,1942,2020-11-20,0745,40008,1352,5,5,7,1942,0,0,0,M,0,13A61,AVALON BL,E VERNON AV,100,N,N,A,-,N,NA,NA,NA,NA,NA,NA,NA,NA,NA,Y,4,0,1,2,A,-,05,21460,A,N,A,C,A,A,H,-,A,A,0,NA,NA,NA,NA,Y,NA,A,01,0,0,1,0,0,0,0,0,0,-,-,NA,NA,LOS ANGELES,LOS ANGELES,-118.26526641845705,34.00414276123047
9206701,2020,2021-01-15,1942,2020-11-20,1145,40008,1333,5,5,7,1942,0,0,0,M,0,13A43,E 30TH ST,S SAN PEDRO ST,0,NA,Y,A,-,N,NA,NA,NA,NA,NA,NA,NA,NA,NA,N,4,0,1,2,A,-,09,21804,A,N,D,G,A,A,H,-,A,A,0,NA,Y,NA,NA,Y,NA,L,04,0,0,1,0,0,0,1,0,0,-,-,NA,NA,LOS ANGELES,LOS ANGELES,-118.26335144042967,34.018409729003906
9206702,2020,2021-01-15,1942,2020-11-19,2300,38814,1122,4,5,7,1942,0,0,0,K,0,11A1,LOS FELIZ BL,RIVERSIDE DR,25,W,N,A,-,N,NA,NA,NA,NA,NA,NA,NA,NA,NA,Y,4,0,2,2,A,-,08,22107,NA,N,C,C,A,A,-,-,C,A,0,NA,NA,NA,NA,Y,NA,A,01,0,0,2,0,0,0,0,0,0,-,-,NA,NA,LOS ANGELES,LOS ANGELES,-118.27171325683594,34.11693572998047
9206703,2020,2021-01-21,1942,2020-11-20,1800,34933,1172,5,5,7,1942,0,0,0,K,0,11X48,SILVERLAKE,BERKELEY,100,N,N,A,-,N,NA,NA,NA,NA,NA,NA,NA,NA,NA,NA,4,0,1,2,A,-,04,21703,NA,N,C,C,A,A,H,-,C,D,0,NA,NA,NA,NA,Y,NA,A,01,0,0,1,0,0,0,0,0,0,-,-,NA,NA,LOS ANGELES,LOS ANGELES,-118.2700424194336,34.08700180053711
9206704,2020,2021-01-15,1942,2020-11-22,1725,41923,1346,7,5,7,1942,0,0,0,M,0,13X14,VERNON AV,ASCOT AV,45,E,N,A,-,N,NA,NA,NA,NA,NA,NA,NA,NA,NA,N,4,0,1,2,A,-,03,22350,NA,N,C,C,A,A,H,-,C,D,0,NA,NA,NA,NA,Y,NA,A,07,0,0,1,0,0,0,0,0,0,-,-,NA,NA,LOS ANGELES,LOS ANGELES,-118.24983215332033,34.00389099121094
9206705,2020,2021-01-21,1942,2020-11-22,1920,43574,1361,7,5,7,1942,0,0,0,M,0,13X28,BROADWAY,46TH ST,0,NA,Y,A,-,N,NA,NA,NA,NA,NA,NA,NA,NA,NA,N,4,0,1,2,A,-,08,22107,NA,N,G,B,B,A,H,-,C,A,0,Y,NA,NA,NA,Y,NA,A,07,0,0,1,0,1,0,0,0,0,-,-,NA,NA,LOS ANGELES,LOS ANGELES,-118.27835083007813,34.00197982788086
9206706,2020,2021-01-15,1942,2020-11-24,0515,32973,1377,2,5,7,1942,0,0,0,M,0,13A75,S ALAMEDA ST,E 55TH ST,0,NA,Y,A,-,N,NA,NA,NA,NA,NA,NA,NA,NA,NA,Y,3,0,2,2,A,-,17,21451,A,N,D,C,A,A,H,-,C,A,0,NA,NA,NA,NA,Y,NA,A,01,0,1,1,0,0,0,0,0,0,-,-,NA,NA,LOS ANGELES,LOS ANGELES,-118.23825073242188,33.99296951293945
9206707,2020,2021-01-21,1942,2020-11-24,1445,36503,455,2,5,7,1942,0,0,0,NA,0,4A53,CESAR CHAVEZ BL,SAINT LOUIS ST,3,W,N,A,-,N,NA,NA,NA,NA,NA,NA,NA,NA,NA,N,4,0,1,2,A,-,03,22350,NA,N,C,B,B,A,H,-,A,A,0,Y,NA,NA,NA,Y,NA,A,07,0,0,1,0,1,0,0,0,0,-,-,NA,NA,LOS ANGELES,LOS ANGELES,-118.211515,34.048479
9206708,2020,2021-01-15,1942,2020-11-26,2235,43935,1367,4,5,7,1942,0,0,0,M,0,13A75,HONDURAS ST,E 45TH ST,0,NA,Y,A,-,N,NA,NA,NA,NA,NA,NA,NA,NA,NA,N,3,0,1,2,A,-,09,21801,A,N,A,G,A,A,H,-,C,D,0,NA,Y,NA,NA,Y,NA,A,01,0,1,0,0,0,0,1,0,0,-,-,NA,NA,LOS ANGELES,LOS ANGELES,-118.24411010742188,34.002681732177734
9206709,2020,2021-01-15,1942,2020-11-26,1000,44468,1344,4,5,7,1942,0,0,0,M,0,13A75,CENTRAL AV,42ND ST,0,NA,N,A,-,N,NA,NA,NA,NA,NA,NA,NA,NA,NA,N,4,0,1,2,A,-,09,21801,A,N,B,C,A,A,H,-,A,A,0,NA,NA,NA,NA,Y,NA,A,01,0,0,1,0,0,0,0,0,0,-,-,NA,NA,LOS ANGELES,LOS ANGELES,-118.25649261474608,34.00751876831055
9206710,2020,2021-01-15,1942,2020-11-25,0820,42826,1353,3,5,7,1942,0,0,0,M,0,13A43,E VERNON AV,MCKINLEY AV,100,W,N,A,-,N,NA,NA,NA,NA,NA,NA,NA,NA,NA,Y,4,0,3,5,A,-,03,22350,NA,N,B,E,A,A,H,-,A,D,0,NA,NA,NA,NA,Y,NA,A,07,0,0,3,0,0,0,0,0,0,-,-,NA,NA,LOS ANGELES,LOS ANGELES,-118.26123046875,34.00389862060547
9206711,2020,2021-01-15,1942,2020-11-28,2240,43206,0451,6,5,7,1942,0,0,0,D,0,4A15W3,MYERS,MISSION RD,120,W,N,A,-,N,NA,NA,NA,NA,NA,NA,NA,NA,NA,Y,4,0,1,1,A,-,03,22350,NA,N,A,I,A,A,H,-,D,D,0,NA,NA,NA,NA,Y,NA,A,01,0,0,1,0,0,0,0,0,0,-,-,NA,NA,LOS ANGELES,LOS ANGELES,-118.22833251953124,34.045753479003906
9206712,2020,2021-01-15,1942,2020-11-28,1655,37952,1352,6,5,7,1942,0,0,0,M,0,13A61,E VERNON AV,AVALON BL,0,NA,Y,A,-,N,NA,NA,NA,NA,NA,NA,NA,NA,NA,Y,4,0,3,2,A,-,03,22350,NA,N,C,C,A,A,H,-,B,A,0,NA,NA,NA,NA,Y,NA,A,01,0,0,3,0,0,0,0,0,0,-,-,NA,NA,LOS ANGELES,LOS ANGELES,-118.26526641845705,34.00387191772461
9206713,2020,2021-01-15,1942,2020-11-27,0605,40008,1309,5,5,7,1942,0,0,0,M,0,13A9,S ALAMEDA ST,NEWTON ST,10,S,N,A,-,N,NA,NA,NA,NA,NA,NA,NA,NA,NA,N,4,0,1,2,A,-,03,22350,NA,N,C,C,A,A,H,-,A,D,0,NA,NA,NA,NA,Y,NA,A,08,0,0,1,0,0,0,0,0,0,-,-,NA,NA,LOS ANGELES,LOS ANGELES,-118.2392349243164,34.02492141723633
9206714,2020,2021-01-15,1942,2020-11-27,1600,42933,1352,5,5,7,1942,0,0,0,M,0,13X28,47TH ST,WALL,50,E,N,A,-,N,NA,NA,NA,NA,NA,NA,NA,NA,NA,N,4,0,1,2,A,-,09,21801,A,N,D,C,A,A,-,-,A,D,0,NA,NA,NA,NA,Y,NA,A,01,0,0,1,0,0,0,0,0,0,-,-,NA,NA,LOS ANGELES,LOS ANGELES,-118.27163696289064,34.00107955932617