CASE_ID,ACCIDENT_YEAR,PROC_DATE,JURIS,COLLISION_DATE,COLLISION_TIME,OFFICER_ID,REPORTING_DISTRICT,DAY_OF_WEEK,CHP_SHIFT,POPULATION,CNTY_CITY_LOC,SPECIAL_COND,BEAT_TYPE,CHP_BEAT_TYPE,CITY_DIVISION_LAPD,CHP_BEAT_CLASS,BEAT_NUMBER,PRIMARY_RD,SECONDARY_RD,DISTANCE,DIRECTION,INTERSECTION,WEATHER_1,WEATHER_2,STATE_HWY_IND,CALTRANS_COUNTY,CALTRANS_DISTRICT,STATE_ROUTE,ROUTE_SUFFIX,POSTMILE_PREFIX,POSTMILE,LOCATION_TYPE,RAMP_INTERSECTION,SIDE_OF_HWY,TOW_AWAY,COLLISION_SEVERITY,NUMBER_KILLED,NUMBER_INJURED,PARTY_COUNT,PRIMARY_COLL_FACTOR,PCF_CODE_OF_VIOL,PCF_VIOL_CATEGORY,PCF_VIOLATION,PCF_VIOL_SUBSECTION,HIT_AND_RUN,TYPE_OF_COLLISION,MVIW,PED_ACTION,ROAD_SURFACE,ROAD_COND_1,ROAD_COND_2,LIGHTING,CONTROL_DEVICE,CHP_ROAD_TYPE,PEDESTRIAN_ACCIDENT,BICYCLE_ACCIDENT,MOTORCYCLE_ACCIDENT,TRUCK_ACCIDENT,NOT_PRIVATE_PROPERTY,ALCOHOL_INVOLVED,STWD_VEHTYPE_AT_FAULT,CHP_VEHTYPE_AT_FAULT,COUNT_SEVERE_INJ,COUNT_VISIBLE_INJ,COUNT_COMPLAINT_PAIN,COUNT_PED_KILLED,COUNT_PED_INJURED,COUNT_BICYCLIST_KILLED,COUNT_BICYCLIST_INJURED,COUNT_MC_KILLED,COUNT_MC_INJURED,PRIMARY_RAMP,SECONDARY_RAMP,LATITUDE,LONGITUDE,COUNTY,CITY,POINT_X,POINT_Y
9209005,2020,2021-02-22,1942,2020-12-18,1530,42689,1207,5,5,7,1942,0,0,0,L,0,12A51,ORCHARD AV,VERNON AV,0,NA,Y,A,-,N,NA,NA,NA,NA,NA,NA,NA,NA,NA,N,3,0,1,2,A,-,10,21950,A,N,G,B,B,A,H,-,A,D,0,Y,NA,NA,NA,Y,NA,A,01,0,1,0,0,1,0,0,0,0,-,-,NA,NA,LOS ANGELES,LOS ANGELES,-118.2890167236328,34.003700256347656
9209007,2020,2021-02-22,1942,2020-12-14,0230,42151,1263,1,5,7,1942,0,0,0,L,0,12A15,GAGE AVE,BUDLOG AVE,0,NA,Y,A,-,N,NA,NA,NA,NA,NA,NA,NA,NA,NA,N,4,0,1,1,A,-,03,22350,NA,N,A,I,A,A,H,-,C,A,0,NA,NA,NA,NA,Y,NA,A,01,0,0,1,0,0,0,0,0,0,-,-,NA,NA,LOS ANGELES,LOS ANGELES,-118.29586791992188,33.98234176635742
9209008,2020,2021-02-22,1942,2020-12-28,1355,42663,0511,1,5,7,1942,0,0,0,E,0,5A11-W,FRAMPTON AVE,257TH ST,5,S,N,C,-,N,NA,NA,NA,NA,NA,NA,NA,NA,NA,Y,4,0,1,2,A,-,12,22450,A,F,D,C,A,B,H,-,A,D,0,NA,NA,NA,NA,Y,NA,A,01,0,0,1,0,0,0,0,0,0,-,-,NA,NA,LOS ANGELES,LOS ANGELES,-118.29995727539064,33.79093551635742
9209009,2020,2021-02-22,1942,2020-12-27,1845,41072,0376,7,5,7,1942,0,0,0,C,0,3A55,S WESTERN AV,MIDDLETON PL,0,NA,Y,B,-,N,NA,NA,NA,NA,NA,NA,NA,NA,NA,N,2,0,1,2,A,-,11,21954,A,N,G,B,D,A,H,-,C,A,0,Y,NA,NA,NA,Y,NA,N,60,1,0,0,0,1,0,0,0,0,-,-,NA,NA,LOS ANGELES,LOS ANGELES,-118.30890655517578,34.01551818847656
9209010,2020,2021-02-22,1942,2020-12-23,1954,40404,0515,3,5,7,1942,0,0,0,E,0,5A15,WILMINGTON BL,W PACIFIC COAST WY,200,S,N,A,-,N,NA,NA,NA,NA,NA,NA,NA,NA,NA,Y,4,0,3,2,A,-,01,23152,A,F,B,C,A,A,H,-,C,A,0,NA,NA,NA,NA,Y,Y,A,01,0,0,3,0,0,0,0,0,0,-,-,NA,NA,LOS ANGELES,LOS ANGELES,-118.27501678466795,33.790000915527344
9209011,2020,2021-02-22,1942,2020-12-17,1205,33599,0353,4,5,7,1942,0,0,0,C,0,3A63,CRENSHAW BL,COLISEUM ST,0,NA,Y,B,-,N,NA,NA,NA,NA,NA,NA,NA,NA,NA,Y,3,0,1,2,A,-,09,21801,A,N,A,C,A,A,H,-,A,A,0,NA,NA,NA,NA,Y,NA,A,01,0,1,0,0,0,0,0,0,0,-,-,NA,NA,LOS ANGELES,LOS ANGELES,-118.3353271484375,34.0181999206543
9209012,2020,2021-02-22,1942,2020-12-25,1030,32620,1231,5,5,7,1942,0,0,0,L,0,12A3,ANGELES VISTA BL,SLAUSON AV,30,N,N,A,-,N,NA,NA,NA,NA,NA,NA,NA,NA,NA,N,3,0,1,2,A,-,08,22107,NA,F,-,B,B,A,H,-,A,A,0,Y,NA,NA,NA,Y,NA,-,99,0,1,0,0,1,0,0,0,0,-,-,NA,NA,LOS ANGELES,LOS ANGELES,-118.35176849365234,33.98895263671875
9209014,2020,2021-02-22,1942,2020-12-31,1355,43780,1211,4,5,7,1942,0,0,0,L,0,12A31,5TH ST,57TH ST,0,NA,Y,A,-,N,NA,NA,NA,NA,NA,NA,NA,NA,NA,N,3,0,1,2,A,-,12,22450,NA,N,D,J,A,A,-,-,A,D,0,NA,NA,NA,NA,Y,NA,-,NA,0,1,0,0,0,0,0,0,0,-,-,NA,NA,LOS ANGELES,LOS ANGELES,-118.32255,33.99093
9209015,2020,2021-02-22,1942,2020-12-22,0015,43722,NA,2,5,7,1942,0,0,0,NA,0,12A45,WESTERN AVE,94TH ST,0,NA,Y,A,-,N,NA,NA,NA,NA,NA,NA,NA,NA,NA,N,4,0,1,2,A,-,08,22107,NA,N,D,C,A,A,H,-,D,D,0,NA,NA,NA,NA,Y,NA,A,08,0,0,1,0,0,0,0,0,0,-,-,NA,NA,LOS ANGELES,LOS ANGELES,-118.30901336669922,33.95111846923828
9209016,2020,2021-02-22,1942,2020-12-30,2115,40105,1213,3,5,7,1942,0,0,0,L,0,12A45,W SLAUSON AVE,S MANHATTAN PL,110,E,N,A,-,N,NA,NA,NA,NA,NA,NA,NA,NA,NA,N,2,0,1,2,A,-,11,21954,A,N,G,B,D,A,H,-,C,A,0,Y,NA,NA,NA,Y,Y,N,60,1,0,0,0,1,0,0,0,0,-,-,NA,NA,LOS ANGELES,LOS ANGELES,-118.309814453125,33.989139556884766
9209017,2020,2021-02-22,1942,2020-12-27,1400,37724,0521,7,5,7,1942,0,0,0,E,0,25TL,WESTMONT DR,S WESTERN AVE,200,E,N,A,-,N,NA,NA,NA,NA,NA,NA,NA,NA,NA,N,4,0,1,2,A,-,09,21804,A,N,D,C,A,A,H,-,A,D,0,NA,NA,NA,NA,Y,NA,A,01,0,0,1,0,0,0,0,0,0,-,-,NA,NA,LOS ANGELES,LOS ANGELES,-118.31090545654295,33.76294708251953
9209038,2020,2021-02-16,1942,2020-12-26,2130,41207,NA,6,5,7,1942,0,0,0,NA,0,12A73W,SLAUSON AV,WESTERN AV,100,E,N,A,-,N,NA,NA,NA,NA,NA,NA,NA,NA,NA,N,4,0,1,2,A,-,11,21955,NA,N,A,B,D,A,H,-,C,D,0,Y,NA,NA,NA,Y,NA,N,60,0,0,1,0,1,0,0,0,0,-,-,NA,NA,LOS ANGELES,LOS ANGELES,-118.30862426757813,33.98914337158203
9209039,2020,2021-02-16,1942,2020-12-25,1800,43939,1265,5,5,7,1942,0,0,0,L,0,12X48,W MANCHESTER AV,RAYMOND ST,0,NA,Y,A,-,N,NA,NA,NA,NA,NA,NA,NA,NA,NA,N,4,0,1,2,A,-,08,22100,B,F,D,C,A,A,H,-,C,D,0,NA,NA,NA,NA,Y,NA,A,01,0,0,1,0,0,0,0,0,0,-,-,NA,NA,LOS ANGELES,LOS ANGELES,-118.297607421875,33.96002197265625
9209040,2020,2021-02-16,1942,2020-12-25,1325,43893,1259,5,5,7,1942,0,0,0,L,0,12X8,E 78TH ST,MCKINLEY AV,0,NA,Y,A,-,N,NA,NA,NA,NA,NA,NA,NA,NA,NA,N,3,0,2,3,A,-,03,22350,NA,N,A,C,A,A,H,-,A,A,0,NA,NA,NA,NA,Y,NA,A,01,0,1,1,0,0,0,0,0,0,-,-,NA,NA,LOS ANGELES,LOS ANGELES,-118.26081848144533,33.968448638916016
9209041,2020,2021-02-16,1942,2020-12-24,2325,44103,1256,4,5,7,1942,0,0,0,L,0,12X52,73RD ST,VERMONT AV,100,E,N,A,-,N,NA,NA,NA,NA,NA,NA,NA,NA,NA,N,4,0,1,2,A,-,00,21954,NA,F,G,B,D,A,-,-,C,D,0,Y,NA,NA,NA,Y,NA,N,60,0,0,1,0,1,0,0,0,0,-,-,NA,NA,LOS ANGELES,LOS ANGELES,-118.29174041748048,33.97365951538086
9209042,2020,2021-02-16,1942,2020-12-24,1405,43310,1239,4,5,7,1942,0,0,0,L,0,12A31,VERMONT AV,59TH ST,12,N,N,B,C,N,NA,NA,NA,NA,NA,NA,NA,NA,NA,N,4,0,2,4,A,-,09,21801,A,N,B,C,A,B,H,-,A,A,0,NA,NA,NA,NA,Y,NA,A,01,0,0,2,0,0,0,0,0,0,-,-,NA,NA,LOS ANGELES,LOS ANGELES,-118.29147338867188,33.987552642822266
9209043,2020,2021-02-16,1942,2020-12-24,1335,41077,1253,4,5,7,1942,0,0,0,L,0,12X8W4,WESTERN ST,78TH ST,2,N,N,A,-,N,NA,NA,NA,NA,NA,NA,NA,NA,NA,Y,3,0,1,2,A,-,09,21804,NA,F,A,C,A,A,-,-,A,D,0,NA,NA,NA,NA,Y,Y,-,99,0,1,0,0,0,0,0,0,0,-,-,NA,NA,LOS ANGELES,LOS ANGELES,-118.30901336669922,33.96907424926758
9209044,2020,2021-02-16,1942,2020-12-22,1840,37840,1265,2,5,7,1942,0,0,0,L,0,12A51,NORMANDIE,MANCHESTER,15,S,N,A,-,N,NA,NA,NA,NA,NA,NA,NA,NA,NA,Y,3,0,2,2,A,-,09,21800,A,N,C,C,A,A,H,-,C,A,0,NA,NA,NA,NA,Y,NA,A,01,0,1,1,0,0,0,0,0,0,-,-,NA,NA,LOS ANGELES,LOS ANGELES,-118.3002700805664,33.95996856689453
9209046,2020,2021-02-16,1955,2020-12-13,1420,42612,14,7,5,6,1955,0,0,0,NA,0,003,ALVARADO ST,MADELEINE WY,381,W,N,A,-,N,NA,NA,NA,NA,NA,NA,NA,NA,NA,Y,3,0,1,3,A,-,08,22107,NA,N,A,E,A,A,H,-,A,D,0,NA,NA,NA,NA,Y,NA,A,01,0,1,0,0,0,0,0,0,0,-,-,NA,NA,LOS ANGELES,POMONA,-117.73485565185548,34.06761932373047
9209047,2020,2021-02-16,1955,2020-12-10,1501,42606,062,4,5,6,1955,0,0,0,NA,0,001,POMONA BL,ATLANTIC ST,234,W,N,A,-,N,NA,NA,NA,NA,NA,NA,NA,NA,NA,Y,3,0,1,2,A,-,09,21801,A,N,A,C,A,A,H,-,A,A,0,NA,NA,NA,NA,Y,NA,A,07,0,1,0,0,0,0,0,0,0,-,-,34.05516052246094,-117.79905700683594,LOS ANGELES,POMONA,-117.7996826171875,34.05477523803711
9209048,2020,2021-02-16,1955,2020-12-04,2228,42305,087,5,5,6,1955,0,0,0,NA,0,004,TOWNE AV,HUNT AV,0,NA,Y,A,-,N,NA,NA,NA,NA,NA,NA,NA,NA,NA,Y,4,0,2,2,A,-,09,21802,A,N,D,C,A,A,H,-,C,A,0,NA,NA,NA,NA,Y,NA,A,01,0,0,2,0,0,0,0,0,0,-,-,NA,NA,LOS ANGELES,POMONA,-117.74060821533205,34.035308837890625
9209049,2020,2021-02-16,1955,2020-12-24,1833,42612,46,4,5,6,1955,0,0,0,NA,0,001,GRANGE GROVE AV,WEBER ST,0,NA,Y,A,-,N,NA,NA,NA,NA,NA,NA,NA,NA,NA,Y,4,0,1,2,A,-,09,21801,A,N,A,C,A,A,H,-,C,A,0,NA,NA,NA,NA,Y,NA,A,07,0,0,1,0,0,0,0,0,0,-,-,NA,NA,LOS ANGELES,POMONA,-117.77278,34.06579
9209050,2020,2021-02-16,1955,2020-12-24,1555,42591,86,4,5,6,1955,0,0,0,NA,0,004,TOWNE AV,FRANKLIN AV,0,NA,Y,A,-,N,NA,NA,NA,NA,NA,NA,NA,NA,NA,Y,4,0,1,2,-,-,-,NA,A,M,D,C,A,A,H,-,A,A,0,NA,NA,NA,NA,Y,NA,A,01,0,0,1,0,0,0,0,0,0,-,-,NA,NA,LOS ANGELES,POMONA,-117.74079132080078,34.04079055786133
9209056,2020,2021-02-16,1925,2020-12-20,1200,20089,108,7,5,6,1925,0,0,0,NA,0,005,LOWELL AV,FOOTHILL BL,165,N,N,A,-,N,NA,NA,NA,NA,NA,NA,NA,NA,NA,Y,4,0,2,2,A,-,08,22100,B,N,D,C,A,A,H,-,A,D,0,NA,NA,NA,NA,Y,NA,A,01,0,0,2,0,0,0,0,0,0,-,-,NA,NA,LOS ANGELES,GLENDALE,-118.26602935791016,34.240821838378906
9209057,2020,2021-02-16,1975,2020-12-15,1737,435,NA,2,5,6,1975,0,0,0,NA,0,003,SOUTH GARVEY AV,WEST COVINA PKWY,0,NA,Y,A,-,N,NA,NA,10,NA,NA,NA,NA,NA,NA,N,2,0,1,2,A,-,12,21453,A,N,-,G,A,A,H,-,C,A,0,NA,Y,NA,NA,Y,NA,L,04,1,0,0,0,0,0,1,0,0,-,-,34.071659088134766,-117.94197845458984,LOS ANGELES,WEST COVINA,-117.941978,34.071659
9209058,2020,2021-02-22,1975,2020-12-18,0104,470,1975,5,5,6,1975,0,0,0,NA,0,004,VALINDA AV,FRANCISQUITO AV,0,NA,Y,A,-,N,NA,NA,NA,NA,NA,NA,NA,NA,NA,Y,4,0,1,2,A,-,08,22107,NA,N,C,E,A,A,H,-,C,A,0,NA,NA,NA,NA,Y,NA,A,01,0,0,1,0,0,0,0,0,0,-,-,34.050411224365234,-117.92559814453124,LOS ANGELES,WEST COVINA,-117.92559814453124,34.05036926269531
9209059,2020,2021-02-16,1975,2020-12-18,1150,454,NA,5,5,6,1975,0,0,0,NA,0,004,GLENDORA AV,MERCED AV,194,S,N,A,-,N,NA,NA,NA,NA,NA,NA,NA,NA,NA,Y,4,0,1,3,A,-,03,22350,NA,N,C,C,A,A,H,-,A,A,0,NA,NA,NA,NA,Y,NA,A,01,0,0,1,0,0,0,0,0,0,-,-,34.055519104003906,-117.93843841552734,LOS ANGELES,WEST COVINA,-117.93890380859376,34.05516815185547
9209060,2020,2021-02-16,1975,2020-12-19,1353,451,NA,6,5,6,1975,0,0,0,NA,0,004,WEST COVINA PKWY,VINCENT AV,0,NA,Y,A,-,N,NA,NA,NA,NA,NA,NA,NA,NA,NA,N,2,0,1,2,A,-,11,21456,C,N,A,B,B,A,H,-,A,A,0,Y,NA,NA,NA,Y,NA,N,60,1,0,0,0,1,0,0,0,0,-,-,34.0678596496582,-117.92701721191406,LOS ANGELES,WEST COVINA,-117.92710113525392,34.067779541015625
9209061,2020,2021-02-19,1975,2020-12-22,1443,427,NA,2,5,6,1975,0,0,0,NA,0,004,SUNSET AV,FRANCISQUITO AV,367,S,N,A,-,N,NA,NA,NA,NA,NA,NA,NA,NA,NA,Y,4,0,1,2,A,-,09,21804,A,N,A,C,A,A,H,-,A,D,0,NA,NA,NA,NA,Y,NA,A,01,0,0,1,0,0,0,0,0,0,-,-,34.053871154785156,-117.95404815673828,LOS ANGELES,WEST COVINA,-117.9549560546875,34.05311965942383
9209062,2020,2021-02-19,1975,2020-12-29,1134,688,NA,2,5,6,1975,0,0,0,NA,0,004,CAMERON AV,LARK ELLEN AV,0,NA,Y,A,-,N,NA,NA,NA,NA,NA,NA,NA,NA,NA,N,4,0,1,2,A,-,12,21453,A,N,D,C,A,A,H,-,A,A,0,NA,NA,NA,NA,Y,NA,A,01,0,0,1,0,0,0,0,0,0,-,-,34.06121826171875,-117.9167022705078,LOS ANGELES,WEST COVINA,-117.91673278808594,34.0611686706543
9209063,2020,2021-02-19,1975,2020-12-29,2331,431,NA,2,5,6,1975,0,0,0,NA,0,006,NOGALES ST,VALLEY VIEW AV,85,N,N,A,-,N,NA,NA,NA,NA,NA,NA,NA,NA,NA,Y,4,0,1,1,A,-,03,22350,NA,N,E,J,A,A,H,-,C,D,0,NA,NA,NA,NA,Y,NA,D,22,0,0,1,0,0,0,0,0,0,-,-,34.00482177734375,-117.88745880126952,LOS ANGELES,WEST COVINA,-117.88748168945313,34.005001068115234
9209064,2020,2021-02-19,1975,2020-12-06,2011,458,NA,7,5,6,1975,0,0,0,NA,0,005,AMAR RD,VALINDA AV,378,E,N,A,-,N,NA,NA,NA,NA,NA,NA,NA,NA,NA,Y,3,0,1,2,A,-,09,21801,A,N,B,C,A,A,H,-,C,A,0,NA,NA,NA,NA,Y,NA,D,22,0,1,0,0,0,0,0,0,0,-,-,34.035709381103516,-117.92632293701172,LOS ANGELES,WEST COVINA,-117.9250946044922,34.03562927246094
9209144,2020,2021-02-25,1942,2020-12-23,2125,44409,1523,3,5,7,1942,0,0,0,O,0,15A21,WHITSETT AV,OXNARAD ST,0,NA,Y,A,-,N,NA,NA,NA,NA,NA,NA,NA,NA,NA,Y,4,0,3,2,D,-,00,NA,NA,N,D,C,A,A,H,-,C,A,0,NA,NA,NA,NA,Y,NA,-,-,0,0,3,0,0,0,0,0,0,-,-,NA,NA,LOS ANGELES,LOS ANGELES,-118.40525817871094,34.17940902709961
9209145,2020,2021-02-22,1942,2020-12-31,2055,37472,N HOL,4,5,7,1942,0,0,0,NA,0,15A21,FULTON AV,SHERMAN WY,0,NA,Y,A,-,N,NA,NA,NA,NA,NA,NA,NA,NA,NA,N,3,0,1,2,A,-,09,21801,A,F,A,C,A,A,H,-,C,A,0,NA,NA,NA,NA,Y,NA,-,99,0,1,0,0,0,0,0,0,0,-,-,NA,NA,LOS ANGELES,LOS ANGELES,-118.42253875732422,34.20119857788086
9209146,2020,2021-02-22,1942,2020-12-29,1445,41531,NA,2,5,7,1942,0,0,0,NA,0,15A3,LANKERSHIM BL,SHERMAN WY,0,NA,Y,A,-,N,NA,NA,NA,NA,NA,NA,NA,NA,NA,N,4,0,2,2,A,-,09,21801,NA,N,B,C,A,A,H,-,A,A,0,NA,NA,NA,NA,Y,NA,A,01,0,0,2,0,0,0,0,0,0,-,-,NA,NA,LOS ANGELES,LOS ANGELES,-118.38777923583984,34.20119094848633
9209147,2020,2021-02-22,1942,2020-12-30,1800,40142,1519,3,5,7,1942,0,0,0,O,0,15A24,VICTORY  BL,VINELAND AV,30,E,N,A,-,N,NA,NA,NA,NA,NA,NA,NA,NA,NA,N,4,0,1,3,A,-,03,22350,NA,N,B,C,A,A,H,-,C,A,0,NA,NA,NA,NA,Y,NA,A,01,0,0,1,0,0,0,0,0,0,-,-,NA,NA,LOS ANGELES,LOS ANGELES,-118.37020874023438,34.18669128417969
9209148,2020,2021-02-18,1942,2020-12-24,1405,44552,1548,4,5,7,1942,0,0,0,O,0,15A39,MAGNOLIA BL,CRANER AV,0,NA,Y,B,C,N,NA,NA,NA,NA,NA,NA,NA,NA,NA,N,4,0,1,2,A,-,11,21956,A,N,G,B,D,B,H,-,A,D,0,Y,NA,NA,NA,Y,NA,N,60,0,0,1,0,1,0,0,0,0,-,-,NA,NA,LOS ANGELES,LOS ANGELES,-118.36917114257813,34.164878845214844
9209149,2020,2021-02-18,1942,2020-12-25,1000,43143,1503,5,5,7,1942,0,0,0,O,0,15A27,LAUREL CANYON BL,HART ST,0,NA,Y,A,-,N,NA,NA,NA,NA,NA,NA,NA,NA,NA,Y,3,0,4,2,A,-,04,21703,NA,N,C,C,A,A,H,-,A,A,0,NA,NA,NA,NA,Y,NA,A,01,0,2,2,0,0,0,0,0,0,-,-,NA,NA,LOS ANGELES,LOS ANGELES,-118.3965072631836,34.19757080078125
9209150,2020,2021-02-18,1942,2020-12-27,0400,44544,NHOLL,7,5,7,1942,0,0,0,NA,0,1539,BURBANK BL,LEMP AV,0,NA,Y,E,-,N,NA,NA,NA,NA,NA,NA,NA,NA,NA,N,3,0,1,5,A,-,03,22350,NA,N,C,E,A,A,H,-,C,A,0,NA,NA,NA,NA,Y,NA,A,01,0,1,0,0,0,0,0,0,0,-,-,NA,NA,LOS ANGELES,LOS ANGELES,-118.38448333740234,34.172149658203125
9209151,2020,2021-02-18,1942,2020-12-28,1720,42417,1513,1,5,7,1942,0,0,0,O,0,15Z2,SHERMAN WY,WHITSETT AV,0,NA,Y,A,-,N,NA,NA,NA,NA,NA,NA,NA,NA,NA,N,3,0,3,2,A,-,09,21801,A,N,A,C,A,B,H,-,C,A,0,NA,NA,NA,NA,Y,NA,A,07,0,1,2,0,0,0,0,0,0,-,-,NA,NA,LOS ANGELES,LOS ANGELES,-118.40518951416016,34.201210021972656
9209152,2020,2021-02-18,1942,2020-12-31,1421,30452,1539,4,5,7,1942,0,0,0,O,0,15A39,BURBANK BL,VINELAND AV,0,NA,Y,A,-,N,NA,NA,NA,NA,NA,NA,NA,NA,NA,Y,4,0,3,2,A,-,12,21453,A,N,D,C,A,A,H,-,A,A,0,NA,NA,NA,NA,Y,NA,A,01,0,0,3,0,0,0,0,0,0,-,-,NA,NA,LOS ANGELES,LOS ANGELES,-118.37030029296876,34.17216110229492
9209153,2020,2021-02-18,1942,2020-12-26,1115,44066,1535,6,5,7,1942,0,0,0,O,0,15X32,LANKERSHIM BL,ERWIN ST,0,NA,Y,A,-,N,NA,NA,NA,NA,NA,NA,NA,NA,NA,Y,4,0,1,2,A,-,03,22350,NA,N,B,C,A,A,H,-,A,A,0,NA,NA,NA,NA,Y,NA,A,01,0,0,1,0,0,0,0,0,0,-,-,NA,NA,LOS ANGELES,LOS ANGELES,-118.38559722900392,34.183040618896484
9209154,2020,2021-02-18,1942,2020-12-23,1900,44544,1539,3,5,7,1942,0,0,0,O,0,15A39,BURBANK BL,CAHUENGA BL,50,E,N,A,-,N,NA,NA,NA,NA,NA,NA,NA,NA,NA,Y,4,0,1,3,A,-,08,22107,NA,N,D,E,A,A,H,-,C,A,0,NA,NA,NA,NA,Y,NA,-,NA,0,0,1,0,0,0,0,0,0,-,-,NA,NA,LOS ANGELES,LOS ANGELES,-118.36142730712892,34.17213821411133
9209155,2020,2021-02-18,1942,2020-12-29,0940,40165,1509,2,5,7,1942,0,0,0,O,0,15A3,SHERMAN WY,CARTWRIGHT AV,100,E,N,A,-,N,NA,NA,NA,NA,NA,NA,NA,NA,NA,N,4,0,2,3,A,-,08,22107,NA,N,B,E,A,A,H,-,A,D,0,NA,NA,NA,NA,Y,NA,A,01,0,0,2,0,0,0,0,0,0,-,-,NA,NA,LOS ANGELES,LOS ANGELES,-118.36296081542967,34.20120620727539
9209156,2020,2021-02-18,1942,2020-12-21,1740,43828,1591,1,5,7,1942,0,0,0,O,0,15A85,LAUREL CANYON BL,DONA EMEILIA DR,200,N,N,A,-,N,NA,NA,NA,NA,NA,NA,NA,NA,NA,N,4,0,1,1,A,-,08,22107,NA,N,A,I,A,A,H,-,C,D,0,NA,NA,NA,NA,Y,NA,A,01,0,0,1,0,0,0,0,0,0,-,-,NA,NA,LOS ANGELES,LOS ANGELES,-118.37810516357422,34.12514877319336
9209157,2020,2021-02-18,1942,2020-12-20,0310,44237,1565,7,5,7,1942,0,0,0,O,0,15A67,TUJUNGA AV,SARAH ST,36,E,N,A,-,N,NA,NA,NA,NA,NA,NA,NA,NA,NA,Y,4,0,1,3,A,-,03,22350,NA,N,A,E,A,-,H,-,C,D,0,NA,NA,NA,NA,Y,NA,A,01,0,0,1,0,0,0,0,0,0,-,-,NA,NA,LOS ANGELES,LOS ANGELES,-118.37898254394533,34.15373992919922
9209158,2020,2021-02-18,1942,2020-12-28,2130,31652,1532,1,5,7,1942,0,0,0,O,0,15A33,OXNARD ST,LAUREL CANYON BL,0,NA,Y,A,-,N,NA,NA,NA,NA,NA,NA,NA,NA,NA,Y,4,0,2,2,A,-,09,21801,A,N,A,C,A,A,H,-,C,A,0,NA,NA,NA,NA,Y,Y,A,07,0,0,2,0,0,0,0,0,0,-,-,NA,NA,LOS ANGELES,LOS ANGELES,-118.3965301513672,34.179420471191406
9209159,2020,2021-02-18,1942,2020-12-21,1300,42517,1547,1,5,7,1942,0,0,0,O,0,15U1,BURBANK BL,CAMELIA AV,0,NA,Y,A,-,N,NA,NA,NA,NA,NA,NA,NA,NA,NA,Y,4,0,4,2,A,-,08,22107,NA,N,A,C,A,A,H,-,A,D,0,NA,NA,NA,NA,Y,NA,A,01,0,0,4,0,0,0,0,0,0,-,-,NA,NA,LOS ANGELES,LOS ANGELES,-118.38224029541016,34.172149658203125
9209160,2020,2021-02-22,1942,2020-12-25,1435,34265,1512,5,5,7,1942,0,0,0,O,0,15A21,COLDWATER CANYON AV,VANOWEN ST,0,NA,Y,A,-,N,NA,NA,NA,NA,NA,NA,NA,NA,NA,Y,4,0,2,2,D,-,00,NA,NA,N,D,C,A,A,H,-,A,A,0,NA,NA,NA,NA,Y,NA,-,-,0,0,2,0,0,0,0,0,0,-,-,NA,NA,LOS ANGELES,LOS ANGELES,-118.41380310058594,34.193939208984375
9209161,2020,2021-05-03,1942,2020-12-30,1745,39173,1545,3,5,7,1942,0,0,0,O,0,15A3,RIVERSIDE DR,COLFAX AV,0,NA,Y,A,-,N,NA,NA,NA,NA,NA,NA,NA,NA,NA,Y,3,0,2,2,A,-,09,21801,A,N,A,C,A,A,H,-,C,A,0,NA,NA,NA,NA,Y,NA,A,01,0,2,0,0,0,0,0,0,0,-,-,NA,NA,LOS ANGELES,LOS ANGELES,-118.38775634765624,34.157630920410156
9209162,2020,2021-05-03,1942,2020-12-30,1630,44066,1544,3,5,7,1942,0,0,0,O,0,15A44,WHITSETT AV,MAGNOLIA BL,210,S,N,A,-,N,NA,NA,NA,NA,NA,NA,NA,NA,NA,Y,4,0,1,2,A,-,09,21804,A,N,D,C,A,A,H,-,C,A,0,NA,NA,NA,NA,Y,NA,A,07,0,0,1,0,0,0,0,0,0,-,-,NA,NA,LOS ANGELES,LOS ANGELES,-118.4052505493164,34.164302825927734
9209203,2020,2021-02-23,1976,2020-12-15,1811,541,NA,2,5,3,1964,0,0,0,NA,0,002,LAKELAND RD,BLOOMFIELD AV,0,NA,Y,A,-,N,NA,NA,NA,NA,NA,NA,NA,NA,NA,Y,3,0,3,2,A,-,12,21453,A,N,D,C,A,A,H,-,B,A,0,NA,NA,NA,NA,Y,NA,-,-,0,1,2,0,0,0,0,0,0,-,-,NA,NA,LOS ANGELES,SANTA FE SPRINGS,-118.06404876708984,33.93191909790039
9209230,2020,2021-02-20,1900,2020-12-31,0710,602401,1121,4,5,6,1992,0,0,0,NA,0,111T2,AVENUE I,SIERRA HWY,0,NA,Y,A,-,N,NA,NA,NA,NA,NA,NA,NA,NA,NA,Y,4,0,1,2,D,-,00,NA,NA,N,D,C,A,A,H,-,B,A,0,NA,NA,NA,NA,Y,NA,-,-,0,0,1,0,0,0,0,0,0,-,-,NA,NA,LOS ANGELES,LANCASTER,-118.13784790039064,34.70392990112305
9209396,2020,2021-02-25,1900,2020-12-25,1000,647475,1137,5,5,6,1992,0,0,0,NA,0,112T2,MAPLEWOOD ST,MULBERRY AV,0,NA,Y,A,-,N,NA,NA,NA,NA,NA,NA,NA,NA,NA,N,2,0,1,2,-,-,-,NA,NA,N,D,C,A,A,H,-,A,D,0,NA,NA,NA,NA,Y,NA,-,-,1,0,0,0,0,0,0,0,0,-,-,NA,NA,LOS ANGELES,LANCASTER,-118.08852386474608,34.676979064941406