CASE_ID,ACCIDENT_YEAR,PROC_DATE,JURIS,COLLISION_DATE,COLLISION_TIME,OFFICER_ID,REPORTING_DISTRICT,DAY_OF_WEEK,CHP_SHIFT,POPULATION,CNTY_CITY_LOC,SPECIAL_COND,BEAT_TYPE,CHP_BEAT_TYPE,CITY_DIVISION_LAPD,CHP_BEAT_CLASS,BEAT_NUMBER,PRIMARY_RD,SECONDARY_RD,DISTANCE,DIRECTION,INTERSECTION,WEATHER_1,WEATHER_2,STATE_HWY_IND,CALTRANS_COUNTY,CALTRANS_DISTRICT,STATE_ROUTE,ROUTE_SUFFIX,POSTMILE_PREFIX,POSTMILE,LOCATION_TYPE,RAMP_INTERSECTION,SIDE_OF_HWY,TOW_AWAY,COLLISION_SEVERITY,NUMBER_KILLED,NUMBER_INJURED,PARTY_COUNT,PRIMARY_COLL_FACTOR,PCF_CODE_OF_VIOL,PCF_VIOL_CATEGORY,PCF_VIOLATION,PCF_VIOL_SUBSECTION,HIT_AND_RUN,TYPE_OF_COLLISION,MVIW,PED_ACTION,ROAD_SURFACE,ROAD_COND_1,ROAD_COND_2,LIGHTING,CONTROL_DEVICE,CHP_ROAD_TYPE,PEDESTRIAN_ACCIDENT,BICYCLE_ACCIDENT,MOTORCYCLE_ACCIDENT,TRUCK_ACCIDENT,NOT_PRIVATE_PROPERTY,ALCOHOL_INVOLVED,STWD_VEHTYPE_AT_FAULT,CHP_VEHTYPE_AT_FAULT,COUNT_SEVERE_INJ,COUNT_VISIBLE_INJ,COUNT_COMPLAINT_PAIN,COUNT_PED_KILLED,COUNT_PED_INJURED,COUNT_BICYCLIST_KILLED,COUNT_BICYCLIST_INJURED,COUNT_MC_KILLED,COUNT_MC_INJURED,PRIMARY_RAMP,SECONDARY_RAMP,LATITUDE,LONGITUDE,COUNTY,CITY,POINT_X,POINT_Y
9214557,2020,2021-02-25,1942,2020-12-15,0830,41629,0182,2,5,7,1942,0,0,0,A,0,1A61,W PICO BL,S HOPE ST,0,NA,Y,A,-,N,NA,NA,NA,NA,NA,NA,NA,NA,NA,Y,3,0,1,2,A,-,12,21453,A,N,D,C,A,A,H,-,A,A,0,NA,NA,NA,NA,Y,NA,A,01,0,1,0,0,0,0,0,0,0,-,-,NA,NA,LOS ANGELES,LOS ANGELES,-118.26570892333984,34.039520263671875
9214558,2020,2021-02-25,1942,2020-12-14,1320,38171,0221,1,5,7,1942,0,0,0,B,0,2A1,BEVERLY BL,NORMANDIE AV,0,NA,Y,A,-,N,NA,NA,NA,NA,NA,NA,NA,NA,NA,N,3,0,2,3,A,-,03,22350,NA,F,D,C,A,A,H,-,A,A,0,NA,NA,NA,NA,Y,NA,A,07,0,1,1,0,0,0,0,0,0,-,-,NA,NA,LOS ANGELES,LOS ANGELES,-118.30040740966795,34.076290130615234
9214559,2020,2021-02-25,1942,2020-12-14,1145,32973,0185,1,5,7,1942,0,0,0,A,0,1A85,S MAIN ST,E OLYMPIC BL,300,N,N,A,-,N,NA,NA,NA,NA,NA,NA,NA,NA,NA,N,4,0,1,2,A,-,07,21658,A,N,C,C,A,B,H,-,A,A,0,NA,NA,NA,NA,Y,NA,A,01,0,0,1,0,0,0,0,0,0,-,-,NA,NA,LOS ANGELES,LOS ANGELES,-118.25592803955078,34.04095458984375
9214560,2020,2021-02-25,1942,2020-12-09,1015,32973,0142,3,5,7,1942,0,0,0,A,0,1A41,W 5TH ST,S GRAND AV,0,NA,Y,A,-,N,NA,NA,NA,NA,NA,NA,NA,NA,NA,N,4,0,1,2,A,-,09,21804,A,N,D,G,A,A,H,-,A,D,0,NA,Y,NA,NA,Y,NA,L,04,0,0,1,0,0,0,1,0,0,-,-,NA,NA,LOS ANGELES,LOS ANGELES,-118.2901611328125,33.739688873291016
9214568,2020,2021-02-23,1900,2020-12-09,1512,627713,1513,3,5,5,1954,0,0,0,NA,0,151T2,WHITTIER BL,PARAMOUNT BL,95,W,N,A,-,N,NA,NA,NA,NA,NA,NA,NA,NA,NA,N,4,0,1,2,A,-,03,22350,A,N,C,C,A,A,H,-,A,A,0,NA,NA,NA,NA,Y,NA,A,01,0,0,1,0,0,0,0,0,0,-,-,34.003440856933594,-118.08878326416016,LOS ANGELES,PICO RIVERA,-118.08896636962892,34.00349044799805
9214577,2020,2021-02-23,1941,2020-12-24,1012,11543,NA,4,5,7,1941,0,0,0,NA,0,901T,CHERRY AV,BROADWAY,0,NA,Y,B,G,N,NA,NA,NA,NA,NA,NA,NA,NA,NA,N,3,0,1,2,A,-,08,22107,NA,N,C,G,A,A,H,-,A,A,0,NA,Y,NA,NA,Y,NA,A,NA,0,1,0,0,0,0,1,0,0,-,-,NA,NA,LOS ANGELES,LONG BEACH,-118.16789245605467,33.76728820800781
9214656,2020,2021-03-02,1942,2020-12-15,2335,44331,0656,2,5,7,1942,0,0,0,F,0,6A79,WILLOUGHBY AV,GOWER ST,0,E,N,A,-,N,NA,NA,NA,NA,NA,NA,NA,NA,NA,Y,3,0,1,1,A,-,03,22350,NA,N,E,I,A,A,H,-,C,D,0,NA,NA,NA,NA,Y,NA,A,01,0,1,0,0,0,0,0,0,0,-,-,NA,NA,LOS ANGELES,LOS ANGELES,-118.32225036621094,34.08710861206055
9214660,2020,2021-02-26,1942,2020-12-04,1555,42572,RD081,5,5,7,1942,0,0,0,NA,0,8A13,W SUNSET BL,S MEDIO DR,0,NA,Y,A,-,N,NA,NA,NA,NA,NA,NA,NA,NA,NA,Y,4,0,1,2,A,-,04,21703,NA,N,C,C,A,A,H,-,A,D,0,NA,NA,NA,NA,Y,NA,-,-,0,0,1,0,0,0,0,0,0,-,-,NA,NA,LOS ANGELES,LOS ANGELES,-118.48204040527344,34.05767822265625
9214668,2020,2021-02-23,1941,2020-12-24,1419,6185,NA,4,5,7,1941,0,0,0,NA,0,901T,SANTA FE AV,SANTA FE AV   1501,0,NA,Y,B,C,N,NA,NA,NA,NA,NA,NA,NA,NA,NA,Y,4,0,2,4,A,-,09,21804,A,N,D,C,A,B,H,-,A,D,0,NA,NA,NA,NA,Y,NA,A,NA,0,0,2,0,0,0,0,0,0,-,-,NA,NA,LOS ANGELES,LONG BEACH,-118.215484,33.785499
9214704,2020,2021-02-22,1941,2020-12-23,1058,10549,NA,3,5,7,1941,0,0,0,NA,0,901T,CARSON ST,GARDENIA AV,0,NA,Y,A,-,N,NA,NA,NA,NA,NA,NA,NA,NA,NA,Y,4,0,1,2,A,-,09,21802,A,N,D,-,A,A,H,-,-,D,0,NA,NA,NA,NA,Y,NA,A,NA,0,0,1,0,0,0,0,0,0,-,-,NA,NA,LOS ANGELES,LONG BEACH,-118.16873168945313,33.83243942260742
9214723,2020,2021-02-04,1970,2020-12-03,1436,169,4,4,5,4,1970,0,0,0,NA,0,004,FREMONT AV,HUNTINGTON DR,10,N,N,A,-,N,NA,NA,NA,NA,NA,NA,NA,NA,NA,N,3,0,1,2,A,-,10,21950,A,N,G,B,B,A,H,-,A,A,0,Y,NA,NA,NA,Y,NA,A,01,0,1,0,0,1,0,0,0,0,-,-,NA,NA,LOS ANGELES,SOUTH PASADENA,-118.15249633789064,34.1041374206543
9214724,2020,2021-02-04,1941,2020-12-11,1431,11014,901T,5,5,7,1941,0,0,0,NA,0,NA,EAST 4TH ST,E 4TH ST 1000,0,NA,Y,A,-,N,NA,NA,NA,NA,NA,NA,NA,NA,NA,N,4,0,1,2,A,-,21,22106,NA,N,C,B,E,A,H,-,A,D,0,Y,NA,NA,NA,Y,NA,A,NA,0,0,1,0,1,0,0,0,0,-,-,NA,NA,LOS ANGELES,LONG BEACH,NA,NA
9214725,2020,2021-02-04,1941,2020-12-13,1704,11104,NA,7,5,7,1941,0,0,0,NA,0,NA,1ST ST,PACIFIC AV,140,E,N,A,-,N,NA,NA,NA,NA,NA,NA,NA,NA,NA,N,3,0,1,2,-,-,-,NA,NA,N,H,B,E,A,H,-,C,-,0,Y,NA,NA,NA,Y,NA,-,-,0,1,0,0,1,0,0,0,0,-,-,NA,NA,LOS ANGELES,LONG BEACH,-118.19328308105467,33.76807403564453
9214726,2020,2021-02-04,1941,2020-12-13,0801,11539,901T,7,5,7,1941,0,0,0,NA,0,NA,BROADWAY,ATLANTIC AV,0,NA,Y,A,-,N,NA,NA,NA,NA,NA,NA,NA,NA,NA,Y,3,0,2,3,A,-,12,21453,A,N,D,C,A,A,H,-,A,A,0,NA,NA,NA,NA,Y,NA,A,NA,0,1,1,0,0,0,0,0,0,-,-,NA,NA,LOS ANGELES,LONG BEACH,-118.18504333496094,33.7692985534668
9214727,2020,2021-02-04,1941,2020-12-11,2148,11003,NA,5,5,7,1941,0,0,0,NA,0,NA,JUNIPERO AV,7TH ST,0,NA,Y,A,-,N,NA,NA,NA,NA,NA,NA,NA,NA,NA,N,3,0,1,2,A,-,12,21453,A,N,G,G,A,A,H,-,C,A,0,NA,Y,NA,NA,Y,NA,L,NA,0,1,0,0,0,0,1,0,0,-,-,NA,NA,LOS ANGELES,LONG BEACH,-118.1633529663086,33.77534866333008
9214728,2020,2021-02-10,1941,2020-12-11,1933,10559,NA,5,5,7,1941,0,0,0,NA,0,NA,7TH ST,MARGO AV,0,NA,Y,A,-,N,NA,NA,NA,NA,NA,NA,NA,NA,NA,Y,2,0,2,1,A,-,01,23152,A,N,A,I,A,A,H,-,C,A,0,NA,NA,NA,NA,Y,Y,A,NA,1,1,0,0,0,0,0,0,0,-,-,NA,NA,LOS ANGELES,LONG BEACH,-118.1117706298828,33.77500915527344
9214729,2020,2021-02-04,1941,2020-12-23,2300,10850,NA,3,5,7,1941,0,0,0,NA,0,NA,ALAMITOS AV,11TH ST,220,S,N,A,-,N,NA,NA,NA,NA,NA,NA,NA,NA,NA,Y,3,0,3,2,A,-,08,22107,NA,N,C,C,A,A,H,-,C,D,0,NA,NA,NA,NA,Y,Y,A,NA,0,1,2,0,0,0,0,0,0,-,-,NA,NA,LOS ANGELES,LONG BEACH,-118.17870330810548,33.78019714355469
9214730,2020,2021-02-04,1941,2020-12-12,2123,11109,NA,6,5,7,1941,0,0,0,NA,0,NA,PALO VERDE AV,WILLOW ST,0,NA,Y,A,-,N,NA,NA,NA,NA,NA,NA,NA,NA,NA,Y,2,0,2,2,A,-,09,21801,A,M,D,C,A,A,H,-,C,A,0,NA,NA,NA,NA,Y,Y,A,NA,1,0,1,0,0,0,0,0,0,-,-,NA,NA,LOS ANGELES,LONG BEACH,-118.1079330444336,33.80329895019531
9214731,2020,2021-02-04,1941,2020-12-25,1524,11457,NA,5,5,7,1941,0,0,0,NA,0,NA,6TH ST,ATLANTIC AV,0,NA,Y,A,-,N,NA,NA,NA,NA,NA,NA,NA,NA,NA,Y,4,0,1,2,D,-,00,NA,NA,N,D,C,A,A,H,-,A,A,0,NA,NA,NA,NA,Y,NA,-,-,0,0,1,0,0,0,0,0,0,-,-,NA,NA,LOS ANGELES,LONG BEACH,-118.18505096435548,33.77415084838867
9214732,2020,2021-02-04,1941,2020-12-24,1609,11273,NA,4,5,7,1941,0,0,0,NA,0,NA,7TH ST,DAISY AV,0,NA,Y,A,-,N,NA,NA,NA,NA,NA,NA,NA,NA,NA,N,4,0,3,2,A,-,12,21453,A,N,D,C,A,A,H,-,A,A,0,NA,NA,NA,NA,Y,NA,A,NA,0,0,3,0,0,0,0,0,0,-,-,NA,NA,LOS ANGELES,LONG BEACH,-118.19937133789064,33.77534866333008
9214733,2020,2021-02-04,1941,2020-12-24,1330,11142,NA,4,5,7,1941,0,0,0,NA,0,NA,LONG BEACH BL,ARTESIA BL,0,NA,Y,A,-,N,NA,NA,NA,NA,NA,NA,NA,NA,NA,Y,3,0,1,2,D,-,00,NA,NA,N,D,C,A,A,H,-,A,A,0,NA,NA,NA,NA,Y,NA,-,-,0,1,0,0,0,0,0,0,0,-,-,NA,NA,LOS ANGELES,LONG BEACH,-118.20278930664064,33.874359130859375
9214734,2020,2021-02-04,1941,2020-12-26,2013,11099,NA,6,5,7,1941,0,0,0,NA,0,NA,LOS COYOTES DIAGONAL,WOODRUFF,6,N,N,A,-,N,NA,NA,NA,NA,NA,NA,NA,NA,NA,Y,4,0,1,2,A,-,08,22107,NA,N,A,C,A,A,H,-,C,A,0,NA,NA,NA,NA,Y,NA,A,NA,0,0,1,0,0,0,0,0,0,-,-,NA,NA,LOS ANGELES,LONG BEACH,-118.11529541015624,33.81277084350586
9214740,2020,2021-02-04,1942,2020-12-16,1215,44352,0849,3,5,7,1942,0,0,0,H,0,8A95,WHITWORTH,ROBERTSON,0,NA,Y,A,-,N,NA,NA,NA,NA,NA,NA,NA,NA,NA,N,4,0,1,2,A,-,10,21950,A,N,G,B,B,A,H,-,A,A,0,Y,NA,NA,NA,Y,NA,A,07,0,0,1,0,1,0,0,0,0,-,-,NA,NA,LOS ANGELES,LOS ANGELES,-118.38368988037108,34.057098388671875
9214741,2020,2021-02-04,1942,2020-12-14,1030,44332,0892,1,5,7,1942,0,0,0,H,0,8A52,PICO BL,FEDERAL AV,0,NA,Y,A,-,N,NA,NA,NA,NA,NA,NA,NA,NA,NA,N,4,0,1,2,A,-,05,21650,1,N,H,B,F,A,H,-,A,D,0,Y,Y,NA,NA,Y,NA,L,04,0,0,1,0,1,0,0,0,0,-,-,NA,NA,LOS ANGELES,LOS ANGELES,-118.44396209716795,34.03247833251953
9214742,2020,2021-02-04,1942,2020-12-14,0915,44493,0885,1,5,7,1942,0,0,0,H,0,8A95,MANNING AV,MOTOR AV,0,NA,Y,A,-,N,NA,NA,NA,NA,NA,NA,NA,NA,NA,N,4,0,2,2,A,-,12,21453,A,N,D,C,A,A,H,-,A,A,0,NA,NA,NA,NA,Y,NA,A,01,0,0,2,0,0,0,0,0,0,-,-,NA,NA,LOS ANGELES,LOS ANGELES,-118.4106903076172,34.033790588378906
9214743,2020,2021-02-05,1942,2020-12-12,1920,42971,0841,6,5,7,1942,0,0,0,H,0,8A29W3,SANTA MONICA BL,CENTINELA AV,0,NA,Y,A,-,N,NA,NA,NA,NA,NA,NA,NA,NA,NA,Y,4,0,3,2,A,-,09,21801,NA,N,D,C,A,A,H,-,C,A,0,NA,NA,NA,NA,Y,NA,A,01,0,0,3,0,0,0,0,0,0,-,-,NA,NA,LOS ANGELES,LOS ANGELES,-118.46769714355467,34.03858947753906
9214744,2020,2021-02-04,1942,2020-12-12,1125,42172,0666,6,5,7,1942,0,0,0,F,0,6A22,CAHUENGA,SANTA MONICA BL,0,NA,Y,A,-,N,NA,NA,NA,NA,NA,NA,NA,NA,NA,Y,4,0,3,3,A,-,12,21453,A,N,B,C,A,A,H,-,A,A,0,NA,NA,NA,NA,Y,NA,A,01,0,0,3,0,0,0,0,0,0,-,-,NA,NA,LOS ANGELES,LOS ANGELES,-118.32887268066406,34.09074020385742
9214745,2020,2021-02-04,1942,2020-12-11,1900,44415,0626,5,5,7,1942,0,0,0,F,0,6A66,LA BREA AV,SUNSET BL,30,N,N,A,-,N,NA,NA,NA,NA,NA,NA,NA,NA,NA,N,4,0,1,2,A,-,11,21955,NA,N,G,B,D,A,H,-,C,A,0,Y,NA,NA,NA,Y,NA,N,60,0,0,1,0,1,0,0,0,0,-,-,NA,NA,LOS ANGELES,LOS ANGELES,-118.34416198730467,34.098060607910156
9214746,2020,2021-02-05,1942,2020-12-10,1615,43752,0817,4,5,7,1942,0,0,0,H,0,8A28,KINROSS AV,GAYLEY AV,0,NA,Y,A,-,N,NA,NA,NA,NA,NA,NA,NA,NA,NA,N,4,0,2,2,A,-,00,21601,NA,N,D,C,A,A,H,-,A,A,0,NA,NA,NA,NA,Y,NA,-,-,0,0,2,0,0,0,0,0,0,-,-,NA,NA,LOS ANGELES,LOS ANGELES,-118.44647979736328,34.06024169921875
9214748,2020,2021-02-04,1942,2020-12-05,1715,43217,0804,6,5,7,1942,0,0,0,H,0,8A98,N SEPULVEDA BL,MOUNTAIN GATE DR,0,NA,Y,A,-,N,NA,NA,NA,NA,NA,NA,NA,NA,NA,Y,4,0,2,2,A,-,08,22107,NA,N,D,C,A,A,H,-,D,B,0,NA,NA,NA,NA,Y,Y,A,07,0,0,2,0,0,0,0,0,0,-,-,NA,NA,LOS ANGELES,LOS ANGELES,-118.48267364501952,34.11540985107422
9214749,2020,2021-02-04,1942,2020-12-02,1354,39318,0805,3,5,7,1942,0,0,0,H,0,8A29,ROSCOMARE RD,ANZIO RD,200,S,N,A,-,N,NA,NA,NA,NA,NA,NA,NA,NA,NA,Y,3,0,1,2,A,-,03,22350,NA,N,B,E,A,A,H,-,A,A,0,NA,NA,NA,NA,Y,NA,A,01,0,1,0,0,0,0,0,0,0,-,-,NA,NA,LOS ANGELES,LOS ANGELES,-118.46259307861328,34.0923957824707
9214750,2020,2021-02-04,1942,2020-12-01,1630,44094,0736,2,5,7,1942,0,0,0,G,0,7A32,LA BREA AV,3RD ST,0,NA,Y,A,-,N,NA,NA,NA,NA,NA,NA,NA,NA,NA,N,4,0,1,2,A,-,09,21801,A,N,D,C,A,A,H,-,C,A,0,NA,NA,Y,NA,Y,NA,A,01,0,0,1,0,0,0,0,0,1,-,-,NA,NA,LOS ANGELES,LOS ANGELES,-118.34403228759766,34.06890869140625
9214759,2020,2021-02-04,1941,2020-12-22,0011,11359,901T,2,5,7,1941,0,0,0,NA,0,NA,ATLANTIC AV,4TH ST,0,NA,Y,A,-,N,NA,NA,NA,NA,NA,NA,NA,NA,NA,Y,4,0,2,2,-,-,-,NA,NA,N,D,C,A,A,H,-,C,A,0,NA,NA,NA,NA,Y,NA,-,-,0,0,2,0,0,0,0,0,0,-,-,NA,NA,LOS ANGELES,LONG BEACH,-118.18505096435548,33.771751403808594
9214760,2020,2021-02-04,1941,2020-12-23,0752,10549,NA,3,5,7,1941,0,0,0,NA,0,NA,LINDEN AV,LOUISE ST,0,NA,Y,A,-,N,NA,NA,NA,NA,NA,NA,NA,NA,NA,Y,4,0,1,2,A,-,08,22107,NA,N,D,C,A,A,H,-,A,D,0,NA,NA,NA,NA,Y,NA,A,NA,0,0,1,0,0,0,0,0,0,-,-,NA,NA,LOS ANGELES,LONG BEACH,-118.18592834472656,33.855140686035156
9214761,2020,2021-02-10,1941,2020-12-07,1236,11362,NA,1,5,7,1941,0,0,0,NA,0,NA,CHERRY AV,CHERRY AV 3910,0,NA,Y,A,-,N,NA,NA,NA,NA,NA,NA,NA,NA,NA,Y,4,0,3,4,-,-,-,NA,NA,N,C,C,A,A,D,-,A,D,0,NA,NA,NA,NA,Y,NA,-,-,0,0,3,0,0,0,0,0,0,-,-,NA,NA,LOS ANGELES,LONG BEACH,-118.167508,33.829009
9214762,2020,2021-02-04,1941,2020-12-21,1104,5661,20001,1,5,7,1941,0,0,0,NA,0,NA,DELAMO BL,ELM AV,0,NA,Y,A,-,N,NA,NA,NA,NA,NA,NA,NA,NA,NA,Y,4,0,1,2,A,-,09,21802,A,M,D,C,A,A,H,-,A,A,0,NA,NA,NA,NA,Y,NA,A,NA,0,0,1,0,0,0,0,0,0,-,-,NA,NA,LOS ANGELES,LONG BEACH,-118.18834686279295,33.84614181518555
9214763,2020,2021-02-04,1941,2020-12-20,0251,11379,NA,7,5,7,1941,0,0,0,NA,0,NA,PCH,XIMENO AV,240,E,N,A,-,N,NA,NA,NA,NA,NA,NA,NA,NA,NA,Y,2,0,1,1,A,-,01,23152,NA,N,E,I,A,A,H,-,C,D,0,NA,NA,NA,NA,Y,Y,A,NA,1,0,0,0,0,0,0,0,0,-,-,NA,NA,LOS ANGELES,LONG BEACH,-118.138916015625,33.78736877441406
9214764,2020,2021-02-04,1941,2020-12-21,2142,10772,NA,1,5,7,1941,0,0,0,NA,0,NA,ORANGE AV,19TH AV,0,NA,Y,A,-,N,NA,NA,NA,NA,NA,NA,NA,NA,NA,Y,2,0,1,1,A,-,01,23152,A,N,E,I,A,A,H,-,C,D,0,NA,NA,NA,NA,Y,Y,A,NA,1,0,0,0,0,0,0,0,0,-,-,NA,NA,LOS ANGELES,LONG BEACH,-118.17630767822266,33.79127883911133
9214765,2020,2021-02-04,1941,2020-12-21,1823,11023,NA,1,5,7,1941,0,0,0,NA,0,NA,WILLOW ST,PALO VERDE AV,0,NA,Y,A,-,N,NA,NA,NA,NA,NA,NA,NA,NA,NA,Y,4,0,2,2,D,-,00,NA,NA,N,D,C,A,A,H,-,C,A,0,NA,NA,NA,NA,Y,NA,-,-,0,0,2,0,0,0,0,0,0,-,-,NA,NA,LOS ANGELES,LONG BEACH,-118.1079330444336,33.80329895019531
9214766,2020,2021-02-04,1941,2020-12-21,1602,10997,NA,1,5,7,1941,0,0,0,NA,0,NA,MARINA VIEW DR,LOYNES DR,0,NA,Y,A,-,N,NA,NA,NA,NA,NA,NA,NA,NA,NA,N,3,0,1,2,-,-,-,NA,NA,N,G,B,B,A,H,-,A,A,0,Y,NA,NA,NA,Y,NA,-,-,0,1,0,0,1,0,0,0,0,-,-,NA,NA,LOS ANGELES,LONG BEACH,-118.11377716064452,33.7681999206543
9214767,2020,2021-02-04,1941,2020-12-21,1100,11142,NA,1,5,7,1941,0,0,0,NA,0,NA,SAN ANTONIO AV,CALIFORNIA PL,33,E,N,A,-,N,NA,NA,NA,NA,NA,NA,NA,NA,NA,Y,3,0,3,2,A,-,12,22450,A,N,D,C,A,A,H,-,A,A,0,NA,NA,NA,NA,Y,NA,A,NA,0,1,2,0,0,0,0,0,0,-,-,NA,NA,LOS ANGELES,LONG BEACH,-118.18286895751952,33.83805847167969
9214768,2020,2021-02-04,1941,2020-12-20,1453,11222,NA,7,5,7,1941,0,0,0,NA,0,NA,PINE AV,23RD ST,0,NA,Y,A,-,N,NA,NA,NA,NA,NA,NA,NA,NA,NA,N,4,0,1,2,A,-,09,21802,A,N,A,G,A,A,H,-,A,D,0,NA,Y,NA,NA,Y,NA,-,NA,0,0,1,0,0,0,1,0,0,-,-,NA,NA,LOS ANGELES,LONG BEACH,-118.19259643554688,33.7989501953125
9214769,2020,2021-02-04,1941,2020-12-19,1417,10572,NA,6,5,7,1941,0,0,0,NA,0,NA,WALNUT AV,ANAHEIM ST,0,NA,Y,A,-,N,NA,NA,NA,NA,NA,NA,NA,NA,NA,N,4,0,1,2,D,-,00,NA,NA,N,H,G,A,A,H,-,A,A,0,NA,Y,NA,NA,Y,NA,-,-,0,0,1,0,0,0,1,0,0,-,-,NA,NA,LOS ANGELES,LONG BEACH,-118.1719970703125,33.78261184692383
9214770,2020,2021-02-04,1941,2020-12-19,2234,11108,NA,6,5,7,1941,0,0,0,NA,0,NA,ELM AV,6TH ST,18,S,N,A,-,N,NA,NA,NA,NA,NA,NA,NA,NA,NA,Y,4,0,2,2,A,-,08,22107,NA,N,D,C,A,A,H,-,C,A,0,NA,NA,NA,NA,Y,NA,A,NA,0,0,2,0,0,0,0,0,0,-,-,NA,NA,LOS ANGELES,LONG BEACH,-118.18765258789064,33.77410888671875
9214771,2020,2021-02-04,1941,2020-12-19,2000,11545,NA,6,5,7,1941,0,0,0,NA,0,NA,7TH ST,GRAND AV,0,NA,Y,A,-,N,NA,NA,NA,NA,NA,NA,NA,NA,NA,N,3,0,1,3,A,-,09,21804,NA,N,D,G,A,A,H,-,C,D,0,NA,Y,NA,NA,Y,NA,L,NA,0,1,0,0,0,0,1,0,0,-,-,NA,NA,LOS ANGELES,LONG BEACH,-118.14810943603516,33.77534103393555
9214772,2020,2021-02-04,1941,2020-12-19,1939,10925,NA,6,5,7,1941,0,0,0,NA,0,NA,PACIFIC AV,17TH ST,0,NA,Y,A,-,N,NA,NA,NA,NA,NA,NA,NA,NA,NA,Y,4,0,2,2,A,-,09,21801,A,N,A,C,A,A,H,-,A,A,0,NA,NA,NA,NA,Y,NA,A,NA,0,0,2,0,0,0,0,0,0,-,-,NA,NA,LOS ANGELES,LONG BEACH,-118.19373321533205,33.78805160522461
9214773,2020,2021-02-05,1941,2020-12-22,1805,10919,NA,2,5,7,1941,0,0,0,NA,0,NA,ANAHEIM ST,ALAMITOS AV,0,NA,Y,A,-,N,NA,NA,NA,NA,NA,NA,NA,NA,NA,Y,3,0,1,1,A,-,08,22107,NA,N,E,I,A,A,H,-,C,A,0,NA,NA,NA,NA,Y,NA,A,NA,0,1,0,0,0,0,0,0,0,-,-,NA,NA,LOS ANGELES,LONG BEACH,-118.17797088623048,33.78261184692383
9214774,2020,2021-02-05,1941,2020-12-19,1359,6075,NA,6,5,7,1941,0,0,0,NA,0,NA,PIER E AV,OCEAN BL,10,N,N,A,-,N,NA,NA,NA,NA,NA,NA,NA,NA,NA,Y,4,0,1,1,A,-,03,22350,NA,N,H,I,A,A,H,-,A,A,0,NA,NA,Y,NA,Y,NA,-,-,0,0,1,0,0,0,0,0,1,-,-,NA,NA,LOS ANGELES,LONG BEACH,NA,NA
9214775,2020,2021-02-05,1941,2020-12-22,0705,6195,NA,2,5,7,1941,0,0,0,NA,0,NA,7TH ST,ATLANTIC AV,0,NA,Y,A,-,N,NA,NA,NA,NA,NA,NA,NA,NA,NA,N,4,0,1,2,A,-,11,21954,A,N,G,B,D,A,H,-,A,A,0,Y,NA,NA,NA,Y,NA,N,NA,0,0,1,0,1,0,0,0,0,-,-,NA,NA,LOS ANGELES,LONG BEACH,-118.18505096435548,33.77534103393555
9214776,2020,2021-02-05,1900,2020-12-08,2200,646149,1510,2,5,5,1954,0,0,0,NA,0,151T2,MYRTLE ST,ELNORA ST,100,N,N,A,-,N,NA,NA,NA,NA,NA,NA,NA,NA,NA,N,3,0,1,2,A,-,11,21954,A,N,G,B,D,A,H,-,D,D,0,Y,NA,NA,NA,Y,NA,N,60,0,1,0,0,1,0,0,0,0,-,-,34.0029411315918,-118.05397033691406,LOS ANGELES,PICO RIVERA,-118.09440612792967,34.007781982421875
9214779,2020,2021-02-05,1900,2020-12-26,2355,499039,1516,6,5,5,1954,0,0,0,NA,0,151T3,ROSEMEAD BL,WASHINGTON BL,330,S,N,A,-,N,NA,NA,NA,NA,NA,NA,NA,NA,NA,N,4,0,2,2,A,-,08,22107,NA,N,B,C,A,A,H,-,C,D,0,NA,NA,NA,NA,Y,NA,A,01,0,0,2,0,0,0,0,0,0,-,-,33.98236083984375,-118.09780883789064,LOS ANGELES,PICO RIVERA,-118.09771728515624,33.982444763183594
9214780,2020,2021-02-05,1941,2020-12-10,1921,5771,NA,4,5,7,1941,0,0,0,NA,0,NA,36TH CT,LIME AV,93,E,N,A,-,N,NA,NA,NA,NA,NA,NA,NA,NA,NA,Y,4,0,1,2,D,-,00,NA,NA,N,C,E,A,A,H,-,C,D,0,NA,NA,NA,NA,Y,NA,-,-,0,0,1,0,0,0,0,0,0,-,-,NA,NA,LOS ANGELES,LONG BEACH,-118.18346405029295,33.822120666503906
9214801,2020,2021-02-03,1942,2020-11-01,0615,43132,0395,7,5,7,1942,0,0,0,C,0,3A41,NORMANDIE,42ND PL,50,N,N,A,-,N,NA,NA,NA,NA,NA,NA,NA,NA,NA,N,3,0,2,4,A,-,03,22350,NA,N,F,E,A,A,H,-,A,A,0,NA,NA,NA,NA,Y,NA,A,01,0,1,1,0,0,0,0,0,0,-,-,NA,NA,LOS ANGELES,LOS ANGELES,-118.30020141601564,34.00619888305664
9214817,2020,2021-02-03,1900,2020-11-20,1340,606646,0531,5,5,5,1959,0,0,0,NA,0,53T1PM,MARSHALL ST,ROSEMEAD BL,102,E,N,A,-,N,NA,NA,NA,NA,NA,NA,NA,NA,NA,N,4,0,1,2,D,-,00,NA,NA,N,C,G,A,A,H,-,A,A,0,NA,NA,NA,NA,Y,NA,-,-,0,0,1,0,0,0,0,0,0,-,-,34.05195999145508,-118.04231262207033,LOS ANGELES,ROSEMEAD,-118.07281494140624,34.07563781738281
9214819,2020,2021-02-03,1955,2020-11-06,0525,42686,0014,5,5,6,1955,0,0,0,NA,0,003,INDIAN HILL BL,KINGSLEY AV,0,NA,Y,A,-,N,NA,NA,NA,NA,NA,NA,NA,NA,NA,Y,3,0,1,2,A,-,12,21453,A,M,D,C,A,A,H,-,C,A,0,NA,NA,NA,NA,Y,NA,-,99,0,1,0,0,0,0,0,0,0,-,-,NA,NA,LOS ANGELES,POMONA,-117.71920776367188,34.06692886352539
9214820,2020,2021-02-03,1955,2020-11-17,0638,40624,89,2,5,6,1955,0,0,0,NA,0,004,RESERVOIR ST,COUNTY RD,100,N,N,A,-,N,NA,NA,NA,NA,NA,NA,NA,NA,NA,Y,4,0,1,2,A,-,09,21804,A,N,D,C,A,A,H,-,A,D,0,NA,NA,NA,NA,Y,NA,A,01,0,0,1,0,0,0,0,0,0,-,-,NA,NA,LOS ANGELES,POMONA,-117.73152923583984,34.02672576904297
9214821,2020,2021-02-02,1942,2020-11-13,1120,43607,1425,5,5,7,1942,0,0,0,N,0,14A25,ROSE AV,BUTLER AV,100,W,N,A,-,N,NA,NA,NA,NA,NA,NA,NA,NA,NA,N,3,0,1,2,A,-,11,21954,A,N,G,B,E,A,H,-,A,-,0,Y,NA,NA,NA,Y,NA,A,01,0,1,0,0,1,0,0,0,0,-,-,NA,NA,LOS ANGELES,LOS ANGELES,-118.42962646484376,34.0186882019043