CASE_ID,ACCIDENT_YEAR,PROC_DATE,JURIS,COLLISION_DATE,COLLISION_TIME,OFFICER_ID,REPORTING_DISTRICT,DAY_OF_WEEK,CHP_SHIFT,POPULATION,CNTY_CITY_LOC,SPECIAL_COND,BEAT_TYPE,CHP_BEAT_TYPE,CITY_DIVISION_LAPD,CHP_BEAT_CLASS,BEAT_NUMBER,PRIMARY_RD,SECONDARY_RD,DISTANCE,DIRECTION,INTERSECTION,WEATHER_1,WEATHER_2,STATE_HWY_IND,CALTRANS_COUNTY,CALTRANS_DISTRICT,STATE_ROUTE,ROUTE_SUFFIX,POSTMILE_PREFIX,POSTMILE,LOCATION_TYPE,RAMP_INTERSECTION,SIDE_OF_HWY,TOW_AWAY,COLLISION_SEVERITY,NUMBER_KILLED,NUMBER_INJURED,PARTY_COUNT,PRIMARY_COLL_FACTOR,PCF_CODE_OF_VIOL,PCF_VIOL_CATEGORY,PCF_VIOLATION,PCF_VIOL_SUBSECTION,HIT_AND_RUN,TYPE_OF_COLLISION,MVIW,PED_ACTION,ROAD_SURFACE,ROAD_COND_1,ROAD_COND_2,LIGHTING,CONTROL_DEVICE,CHP_ROAD_TYPE,PEDESTRIAN_ACCIDENT,BICYCLE_ACCIDENT,MOTORCYCLE_ACCIDENT,TRUCK_ACCIDENT,NOT_PRIVATE_PROPERTY,ALCOHOL_INVOLVED,STWD_VEHTYPE_AT_FAULT,CHP_VEHTYPE_AT_FAULT,COUNT_SEVERE_INJ,COUNT_VISIBLE_INJ,COUNT_COMPLAINT_PAIN,COUNT_PED_KILLED,COUNT_PED_INJURED,COUNT_BICYCLIST_KILLED,COUNT_BICYCLIST_INJURED,COUNT_MC_KILLED,COUNT_MC_INJURED,PRIMARY_RAMP,SECONDARY_RAMP,LATITUDE,LONGITUDE,COUNTY,CITY,POINT_X,POINT_Y
9214991,2020,2021-02-04,1972,2020-12-15,1115,19566,NA,2,5,6,1972,0,0,0,NA,0,NA,LOMITA BL,EARLY AV,0,NA,Y,A,-,N,NA,NA,NA,NA,NA,NA,NA,NA,NA,Y,3,0,2,2,A,-,04,21703,NA,N,C,C,A,A,H,-,A,A,0,NA,NA,NA,NA,Y,Y,A,NA,0,1,1,0,0,0,0,0,0,-,-,NA,NA,LOS ANGELES,TORRANCE,-118.34483337402344,33.8131103515625
9214992,2020,2021-02-04,1972,2020-12-15,1305,19157,NA,2,5,6,1972,0,0,0,NA,0,NA,CARSON ST,WESTERN AV,0,NA,Y,A,-,N,NA,NA,NA,NA,NA,NA,NA,NA,NA,Y,4,0,3,3,A,-,09,21801,A,N,D,C,A,A,H,-,A,A,0,NA,NA,NA,NA,Y,NA,A,NA,0,0,3,0,0,0,0,0,0,-,-,NA,NA,LOS ANGELES,TORRANCE,-118.30902862548828,33.83150100708008
9214993,2020,2021-02-04,1972,2020-12-21,1405,18263,NA,1,5,6,1972,0,0,0,NA,0,NA,CRENSHAW AV,CRENSHAW 24325,0,NA,-,A,-,N,NA,NA,NA,NA,NA,NA,NA,NA,NA,N,4,0,1,2,B,-,22,NA,NA,N,G,B,B,A,H,-,A,D,0,Y,NA,NA,NA,Y,NA,A,NA,0,0,1,0,1,0,0,0,0,-,-,NA,NA,LOS ANGELES,TORRANCE,NA,NA
9214994,2020,2021-02-04,1972,2020-12-20,0915,21267,NA,7,5,6,1972,0,0,0,NA,0,NA,ARTESIA BL,PRARIE AV,0,NA,-,A,-,N,NA,NA,NA,NA,NA,NA,NA,NA,NA,N,3,0,1,2,A,-,10,21950,A,N,G,B,B,A,H,-,A,A,0,Y,NA,NA,NA,Y,NA,A,NA,0,1,0,0,1,0,0,0,0,-,-,NA,NA,LOS ANGELES,TORRANCE,-118.34381866455078,33.872901916503906
9214995,2020,2021-02-04,1972,2020-12-07,1251,14629,NA,1,5,6,1972,0,0,0,NA,0,NA,SEPULVEDA,ARLINGTON,0,NA,Y,B,-,N,NA,NA,NA,NA,NA,NA,NA,NA,NA,Y,4,0,1,3,A,-,03,22350,NA,N,C,C,A,A,D,-,A,D,0,NA,NA,NA,NA,Y,NA,A,NA,0,0,1,0,0,0,0,0,0,-,-,NA,NA,LOS ANGELES,TORRANCE,-118.31974792480467,33.820098876953125
9214996,2020,2021-02-04,1972,2020-12-18,1530,21205,NA,5,5,6,1972,0,0,0,NA,0,NA,173RD ST,AMIE AV,0,NA,-,A,-,N,NA,NA,NA,NA,NA,NA,NA,NA,NA,Y,3,0,3,2,A,-,21,22106,NA,N,H,C,A,A,H,-,A,D,0,NA,NA,NA,NA,Y,NA,A,NA,0,1,2,0,0,0,0,0,0,-,-,NA,NA,LOS ANGELES,TORRANCE,-118.34838104248048,33.87369918823242
9214997,2020,2021-02-04,1941,2020-12-16,1250,6313,NA,3,5,7,1941,0,0,0,NA,0,NA,4TH ST,LOMA AV,295,E,N,A,-,N,NA,NA,NA,NA,NA,NA,NA,NA,NA,N,4,0,1,3,A,-,06,21760,C,F,B,G,A,A,H,-,A,D,0,NA,Y,NA,NA,Y,Y,A,NA,0,0,1,0,0,0,1,0,0,-,-,NA,NA,LOS ANGELES,LONG BEACH,-118.14929962158205,33.77169418334961
9214998,2020,2021-02-04,1941,2020-12-06,1500,10574,NA,7,5,7,1941,0,0,0,NA,0,NA,7TH ST,WALNUT AV,0,NA,Y,A,-,N,NA,NA,NA,NA,NA,NA,NA,NA,NA,N,4,0,1,2,A,-,10,21950,A,F,G,B,B,A,H,-,A,A,0,Y,NA,NA,NA,Y,NA,A,NA,0,0,1,0,1,0,0,0,0,-,-,NA,NA,LOS ANGELES,LONG BEACH,-118.17202758789064,33.77534866333008
9214999,2020,2021-02-09,1941,2020-12-11,2202,10925,NA,5,5,7,1941,0,0,0,NA,0,NA,HILL ST,OFEARL,18,E,N,A,-,N,NA,NA,NA,NA,NA,NA,NA,NA,NA,N,4,0,1,2,A,-,00,10580,NA,N,G,B,E,A,H,-,C,A,0,Y,NA,NA,NA,Y,Y,-,-,0,0,1,0,1,0,0,0,0,-,-,NA,NA,LOS ANGELES,LONG BEACH,NA,NA
9215015,2020,2021-02-22,1942,2020-12-10,0025,43338,1218,4,5,7,1942,0,0,0,L,0,12A15,SLAUSON AV,HOOVER ST,0,NA,Y,A,-,N,NA,NA,NA,NA,NA,NA,NA,NA,NA,Y,4,0,1,3,A,-,12,21453,A,M,D,C,A,A,H,-,C,A,0,NA,NA,NA,NA,Y,NA,-,99,0,0,1,0,0,0,0,0,0,-,-,NA,NA,LOS ANGELES,LOS ANGELES,-118.28713989257813,33.989139556884766
9215051,2020,2021-02-19,1942,2020-12-29,1315,42457,0916,2,5,7,1942,0,0,0,I,0,15A3,WOODMAN AV,VANOWEN ST,50,S,N,A,-,N,NA,NA,NA,NA,NA,NA,NA,NA,NA,N,4,0,1,2,A,-,09,21804,NA,N,D,C,A,A,H,-,A,D,0,NA,NA,NA,NA,Y,NA,-,99,0,0,1,0,0,0,0,0,0,-,-,NA,NA,LOS ANGELES,LOS ANGELES,-118.43126678466795,34.19380187988281
9215109,2020,2021-02-11,1972,2020-12-29,0836,15555,NA,2,5,6,1972,0,0,0,NA,0,NA,190TH ST,PRAIRIE AV,0,NA,Y,A,-,N,NA,NA,NA,NA,NA,NA,NA,NA,NA,Y,3,0,1,3,D,-,00,NA,NA,N,D,D,A,A,H,-,A,A,0,NA,NA,NA,NA,Y,NA,-,-,0,1,0,0,0,0,0,0,0,-,-,NA,NA,LOS ANGELES,TORRANCE,-118.3438720703125,33.85829162597656
9215364,2020,2021-02-10,1956,2020-12-29,1553,1183,NA,2,5,5,1956,0,0,0,NA,0,NA,CATALINA AV,EMERALD ST,0,NA,Y,A,G,N,NA,NA,NA,NA,NA,NA,NA,NA,NA,NA,4,0,1,2,A,-,10,21950,A,N,G,B,B,A,H,-,A,A,0,Y,NA,NA,NA,Y,NA,A,01,0,0,1,0,1,0,0,0,0,-,-,33.841861724853516,-118.38851165771484,LOS ANGELES,REDONDO BEACH,-118.38838958740234,33.84191131591797
9215365,2020,2021-02-10,1963,2020-12-11,2250,00335,245,5,5,3,1963,0,0,0,NA,0,002,S SAN GABRIEL BL,CALIFORNIA BL,126,S,N,A,-,N,NA,NA,NA,NA,NA,NA,NA,NA,NA,Y,4,0,1,1,A,-,01,23152,A,N,E,I,A,A,H,-,C,A,0,NA,NA,NA,NA,Y,Y,A,01,0,0,1,0,0,0,0,0,0,-,-,34.135311126708984,-118.09441375732422,LOS ANGELES,SAN MARINO,-118.09430694580078,34.135406494140625
9215366,2020,2021-02-10,1963,2020-12-18,1240,366,103,5,5,3,1963,0,0,0,NA,0,001,LOS ROBLES AV,MONTEREY RD,0,NA,Y,A,-,N,NA,NA,NA,NA,NA,NA,NA,NA,NA,Y,3,0,2,2,A,-,12,21453,A,N,D,C,A,A,H,-,A,A,0,NA,NA,NA,NA,Y,NA,A,07,0,1,1,0,0,0,0,0,0,-,-,NA,NA,LOS ANGELES,SAN MARINO,-118.1366729736328,34.113040924072266
9215367,2020,2021-02-10,1963,2020-12-18,1642,351,237,5,5,3,1963,0,0,0,NA,0,002,HUNTINGTON DR,SAN MARINO AV,0,NA,Y,A,-,N,NA,NA,NA,NA,NA,NA,NA,NA,NA,Y,3,0,2,2,A,-,12,21453,A,N,D,C,A,A,H,-,A,A,0,NA,NA,NA,NA,Y,NA,A,07,0,2,0,0,0,0,0,0,0,-,-,NA,NA,LOS ANGELES,SAN MARINO,-118.10636901855467,34.12192916870117
9215368,2020,2021-02-10,1963,2020-12-30,0945,00367,246,3,5,3,1963,0,0,0,NA,0,002,SANTA ANITA AV,DEVONPORT RD,75,S,N,A,-,N,NA,NA,NA,NA,NA,NA,NA,NA,NA,Y,4,0,2,2,A,-,08,22100,B,N,D,C,A,A,H,-,A,D,0,NA,NA,NA,NA,Y,NA,-,-,0,0,2,0,0,0,0,0,0,-,-,NA,NA,LOS ANGELES,SAN MARINO,-118.09883880615234,34.13166427612305
9215514,2020,2021-02-02,1900,2020-11-30,0830,648679,1363,1,5,5,1952,0,0,0,NA,0,136D,SAN CARLOS ST,EL CAMINO AV,187,S,N,A,-,N,NA,NA,NA,NA,NA,NA,NA,NA,NA,N,4,0,1,2,D,-,00,NA,NA,N,B,C,A,A,H,-,A,D,0,NA,NA,NA,NA,Y,NA,-,-,0,0,1,0,0,0,0,0,0,-,-,NA,NA,LOS ANGELES,PARAMOUNT,-118.17971801757813,33.90201950073242
9215515,2020,2021-02-02,1900,2020-11-28,2130,654688,1327,6,5,5,1935,0,0,0,NA,0,132A,DEL AMO BL,ROSETON AV,3,W,N,A,-,N,NA,NA,NA,NA,NA,NA,NA,NA,NA,N,3,0,1,2,A,-,11,21954,A,N,G,B,D,A,H,-,C,A,0,Y,NA,NA,NA,Y,Y,N,60,0,1,0,0,1,0,0,0,0,-,-,NA,NA,LOS ANGELES,LAKEWOOD,-118.08685302734376,33.846031188964844
9215516,2020,2021-02-02,1900,2020-11-27,1804,637296,1332,5,5,5,1908,0,0,0,NA,0,133T1,LAKEWOOD BL,ARTESIA BL,0,NA,Y,A,-,N,NA,NA,19,NA,NA,NA,NA,NA,NA,N,3,0,1,2,A,-,05,21650,1,M,B,G,A,A,H,-,A,A,0,NA,Y,NA,NA,Y,NA,L,04,0,1,0,0,0,0,1,0,0,-,-,33.87474822998047,-118.14247894287108,LOS ANGELES,BELLFLOWER,-118.14250946044922,33.87474822998047
9215517,2020,2021-02-02,1900,2020-11-29,1905,624032,1320,7,5,5,1935,0,0,0,NA,0,132T1,PARAMOUNT BL,DEL AMO BL,0,NA,Y,A,-,N,NA,NA,NA,NA,NA,NA,NA,NA,NA,Y,3,0,2,2,A,-,09,21801,A,N,A,C,A,A,H,-,C,A,0,NA,NA,NA,NA,Y,NA,A,07,0,2,0,0,0,0,0,0,0,-,-,NA,NA,LOS ANGELES,LAKEWOOD,-118.1598892211914,33.84714126586914
9215518,2020,2021-02-02,1900,2020-11-10,1400,443467,1365,2,5,5,1952,0,0,0,NA,0,136,ROSECRANS AV,DOWNEY AV,259,E,N,A,-,N,NA,NA,NA,NA,NA,NA,NA,NA,NA,Y,4,0,2,2,A,-,09,21804,A,N,D,C,A,A,H,-,A,D,0,NA,NA,NA,NA,Y,NA,A,08,0,0,2,0,0,0,0,0,0,-,-,NA,NA,LOS ANGELES,PARAMOUNT,-118.15071105957033,33.9036750793457
9215524,2020,2021-02-23,1941,2020-12-30,1704,10009,NA,3,5,7,1941,0,0,0,NA,0,NA,MARKET ST,ATLANTIC AV,0,W,N,A,-,N,NA,NA,NA,NA,NA,NA,NA,NA,NA,N,2,0,1,2,B,-,22,NA,NA,N,B,C,A,A,H,-,B,D,0,NA,NA,Y,NA,Y,NA,C,NA,1,0,0,0,0,0,0,0,1,-,-,NA,NA,LOS ANGELES,LONG BEACH,-118.18499755859376,33.854339599609375
9215525,2020,2021-02-23,1941,2020-12-31,1102,10968,NA,4,5,7,1941,0,0,0,NA,0,NA,LONG BEACH BL,15TH,280,S,N,A,-,N,NA,NA,NA,NA,NA,NA,NA,NA,NA,N,4,0,1,2,A,-,09,21804,A,N,B,C,A,A,H,-,A,D,0,NA,NA,NA,NA,Y,NA,A,NA,0,0,1,0,0,0,0,0,0,-,-,NA,NA,LOS ANGELES,LONG BEACH,-118.18949127197266,33.78455352783203
9215535,2020,2021-02-23,1900,2020-12-22,1927,640991,1337,2,5,5,1908,0,0,0,NA,0,133E,BELLFLOWER BL,FLORA VISTA ST,10,S,N,A,-,N,NA,NA,NA,NA,NA,NA,NA,NA,NA,N,4,0,1,2,A,-,04,21703,NA,N,C,C,A,A,H,-,C,A,0,NA,NA,NA,NA,Y,NA,A,01,0,0,1,0,0,0,0,0,0,-,-,NA,NA,LOS ANGELES,BELLFLOWER,-118.12532043457033,33.88660430908203
9215536,2020,2021-02-23,1900,2020-12-28,1010,466331,1332,1,5,5,1908,0,0,0,NA,0,133T1D,CLARK AV,GARDENDALE ST,100,S,N,A,-,N,NA,NA,NA,NA,NA,NA,NA,NA,NA,N,3,0,1,3,A,-,03,22350,NA,N,C,C,A,B,H,-,A,A,0,NA,NA,NA,NA,Y,NA,A,01,0,1,0,0,0,0,0,0,0,-,-,NA,NA,LOS ANGELES,BELLFLOWER,-118.13410186767578,33.906307220458984
9215537,2020,2021-02-23,1900,2020-12-19,1858,407852,1320,6,5,5,1935,0,0,0,NA,0,132T1,DEL AMO BL,DOWNEY AV,0,NA,Y,A,-,N,NA,NA,NA,NA,NA,NA,NA,NA,NA,N,3,0,1,2,A,-,09,21801,A,N,D,G,A,A,H,-,C,A,0,NA,Y,NA,NA,Y,NA,A,07,0,1,0,0,0,0,1,0,0,-,-,NA,NA,LOS ANGELES,LAKEWOOD,-118.15119171142578,33.847198486328125
9215538,2020,2021-02-23,1900,2020-12-27,1550,617845,1321,7,5,5,1935,0,0,0,NA,0,132T1,CLARK AV,CANDLEWOOD ST,0,NA,Y,A,-,N,NA,NA,NA,NA,NA,NA,NA,NA,NA,Y,4,0,3,4,A,-,12,21453,A,N,D,C,A,A,H,-,A,A,0,NA,NA,NA,NA,Y,NA,A,07,0,0,3,0,0,0,0,0,0,-,-,NA,NA,LOS ANGELES,LAKEWOOD,-118.1337890625,33.853660583496094
9215539,2020,2021-02-23,1900,2020-12-26,0832,643959,1336,6,5,5,1908,0,0,0,NA,0,133T1,BELLFLOWER BL,BEVERLY ST,0,NA,Y,A,-,N,NA,NA,NA,NA,NA,NA,NA,NA,NA,Y,4,0,1,2,A,-,12,21453,A,N,D,C,A,A,H,-,A,A,0,NA,NA,NA,NA,Y,NA,A,01,0,0,1,0,0,0,0,0,0,-,-,NA,NA,LOS ANGELES,BELLFLOWER,-118.1252212524414,33.87575149536133
9215540,2020,2021-02-23,1900,2020-12-28,1215,526288,1333,1,5,5,1908,0,0,0,NA,0,133T2,WOODRUFF AV,ALONDRA BL,0,NA,Y,B,-,N,NA,NA,NA,NA,NA,NA,NA,NA,NA,N,3,0,1,2,A,-,10,21950,A,N,G,B,B,B,H,-,A,A,0,Y,NA,NA,NA,Y,NA,A,07,0,1,0,0,1,0,0,0,0,-,-,NA,NA,LOS ANGELES,BELLFLOWER,-118.11739349365234,33.88935852050781
9215541,2020,2021-02-23,1900,2020-12-30,1854,640991,1335,3,5,5,1908,0,0,0,NA,0,133E,LAKEWOOD BL,PARK ST,10,S,N,A,-,N,NA,NA,NA,NA,NA,NA,NA,NA,NA,N,4,0,1,2,A,-,09,21801,NA,N,D,C,A,A,H,-,C,A,0,NA,NA,NA,NA,Y,NA,A,07,0,0,1,0,0,0,0,0,0,-,-,NA,NA,LOS ANGELES,BELLFLOWER,-118.14263153076172,33.878360748291016
9215542,2020,2021-02-23,1900,2020-12-21,1330,623044,1361,1,5,5,1952,0,0,0,NA,0,136A,GARFIELD AV,SOMERSET RANCH RD SOUTH,0,NA,Y,A,-,N,NA,NA,NA,NA,NA,NA,NA,NA,NA,Y,4,0,1,1,C,-,18,NA,NA,N,E,I,A,A,H,-,A,A,0,NA,NA,NA,NA,Y,NA,-,-,0,0,1,0,0,0,0,0,0,-,-,33.910518646240234,-118.16900634765624,LOS ANGELES,PARAMOUNT,-118.16890716552734,33.910499572753906
9215543,2020,2021-02-23,1900,2020-12-19,2326,638628,1348,6,5,3,1903,0,0,0,NA,0,134A,PIONEER BL,178TH ST,15,N,N,A,-,N,NA,NA,NA,NA,NA,NA,NA,NA,NA,Y,3,0,1,3,A,-,03,22350,NA,N,C,C,A,A,H,-,C,A,0,NA,NA,NA,NA,Y,NA,A,01,0,1,0,0,0,0,0,0,0,-,-,NA,NA,LOS ANGELES,ARTESIA,-118.0822982788086,33.869422912597656
9215544,2020,2021-02-23,1900,2020-12-29,1610,636464,1365,2,5,5,1952,0,0,0,NA,0,136D,DOWNEY AV,GOLDEN AV,40,S,N,A,-,N,NA,NA,NA,NA,NA,NA,NA,NA,NA,N,4,0,1,2,A,-,09,21804,A,N,C,C,A,A,H,-,A,D,0,NA,NA,NA,NA,Y,NA,A,08,0,0,1,0,0,0,0,0,0,-,-,NA,NA,LOS ANGELES,PARAMOUNT,-118.15211486816406,33.910770416259766
9215545,2020,2021-02-23,1900,2020-12-22,1909,601707,1365,2,5,5,1952,0,0,0,NA,0,136,DOWNEY AV,WILBARN ST,6,S,N,A,-,N,NA,NA,NA,NA,NA,NA,NA,NA,NA,N,2,0,1,2,A,-,11,21950,B,N,G,B,D,A,H,-,D,D,0,Y,NA,NA,NA,Y,NA,N,60,1,0,0,0,1,0,0,0,0,-,-,33.90435028076172,-118.15145111083984,LOS ANGELES,PARAMOUNT,-118.15149688720705,33.90434265136719
9215546,2020,2021-02-23,1900,2020-12-09,1230,436136,1323,3,5,5,1935,0,0,0,NA,0,132T2,PARAMOUNT BL,COVER ST,110,N,N,-,-,N,NA,NA,NA,NA,NA,NA,NA,NA,NA,Y,4,0,1,1,C,-,18,NA,NA,N,E,I,A,A,H,-,A,D,0,NA,NA,NA,NA,Y,NA,-,-,0,0,1,0,0,0,0,0,0,-,-,NA,NA,LOS ANGELES,LAKEWOOD,-118.1599578857422,33.82794189453125
9215547,2020,2021-02-23,1900,2020-12-22,2000,550672,1320,2,5,5,1935,0,0,0,NA,0,132T1,SOUTH ST,DOWNEY AV,0,NA,Y,A,-,N,NA,NA,NA,NA,NA,NA,NA,NA,NA,Y,4,0,1,2,A,-,09,21801,A,N,A,C,A,A,H,-,C,A,0,NA,NA,NA,NA,Y,NA,A,01,0,0,1,0,0,0,0,0,0,-,-,33.86000061035156,-118.15000152587892,LOS ANGELES,LAKEWOOD,-118.15117645263672,33.86022186279297
9215548,2020,2021-02-23,1900,2020-12-18,2104,638628,1362,5,5,5,1952,0,0,0,NA,0,136B,ALHAMBRA AV,MERKEL AV,50,E,N,A,-,N,NA,NA,NA,NA,NA,NA,NA,NA,NA,Y,4,0,1,3,A,-,01,23152,A,N,B,E,A,A,H,-,C,A,0,NA,NA,NA,NA,Y,Y,A,01,0,0,1,0,0,0,0,0,0,-,-,NA,NA,LOS ANGELES,PARAMOUNT,-118.15375518798828,33.91374206542969
9215549,2020,2021-02-23,1900,2020-12-31,2345,643411,1362,4,5,5,1952,0,0,0,NA,0,136X6,JETMORE AV,FLORENCE ST,342,N,N,A,-,N,NA,NA,NA,NA,NA,NA,NA,NA,NA,Y,3,0,1,3,A,-,01,23152,A,N,B,C,A,A,H,-,C,D,0,NA,NA,NA,NA,Y,Y,A,07,0,1,0,0,0,0,0,0,0,-,-,NA,NA,LOS ANGELES,PARAMOUNT,-118.1541748046875,33.91080093383789
9215551,2020,2021-02-23,1900,2020-12-31,1855,654688,1336,4,5,5,1908,0,0,0,NA,0,133D,ARTESIA BL,CANEHILL AV,0,NA,Y,A,-,N,NA,NA,NA,NA,NA,NA,NA,NA,NA,Y,2,0,1,2,A,-,12,21453,A,N,G,B,B,A,H,-,C,A,0,Y,NA,NA,NA,Y,NA,A,07,1,0,0,0,1,0,0,0,0,-,-,NA,NA,LOS ANGELES,BELLFLOWER,-118.11141967773438,33.87287902832031
9215552,2020,2021-02-23,1900,2020-12-22,1238,526288,1332,2,5,5,1908,0,0,0,NA,0,133T2,SOMERSET BL,CLARK AV,0,NA,Y,A,-,N,NA,NA,NA,NA,NA,NA,NA,NA,NA,Y,2,0,4,2,A,-,09,21801,A,N,A,C,A,A,H,-,A,A,0,NA,NA,NA,NA,Y,NA,A,07,1,3,0,0,0,0,0,0,0,-,-,NA,NA,LOS ANGELES,BELLFLOWER,-118.13404846191406,33.896541595458984
9215553,2020,2021-03-03,1900,2020-12-26,1618,642100,1328,6,5,5,1935,0,0,0,NA,0,135B,BLOOMFIELD AV,206TH ST,0,NA,Y,A,-,N,NA,NA,NA,NA,NA,NA,NA,NA,NA,N,3,0,1,2,A,-,09,21802,A,N,G,B,A,A,H,-,A,D,0,NA,Y,NA,NA,Y,NA,A,07,0,1,0,0,0,0,1,0,0,-,-,NA,NA,LOS ANGELES,LAKEWOOD,-118.0634765625,33.843318939208984
9215554,2020,2021-02-23,1900,2020-12-17,0050,618671,1331,4,5,5,1908,0,0,0,NA,0,133T1,WOODRUFF AV,MUROC ST,154,N,N,A,-,N,NA,NA,NA,NA,NA,NA,NA,NA,NA,Y,3,0,1,6,A,-,08,22107,NA,N,C,E,A,A,H,-,C,D,0,NA,NA,NA,NA,Y,NA,A,01,0,1,0,0,0,0,0,0,0,-,-,33.90911102294922,-118.11666870117188,LOS ANGELES,BELLFLOWER,-118.11666870117188,33.90901184082031
9215555,2020,2021-02-23,1900,2020-12-18,0330,618671,1323,5,5,5,1935,0,0,0,NA,0,132T1,PARAMOUNT BL,DEL AMO BL,0,NA,Y,A,-,N,NA,NA,NA,NA,NA,NA,NA,NA,NA,Y,3,0,1,2,A,-,08,22107,NA,N,H,I,A,A,H,-,C,A,0,NA,NA,NA,NA,Y,NA,A,01,0,1,0,0,0,0,0,0,0,-,-,33.847068786621094,-118.15979766845705,LOS ANGELES,LAKEWOOD,-118.1598892211914,33.84714126586914
9215556,2020,2021-02-23,1900,2020-12-05,1500,649446,1328,6,5,5,1935,0,0,0,NA,0,132D,CENTRALIA ST,NORWALK BL,379,E,N,A,-,N,NA,NA,NA,NA,NA,NA,NA,NA,NA,N,4,0,1,2,A,-,09,21804,A,N,D,C,A,A,H,-,A,D,0,NA,NA,NA,NA,Y,NA,D,22,0,0,1,0,0,0,0,0,0,-,-,NA,NA,LOS ANGELES,LAKEWOOD,-118.07083129882813,33.838741302490234
9215557,2020,2021-02-23,1900,2020-12-21,1630,637314,1333,1,5,5,1908,0,0,0,NA,0,133T2,HAYFORD ST,ALONDRA BL,15,N,N,A,-,N,NA,NA,NA,NA,NA,NA,NA,NA,NA,N,4,0,1,2,D,-,00,NA,NA,N,C,C,A,A,H,-,C,A,0,NA,NA,NA,NA,Y,NA,-,-,0,0,1,0,0,0,0,0,0,-,-,NA,NA,LOS ANGELES,BELLFLOWER,-118.1149673461914,33.889217376708984
9215558,2020,2021-02-23,1900,2020-12-10,2010,618671,1321,4,5,5,1935,0,0,0,NA,0,132T1,CANDLEWOOD ST,CLARK AV,0,NA,Y,A,-,N,NA,NA,NA,NA,NA,NA,NA,NA,NA,Y,4,0,1,2,A,-,09,21801,A,N,A,C,A,A,H,-,C,A,0,NA,NA,NA,NA,Y,NA,A,07,0,0,1,0,0,0,0,0,0,-,-,33.85356140136719,-118.13372802734376,LOS ANGELES,LAKEWOOD,-118.1337890625,33.853660583496094
9215559,2020,2021-02-23,1900,2020-12-25,1430,648050,1364,5,5,5,1952,0,0,0,NA,0,136D,ROSECRANS AV,PARAMOUNT BL,6,E,N,A,-,N,NA,NA,NA,NA,NA,NA,NA,NA,NA,Y,3,0,2,6,A,-,12,21453,A,N,A,C,A,A,H,-,A,A,0,NA,NA,NA,NA,Y,NA,A,01,0,2,0,0,0,0,0,0,0,-,-,NA,NA,LOS ANGELES,PARAMOUNT,-118.16021728515624,33.903751373291016
9215560,2020,2021-02-23,1900,2020-12-10,0707,602218,0469,4,5,4,1936,0,0,0,NA,0,46T1,MANSA DR,PARISE DR,36,W,N,A,-,N,NA,NA,NA,NA,NA,NA,NA,NA,NA,Y,4,0,1,1,A,-,01,23152,F,N,-,I,A,-,H,-,A,D,0,NA,NA,NA,NA,Y,NA,A,01,0,0,1,0,0,0,0,0,0,-,-,33.90724182128906,-118.03031158447266,LOS ANGELES,LA MIRADA,-118.03046417236328,33.90702819824219
9215635,2020,2021-01-21,1922,2020-06-12,2104,669,NA,5,5,6,1922,0,0,0,NA,0,003,TYLER AV,DODSON ST,500,S,N,A,-,N,NA,NA,NA,NA,NA,NA,NA,NA,NA,N,2,0,1,2,D,-,00,NA,NA,N,C,C,A,A,H,-,C,D,0,NA,NA,NA,NA,Y,NA,-,-,1,0,0,0,0,0,0,0,0,-,-,34.060489654541016,-118.03565216064452,LOS ANGELES,EL MONTE,-118.0356216430664,34.0590705871582
9215658,2020,2021-02-19,1942,2020-04-29,1730,36694,1148,3,5,7,1942,0,0,0,K,0,1137,DIVISION ST,CLELAND AV,1000,S,N,A,-,N,NA,NA,NA,NA,NA,NA,NA,NA,NA,N,4,0,1,2,A,-,17,22517,NA,N,H,G,A,A,H,-,A,D,0,NA,Y,NA,NA,Y,NA,A,01,0,0,1,0,0,0,1,0,0,-,-,NA,NA,LOS ANGELES,LOS ANGELES,-118.2224349975586,34.108253479003906
9215675,2020,2021-01-21,1948,2020-09-30,1126,462,1948,3,5,5,1948,0,0,0,NA,0,001,FLORAL DR,COLLEGEAIN AV,418,W,N,A,-,N,NA,NA,NA,NA,NA,NA,NA,NA,NA,Y,4,0,2,2,A,-,05,21650,NA,N,A,C,A,A,H,-,A,C,0,NA,NA,NA,NA,Y,NA,A,07,0,0,2,0,0,0,0,0,0,-,-,NA,NA,LOS ANGELES,MONTEREY PARK,-118.145263671875,34.04094696044922
9215717,2020,2021-02-10,1900,2020-12-31,1200,436136,1322,4,5,5,1935,0,0,0,NA,0,132T2,ASHWORTH ST,PREMIER AV,75,E,N,-,-,N,NA,NA,NA,NA,NA,NA,NA,NA,NA,Y,4,0,1,1,C,-,18,NA,NA,N,C,E,A,A,H,-,A,D,0,NA,NA,NA,NA,Y,NA,-,-,0,0,1,0,0,0,0,0,0,-,-,NA,NA,LOS ANGELES,LAKEWOOD,-118.13064575195313,33.86785125732422
9215856,2020,2021-02-10,1900,2020-12-03,1800,642730,1325,4,5,5,1935,0,0,0,NA,0,13T1,CARSON ST,KNOXVILLE AV,0,NA,Y,A,-,N,NA,NA,NA,NA,NA,NA,NA,NA,NA,N,3,0,1,2,A,-,11,21954,A,N,A,B,D,A,-,-,C,D,0,Y,NA,NA,NA,Y,NA,N,60,0,1,0,0,1,0,0,0,0,-,-,NA,NA,LOS ANGELES,LAKEWOOD,-118.1042938232422,33.83243179321289
9215876,2020,2021-02-05,1900,2020-12-22,0614,624032,1322,2,5,5,1935,0,0,0,NA,0,132,LAKEWOOD BL,ASHWORTH ST,84,N,N,A,-,N,NA,NA,NA,NA,NA,NA,NA,NA,NA,Y,4,0,1,2,A,-,03,22350,NA,N,C,C,A,A,H,-,C,D,0,NA,NA,NA,NA,Y,NA,D,22,0,0,1,0,0,0,0,0,0,-,-,NA,NA,LOS ANGELES,LAKEWOOD,-118.142822265625,33.867801666259766
9215879,2020,2021-02-10,1900,2020-12-17,0915,602218,0460,4,5,4,1936,0,0,0,NA,0,46T1,LA MIRADA BL,HUTCHINS DR,0,NA,Y,A,-,N,NA,NA,NA,NA,NA,NA,NA,NA,NA,Y,2,0,3,3,A,-,09,21801,A,N,D,C,A,A,H,-,A,A,0,NA,NA,NA,NA,Y,NA,A,01,3,0,0,0,0,0,0,0,0,-,-,33.91923904418945,-118.01183319091795,LOS ANGELES,LA MIRADA,-118.01199340820313,33.919158935546875