CASE_ID,ACCIDENT_YEAR,PROC_DATE,JURIS,COLLISION_DATE,COLLISION_TIME,OFFICER_ID,REPORTING_DISTRICT,DAY_OF_WEEK,CHP_SHIFT,POPULATION,CNTY_CITY_LOC,SPECIAL_COND,BEAT_TYPE,CHP_BEAT_TYPE,CITY_DIVISION_LAPD,CHP_BEAT_CLASS,BEAT_NUMBER,PRIMARY_RD,SECONDARY_RD,DISTANCE,DIRECTION,INTERSECTION,WEATHER_1,WEATHER_2,STATE_HWY_IND,CALTRANS_COUNTY,CALTRANS_DISTRICT,STATE_ROUTE,ROUTE_SUFFIX,POSTMILE_PREFIX,POSTMILE,LOCATION_TYPE,RAMP_INTERSECTION,SIDE_OF_HWY,TOW_AWAY,COLLISION_SEVERITY,NUMBER_KILLED,NUMBER_INJURED,PARTY_COUNT,PRIMARY_COLL_FACTOR,PCF_CODE_OF_VIOL,PCF_VIOL_CATEGORY,PCF_VIOLATION,PCF_VIOL_SUBSECTION,HIT_AND_RUN,TYPE_OF_COLLISION,MVIW,PED_ACTION,ROAD_SURFACE,ROAD_COND_1,ROAD_COND_2,LIGHTING,CONTROL_DEVICE,CHP_ROAD_TYPE,PEDESTRIAN_ACCIDENT,BICYCLE_ACCIDENT,MOTORCYCLE_ACCIDENT,TRUCK_ACCIDENT,NOT_PRIVATE_PROPERTY,ALCOHOL_INVOLVED,STWD_VEHTYPE_AT_FAULT,CHP_VEHTYPE_AT_FAULT,COUNT_SEVERE_INJ,COUNT_VISIBLE_INJ,COUNT_COMPLAINT_PAIN,COUNT_PED_KILLED,COUNT_PED_INJURED,COUNT_BICYCLIST_KILLED,COUNT_BICYCLIST_INJURED,COUNT_MC_KILLED,COUNT_MC_INJURED,PRIMARY_RAMP,SECONDARY_RAMP,LATITUDE,LONGITUDE,COUNTY,CITY,POINT_X,POINT_Y
9218828,2020,2021-02-20,1942,2020-12-16,1400,41629,1394,3,5,7,1942,0,0,0,M,0,13A93,S SAN PEDRO ST,E 65TH ST,0,NA,Y,A,-,N,NA,NA,NA,NA,NA,NA,NA,NA,NA,Y,4,0,2,3,A,-,05,21651,A,F,B,C,F,A,H,-,A,D,0,Y,NA,NA,NA,Y,NA,-,99,0,0,2,0,1,0,0,0,0,-,-,NA,NA,LOS ANGELES,LOS ANGELES,-118.2695770263672,33.98060989379883
9218832,2020,2021-03-09,1942,2020-12-14,0450,41973,1383,1,5,7,1942,0,0,0,M,0,13A93,E 62ND ST,S SAN PEDRO ST,196,E,N,A,-,N,NA,NA,NA,NA,NA,NA,NA,NA,NA,Y,4,0,1,5,A,-,03,22350,NA,N,B,C,A,A,H,-,C,D,0,NA,NA,NA,NA,Y,Y,A,01,0,0,1,0,0,0,0,0,0,-,-,NA,NA,LOS ANGELES,LOS ANGELES,-118.26893615722656,33.983341217041016
9218844,2020,2021-03-01,1942,2020-12-28,1240,38826,NA,1,5,7,1942,0,0,0,NA,0,NA,WASHINGTON BL,SOTO ST,0,NA,Y,B,C,N,NA,NA,NA,NA,NA,NA,NA,NA,NA,Y,3,0,1,3,A,-,03,22350,NA,N,A,C,A,B,H,-,A,D,0,NA,NA,NA,Y,Y,NA,A,01,0,1,0,0,0,0,0,0,0,-,-,NA,NA,LOS ANGELES,LOS ANGELES,-118.22004699707033,34.01728820800781
9218848,2020,2021-02-27,1942,2020-12-25,0150,37123,0437,5,5,7,1942,0,0,0,D,0,4A15,MULTNOMAH ST,ALMADALE ST,0,NA,-,A,-,N,NA,NA,NA,NA,NA,NA,NA,NA,NA,NA,4,0,1,4,A,-,12,22450,A,N,C,E,A,A,H,-,C,D,0,NA,NA,NA,NA,Y,NA,A,01,0,0,1,0,0,0,0,0,0,-,-,NA,NA,LOS ANGELES,LOS ANGELES,-118.1917724609375,34.06909942626953
9218856,2020,2021-02-20,1942,2020-12-17,1020,37505,1342,4,5,7,1942,0,0,0,M,0,13A43,S SAN PEDRO ST,E JEFFERSON BL,0,NA,Y,A,-,N,NA,NA,NA,NA,NA,NA,NA,NA,NA,Y,4,0,1,2,A,-,03,22350,NA,N,C,C,A,A,H,-,A,B,0,NA,NA,NA,Y,Y,Y,D,22,0,0,1,0,0,0,0,0,0,-,-,NA,NA,LOS ANGELES,LOS ANGELES,-118.26526641845705,34.01533889770508
9218860,2020,2021-02-20,1942,2020-12-15,0755,40325,1373,2,5,7,1942,0,0,0,M,0,13A85,SLAUSON AV,MCKINLEY AV,65,E,N,A,-,N,NA,NA,NA,NA,NA,NA,NA,NA,NA,Y,4,0,1,3,A,-,07,21658,A,N,B,C,A,A,H,-,A,A,0,NA,NA,NA,NA,Y,NA,A,01,0,0,1,0,0,0,0,0,0,-,-,NA,NA,LOS ANGELES,LOS ANGELES,-118.26064300537108,33.989280700683594
9218864,2020,2021-02-17,1942,2020-11-08,1030,40008,1342,7,5,7,1942,0,0,0,M,0,13A43,S SAN PEDRO ST,E 35TH ST,10,N,N,A,-,N,NA,NA,NA,NA,NA,NA,NA,NA,NA,Y,4,0,3,2,A,-,21,22106,NA,N,D,C,A,A,H,-,A,D,0,NA,NA,NA,NA,Y,NA,A,01,0,0,3,0,0,0,0,0,0,-,-,NA,NA,LOS ANGELES,LOS ANGELES,-118.26580810546876,34.01453399658203
9218868,2020,2021-02-17,1942,2020-11-07,0820,33452,1347,6,5,7,1942,0,0,0,M,0,13A75,E VERNON AV,LIMA ST,0,NA,Y,B,-,N,NA,NA,NA,NA,NA,NA,NA,NA,NA,Y,3,0,1,2,A,-,03,22350,NA,N,A,B,A,B,H,-,A,D,0,NA,NA,NA,NA,Y,NA,D,22,0,1,0,0,0,0,0,0,0,-,-,NA,NA,LOS ANGELES,LOS ANGELES,-118.24658966064452,34.00392150878906
9218899,2020,2021-03-08,1900,2020-08-19,1330,618836,0246,3,5,3,1914,0,0,0,NA,0,27H1,WASHINGTON BL,YATES AV,0,NA,Y,A,-,N,NA,NA,NA,NA,NA,NA,NA,NA,NA,Y,4,0,1,2,A,-,03,22350,NA,N,-,C,A,A,H,-,A,D,0,NA,NA,NA,Y,Y,NA,A,01,0,0,1,0,0,0,0,0,0,-,-,NA,NA,LOS ANGELES,COMMERCE,-118.13131713867188,34.000030517578125
9218901,2020,2021-03-08,1900,2020-09-12,1857,643967,0242,6,5,3,1914,0,0,0,NA,0,27TP,FERGUSON DR,GERHART AV,98,E,N,A,-,N,NA,NA,NA,NA,NA,NA,NA,NA,NA,Y,4,0,1,3,A,-,09,21804,A,N,D,C,A,A,H,-,A,D,0,NA,NA,NA,Y,Y,NA,A,01,0,0,1,0,0,0,0,0,0,-,-,NA,NA,LOS ANGELES,COMMERCE,-118.1476821899414,34.00978088378906
9218904,2020,2021-02-22,1900,2020-12-16,1905,635299,0334,3,5,4,1939,0,0,0,NA,0,35T1,MANHATTAN BEACH BL,PRAIRIE AV,140,W,N,A,-,N,NA,NA,NA,NA,NA,NA,NA,NA,NA,N,3,0,1,2,A,-,04,21703,NA,M,C,C,A,A,H,-,C,A,0,NA,NA,NA,NA,Y,NA,D,22,0,1,0,0,0,0,0,0,0,-,-,33.90201187133789,-118.355712890625,LOS ANGELES,LAWNDALE,-118.3442840576172,33.8873291015625
9218910,2020,2021-03-08,1900,2020-09-02,1845,619573,0243,3,5,3,1914,0,0,0,NA,0,27T1,WASHINGTON BL,ARROWMILL AV,0,NA,-,A,-,N,NA,NA,NA,NA,NA,NA,NA,NA,NA,N,4,0,1,2,A,-,04,21703,NA,N,C,C,A,A,H,-,B,A,0,NA,NA,NA,NA,Y,NA,-,NA,0,0,1,0,0,0,0,0,0,-,-,NA,NA,LOS ANGELES,COMMERCE,-118.17942810058594,34.006961822509766
9218941,2020,2021-03-09,1900,2020-10-23,0732,648688,0243,5,5,3,1914,0,0,0,NA,0,27T,WASHINGTON BL,INDIANA ST,1071,E,N,A,-,N,NA,NA,NA,NA,NA,NA,NA,NA,NA,Y,3,0,1,2,A,-,03,22350,NA,N,C,C,A,A,H,-,A,D,0,NA,NA,NA,Y,Y,NA,A,01,0,1,0,0,0,0,0,0,0,-,-,NA,NA,LOS ANGELES,COMMERCE,-118.18797302246094,34.009857177734375
9218950,2020,2021-03-08,1900,2020-09-20,0300,525033,0245,7,5,3,1914,0,0,0,NA,0,27T,TELEGRAPH RD,CHURCH RD,183,W,N,A,-,N,NA,NA,NA,NA,NA,NA,NA,NA,NA,Y,3,0,2,2,A,-,12,21453,A,N,D,C,A,A,H,-,C,A,0,NA,NA,NA,NA,Y,NA,A,01,0,1,1,0,0,0,0,0,0,-,-,NA,NA,LOS ANGELES,COMMERCE,-118.13455963134766,33.9859504699707
9218961,2020,2021-02-10,1942,2020-12-30,0720,34458,1372,3,5,7,1942,0,0,0,M,0,13A85,E 57TH ST,S SAN PEDRO ST,250,E,N,A,-,N,NA,NA,NA,NA,NA,NA,NA,NA,NA,N,4,0,1,2,A,-,06,21750,A,F,G,B,E,A,H,-,A,D,0,Y,NA,NA,NA,Y,NA,-,99,0,0,1,0,1,0,0,0,0,-,-,NA,NA,LOS ANGELES,LOS ANGELES,-118.2693099975586,33.99068069458008
9218962,2020,2021-02-10,1942,2020-12-29,0415,41024,1321,2,5,7,1942,0,0,0,M,0,13A9,HILL ST,ADAMS BL,0,NA,Y,A,-,N,NA,NA,NA,NA,NA,NA,NA,NA,NA,Y,4,0,1,2,A,-,12,21453,A,F,D,C,A,A,H,-,C,A,0,NA,NA,NA,NA,Y,NA,-,99,0,0,1,0,0,0,0,0,0,-,-,NA,NA,LOS ANGELES,LOS ANGELES,-118.27084350585938,34.025821685791016
9218963,2020,2021-02-10,1942,2020-12-25,0313,38660,1385,5,5,7,1942,0,0,0,M,0,13A43,WALL ST,59TH PL,0,NA,Y,A,-,N,NA,NA,NA,NA,NA,NA,NA,NA,NA,N,3,0,1,1,A,-,01,23152,A,N,A,I,A,A,H,-,C,D,0,NA,NA,NA,NA,Y,Y,A,01,0,1,0,0,0,0,0,0,0,-,-,NA,NA,LOS ANGELES,LOS ANGELES,-118.27181243896484,33.98604965209961
9218964,2020,2021-02-10,1942,2020-12-25,0135,43370,1364,5,5,7,1942,0,0,0,M,0,13A75,HOOPER AV,46TH ST,0,NA,Y,A,-,N,NA,NA,NA,NA,NA,NA,NA,NA,NA,Y,4,0,1,2,A,-,12,22450,A,F,D,C,A,A,H,-,C,D,0,NA,NA,NA,NA,Y,Y,A,01,0,0,1,0,0,0,0,0,0,-,-,NA,NA,LOS ANGELES,LOS ANGELES,-118.2521514892578,34.00204086303711
9218965,2020,2021-02-10,1942,2020-12-24,0520,44207,NEWTO,4,5,7,1942,0,0,0,NA,0,13A75,MAIN,66TH AV,0,NA,Y,A,-,N,NA,NA,NA,NA,NA,NA,NA,NA,NA,Y,4,0,1,2,A,-,12,22450,A,F,B,C,A,A,H,-,C,A,0,NA,NA,NA,NA,Y,NA,-,99,0,0,1,0,0,0,0,0,0,-,-,NA,NA,LOS ANGELES,LOS ANGELES,-118.27393341064452,33.97964096069336
9218966,2020,2021-02-10,1942,2020-12-24,0925,44302,1371,4,5,7,1942,0,0,0,M,0,13A93,SLAUSON AV,BROADWAY,0,NA,Y,B,-,N,NA,NA,NA,NA,NA,NA,NA,NA,NA,N,4,0,1,2,A,-,12,21453,NA,F,D,C,A,A,H,-,A,A,0,NA,NA,NA,NA,Y,NA,A,01,0,0,1,0,0,0,0,0,0,-,-,NA,NA,LOS ANGELES,LOS ANGELES,-118.2782974243164,33.98918151855469
9218967,2020,2021-02-12,1942,2020-12-21,2000,43177,1362,1,5,7,1942,0,0,0,M,0,13A63,AVALON BL,51ST ST,0,NA,Y,A,-,N,NA,NA,NA,NA,NA,NA,NA,NA,NA,Y,3,0,2,3,A,-,01,23152,A,N,A,C,A,A,H,-,C,A,0,NA,NA,NA,NA,Y,Y,A,07,0,1,1,0,0,0,0,0,0,-,-,NA,NA,LOS ANGELES,LOS ANGELES,-118.26522827148438,33.996559143066406
9218968,2020,2021-02-10,1942,2020-12-20,1310,33452,1313,7,5,7,1942,0,0,0,M,0,13A13,SAN PEDRO ST,WASHINGTON BL,120,N,N,A,-,N,NA,NA,NA,NA,NA,NA,NA,NA,NA,N,4,0,1,2,A,-,03,22350,NA,F,C,C,A,A,H,-,A,D,0,NA,NA,NA,NA,Y,NA,-,99,0,0,1,0,0,0,0,0,0,-,-,NA,NA,LOS ANGELES,LOS ANGELES,-118.25724792480467,34.02790451049805
9218969,2020,2021-02-10,1942,2020-12-20,1200,41629,1346,7,5,7,1942,0,0,0,M,0,13A27,CENTRAL AV,43RD ST,0,NA,Y,A,-,N,NA,NA,NA,NA,NA,NA,NA,NA,NA,N,4,0,1,2,A,-,12,21453,A,F,D,C,A,A,H,-,A,D,0,NA,NA,NA,NA,Y,NA,-,99,0,0,1,0,0,0,0,0,0,-,-,NA,NA,LOS ANGELES,LOS ANGELES,-118.25649261474608,34.00572967529297
9218970,2020,2022-02-08,1942,2020-12-12,0935,44468,1313,6,5,7,1942,0,0,0,M,0,13A41W,SAN PEDRO ST,15TH ST,70,N,N,A,-,N,NA,NA,NA,NA,NA,NA,NA,NA,NA,Y,4,0,1,4,A,-,03,22350,NA,F,B,B,E,A,H,-,A,D,0,Y,NA,NA,NA,Y,NA,A,01,0,0,1,0,1,0,0,0,0,-,-,NA,NA,LOS ANGELES,LOS ANGELES,-118.25540924072266,34.03074645996094
9218971,2020,2021-02-12,1942,2020-12-01,0930,38502,1321,2,5,7,1942,0,0,0,M,0,13A13,WEST WASHINGTON BL,S GRAND AV,0,NA,Y,A,-,N,NA,NA,NA,NA,NA,NA,NA,NA,NA,N,4,0,2,2,A,-,09,21800,D,N,D,C,A,A,H,-,A,B,0,NA,NA,NA,NA,Y,NA,-,-,0,0,2,0,0,0,0,0,0,-,-,NA,NA,LOS ANGELES,LOS ANGELES,-118.26837921142578,34.03261947631836
9218972,2020,2021-02-10,1942,2020-12-05,2240,36814,1322,6,5,7,1942,0,0,0,M,0,13A13,E ADAMS BL,TRINITY ST,150,E,N,A,-,N,NA,NA,NA,NA,NA,NA,NA,NA,NA,Y,3,0,2,2,A,-,09,21801,A,N,A,C,A,A,H,-,C,D,0,NA,NA,Y,NA,Y,Y,A,07,0,1,1,0,0,0,0,0,1,-,-,NA,NA,LOS ANGELES,LOS ANGELES,-118.26283264160156,34.022254943847656
9218974,2020,2021-02-10,1942,2020-12-31,1837,40730,1341,4,5,7,1942,0,0,0,M,0,13A41,BROADWAY ST,35TH ST,35,N,N,A,-,N,NA,NA,NA,NA,NA,NA,NA,NA,NA,N,2,0,1,3,A,-,03,22350,NA,F,G,B,E,A,H,-,C,D,0,Y,NA,NA,NA,Y,NA,-,99,1,0,0,0,1,0,0,0,0,-,-,NA,NA,LOS ANGELES,LOS ANGELES,-118.27462005615234,34.017860412597656
9218975,2020,2021-02-10,1942,2020-12-31,2000,31379,1395,4,5,7,1942,0,0,0,M,0,13A43,AVALON BL,70TH ST,75,N,N,A,-,N,NA,NA,NA,NA,NA,NA,NA,NA,NA,N,2,0,1,2,A,-,11,21954,A,F,G,B,D,A,H,-,C,A,0,Y,NA,NA,NA,Y,NA,N,60,1,0,0,0,1,0,0,0,0,-,-,NA,NA,LOS ANGELES,LOS ANGELES,-118.26519012451172,33.97640609741211
9218976,2020,2021-02-10,1942,2020-12-30,1330,40057,1352,3,5,7,1942,0,0,0,M,0,13A63,MAIN ST,46TH ST,0,NA,Y,A,-,N,NA,NA,NA,NA,NA,NA,NA,NA,NA,N,4,0,1,2,A,-,05,21650,NA,F,B,C,A,A,H,-,A,A,0,NA,NA,NA,NA,Y,NA,-,99,0,0,1,0,0,0,0,0,0,-,-,NA,NA,LOS ANGELES,LOS ANGELES,-118.27400207519533,34.002010345458984
9218977,2020,2021-02-10,1942,2020-12-30,0934,42926,1371,3,5,7,1942,0,0,0,M,0,13A85,S 55TH ST,W BROADWAY,0,NA,Y,A,-,N,NA,NA,NA,NA,NA,NA,NA,NA,NA,Y,4,0,1,2,A,-,12,22450,A,N,D,C,A,A,H,-,A,A,0,NA,NA,NA,NA,Y,NA,A,07,0,0,1,0,0,0,0,0,0,-,-,NA,NA,LOS ANGELES,LOS ANGELES,-118.27831268310548,33.99238967895508
9218978,2020,2021-02-10,1942,2020-12-23,1230,43126,LOSAN,3,5,7,1942,0,0,0,NA,0,4A3W2,CESAR E CHAVEZ AV,BREED ST,0,NA,Y,A,-,N,NA,NA,NA,NA,NA,NA,NA,NA,NA,N,4,0,1,2,A,-,10,21950,NA,N,G,B,B,A,-,-,A,A,0,Y,NA,NA,NA,Y,NA,A,01,0,0,1,0,1,0,0,0,0,-,-,NA,NA,LOS ANGELES,LOS ANGELES,-118.20897674560548,34.047340393066406
9218979,2020,2021-02-10,1942,2020-12-20,1505,34426,1371,7,5,7,1942,0,0,0,M,0,13A85,W 55TH ST,S BROADWAY,217,E,N,A,-,N,NA,NA,NA,NA,NA,NA,NA,NA,NA,N,2,0,1,2,A,-,11,21954,A,F,G,B,E,A,H,-,A,D,0,Y,NA,NA,NA,Y,NA,N,60,1,0,0,0,1,0,0,0,0,-,-,NA,NA,LOS ANGELES,LOS ANGELES,-118.27759552001952,33.99238967895508
9218980,2020,2021-02-10,1942,2020-12-19,0030,38265,1352,6,5,7,1942,0,0,0,M,0,13A61,E VERNON AV,AVALON BL,16,W,N,A,-,N,NA,NA,NA,NA,NA,NA,NA,NA,NA,Y,4,0,3,3,A,-,03,22350,NA,F,B,C,A,A,H,-,C,A,0,NA,NA,NA,NA,Y,NA,A,01,0,0,3,0,0,0,0,0,0,-,-,NA,NA,LOS ANGELES,LOS ANGELES,-118.26531982421876,34.003868103027344
9219011,2020,2021-02-16,1900,2020-12-04,0745,636444,0331,5,5,4,1939,0,0,0,NA,0,35T1,HAWTHORNE BL,MARINE AV,0,NA,Y,A,-,N,NA,NA,NA,NA,NA,NA,NA,NA,NA,Y,3,0,1,2,A,-,12,21453,A,N,-,C,A,A,H,-,A,A,0,NA,NA,NA,NA,Y,NA,A,01,0,1,0,0,0,0,0,0,0,-,-,33.894569396972656,-118.35243988037108,LOS ANGELES,LAWNDALE,-118.3527374267578,33.8946418762207
9219012,2020,2021-02-16,1900,2020-12-08,1815,635299,0334,2,5,4,1939,0,0,0,NA,0,35T1,PRAIRIE AV,W 159TH ST,84,S,N,A,-,N,NA,NA,NA,NA,NA,NA,NA,NA,NA,N,3,0,1,2,A,-,07,21658,A,N,G,B,D,A,H,-,C,D,0,Y,NA,NA,NA,Y,NA,A,01,0,1,0,0,1,0,0,0,0,-,-,33.88616943359375,-118.34385681152344,LOS ANGELES,LAWNDALE,-118.34382629394533,33.88621139526367
9219013,2020,2021-02-16,1900,2020-12-10,1555,635299,0334,4,5,4,1939,0,0,0,NA,0,35T1,PRAIRIE AV,W 147TH ST,3,S,N,A,-,N,NA,NA,NA,NA,NA,NA,NA,NA,NA,N,3,0,1,2,A,-,10,21950,A,M,G,B,B,A,H,-,B,A,0,Y,NA,NA,NA,Y,NA,A,07,0,1,0,0,1,0,0,0,0,-,-,33.89881896972656,-118.34390258789064,LOS ANGELES,LAWNDALE,-118.34384918212892,33.89827346801758
9219014,2020,2021-02-16,1900,2020-12-10,1900,635299,0333,4,5,4,1939,0,0,0,NA,0,35T1,INGLEWOOD AV,147TH ST,0,NA,Y,A,-,N,NA,NA,NA,NA,NA,NA,NA,NA,NA,Y,3,0,1,2,A,-,12,21453,A,N,A,C,A,A,H,-,C,A,0,NA,NA,NA,NA,Y,NA,A,07,0,1,0,0,0,0,0,0,0,-,-,33.89788055419922,-118.36136627197266,LOS ANGELES,LAWNDALE,-118.36131286621094,33.89828872680664
9219015,2020,2021-02-16,1900,2020-12-29,0930,550550,0334,2,5,4,1939,0,0,0,NA,0,35T1,MANHATTAN BEACH BL,FREEMAN AV,2,E,N,A,-,N,NA,NA,NA,NA,NA,NA,NA,NA,NA,N,3,0,1,2,A,-,10,21950,A,N,G,B,B,A,H,-,A,A,0,Y,NA,NA,NA,Y,NA,A,07,0,1,0,0,1,0,0,0,0,-,-,33.88734817504883,-118.34880065917967,LOS ANGELES,LAWNDALE,-118.34891510009766,33.887451171875
9219038,2020,2021-03-02,1942,2020-12-30,1905,41200,1341,3,5,7,1942,0,0,0,M,0,13G32,JEFFERSON BL,MAPLE AV,300,W,N,A,-,N,NA,NA,NA,NA,NA,NA,NA,NA,NA,N,3,0,1,2,A,-,04,21703,NA,M,C,C,A,A,H,-,C,D,0,NA,NA,NA,NA,Y,NA,-,99,0,1,0,0,0,0,0,0,0,-,-,NA,NA,LOS ANGELES,LOS ANGELES,-118.2703094482422,34.017581939697266
9219047,2020,2021-02-24,1955,2020-12-14,0713,41138,53,1,5,6,1955,0,0,0,NA,0,001,2ND ST,OAK AV,578,W,N,B,-,N,NA,NA,NA,NA,NA,NA,NA,NA,NA,Y,4,0,2,3,A,-,08,22107,NA,N,F,E,A,A,H,-,A,D,0,NA,NA,NA,NA,Y,NA,D,22,0,0,2,0,0,0,0,0,0,-,-,34.057350158691406,-117.7697982788086,LOS ANGELES,POMONA,-117.77167510986328,34.057281494140625
9219116,2020,2021-02-19,1900,2020-11-23,1020,610411,0973,1,5,4,1979,0,0,0,NA,0,092,SANTA MONICA BL,LA BREA AV,69,W,N,A,-,N,NA,NA,NA,NA,NA,NA,NA,NA,NA,N,4,0,1,2,A,-,10,21950,A,M,H,B,E,A,H,-,A,D,0,Y,NA,NA,NA,Y,NA,D,22,0,0,1,0,1,0,0,0,0,-,-,NA,NA,LOS ANGELES,WEST HOLLYWOOD,-118.34430694580078,34.0906982421875
9219202,2020,2021-02-19,1942,2020-12-29,1530,43212,0409,2,5,7,1942,0,0,0,D,0,4X99,N HUNTINGTON DR,POPLAR BL,50,E,N,A,-,N,NA,NA,NA,NA,NA,NA,NA,NA,NA,N,4,0,2,2,A,-,03,22350,NA,N,B,C,A,A,H,-,A,D,0,NA,NA,NA,NA,Y,NA,A,01,0,0,2,0,0,0,0,0,0,-,-,NA,NA,LOS ANGELES,LOS ANGELES,-118.16471099853516,34.090675354003906
9219203,2020,2021-02-19,1942,2020-12-29,1405,34458,0412,2,5,7,1942,0,0,0,D,0,4A3,PASADENA AV,E AVENUE 35,100,N,N,A,-,N,NA,NA,NA,NA,NA,NA,NA,NA,NA,Y,3,0,3,2,A,-,21,22106,NA,N,D,C,A,A,H,-,A,D,0,NA,NA,NA,NA,Y,NA,A,01,0,1,2,0,0,0,0,0,0,-,-,NA,NA,LOS ANGELES,LOS ANGELES,-118.21300506591795,34.08590316772461
9219204,2020,2021-02-19,1942,2020-12-18,0100,39876,1364,5,5,7,1942,0,0,0,M,0,13A75,HOOPER AV,E 45TH ST,0,NA,Y,A,-,N,NA,NA,NA,NA,NA,NA,NA,NA,NA,N,4,0,1,3,A,-,01,23152,A,N,A,C,A,A,H,-,C,D,0,NA,NA,NA,NA,Y,Y,A,01,0,0,1,0,0,0,0,0,0,-,-,NA,NA,LOS ANGELES,LOS ANGELES,-118.25215911865234,34.00297927856445
9219205,2020,2021-02-19,1942,2020-12-15,1205,37505,1313,2,5,7,1942,0,0,0,M,0,13A13,S SAN PEDRO ST,E 14TH PL,0,NA,Y,A,-,N,NA,NA,NA,NA,NA,NA,NA,NA,NA,Y,4,0,1,2,A,-,04,21703,NA,F,C,C,A,A,H,-,A,A,0,NA,NA,NA,NA,Y,NA,-,99,0,0,1,0,0,0,0,0,0,-,-,NA,NA,LOS ANGELES,LOS ANGELES,-118.25508880615234,34.03120040893555
9219206,2020,2021-02-19,1942,2020-12-15,1815,39506,1375,2,5,7,1942,0,0,0,M,0,13X94,COMPTON AV,58TH ST,0,NA,Y,A,-,N,NA,NA,NA,NA,NA,NA,NA,NA,NA,N,4,0,1,2,A,-,08,22107,NA,N,A,C,A,A,H,-,C,D,0,NA,NA,NA,NA,Y,NA,-,NA,0,0,1,0,0,0,0,0,0,-,-,NA,NA,LOS ANGELES,LOS ANGELES,-118.2477569580078,33.99020004272461
9219207,2020,2021-02-19,1942,2020-12-14,2245,39876,1346,1,5,7,1942,0,0,0,M,0,13A43,E VERNON AV,S CENTRAL AV,0,NA,Y,A,-,N,NA,NA,NA,NA,NA,NA,NA,NA,NA,N,4,0,1,2,A,-,12,21453,A,F,D,C,A,-,H,-,C,A,0,NA,NA,NA,NA,Y,NA,-,99,0,0,1,0,0,0,0,0,0,-,-,NA,NA,LOS ANGELES,LOS ANGELES,-118.25649261474608,34.003929138183594
9219208,2020,2021-02-19,1942,2020-12-13,1620,40275,1313,7,5,7,1942,0,0,0,M,0,13A13,E 21ST ST,STANFORD AV,20,E,N,A,-,N,NA,NA,NA,NA,NA,NA,NA,NA,NA,N,4,0,1,2,A,-,21,22106,NA,F,D,C,A,A,H,-,A,D,0,NA,NA,NA,NA,Y,NA,-,99,0,0,1,0,0,0,0,0,0,-,-,NA,NA,LOS ANGELES,LOS ANGELES,-118.25665283203124,34.02495193481445
9219209,2020,2021-02-19,1942,2020-12-13,1730,34426,1393,7,5,7,1942,0,0,0,M,0,13A93,MAIN ST,65TH ST,0,NA,Y,A,-,N,NA,NA,NA,NA,NA,NA,NA,NA,NA,N,4,0,1,2,A,-,03,22350,NA,F,C,C,A,A,H,-,C,D,0,NA,NA,NA,NA,Y,NA,-,99,0,0,1,0,0,0,0,0,0,-,-,NA,NA,LOS ANGELES,LOS ANGELES,-118.27394104003906,33.9805793762207
9219210,2020,2021-02-19,1942,2020-12-12,0845,38502,1373,6,5,7,1942,0,0,0,M,0,13A85,S CENTRAL AV,E 57TH ST,0,NA,Y,B,-,N,NA,NA,NA,NA,NA,NA,NA,NA,NA,N,3,0,2,2,A,-,09,21802,A,F,D,C,A,A,H,-,A,A,0,NA,NA,NA,NA,Y,NA,-,99,0,1,1,0,0,0,0,0,0,-,-,NA,NA,LOS ANGELES,LOS ANGELES,-118.25644683837892,33.9911003112793
9219211,2020,2021-02-19,1942,2020-12-02,1845,36814,NA,3,5,7,1942,0,0,0,NA,0,NA,S HOOVER ST,WEST WASHINGTON BL,200,N,N,A,-,N,NA,NA,NA,NA,NA,NA,NA,NA,NA,N,4,0,2,2,A,-,07,21658,A,N,B,C,A,A,H,-,C,A,0,NA,NA,NA,NA,Y,NA,A,01,0,0,2,0,0,0,0,0,0,-,-,NA,NA,LOS ANGELES,LOS ANGELES,-118.28412628173828,34.04039764404297
9219212,2020,2021-02-19,1942,2020-12-02,0510,39062,0237,3,5,7,1942,0,0,0,B,0,2A39,S BEAUDRY AV,W 2ND ST,122,S,N,A,-,N,NA,NA,NA,NA,NA,NA,NA,NA,NA,N,3,0,1,2,A,-,11,21954,A,N,G,B,D,-,H,-,C,D,0,Y,NA,NA,NA,Y,NA,N,60,0,1,0,0,1,0,0,0,0,-,-,NA,NA,LOS ANGELES,LOS ANGELES,-118.25555419921876,34.057674407958984
9219261,2020,2021-02-10,1900,2020-11-06,0430,635556,0242,5,5,3,1914,0,0,0,NA,0,021,OLYMPIC BL,GERHART AV,0,NA,Y,A,-,N,NA,NA,NA,NA,NA,NA,NA,NA,NA,Y,4,0,1,2,A,-,12,21453,A,F,-,C,A,A,H,-,C,A,0,NA,NA,NA,NA,Y,NA,A,01,0,0,1,0,0,0,0,0,0,-,-,34.01398849487305,-118.14755249023438,LOS ANGELES,COMMERCE,-118.14749145507813,34.013980865478516
9219281,2020,2021-02-10,1907,2020-11-24,1247,247,2,2,5,4,1907,0,0,0,NA,0,NA,FLORENCE AV,WILCOX AV,32,E,N,A,-,N,NA,NA,NA,NA,NA,NA,NA,NA,NA,N,4,0,1,2,A,-,21,22106,NA,M,C,C,A,A,H,-,A,A,0,NA,NA,NA,NA,Y,NA,A,01,0,0,1,0,0,0,0,0,0,-,-,33.969970703125,-118.17627716064452,LOS ANGELES,BELL,-118.17774200439452,33.9692268371582
9219282,2020,2021-02-10,1907,2020-11-26,2221,241,1,4,5,4,1907,0,0,0,NA,0,NA,ATLANTIC AV,RANDOLPH ST,7,N,N,A,-,N,NA,NA,NA,NA,NA,NA,NA,NA,NA,Y,3,0,3,2,A,-,01,23152,A,N,D,C,A,A,H,-,C,A,0,NA,NA,NA,NA,Y,Y,A,01,0,2,1,0,0,0,0,0,0,-,-,33.98134994506836,-118.18653106689452,LOS ANGELES,BELL,-118.18647003173828,33.981380462646484