CASE_ID,ACCIDENT_YEAR,PROC_DATE,JURIS,COLLISION_DATE,COLLISION_TIME,OFFICER_ID,REPORTING_DISTRICT,DAY_OF_WEEK,CHP_SHIFT,POPULATION,CNTY_CITY_LOC,SPECIAL_COND,BEAT_TYPE,CHP_BEAT_TYPE,CITY_DIVISION_LAPD,CHP_BEAT_CLASS,BEAT_NUMBER,PRIMARY_RD,SECONDARY_RD,DISTANCE,DIRECTION,INTERSECTION,WEATHER_1,WEATHER_2,STATE_HWY_IND,CALTRANS_COUNTY,CALTRANS_DISTRICT,STATE_ROUTE,ROUTE_SUFFIX,POSTMILE_PREFIX,POSTMILE,LOCATION_TYPE,RAMP_INTERSECTION,SIDE_OF_HWY,TOW_AWAY,COLLISION_SEVERITY,NUMBER_KILLED,NUMBER_INJURED,PARTY_COUNT,PRIMARY_COLL_FACTOR,PCF_CODE_OF_VIOL,PCF_VIOL_CATEGORY,PCF_VIOLATION,PCF_VIOL_SUBSECTION,HIT_AND_RUN,TYPE_OF_COLLISION,MVIW,PED_ACTION,ROAD_SURFACE,ROAD_COND_1,ROAD_COND_2,LIGHTING,CONTROL_DEVICE,CHP_ROAD_TYPE,PEDESTRIAN_ACCIDENT,BICYCLE_ACCIDENT,MOTORCYCLE_ACCIDENT,TRUCK_ACCIDENT,NOT_PRIVATE_PROPERTY,ALCOHOL_INVOLVED,STWD_VEHTYPE_AT_FAULT,CHP_VEHTYPE_AT_FAULT,COUNT_SEVERE_INJ,COUNT_VISIBLE_INJ,COUNT_COMPLAINT_PAIN,COUNT_PED_KILLED,COUNT_PED_INJURED,COUNT_BICYCLIST_KILLED,COUNT_BICYCLIST_INJURED,COUNT_MC_KILLED,COUNT_MC_INJURED,PRIMARY_RAMP,SECONDARY_RAMP,LATITUDE,LONGITUDE,COUNTY,CITY,POINT_X,POINT_Y
9219283,2020,2021-02-10,1907,2020-11-27,1729,247,2,5,5,4,1907,0,0,0,NA,0,NA,GAGE AV,CASITAS AV,34,E,N,A,-,N,NA,NA,NA,NA,NA,NA,NA,NA,NA,Y,3,0,4,4,A,-,03,22350,NA,N,C,C,A,A,H,-,C,D,0,NA,NA,NA,NA,Y,NA,A,01,0,2,2,0,0,0,0,0,0,-,-,33.97608184814453,-118.1690673828125,LOS ANGELES,BELL,-118.17103576660156,33.9764518737793
9219285,2020,2021-02-10,1941,2020-11-09,1504,11274,NA,1,5,7,1941,0,0,0,NA,0,NA,GAVIOTA AV,CURRY ST,15,N,N,A,-,N,NA,NA,NA,NA,NA,NA,NA,NA,NA,N,3,0,1,3,A,-,08,22107,NA,F,B,C,F,A,H,-,A,D,0,Y,NA,NA,NA,Y,NA,M,NA,0,1,0,0,1,0,0,0,0,-,-,NA,NA,LOS ANGELES,LONG BEACH,-118.17156982421876,33.86648178100586
9219286,2020,2021-02-10,1941,2020-11-26,2141,11003,NA,4,5,7,1941,0,0,0,NA,0,NA,10TH ST,E ORIZABA AV,100,E,N,A,-,N,NA,NA,NA,NA,NA,NA,NA,NA,NA,Y,4,0,1,4,A,-,01,23152,B,N,D,E,A,A,H,-,C,D,0,NA,NA,NA,NA,Y,Y,A,NA,0,0,1,0,0,0,0,0,0,-,-,NA,NA,LOS ANGELES,LONG BEACH,-118.1564483642578,33.778953552246094
9219289,2020,2021-02-10,1922,2020-11-04,1810,463,NA,3,5,6,1922,0,0,0,NA,0,NA,GARVEY AV,MOUNTAIN VIEW RD,500,W,N,A,-,N,NA,NA,NA,NA,NA,NA,NA,NA,NA,Y,3,0,1,2,A,-,04,21703,NA,N,C,C,A,A,H,-,C,A,0,NA,NA,NA,NA,Y,NA,A,08,0,1,0,0,0,0,0,0,0,-,-,34.06277084350586,-118.02313232421876,LOS ANGELES,EL MONTE,-118.02338409423828,34.062843322753906
9219308,2020,2021-02-22,1900,2020-12-07,2223,526486,0977,1,5,4,1979,0,0,0,NA,0,93T1,HOLLOWAY DR,ALTA LOMA DR,40,W,N,A,-,N,NA,NA,NA,NA,NA,NA,NA,NA,NA,N,4,0,1,2,A,-,08,22107,NA,N,B,E,A,A,H,-,C,D,0,NA,NA,NA,NA,Y,NA,A,01,0,0,1,0,0,0,0,0,0,-,-,34.09074020385742,-118.37950897216795,LOS ANGELES,WEST HOLLYWOOD,-118.37791442871094,34.09062957763672
9219389,2020,2021-02-24,1900,2020-12-02,1740,509083,0973,3,5,4,1979,0,0,0,NA,0,93E,SANTA MONICA BL,MARTEL AV,30,W,N,A,-,N,NA,NA,NA,NA,NA,NA,NA,NA,NA,N,3,0,1,2,A,-,04,21703,NA,N,C,C,A,A,H,-,C,A,0,NA,NA,NA,NA,Y,NA,D,22,0,1,0,0,0,0,0,0,0,-,-,NA,NA,LOS ANGELES,WEST HOLLYWOOD,-118.35121154785156,34.09077072143555
9219586,2020,2021-02-19,1955,2020-12-22,1527,42609,87,2,5,6,1955,0,0,0,NA,0,004,TOWNE AV,HUNT AV,100,S,N,A,-,N,NA,NA,NA,NA,NA,NA,NA,NA,NA,Y,3,0,2,2,A,-,01,23152,A,N,A,C,A,A,H,-,A,A,0,NA,NA,NA,NA,Y,Y,A,07,0,1,1,0,0,0,0,0,0,-,-,NA,NA,LOS ANGELES,POMONA,-117.7406005859375,34.0350341796875
9219588,2020,2021-02-19,1955,2020-12-29,0657,40620,30,2,5,6,1955,0,0,0,NA,0,002,FOOTHILL BL,EQUATION RD,150,E,N,A,-,N,NA,NA,NA,NA,NA,NA,NA,NA,NA,Y,4,0,1,2,A,-,09,21804,A,N,D,C,A,B,H,-,A,D,0,NA,NA,NA,NA,Y,NA,A,01,0,0,1,0,0,0,0,0,0,-,-,NA,NA,LOS ANGELES,POMONA,-117.74592590332033,34.10729217529297
9219592,2020,2021-02-19,1962,2020-12-23,1528,078,1962,3,5,4,1962,0,0,0,NA,0,001,DEL MAR AV,LAS TUNAS DR,0,NA,Y,A,-,N,NA,NA,NA,NA,NA,NA,NA,NA,NA,Y,4,0,1,2,A,-,09,21801,A,N,A,C,A,A,H,-,A,A,0,NA,NA,NA,NA,Y,NA,A,01,0,0,1,0,0,0,0,0,0,-,-,34.102821350097656,-118.09967803955078,LOS ANGELES,SAN GABRIEL,-118.09967803955078,34.10279846191406
9219593,2020,2021-02-19,1962,2020-12-15,1518,138,1962,2,5,4,1962,0,0,0,NA,0,004,DENTON AV,MASHALL ST,0,NA,Y,A,-,N,NA,NA,NA,NA,NA,NA,NA,NA,NA,N,4,0,1,2,A,-,10,21952,NA,N,G,B,B,A,H,-,A,D,0,Y,NA,NA,NA,Y,NA,A,01,0,0,1,0,1,0,0,0,0,-,-,34.07535171508789,-118.0959014892578,LOS ANGELES,SAN GABRIEL,-118.09584045410156,34.075340270996094
9219598,2020,2021-02-19,1900,2020-12-03,2330,547642,0972,4,5,4,1979,0,0,0,NA,0,93T4,DOHENY DR,BEVERLY BL,0,NA,Y,A,-,N,NA,NA,NA,NA,NA,NA,NA,NA,NA,Y,2,0,1,2,A,-,12,21453,A,N,D,C,A,A,H,-,C,A,0,NA,NA,NA,NA,Y,NA,A,01,1,0,0,0,0,0,0,0,0,-,-,34.0771598815918,-118.38968658447266,LOS ANGELES,WEST HOLLYWOOD,-118.38971710205078,34.077178955078125
9219599,2020,2021-02-19,1900,2020-12-10,0922,600979,0972,4,5,4,1979,0,0,0,NA,0,092,N DOHENY DR,ROSEWOOD AV,0,NA,Y,A,-,N,NA,NA,NA,NA,NA,NA,NA,NA,NA,Y,4,0,2,2,A,-,00,20001,A,F,D,C,A,A,H,-,A,D,0,NA,NA,NA,NA,Y,NA,A,01,0,0,2,0,0,0,0,0,0,-,-,34.07796096801758,-118.38973999023438,LOS ANGELES,WEST HOLLYWOOD,-118.38973236083984,34.07796096801758
9219600,2020,2021-02-19,1900,2020-12-14,1710,507857,0972,1,5,4,1979,0,0,0,NA,0,93J,LA CIENEGA BL,ROSEWOOD AV,0,NA,Y,B,-,N,NA,NA,NA,NA,NA,NA,NA,NA,NA,N,2,0,1,2,A,-,11,21950,B,N,G,B,B,A,H,-,C,A,0,Y,NA,NA,NA,Y,Y,N,60,1,0,0,0,1,0,0,0,0,-,-,34.080238342285156,-118.37644958496094,LOS ANGELES,WEST HOLLYWOOD,-118.37657165527344,34.08018112182617
9219606,2020,2021-02-23,1900,2020-12-27,2000,519547,0986,7,5,4,1979,0,0,0,NA,0,92H,SUNSET BL,DOHENY RD,104,W,N,A,-,N,NA,NA,NA,NA,NA,NA,NA,NA,NA,Y,4,0,2,1,A,-,03,22350,NA,F,E,I,A,A,H,-,C,A,0,NA,NA,NA,NA,Y,NA,A,01,0,0,2,0,0,0,0,0,0,-,-,NA,NA,LOS ANGELES,WEST HOLLYWOOD,-118.39256286621094,34.09035873413086
9219607,2020,2021-02-23,1900,2020-12-26,0911,625594,0973,6,5,4,1979,0,0,0,NA,0,92A,SANTA MONICA BL,VISTA ST,0,NA,Y,A,-,N,NA,NA,NA,NA,NA,NA,NA,NA,NA,N,4,0,1,2,A,-,10,21950,A,N,G,B,B,A,H,-,A,A,0,Y,NA,NA,NA,Y,NA,A,01,0,0,1,0,1,0,0,0,0,-,-,34.090999603271484,-118.35299682617188,LOS ANGELES,WEST HOLLYWOOD,-118.35279083251952,34.09077835083008
9219608,2020,2021-02-23,1900,2020-12-30,1500,625594,0986,3,5,4,1979,0,0,0,NA,0,92A,SUNSET BL,SUNSET PLAZA DR,20,E,N,A,-,N,NA,NA,NA,NA,NA,NA,NA,NA,NA,Y,3,0,1,4,A,-,07,21658,A,N,C,C,A,A,H,-,A,D,0,NA,NA,NA,NA,Y,NA,A,01,0,1,0,0,0,0,0,0,0,-,-,34.09199905395508,-118.37999725341795,LOS ANGELES,WEST HOLLYWOOD,-118.37956237792967,34.092369079589844
9219609,2020,2021-02-23,1900,2020-12-01,0645,610411,0973,2,5,4,1979,0,0,0,NA,0,092,SANTA MONICA BL,LA BREA AVE,75,W,N,A,-,N,NA,NA,NA,NA,NA,NA,NA,NA,NA,Y,4,0,1,2,A,-,09,21804,A,N,A,C,A,A,H,-,A,D,0,NA,NA,NA,NA,Y,NA,A,01,0,0,1,0,0,0,0,0,0,-,-,NA,NA,LOS ANGELES,WEST HOLLYWOOD,-118.34432983398438,34.0906982421875
9219610,2020,2021-02-23,1900,2020-12-15,1330,453022,0973,2,5,4,1979,0,0,0,NA,0,930,SANTA MONICA BL,FORMOSA AVE,100,W,N,A,-,N,NA,NA,NA,NA,NA,NA,NA,NA,NA,N,4,0,1,2,A,-,04,21703,NA,F,C,C,A,A,H,-,A,D,0,NA,NA,NA,NA,Y,NA,A,01,0,0,1,0,0,0,0,0,0,-,-,NA,NA,LOS ANGELES,WEST HOLLYWOOD,-118.34658050537108,34.09071731567383
9219617,2020,2021-02-23,1955,2020-12-17,0735,42708,5,4,5,6,1955,0,0,0,NA,0,004,MISSION BL,TOWNE AV,368,E,N,A,-,N,NA,NA,NA,NA,NA,NA,NA,NA,NA,Y,3,0,1,3,A,-,08,22107,NA,N,C,E,A,A,H,-,A,A,0,NA,NA,NA,NA,Y,NA,A,01,0,1,0,0,0,0,0,0,0,-,-,NA,NA,LOS ANGELES,POMONA,-117.74011993408205,34.05535125732422
9219618,2020,2021-02-23,1941,2020-12-31,1359,410507,1810,4,5,7,1941,0,0,0,NA,0,184D,WRIGLEY RD,PEBBLY BEACH RD,800,W,N,A,-,N,NA,NA,NA,NA,NA,NA,NA,NA,NA,NA,3,0,1,1,A,-,03,22350,NA,N,F,A,A,A,H,-,A,D,0,NA,NA,NA,NA,Y,Y,A,01,0,1,0,0,0,0,0,0,0,-,-,NA,NA,LOS ANGELES,LONG BEACH,-118.31255340576172,33.334197998046875
9219619,2020,2021-02-23,1900,2020-12-10,0926,527698,0975,4,5,4,1979,0,0,0,NA,0,92T3,FOUNTAIN AV,LAUREL AVE,0,NA,Y,A,-,N,NA,NA,NA,NA,NA,NA,NA,NA,NA,N,4,0,1,2,A,-,10,21950,A,F,G,B,B,A,H,-,A,A,0,Y,NA,NA,NA,Y,NA,A,01,0,0,1,0,1,0,0,0,0,-,-,34.09440994262695,-118.36437225341795,LOS ANGELES,WEST HOLLYWOOD,-118.36447143554688,34.09440994262695
9219620,2020,2021-02-23,1942,2020-12-22,0840,35393,A831,2,5,7,1942,0,0,0,NA,0,25T23,FIGUEROA ST,127TH ST,100,S,N,A,-,N,NA,NA,NA,NA,NA,NA,NA,NA,NA,N,4,0,1,2,A,-,04,21703,NA,N,C,C,A,A,H,-,A,D,0,NA,NA,NA,NA,Y,NA,A,01,0,0,1,0,0,0,0,0,0,-,-,NA,NA,LOS ANGELES,LOS ANGELES,-118.2828369140625,33.917327880859375
9219720,2020,2021-02-10,1942,2020-12-29,1702,43303,0424,2,5,7,1942,0,0,0,D,0,4A15,VALLEY BL,SAN PABLO CT,200,E,N,A,-,N,NA,NA,NA,NA,NA,NA,NA,NA,NA,Y,4,0,1,2,A,-,08,22107,NA,N,B,C,A,A,H,-,C,A,0,NA,NA,NA,NA,Y,NA,-,-,0,0,1,0,0,0,0,0,0,-,-,NA,NA,LOS ANGELES,LOS ANGELES,-118.20154571533205,34.065399169921875
9219761,2020,2021-03-01,1942,2020-12-09,2221,32153,0162,3,5,7,1942,0,0,0,A,0,1A2,FLOWER ST,8TH ST,0,NA,Y,A,-,N,NA,NA,NA,NA,NA,NA,NA,NA,NA,Y,3,0,2,2,A,-,12,21453,A,N,D,C,A,A,H,-,C,A,0,NA,NA,NA,NA,Y,NA,A,01,0,1,1,0,0,0,0,0,0,-,-,NA,NA,LOS ANGELES,LOS ANGELES,-118.26011657714844,34.04724884033203
9219762,2020,2021-02-25,1942,2020-12-04,1620,43767,0101,5,5,7,1942,0,0,0,A,0,1A84,ALPINE ST,FIGUEROA TER,17,E,N,A,-,N,NA,NA,NA,NA,NA,NA,NA,NA,NA,N,4,0,1,2,A,-,10,21950,A,N,G,B,C,A,H,-,A,D,0,Y,NA,NA,NA,Y,NA,A,01,0,0,1,0,1,0,0,0,0,-,-,NA,NA,LOS ANGELES,LOS ANGELES,-118.24655151367188,34.064910888671875
9219763,2020,2021-02-25,1942,2020-12-04,1000,41629,0192,5,5,7,1942,0,0,0,A,0,1A61,W 14TH ST,S GRAND AV,0,NA,Y,A,-,N,NA,NA,NA,NA,NA,NA,NA,NA,NA,Y,4,0,2,2,A,-,09,21802,A,N,D,C,A,A,H,-,A,A,0,NA,NA,NA,NA,Y,NA,A,01,0,0,2,0,0,0,0,0,0,-,-,NA,NA,LOS ANGELES,LOS ANGELES,-118.29020690917967,33.731510162353516
9219764,2020,2021-02-25,1942,2020-12-01,1800,42482,0138,2,5,7,1942,0,0,0,A,0,1FB21,3RD ST,ALAMEDA ST,0,NA,Y,A,-,N,NA,NA,NA,NA,NA,NA,NA,NA,NA,Y,4,0,2,2,A,-,08,22100,B,N,D,C,A,A,H,-,C,A,0,NA,NA,NA,NA,Y,NA,A,01,0,0,2,0,0,0,0,0,0,-,-,NA,NA,LOS ANGELES,LOS ANGELES,-118.23809051513672,34.04553985595703
9219765,2020,2021-02-25,1942,2020-12-30,1950,43928,RD369,3,5,7,1942,0,0,0,NA,0,3A41,NICOLET AV,COLISEUM,0,NA,Y,A,-,N,NA,NA,NA,NA,NA,NA,NA,NA,NA,N,4,0,1,2,A,-,12,21453,A,N,D,C,A,A,H,-,B,A,0,NA,NA,NA,NA,Y,NA,A,01,0,0,1,0,0,0,0,0,0,-,-,NA,NA,LOS ANGELES,LOS ANGELES,-118.35044097900392,34.01826858520508
9219766,2020,2021-02-26,1942,2020-12-29,1845,42273,0361,2,5,7,1942,0,0,0,C,0,3A58,LA BREA AV,COLISEUM ST,500,S,N,A,-,N,NA,NA,NA,NA,NA,NA,NA,NA,NA,N,4,0,1,2,A,-,08,22107,NA,N,B,C,A,A,H,-,C,D,0,NA,NA,NA,NA,Y,NA,A,01,0,0,1,0,0,0,0,0,0,-,-,NA,NA,LOS ANGELES,LOS ANGELES,-118.3556671142578,34.016944885253906
9219767,2020,2021-02-26,1942,2020-12-14,1200,41039,0316,1,5,7,1942,0,0,0,C,0,3A62,NORMANDIE AV,24TH ST,35,S,N,A,-,N,NA,NA,NA,NA,NA,NA,NA,NA,NA,N,4,0,1,2,A,-,11,21955,NA,N,G,B,D,A,H,-,A,D,0,Y,NA,NA,NA,Y,NA,N,60,0,0,1,0,1,0,0,0,0,-,-,NA,NA,LOS ANGELES,LOS ANGELES,-118.3002700805664,34.03446578979492
9219768,2020,2021-03-02,1942,2020-12-14,1445,42718,0392,1,5,7,1942,0,0,0,C,0,3A73,48TH ST,5TH AV,0,NA,Y,A,-,N,NA,NA,NA,NA,NA,NA,NA,NA,NA,Y,3,0,3,2,A,-,09,21801,A,N,A,C,A,A,H,-,A,-,0,NA,NA,NA,NA,Y,NA,A,01,0,1,2,0,0,0,0,0,0,-,-,NA,NA,LOS ANGELES,LOS ANGELES,-118.3225326538086,34
9219769,2020,2021-02-26,1942,2020-12-12,1730,43545,0308,6,5,7,1942,0,0,0,C,0,3A18,OAK ST,23RD ST,0,NA,Y,A,-,N,NA,NA,NA,NA,NA,NA,NA,NA,NA,N,3,0,1,2,A,-,10,21950,A,N,G,B,B,A,H,-,B,A,0,Y,NA,NA,NA,Y,NA,A,01,0,1,0,0,1,0,0,0,0,-,-,NA,NA,LOS ANGELES,LOS ANGELES,-118.27999114990234,34.03342819213867
9219770,2020,2021-02-26,1942,2020-12-12,2005,40620,0397,6,5,7,1942,0,0,0,C,0,3A18,VERNON AV,BRIGHTON AV,0,NA,Y,A,-,N,NA,NA,NA,NA,NA,NA,NA,NA,NA,Y,4,0,1,4,A,-,09,21804,A,N,D,C,A,A,H,-,C,A,0,NA,NA,NA,NA,Y,NA,A,01,0,0,1,0,0,0,0,0,0,-,-,NA,NA,LOS ANGELES,LOS ANGELES,-118.3012924194336,34.00368881225586
9219771,2020,2021-03-08,1942,2020-12-09,1800,43694,0393,3,5,7,1942,0,0,0,C,0,3A58,CRENSHAW BL,KING BL,700,S,N,A,-,N,NA,NA,NA,NA,NA,NA,NA,NA,NA,Y,4,0,1,3,A,-,08,22107,NA,N,B,C,A,A,H,-,C,A,0,NA,NA,NA,NA,Y,NA,-,-,0,0,1,0,0,0,0,0,0,-,-,NA,NA,LOS ANGELES,LOS ANGELES,-118.335108,34.009003
9219772,2020,2021-02-26,1942,2020-01-18,0940,42539,0514,6,5,7,1942,0,0,0,E,0,25TL27,W ANAHEIM ST,WILMINGTON BL,0,NA,Y,A,-,N,NA,NA,NA,NA,NA,NA,NA,NA,NA,Y,4,0,1,2,A,-,12,21453,A,N,D,C,A,A,H,-,A,A,0,NA,NA,Y,NA,Y,NA,C,03,0,0,1,0,0,0,0,0,1,-,-,NA,NA,LOS ANGELES,LOS ANGELES,-118.274169921875,33.77933120727539
9219773,2020,2021-02-26,1942,2020-12-11,2124,44443,0328,5,5,7,1942,0,0,0,C,0,3A19,FIGUEROA ST,28TH ST,30,E,N,A,-,N,NA,NA,NA,NA,NA,NA,NA,NA,NA,N,4,0,1,2,A,-,09,21804,A,N,B,C,A,A,H,-,C,D,0,NA,NA,NA,NA,Y,NA,A,01,0,0,1,0,0,0,0,0,0,-,-,34.02656173706055,-118.27703857421876,LOS ANGELES,LOS ANGELES,-118.27731323242188,34.026161193847656
9219774,2020,2021-03-01,1942,2020-12-11,1555,43230,0394,5,5,7,1942,0,0,0,C,0,3A19,2ND AV,MARTIN LUTHER KING BL,75,S,N,A,-,N,NA,NA,NA,NA,NA,NA,NA,NA,NA,N,4,0,1,3,A,-,03,22350,NA,N,G,B,E,A,H,-,A,D,0,Y,NA,NA,NA,Y,NA,A,01,0,0,1,0,1,0,0,0,0,-,-,NA,NA,LOS ANGELES,LOS ANGELES,-118.3192901611328,34.01060485839844
9219775,2020,2021-02-26,1942,2020-12-12,1315,43670,353,6,5,7,1942,0,0,0,NA,0,3A31,WEST BL,OBAMA BL,5,S,N,A,-,N,NA,NA,NA,NA,NA,NA,NA,NA,NA,N,4,0,1,2,A,-,03,22350,NA,N,B,C,A,A,H,-,A,D,0,NA,NA,NA,NA,Y,NA,A,01,0,0,1,0,0,0,0,0,0,-,-,NA,NA,LOS ANGELES,LOS ANGELES,-118.341264,34.021464
9219776,2020,2021-02-26,1942,2020-12-20,1830,43939,1267,7,5,7,1942,0,0,0,L,0,12X32,W MANCHESTER AV,BARING CROSS ST,0,NA,Y,A,-,N,NA,NA,NA,NA,NA,NA,NA,NA,NA,N,2,0,1,3,A,-,09,21801,NA,F,D,C,A,A,H,-,C,D,0,NA,NA,Y,NA,Y,NA,-,99,1,0,0,0,0,0,0,0,1,-,-,NA,NA,LOS ANGELES,LOS ANGELES,-118.28936767578124,33.96004104614258
9219777,2020,2021-02-26,1942,2020-12-31,1255,38876,1962,4,5,7,1942,0,0,0,NA,0,19X58,SEPULVEDA B,PLUMMER ST,0,NA,Y,A,-,N,NA,NA,NA,NA,NA,NA,NA,NA,NA,Y,4,0,3,3,A,-,12,21453,A,N,D,C,A,A,H,-,A,A,0,NA,NA,NA,NA,Y,NA,A,01,0,0,3,0,0,0,0,0,0,-,-,NA,NA,LOS ANGELES,LOS ANGELES,NA,NA
9219778,2020,2021-03-02,1942,2020-12-31,2145,39217,NA,4,5,7,1942,0,0,0,NA,0,NA,11444 VANOWN ST,FARMDALE AV,0,NA,Y,A,-,N,NA,NA,NA,NA,NA,NA,NA,NA,NA,N,3,0,2,2,A,-,08,22102,NA,N,D,C,A,A,H,-,C,D,0,NA,NA,NA,NA,Y,NA,A,01,0,1,1,0,0,0,0,0,0,-,-,NA,NA,LOS ANGELES,LOS ANGELES,-118.38124084472656,34.19395065307617
9219779,2020,2021-02-26,1942,2020-12-30,1820,44393,1984,3,5,7,1942,0,0,0,NA,0,19A64,PARTHENIA ST,CEDROS AV,72,W,N,A,-,N,NA,NA,NA,NA,NA,NA,NA,NA,NA,N,2,0,2,2,A,-,11,21955,NA,N,H,B,D,A,H,-,C,D,0,Y,NA,Y,NA,Y,Y,N,60,2,0,0,0,1,0,0,0,1,-,-,NA,NA,LOS ANGELES,LOS ANGELES,-118.45376586914064,34.2282600402832
9219780,2020,2021-02-26,1942,2020-12-30,0600,30452,2175,3,5,7,1942,0,0,0,NA,0,21A73,FARRALONE AV,DOLOROSA ST,178,N,N,A,-,N,NA,NA,NA,NA,NA,NA,NA,NA,NA,N,3,0,1,2,A,-,03,22350,NA,N,G,B,F,A,H,-,D,D,0,Y,NA,NA,NA,Y,NA,A,01,0,1,0,0,1,0,0,0,0,-,-,NA,NA,LOS ANGELES,LOS ANGELES,-118.61021423339844,34.171287536621094
9219789,2020,2021-02-24,1942,2020-12-12,1735,44188,2076,6,5,7,1942,0,0,0,NA,0,20A74,VERMONT AV,VENICE BL,0,S,N,A,-,N,NA,NA,NA,NA,NA,NA,NA,NA,NA,N,4,0,1,2,D,-,00,NA,NA,N,D,C,A,A,H,-,A,A,0,NA,NA,Y,NA,Y,NA,-,-,0,0,1,0,0,0,0,0,1,-,-,NA,NA,LOS ANGELES,LOS ANGELES,-118.29160308837892,34.04426193237305
9219835,2020,2021-03-04,1942,2020-12-14,1820,37223,0246,1,5,7,1942,0,0,0,B,0,2A2,ALVARADO ST,6TH ST,0,N,N,A,-,N,NA,NA,NA,NA,NA,NA,NA,NA,NA,N,4,0,1,2,A,-,11,21955,NA,M,G,B,E,A,H,-,D,D,0,Y,NA,NA,NA,Y,NA,N,60,0,0,1,0,1,0,0,0,0,-,-,NA,NA,LOS ANGELES,LOS ANGELES,-118.27487182617188,34.059539794921875
9219861,2020,2021-03-10,1942,2020-11-02,1430,44497,0889,1,5,7,1942,0,0,0,H,0,8A59,CADILLAC AV,CHARITON ST,0,NA,Y,A,-,N,NA,NA,NA,NA,NA,NA,NA,NA,NA,Y,3,0,1,2,A,-,09,21801,A,N,A,C,A,A,H,-,A,D,0,NA,NA,NA,NA,Y,NA,A,01,0,1,0,0,0,0,0,0,0,-,-,NA,NA,LOS ANGELES,LOS ANGELES,-118.37856292724608,34.03861999511719
9219862,2020,2021-02-02,1942,2020-11-02,0120,44227,LOSAN,1,5,7,1942,0,0,0,NA,0,0809,COLDWATER CANYON DR,GLOAMING DR,40,S,N,E,-,N,NA,NA,NA,NA,NA,NA,NA,NA,NA,Y,3,0,3,2,A,-,03,22350,NA,N,C,E,A,B,H,-,C,D,0,NA,NA,NA,NA,Y,NA,A,01,0,1,2,0,0,0,0,0,0,-,-,NA,NA,LOS ANGELES,LOS ANGELES,-118.4038543701172,34.11603927612305
9219863,2020,2021-01-30,1942,2020-11-01,0900,38961,0803,7,5,7,1942,0,0,0,H,0,8A1,MANDEVILLE CANYON RD,GARDEN LAND RD,450,S,N,A,-,N,NA,NA,NA,NA,NA,NA,NA,NA,NA,N,3,0,1,2,A,-,09,21801,A,N,H,J,A,A,H,-,A,D,0,NA,Y,NA,NA,Y,NA,A,01,0,1,0,0,0,0,1,0,0,-,-,NA,NA,LOS ANGELES,LOS ANGELES,-118.50555419921876,34.120765686035156
9219865,2020,2021-02-09,1900,2020-11-20,1618,626593,NA,5,5,6,1992,0,0,0,NA,0,111T2,AVENOE L,RT 14,68,S,Y,A,-,Y,LA,7,14,-,R,65.886,R,4,S,Y,4,0,1,2,D,-,00,NA,NA,N,D,C,A,A,H,-,A,A,0,NA,NA,NA,NA,Y,NA,-,-,0,0,1,0,0,0,0,0,0,-,-,34.660430908203125,-118.1547622680664,LOS ANGELES,LANCASTER,-118.15355682373048,34.66348648071289
9219866,2020,2021-02-02,1941,2020-11-21,1250,11230,NA,6,5,7,1941,0,0,0,NA,0,NA,DEL AMO BL,RT 710,0,NA,Y,A,-,N,NA,NA,NA,NA,NA,NA,NA,NA,NA,N,4,0,1,2,D,-,00,NA,NA,N,C,C,A,A,H,-,A,D,0,NA,NA,NA,NA,Y,NA,-,-,0,0,1,0,0,0,0,0,0,-,-,NA,NA,LOS ANGELES,LONG BEACH,-118.20561981201172,33.8465690612793
9219867,2020,2021-02-02,1942,2020-11-06,1820,40081,1454,5,5,7,1942,0,0,0,N,0,14A76,CULVER BL,JEFFERSON BL,200,E,N,A,-,N,NA,NA,NA,NA,NA,NA,NA,NA,NA,Y,4,0,1,2,A,-,05,21651,A,N,A,C,A,A,H,-,C,D,0,NA,NA,NA,NA,Y,NA,A,01,0,0,1,0,0,0,0,0,0,-,-,NA,NA,LOS ANGELES,LOS ANGELES,-118.43886566162108,33.96875
9219868,2020,2021-02-02,1955,2020-11-11,1445,42708,97,3,5,6,1955,0,0,0,NA,0,004,3RD ST,TOWN AV,17,E,N,A,-,N,NA,NA,NA,NA,NA,NA,NA,NA,NA,N,4,0,1,2,A,-,12,21453,A,M,D,C,A,A,H,-,A,A,0,NA,NA,NA,NA,Y,NA,A,01,0,0,1,0,0,0,0,0,0,-,-,NA,NA,LOS ANGELES,POMONA,-117.74131011962892,34.0571174621582
9219869,2020,2021-02-02,1955,2020-11-03,1201,42150,0067,2,5,6,1955,0,0,0,NA,0,001,VALLEY BL,FAURE AV,2640,E,N,A,-,N,NA,NA,NA,NA,NA,NA,NA,NA,NA,NA,4,0,1,2,A,-,08,22107,NA,N,D,C,A,A,H,-,A,A,0,NA,NA,NA,NA,Y,NA,A,07,0,0,1,0,0,0,0,0,0,-,-,NA,NA,LOS ANGELES,POMONA,-117.8248291015625,34.03588104248047
9219870,2020,2021-02-02,1942,2020-11-30,2000,43103,0646,1,5,7,1942,0,0,0,F,0,6A45,CAHUENGA BL,SELMA AV,0,NA,Y,A,-,N,NA,NA,NA,NA,NA,NA,NA,NA,NA,Y,4,0,1,2,A,-,08,22102,NA,F,D,C,A,A,H,-,C,D,0,NA,NA,NA,NA,Y,NA,A,01,0,0,1,0,0,0,0,0,0,-,-,NA,NA,LOS ANGELES,LOS ANGELES,-118.32952880859376,34.099769592285156
9219871,2020,2021-02-02,1942,2020-11-30,2000,36225,0811,1,5,7,1942,0,0,0,H,0,8A1,PACIFIC COAST HWY,SUNSET BL,2000,S,N,A,-,N,NA,NA,NA,NA,NA,NA,NA,NA,NA,Y,4,0,1,2,A,-,07,21658,A,N,D,C,A,A,H,-,C,D,0,NA,NA,NA,NA,Y,NA,A,01,0,0,1,0,0,0,0,0,0,-,-,NA,NA,LOS ANGELES,LOS ANGELES,-118.55563354492188,34.038490295410156