CASE_ID,ACCIDENT_YEAR,PROC_DATE,JURIS,COLLISION_DATE,COLLISION_TIME,OFFICER_ID,REPORTING_DISTRICT,DAY_OF_WEEK,CHP_SHIFT,POPULATION,CNTY_CITY_LOC,SPECIAL_COND,BEAT_TYPE,CHP_BEAT_TYPE,CITY_DIVISION_LAPD,CHP_BEAT_CLASS,BEAT_NUMBER,PRIMARY_RD,SECONDARY_RD,DISTANCE,DIRECTION,INTERSECTION,WEATHER_1,WEATHER_2,STATE_HWY_IND,CALTRANS_COUNTY,CALTRANS_DISTRICT,STATE_ROUTE,ROUTE_SUFFIX,POSTMILE_PREFIX,POSTMILE,LOCATION_TYPE,RAMP_INTERSECTION,SIDE_OF_HWY,TOW_AWAY,COLLISION_SEVERITY,NUMBER_KILLED,NUMBER_INJURED,PARTY_COUNT,PRIMARY_COLL_FACTOR,PCF_CODE_OF_VIOL,PCF_VIOL_CATEGORY,PCF_VIOLATION,PCF_VIOL_SUBSECTION,HIT_AND_RUN,TYPE_OF_COLLISION,MVIW,PED_ACTION,ROAD_SURFACE,ROAD_COND_1,ROAD_COND_2,LIGHTING,CONTROL_DEVICE,CHP_ROAD_TYPE,PEDESTRIAN_ACCIDENT,BICYCLE_ACCIDENT,MOTORCYCLE_ACCIDENT,TRUCK_ACCIDENT,NOT_PRIVATE_PROPERTY,ALCOHOL_INVOLVED,STWD_VEHTYPE_AT_FAULT,CHP_VEHTYPE_AT_FAULT,COUNT_SEVERE_INJ,COUNT_VISIBLE_INJ,COUNT_COMPLAINT_PAIN,COUNT_PED_KILLED,COUNT_PED_INJURED,COUNT_BICYCLIST_KILLED,COUNT_BICYCLIST_INJURED,COUNT_MC_KILLED,COUNT_MC_INJURED,PRIMARY_RAMP,SECONDARY_RAMP,LATITUDE,LONGITUDE,COUNTY,CITY,POINT_X,POINT_Y
9220820,2020,2021-02-11,1900,2020-12-18,1915,610211,0456,5,5,6,1949,0,0,0,NA,0,43T1P,ROSECRANS AV,BRINKS AV,39,W,N,A,-,N,NA,NA,NA,NA,NA,NA,NA,NA,NA,Y,4,0,1,1,A,-,01,23152,A,M,E,I,A,A,H,-,C,D,0,NA,NA,NA,NA,Y,Y,A,07,0,0,1,0,0,0,0,0,0,-,-,NA,NA,LOS ANGELES,NORWALK,-118.08087921142578,33.90225601196289
9220825,2020,2021-02-25,1942,2020-10-30,1730,43397,0848,5,5,7,1942,0,0,0,H,0,8A98,AVEVUE OF THE STARS,PICO CANYON RD,15,S,N,A,-,N,NA,NA,NA,NA,NA,NA,NA,NA,NA,Y,4,0,1,4,A,-,03,22350,NA,N,C,C,A,A,H,-,A,A,0,NA,NA,NA,NA,Y,NA,A,07,0,0,1,0,0,0,0,0,0,-,-,NA,NA,LOS ANGELES,LOS ANGELES,-118.408501,34.051195
9220826,2020,2021-02-25,1942,2020-10-22,1940,44381,0719,4,5,7,1942,0,0,0,G,0,7A17,BEVERLY AV,ROSSMORE AV,50,W,N,A,-,N,NA,NA,NA,NA,NA,NA,NA,NA,NA,Y,4,0,1,2,A,-,03,22350,NA,N,C,C,A,A,H,-,C,A,0,NA,NA,NA,NA,Y,NA,A,08,0,0,1,0,0,0,0,0,0,-,-,NA,NA,LOS ANGELES,LOS ANGELES,-118.3273468017578,34.076011657714844
9220827,2020,2021-03-02,1942,2020-10-15,1845,40596,0832,4,5,7,1942,0,0,0,H,0,8A13,BARRINGTON AV,GOSHEN AV,50,S,N,-,-,N,NA,NA,NA,NA,NA,NA,NA,NA,NA,N,3,0,1,2,A,-,08,22107,NA,N,-,C,A,-,-,-,-,-,0,NA,NA,Y,NA,Y,NA,-,99,0,1,0,0,0,0,0,0,1,-,-,NA,NA,LOS ANGELES,LOS ANGELES,-118.46160888671876,34.050209045410156
9220828,2020,2021-02-25,1942,2020-10-10,2045,44016,0893,6,5,7,1942,0,0,0,H,0,8X48,SEPULVEDA BL,RICHLAND AV,0,NA,Y,A,-,N,NA,NA,NA,NA,NA,NA,NA,NA,NA,N,2,0,1,2,A,-,11,21954,A,N,G,B,D,A,H,-,D,D,0,Y,NA,NA,NA,Y,NA,N,60,1,0,0,0,1,0,0,0,0,-,-,NA,NA,LOS ANGELES,LOS ANGELES,-118.43244171142578,34.032981872558594
9220829,2020,2021-02-25,1900,2020-11-25,0400,604401,0244,3,5,3,1914,0,0,0,NA,0,0EM,ATLANTIC BL,TELEGRAPH RD,0,NA,Y,A,-,N,NA,NA,NA,NA,NA,NA,NA,NA,NA,Y,2,0,1,2,A,-,12,21453,A,N,-,C,A,A,H,-,C,A,0,NA,NA,NA,NA,Y,NA,-,NA,1,0,0,0,0,0,0,0,0,-,-,NA,NA,LOS ANGELES,COMMERCE,-118.15879821777344,34.0107307434082
9220830,2020,2021-03-02,1900,2020-11-13,1800,550248,0251,5,5,4,1945,0,0,0,NA,0,28P,ATLANTIC BL,SLAUSON AV,13,N,N,A,-,N,NA,NA,NA,NA,NA,NA,NA,NA,NA,N,2,0,1,2,-,-,-,NA,NA,N,G,B,B,-,H,-,C,A,0,Y,NA,NA,NA,Y,NA,-,NA,1,0,0,0,1,0,0,0,0,-,-,NA,NA,LOS ANGELES,MAYWOOD,-118.18558502197266,33.98717498779297
9220831,2020,2021-03-02,1900,2020-11-09,1628,552013,0263,1,5,4,1917,0,0,0,NA,0,26T,SANTA ANA ST,SALT LAKE AV,305,E,N,A,-,N,NA,NA,NA,NA,NA,NA,NA,NA,NA,Y,3,0,1,3,-,-,-,NA,NA,N,D,C,A,A,H,-,A,D,0,NA,NA,NA,NA,Y,NA,-,-,0,1,0,0,0,0,0,0,0,-,-,NA,NA,LOS ANGELES,CUDAHY,-118.19124603271484,33.9614372253418
9220832,2020,2021-03-02,1900,2020-11-02,0640,604233,0246,1,5,3,1914,0,0,0,NA,0,27T,RANDOLPH ST,RANDOLPH ST 6285,10,N,N,E,-,N,NA,NA,NA,NA,NA,NA,NA,NA,NA,Y,2,0,1,2,A,-,09,21801,A,N,D,C,A,A,H,-,A,D,0,NA,NA,NA,NA,Y,NA,A,01,1,0,0,0,0,0,0,0,0,-,-,NA,NA,LOS ANGELES,COMMERCE,NA,NA
9220833,2020,2021-02-11,1900,2020-11-29,0920,628020,0263,7,5,4,1917,0,0,0,NA,0,026,SANTA ANA ST,WILCOX AV,300,W,N,A,-,N,NA,NA,NA,NA,NA,NA,NA,NA,NA,N,4,0,1,2,A,-,09,21804,A,N,D,C,A,A,H,-,A,D,0,NA,NA,NA,NA,Y,NA,-,NA,0,0,1,0,0,0,0,0,0,-,-,NA,NA,LOS ANGELES,CUDAHY,-118.18022918701172,33.960269927978516
9220834,2020,2021-03-02,1900,2020-11-28,1840,643967,0262,6,5,4,1917,0,0,0,NA,0,26T,RIVER RD,ELIZABETH ST,376,S,N,A,-,N,NA,NA,NA,NA,NA,NA,NA,NA,NA,N,2,0,1,2,A,-,12,22450,NA,M,C,E,A,A,H,-,C,D,0,NA,Y,NA,NA,Y,NA,A,07,1,0,0,0,0,0,1,0,0,-,-,NA,NA,LOS ANGELES,CUDAHY,-118.17237854003906,33.960697174072266
9220835,2020,2021-02-16,1900,2020-11-22,1745,643940,0241,7,5,3,1914,0,0,0,NA,0,27T,TELEGRAPH RD,FRASER AV,50,E,N,A,-,N,NA,NA,NA,NA,NA,NA,NA,NA,NA,Y,3,0,1,1,A,-,03,22350,NA,N,A,I,A,A,H,-,B,D,0,NA,NA,NA,NA,Y,NA,A,01,0,1,0,0,0,0,0,0,0,-,-,NA,NA,LOS ANGELES,COMMERCE,-118.1641082763672,34.01298522949219
9220841,2020,2021-02-16,1942,2020-10-08,1320,43397,0887,4,5,7,1942,0,0,0,H,0,8A98,ROBERTSON BL,AIRDROME ST,0,N,N,A,-,N,NA,NA,NA,NA,NA,NA,NA,NA,NA,N,4,0,2,2,A,-,03,22350,NA,N,C,C,A,A,H,-,A,A,0,NA,NA,NA,NA,Y,NA,A,01,0,0,2,0,0,0,0,0,0,-,-,NA,NA,LOS ANGELES,LOS ANGELES,-118.3855209350586,34.04882049560547
9220842,2020,2021-02-26,1942,2020-10-06,1145,44023,4208,2,5,7,1942,0,0,0,NA,0,8A52,AKRON ST,AKRON ST 16526,0,NA,N,A,-,N,NA,NA,NA,NA,NA,NA,NA,NA,NA,N,4,0,1,2,A,-,10,21950,NA,N,G,B,E,A,H,-,A,D,0,Y,NA,NA,NA,Y,NA,A,01,0,0,1,0,1,0,0,0,0,-,-,NA,NA,LOS ANGELES,LOS ANGELES,-118.542389,34.050782
9220848,2020,2021-02-26,1900,2020-11-22,1804,643940,0247,7,5,3,1914,0,0,0,NA,0,27T,GREENWOOD AV,SLAUSON AV,0,NA,Y,A,-,N,NA,NA,NA,NA,NA,NA,NA,NA,NA,N,4,0,1,2,A,-,09,21801,A,N,A,C,A,A,H,-,C,A,0,NA,NA,NA,NA,Y,NA,A,01,0,0,1,0,0,0,0,0,0,-,-,NA,NA,LOS ANGELES,COMMERCE,-118.1302490234375,33.97732925415039
9220849,2020,2021-02-26,1922,2020-11-19,1103,583,NA,4,5,6,1922,0,0,0,NA,0,NA,LOWER AZUSA RD,PECK RD,30,E,N,A,-,N,NA,NA,NA,NA,NA,NA,NA,NA,NA,N,3,0,2,2,A,-,03,22350,NA,N,C,C,A,A,H,-,A,A,0,NA,NA,NA,NA,Y,NA,A,01,0,2,0,0,0,0,0,0,0,-,-,34.09096145629883,-118.01464080810548,LOS ANGELES,EL MONTE,-118.01445770263672,34.09092712402344
9220853,2020,2021-02-26,1900,2020-12-16,1300,602218,0469,3,5,4,1936,0,0,0,NA,0,46T1,VALLEY VIEW AV,ADOREE ST,213,S,N,A,-,N,NA,NA,NA,NA,NA,NA,NA,NA,NA,Y,2,0,1,2,A,-,07,21658,A,N,B,C,A,A,H,-,A,D,0,NA,NA,Y,NA,Y,NA,A,01,1,0,0,0,0,0,0,0,1,-,-,33.91476058959961,-118.02921295166016,LOS ANGELES,LA MIRADA,-118.02935791015624,33.91384506225586
9220854,2020,2021-02-26,1922,2020-12-02,2029,669,NA,3,5,6,1922,0,0,0,NA,0,003,SANTA ANITA AV,GARVEY AV,500,S,N,A,-,N,NA,NA,NA,NA,NA,NA,NA,NA,NA,N,2,0,1,2,A,-,11,21956,A,N,G,B,D,A,H,-,C,D,0,Y,NA,NA,NA,Y,NA,N,60,1,0,0,0,1,0,0,0,0,-,-,34.06282043457031,-118.04251861572266,LOS ANGELES,EL MONTE,-118.0423583984375,34.06138610839844
9220855,2020,2021-02-26,1900,2020-12-29,1647,626593,NA,2,5,6,1992,0,0,0,NA,0,112T1,CHALLENGER WY,AVENUE L4,42,S,N,A,-,N,NA,NA,NA,NA,NA,NA,NA,NA,NA,Y,4,0,1,2,A,-,08,22107,NA,N,D,C,A,A,H,-,A,-,0,NA,NA,NA,NA,Y,NA,A,01,0,0,1,0,0,0,0,0,0,-,-,34.656768798828125,-118.11231994628906,LOS ANGELES,LANCASTER,-118.1122817993164,34.65669250488281
9220856,2020,2021-03-02,1900,2020-12-25,2144,603000,1900,5,5,6,1992,0,0,0,NA,0,112T1,SIERRA HWY,AVENUE K,3186,S,N,A,-,N,NA,NA,NA,NA,NA,NA,NA,NA,NA,Y,4,0,1,1,A,-,08,22107,NA,N,E,I,A,A,H,-,C,D,0,NA,NA,NA,NA,Y,NA,A,01,0,0,1,0,0,0,0,0,0,-,-,NA,NA,LOS ANGELES,LANCASTER,-118.13150024414064,34.66632843017578
9220857,2020,2021-02-26,1900,2020-12-30,1850,626593,NA,3,5,6,1992,0,0,0,NA,0,112T1,AVENUE K,25TH ST,50,E,N,A,-,N,NA,NA,NA,NA,NA,NA,NA,NA,NA,Y,4,0,2,2,A,-,01,23152,A,N,C,C,A,A,H,-,C,A,0,NA,NA,NA,NA,Y,Y,A,01,0,0,2,0,0,0,0,0,0,-,-,34.67510986328125,-118.0857162475586,LOS ANGELES,LANCASTER,-118.1745147705078,34.67495346069336
9221167,2020,2021-02-26,1941,2020-12-07,1930,10009,NA,1,5,7,1941,0,0,0,NA,0,NA,ATLANTIC AV,52ND ST,0,NA,Y,A,-,N,NA,NA,NA,NA,NA,NA,NA,NA,NA,Y,3,0,3,2,D,-,00,NA,NA,N,D,C,A,-,H,-,C,A,0,NA,NA,NA,NA,Y,NA,-,-,0,1,2,0,0,0,0,0,0,-,-,NA,NA,LOS ANGELES,LONG BEACH,-118.18496704101564,33.85049057006836
9221169,2020,2021-02-26,1920,2020-12-28,1145,13118,1920,1,5,6,1920,0,0,0,NA,0,006,ROSECRANS AV,CASTANA AV,0,NA,Y,B,C,N,NA,NA,NA,NA,NA,NA,NA,NA,NA,Y,4,0,2,2,A,-,09,21802,A,N,D,C,A,B,H,-,A,D,0,NA,NA,NA,NA,Y,NA,A,07,0,0,2,0,0,0,0,0,0,-,-,NA,NA,LOS ANGELES,DOWNEY,-118.14689636230467,33.90391159057617
9221170,2020,2021-02-26,1920,2020-12-25,1510,11792,19202,5,5,6,1920,0,0,0,NA,0,NA,OLD RIVER SCHOOL RD,NEO ST,0,NA,Y,A,-,N,NA,NA,NA,NA,NA,NA,NA,NA,NA,N,4,0,1,2,A,-,09,21804,A,N,D,C,A,A,H,-,A,A,0,NA,NA,NA,NA,Y,NA,A,07,0,0,1,0,0,0,0,0,0,-,-,NA,NA,LOS ANGELES,DOWNEY,-118.15084838867188,33.94466018676758
9221171,2020,2021-02-26,1920,2020-12-31,1458,13965,NA,4,5,6,1920,0,0,0,NA,0,005,BROOKSHIRE AV,5TH ST,0,NA,Y,A,-,N,NA,NA,NA,NA,NA,NA,NA,NA,NA,Y,3,0,2,2,A,-,12,21453,A,N,A,C,A,A,H,-,A,A,0,NA,NA,NA,NA,Y,NA,A,01,0,2,0,0,0,0,0,0,0,-,-,NA,NA,LOS ANGELES,DOWNEY,-118.12663269042967,33.942161560058594
9221172,2020,2021-02-27,1920,2020-12-08,1513,11792,1920,2,5,6,1920,0,0,0,NA,0,005,LAKEWOOD BL,TELEGRAPH RD,153,S,N,A,-,N,NA,NA,NA,NA,NA,NA,NA,NA,NA,N,4,0,2,4,A,-,03,22350,NA,N,C,C,A,A,H,-,A,A,0,NA,NA,NA,NA,Y,NA,A,01,0,0,2,0,0,0,0,0,0,-,-,NA,NA,LOS ANGELES,DOWNEY,-118.11035919189452,33.96065902709961
9221173,2020,2021-02-27,1920,2020-12-03,1359,13022,NA,4,5,6,1920,0,0,0,NA,0,001,BELLFLOWER BL,STEWART & GRAY RD,0,NA,Y,A,-,N,NA,NA,NA,NA,NA,NA,NA,NA,NA,Y,4,0,1,3,A,-,09,21801,A,N,D,C,A,A,H,-,A,A,0,NA,NA,NA,NA,Y,NA,A,01,0,0,1,0,0,0,0,0,0,-,-,NA,NA,LOS ANGELES,DOWNEY,-118.12545013427734,33.92782974243164
9221174,2020,2021-02-26,1920,2020-12-15,1153,12609,1920,2,5,6,1920,0,0,0,NA,0,004,LAKEWOOD BL,MULLER ST,0,NA,Y,A,-,N,NA,NA,NA,NA,NA,NA,NA,NA,NA,Y,4,0,2,2,A,-,08,22107,NA,N,C,C,A,A,H,-,A,D,0,NA,NA,NA,NA,Y,NA,A,01,0,0,2,0,0,0,0,0,0,-,-,NA,NA,LOS ANGELES,DOWNEY,-118.12059783935548,33.94121170043945
9221175,2020,2021-02-26,1920,2020-12-21,0100,11967,1920,1,5,6,1920,0,0,0,NA,0,002,OLD RIVER SCHOOL RD,EMILY LN,100,S,N,A,-,N,NA,NA,NA,NA,NA,NA,NA,NA,NA,N,3,0,1,2,A,-,01,23152,A,N,B,E,A,-,H,-,C,D,0,NA,NA,NA,NA,Y,Y,A,01,0,1,0,0,0,0,0,0,0,-,-,NA,NA,LOS ANGELES,DOWNEY,-118.16096496582033,33.930137634277344
9221176,2020,2021-02-26,1920,2020-12-19,1317,13321,1920,6,5,6,1920,0,0,0,NA,0,005,TELEGRAPH RD,STAMPS RD,212,E,N,A,-,N,NA,NA,NA,NA,NA,NA,NA,NA,NA,N,4,0,1,2,A,-,09,21804,A,N,D,C,A,A,H,-,A,D,0,NA,NA,NA,NA,Y,NA,A,01,0,0,1,0,0,0,0,0,0,-,-,NA,NA,LOS ANGELES,DOWNEY,-118.11188507080078,33.96274948120117
9221177,2020,2021-02-27,1920,2020-12-08,1739,10062,NA,2,5,6,1920,0,0,0,NA,0,006,BROOKSHIRE AV,DALEN ST,121,S,N,A,-,N,NA,NA,NA,NA,NA,NA,NA,NA,NA,Y,4,0,2,2,A,-,08,22107,NA,N,B,C,A,A,H,-,C,D,0,NA,NA,NA,NA,Y,NA,A,01,0,0,2,0,0,0,0,0,0,-,-,NA,NA,LOS ANGELES,DOWNEY,-118.14508819580078,33.91817855834961
9221178,2020,2021-02-27,1920,2020-12-08,1233,11792,1920,2,5,6,1920,0,0,0,NA,0,003,PARAMOUNT BL,3RD ST,0,NA,Y,A,-,N,NA,NA,NA,NA,NA,NA,NA,NA,NA,N,4,0,3,4,A,-,12,21453,A,N,D,C,A,A,H,-,A,A,0,NA,NA,NA,NA,Y,NA,A,07,0,0,3,0,0,0,0,0,0,-,-,NA,NA,LOS ANGELES,DOWNEY,-118.13681793212892,33.94430923461914
9221179,2020,2021-02-26,1920,2020-12-08,1730,13500,1920,2,5,6,1920,0,0,0,NA,0,002,STEWART & GRAY RD,OLD RIVER SCHOOL RD,145,E,N,A,-,N,NA,NA,NA,NA,NA,NA,NA,NA,NA,N,4,0,1,2,A,-,03,22350,NA,N,C,C,A,A,H,-,C,D,0,NA,NA,NA,NA,Y,Y,A,01,0,0,1,0,0,0,0,0,0,-,-,NA,NA,LOS ANGELES,DOWNEY,-118.15361785888672,33.94004440307617
9221180,2020,2021-02-26,1920,2020-12-28,1217,12605,1920,1,5,6,1920,0,0,0,NA,0,003,ALDERDALE ST,BOTANY ST,120,NA,N,C,-,N,NA,NA,NA,NA,NA,NA,NA,NA,NA,N,4,0,1,2,-,-,-,NA,NA,N,A,E,A,B,H,-,A,D,0,NA,NA,NA,NA,Y,NA,A,01,0,0,1,0,0,0,0,0,0,-,-,NA,NA,LOS ANGELES,DOWNEY,-118.12326049804688,33.96754837036133
9221207,2020,2021-02-09,1941,2020-12-12,1747,10993,NA,6,5,7,1941,0,0,0,NA,0,NA,PACIFIC COAST HWY,ORANGE AV,0,NA,Y,A,-,Y,LA,7,1,-,-,5.521,I,5,S,Y,4,0,2,2,A,-,09,21801,A,N,A,C,A,A,H,-,C,A,0,NA,NA,NA,NA,Y,NA,A,NA,0,0,2,0,0,0,0,0,0,-,-,NA,NA,LOS ANGELES,LONG BEACH,-118.1763153076172,33.7898063659668
9221210,2020,2021-02-09,1942,2020-11-28,1540,42601,RD 14,6,5,7,1942,0,0,0,NA,0,14A49,VENICE BL,GREENWOOD AV,20,W,N,A,-,N,NA,NA,NA,NA,NA,NA,NA,NA,NA,N,3,0,1,2,A,-,04,21703,NA,F,H,G,A,A,H,-,A,D,0,NA,Y,NA,NA,Y,NA,-,99,0,1,0,0,0,0,1,0,0,-,-,NA,NA,LOS ANGELES,LOS ANGELES,-118.4426727294922,33.99919128417969
9221214,2020,2021-02-05,1942,2020-11-28,1610,38280,1443,6,5,7,1942,0,0,0,N,0,14A45,LINCOLN BL,NELROSE AV,0,NA,Y,A,-,N,NA,NA,NA,NA,NA,NA,NA,NA,NA,Y,3,0,2,2,A,-,09,21801,A,N,D,C,A,A,H,-,A,A,0,NA,NA,NA,NA,Y,NA,-,NA,0,1,1,0,0,0,0,0,0,-,-,NA,NA,LOS ANGELES,LOS ANGELES,-118.4514617919922,33.993431091308594
9221215,2020,2021-02-05,1942,2020-12-16,0145,43584,393,3,5,7,1942,0,0,0,NA,0,3X95-W,ARLINGTON AV,52ND ST,0,NA,Y,A,-,N,NA,NA,NA,NA,NA,NA,NA,NA,NA,Y,4,0,1,2,A,-,03,22350,NA,F,B,C,A,A,H,-,C,A,0,NA,NA,NA,NA,Y,NA,-,99,0,0,1,0,0,0,0,0,0,-,-,NA,NA,LOS ANGELES,LOS ANGELES,-118.31818389892578,33.99502182006836
9221218,2020,2021-02-05,1941,2020-11-15,2147,11255,NA,7,5,7,1941,0,0,0,NA,0,NA,7TH ST,CHANNEL DR,0,NA,Y,A,-,N,NA,NA,NA,NA,NA,NA,NA,NA,NA,Y,4,0,1,3,A,-,03,22350,NA,M,C,C,A,A,H,-,D,A,0,NA,NA,NA,NA,Y,Y,A,NA,0,0,1,0,0,0,0,0,0,-,-,NA,NA,LOS ANGELES,LONG BEACH,-118.11898803710938,33.77531051635742
9221219,2020,2021-02-05,1942,2020-12-13,2130,43584,363,7,5,7,1942,0,0,0,NA,0,3X95,SOMERSET DR,SANTA ROSALIA,30,S,N,A,-,N,NA,NA,NA,NA,NA,NA,NA,NA,NA,Y,4,0,1,2,A,-,03,22350,NA,N,C,C,A,A,H,-,C,D,0,NA,NA,NA,NA,Y,Y,A,01,0,0,1,0,0,0,0,0,0,-,-,NA,NA,LOS ANGELES,LOS ANGELES,-118.34124755859376,34.01154708862305
9221223,2020,2021-02-05,1953,2020-12-19,2248,0701,PASAD,6,5,6,1953,0,0,0,NA,0,005,LOS ROBLES AV,UNION ST,0,NA,Y,A,-,N,NA,NA,NA,NA,NA,NA,NA,NA,NA,Y,4,0,2,2,A,-,12,21453,A,N,D,C,A,A,H,-,C,A,0,NA,NA,NA,NA,Y,NA,-,-,0,0,2,0,0,0,0,0,0,-,-,NA,NA,LOS ANGELES,PASADENA,-118.14144897460938,34.147220611572266
9221292,2020,2021-02-26,1942,2020-12-24,2358,40068,21012,4,5,7,1942,0,0,0,NA,0,1A5,TOPANGA CANYON BL,NORDHOFF ST,0,NA,Y,A,-,Y,LA,7,27,-,-,17.007,I,5,S,Y,3,0,1,2,A,-,12,21453,NA,N,E,C,A,A,H,-,C,A,0,NA,NA,NA,NA,Y,NA,-,-,0,1,0,0,0,0,0,0,0,-,-,NA,NA,LOS ANGELES,LOS ANGELES,-118.6051025390625,34.235450744628906
9221308,2020,2021-02-26,1942,2020-12-01,2200,40063,0438,2,5,7,1942,0,0,0,D,0,4A58,VALLEY BL,RT 710,51,E,N,A,-,Y,LA,7,710,-,T,27.387,R,4,N,Y,4,0,2,4,A,-,03,22350,NA,N,D,D,A,A,H,-,C,D,0,NA,NA,NA,NA,Y,NA,A,01,0,0,2,0,0,0,0,0,0,-,NF,NA,NA,LOS ANGELES,LOS ANGELES,-118.16073608398438,34.07380294799805
9221320,2020,2021-02-24,1976,2020-12-21,1443,410,NA,1,5,3,1964,0,0,0,NA,0,002,FLORENCE AV,PIONEER BL,45,W,N,A,-,N,NA,NA,NA,NA,NA,NA,NA,NA,NA,Y,3,0,1,1,A,-,07,21658,A,N,E,I,A,-,-,-,A,A,0,NA,NA,NA,NA,Y,NA,A,01,0,1,0,0,0,0,0,0,0,-,-,NA,NA,LOS ANGELES,SANTA FE SPRINGS,-118.0819854736328,33.93532180786133
9221398,2020,2021-02-25,1944,2020-10-27,1727,345,M7,2,5,4,1944,0,0,0,NA,0,004,ROSECRANS AV,SEPULVEDA BL,72,E,N,A,-,Y,LA,7,1,-,-,23.924,I,5,N,Y,4,0,1,2,A,-,09,21453,C,F,D,C,A,A,H,-,A,A,0,NA,NA,NA,NA,Y,NA,A,01,0,0,1,0,0,0,0,0,0,-,-,33.90190124511719,-118.39617156982422,LOS ANGELES,MANHATTAN BEACH,-118.39610290527344,33.901824951171875
9221402,2020,2021-02-25,1944,2020-10-13,1236,345,M7,2,5,4,1944,0,0,0,NA,0,004,SEPULVEDA BL,30TH ST,15,W,N,A,-,Y,LA,7,1,-,-,23.591,I,5,N,Y,4,0,1,2,A,-,08,22107,NA,N,D,C,A,A,H,-,A,A,0,NA,NA,NA,NA,Y,NA,A,01,0,0,1,0,0,0,0,0,0,-,-,33.897178649902344,-118.39601135253906,LOS ANGELES,MANHATTAN BEACH,-118.39595794677734,33.8973388671875
9221406,2020,2021-02-19,1972,2020-11-22,1518,20987,NA,7,5,6,1972,0,0,0,NA,0,NA,HAWTHORNE BL,SPENCER ST,0,NA,Y,A,-,N,NA,NA,NA,NA,NA,NA,NA,NA,NA,Y,3,0,1,2,A,-,01,23152,A,N,D,C,A,A,H,-,A,A,0,NA,NA,NA,NA,Y,Y,A,NA,0,1,0,0,0,0,0,0,0,-,-,NA,NA,LOS ANGELES,TORRANCE,-118.35384368896484,33.845001220703125
9221422,2020,2021-02-25,1944,2020-11-11,1626,316,SOUTH,3,5,4,1944,0,0,0,NA,0,0M1,SEPULVEDA BL,8TH ST,0,NA,Y,A,-,Y,LA,7,1,-,-,22.641,I,5,S,N,3,0,1,2,A,-,09,21801,A,N,D,G,A,A,H,-,B,A,0,NA,Y,NA,NA,Y,NA,A,01,0,1,0,0,0,0,1,0,0,-,-,33.8836784362793,-118.39604949951172,LOS ANGELES,MANHATTAN BEACH,-118.39608764648438,33.88375473022461
9221426,2020,2021-02-25,1944,2020-11-21,0654,368,SOUTH,6,5,4,1944,0,0,0,NA,0,2L2D,SEPULVEDA BL,33RD ST,0,NA,Y,A,-,Y,LA,7,1,-,-,23.701,I,5,S,Y,4,0,1,2,A,-,12,21453,A,N,-,C,A,A,H,-,A,A,0,NA,NA,NA,NA,Y,NA,A,01,0,0,1,0,0,0,0,0,0,-,-,33.899051666259766,-118.3960418701172,LOS ANGELES,MANHATTAN BEACH,-118.3961181640625,33.899017333984375
9221434,2020,2021-02-25,1976,2020-12-26,1654,540,1976,6,5,5,1976,0,0,0,NA,0,003,WHITTIER BL,CALMADA AV,0,NA,Y,A,-,Y,LA,7,72,-,-,2.848,I,5,S,Y,4,0,1,2,A,-,09,21802,A,N,D,C,A,A,H,-,B,A,0,NA,NA,NA,NA,Y,NA,A,01,0,0,1,0,0,0,0,0,0,-,-,NA,NA,LOS ANGELES,WHITTIER,-118.0211944580078,33.95651626586914
9221438,2020,2021-02-25,1944,2020-12-05,2259,361,M7,6,5,4,1944,0,0,0,NA,0,0M4,SEPULVEDA BL,MARINE AV,0,NA,Y,A,-,Y,LA,7,1,-,-,23.421,I,5,S,N,4,0,1,2,A,-,12,21453,A,F,D,G,A,A,H,-,C,A,0,NA,Y,NA,NA,Y,NA,L,04,0,0,1,0,0,0,1,0,0,-,-,33.894649505615234,-118.39600372314452,LOS ANGELES,MANHATTAN BEACH,-118.39611053466795,33.8946533203125
9221444,2020,2021-02-18,1900,2020-12-28,1745,507857,0977,1,5,4,1979,0,0,0,NA,0,93J,SANTA MONICA BL,SAN VICENTE BL,0,NA,Y,B,-,N,NA,NA,NA,NA,NA,NA,NA,NA,NA,N,4,0,1,2,A,-,10,21950,A,F,G,B,B,A,H,-,C,A,0,Y,NA,NA,NA,Y,NA,A,07,0,0,1,0,1,0,0,0,0,-,-,34.08491134643555,-118.3839874267578,LOS ANGELES,WEST HOLLYWOOD,-118.38410949707033,34.084930419921875
9221499,2020,2021-02-18,1900,2020-09-26,1700,642932,0977,6,5,4,1979,0,0,0,NA,0,92E,SANTA MONICA BL,LARABEE ST,5,E,N,A,-,N,NA,NA,NA,NA,NA,NA,NA,NA,NA,N,4,0,1,2,A,-,08,22107,NA,N,H,G,A,A,H,-,A,D,0,NA,Y,NA,NA,Y,NA,A,01,0,0,1,0,0,0,1,0,0,-,-,34.08543014526367,-118.38314819335938,LOS ANGELES,WEST HOLLYWOOD,-118.38333892822266,34.0854606628418
9221511,2020,2021-02-18,1900,2020-11-11,0820,610411,0972,3,5,4,1979,0,0,0,NA,0,092,SANTA MONICA BL,ROBERTSON BL,11,W,N,A,-,N,NA,NA,NA,NA,NA,NA,NA,NA,NA,Y,4,0,1,2,A,-,10,21950,A,N,G,B,B,A,H,-,A,D,0,Y,NA,NA,NA,Y,NA,A,01,0,0,1,0,1,0,0,0,0,-,-,NA,NA,LOS ANGELES,WEST HOLLYWOOD,-118.38557434082033,34.08393096923828
9221519,2020,2021-02-18,1900,2020-12-29,1920,507857,0977,2,5,4,1979,0,0,0,NA,0,93J,SANTA MONICA BL,LA BREA AV,0,NA,Y,B,-,N,NA,NA,NA,NA,NA,NA,NA,NA,NA,N,3,0,1,2,A,-,10,21950,A,N,G,B,B,A,E,-,C,A,0,Y,NA,NA,NA,Y,NA,A,01,0,1,0,0,1,0,0,0,0,-,-,34.09077072143555,-118.34425354003906,LOS ANGELES,WEST HOLLYWOOD,-118.34407806396484,34.0906982421875