CASE_ID,ACCIDENT_YEAR,PROC_DATE,JURIS,COLLISION_DATE,COLLISION_TIME,OFFICER_ID,REPORTING_DISTRICT,DAY_OF_WEEK,CHP_SHIFT,POPULATION,CNTY_CITY_LOC,SPECIAL_COND,BEAT_TYPE,CHP_BEAT_TYPE,CITY_DIVISION_LAPD,CHP_BEAT_CLASS,BEAT_NUMBER,PRIMARY_RD,SECONDARY_RD,DISTANCE,DIRECTION,INTERSECTION,WEATHER_1,WEATHER_2,STATE_HWY_IND,CALTRANS_COUNTY,CALTRANS_DISTRICT,STATE_ROUTE,ROUTE_SUFFIX,POSTMILE_PREFIX,POSTMILE,LOCATION_TYPE,RAMP_INTERSECTION,SIDE_OF_HWY,TOW_AWAY,COLLISION_SEVERITY,NUMBER_KILLED,NUMBER_INJURED,PARTY_COUNT,PRIMARY_COLL_FACTOR,PCF_CODE_OF_VIOL,PCF_VIOL_CATEGORY,PCF_VIOLATION,PCF_VIOL_SUBSECTION,HIT_AND_RUN,TYPE_OF_COLLISION,MVIW,PED_ACTION,ROAD_SURFACE,ROAD_COND_1,ROAD_COND_2,LIGHTING,CONTROL_DEVICE,CHP_ROAD_TYPE,PEDESTRIAN_ACCIDENT,BICYCLE_ACCIDENT,MOTORCYCLE_ACCIDENT,TRUCK_ACCIDENT,NOT_PRIVATE_PROPERTY,ALCOHOL_INVOLVED,STWD_VEHTYPE_AT_FAULT,CHP_VEHTYPE_AT_FAULT,COUNT_SEVERE_INJ,COUNT_VISIBLE_INJ,COUNT_COMPLAINT_PAIN,COUNT_PED_KILLED,COUNT_PED_INJURED,COUNT_BICYCLIST_KILLED,COUNT_BICYCLIST_INJURED,COUNT_MC_KILLED,COUNT_MC_INJURED,PRIMARY_RAMP,SECONDARY_RAMP,LATITUDE,LONGITUDE,COUNTY,CITY,POINT_X,POINT_Y
9229663,2020,2021-02-27,1920,2020-12-17,1416,13022,NA,4,5,6,1920,0,0,0,NA,0,NA,PARAMOUNT BL,LUBEC ST,672,N,N,A,-,N,NA,NA,NA,NA,NA,NA,NA,NA,NA,N,4,0,1,2,A,-,08,22107,NA,N,B,E,A,A,H,-,A,A,0,NA,NA,NA,NA,Y,NA,A,01,0,0,1,0,0,0,0,0,0,-,-,NA,NA,LOS ANGELES,DOWNEY,-118.12650299072266,33.95832443237305
9229664,2020,2021-02-27,1920,2020-12-11,0357,12610,1920,5,5,6,1920,0,0,0,NA,0,001,DUNROBIN AV,IMPERIAL HWY,150,S,N,A,-,N,NA,NA,NA,NA,NA,NA,NA,NA,NA,Y,4,0,1,2,A,-,01,23152,F,N,D,E,A,A,H,-,C,D,0,NA,NA,NA,NA,Y,NA,A,01,0,0,1,0,0,0,0,0,0,-,-,NA,NA,LOS ANGELES,DOWNEY,-118.1210708618164,33.916629791259766
9229665,2020,2021-03-05,1920,2020-12-26,1204,13321,1920,6,5,6,1920,0,0,0,NA,0,005,PARAMOUNT BL,RT 5,37,S,N,A,-,Y,LA,7,5,-,-,8.865,R,4,N,Y,4,0,1,2,A,-,03,22350,NA,N,C,C,A,A,H,-,A,A,0,NA,NA,NA,NA,Y,NA,A,01,0,0,1,0,0,0,0,0,0,-,NF,NA,NA,LOS ANGELES,DOWNEY,-118.11901092529295,33.9632453918457
9230051,2020,2021-03-16,1946,2020-12-28,1501,P51,1946,1,5,4,1946,0,0,0,NA,0,NA,MYRTLE,LOS ANGELES,0,NA,Y,B,C,N,NA,NA,NA,NA,NA,NA,NA,NA,NA,Y,3,0,1,2,A,-,08,22107,NA,N,A,C,A,-,H,-,A,D,0,NA,NA,NA,NA,Y,NA,-,NA,0,1,0,0,0,0,0,0,0,-,-,NA,NA,LOS ANGELES,MONROVIA,-118.00081634521484,34.13768005371094
9230052,2020,2021-03-16,1946,2020-12-29,1156,P20,NA,2,5,4,1946,0,0,0,NA,0,002,HUNTINGTON,MAGNOLIA,0,NA,Y,A,-,N,NA,NA,NA,NA,NA,NA,NA,NA,NA,N,2,0,1,2,A,-,12,21453,A,N,D,G,A,A,H,-,A,A,0,NA,Y,NA,NA,Y,NA,L,04,1,0,0,0,0,0,1,0,0,-,-,NA,NA,LOS ANGELES,MONROVIA,-118.00521850585938,34.14044952392578
9230053,2020,2021-03-16,1946,2020-12-29,1447,P16,1946,2,5,4,1946,0,0,0,NA,0,001,MOUTAIN,LEMON,0,NA,Y,A,-,N,NA,NA,NA,NA,NA,NA,NA,NA,NA,Y,4,0,1,2,A,-,08,22107,NA,N,D,C,A,A,H,-,A,A,0,NA,NA,NA,NA,Y,NA,A,01,0,0,1,0,0,0,0,0,0,-,-,NA,NA,LOS ANGELES,MONROVIA,-117.9863,34.14686
9230054,2020,2021-03-16,1946,2020-12-30,1412,P16,1946,3,5,4,1946,0,0,0,NA,0,001,FOOTHILL,PRIMROSE,0,NA,Y,A,-,N,NA,NA,NA,NA,NA,NA,NA,NA,NA,Y,3,0,4,2,A,-,09,21801,A,N,D,C,A,A,H,-,A,A,0,NA,NA,NA,NA,Y,NA,A,01,0,3,1,0,0,0,0,0,0,-,-,NA,NA,LOS ANGELES,MONROVIA,-118.00321197509766,34.151329040527344
9230055,2020,2021-03-16,1946,2020-12-31,1124,P21,NA,4,5,4,1946,0,0,0,NA,0,003,S IVY AV,E WALNUT AV,0,NA,-,A,-,N,NA,NA,NA,NA,NA,NA,NA,NA,NA,Y,3,0,1,1,A,-,08,22107,NA,N,A,I,A,A,H,-,A,D,0,NA,NA,NA,NA,Y,NA,-,NA,0,1,0,0,0,0,0,0,0,-,-,34.143638610839844,-117.99878692626952,LOS ANGELES,MONROVIA,-117.99871063232422,34.14374923706055
9230056,2020,2021-03-16,1946,2020-12-16,0944,P20,NA,3,5,4,1946,0,0,0,NA,0,002,MAGNOLIA,CHESTNUT,0,NA,Y,A,-,N,NA,NA,NA,NA,NA,NA,NA,NA,NA,N,3,0,1,2,A,-,12,22450,A,N,D,C,A,A,H,-,A,A,0,NA,NA,NA,NA,Y,NA,A,01,0,1,0,0,0,0,0,0,0,-,-,NA,NA,LOS ANGELES,MONROVIA,-118.00525665283205,34.14255905151367
9230057,2020,2021-03-16,1946,2020-12-14,0814,P16,1946,1,5,4,1946,0,0,0,NA,0,001,FOOTHILL,SUNSET,0,NA,-,A,-,N,NA,NA,NA,NA,NA,NA,NA,NA,NA,Y,3,0,2,2,A,-,03,22350,NA,N,B,C,A,A,H,-,A,D,0,NA,NA,NA,NA,Y,NA,A,01,0,1,1,0,0,0,0,0,0,-,-,NA,NA,LOS ANGELES,MONROVIA,-118.01596069335938,34.15116882324219
9230058,2020,2021-03-16,1946,2020-12-14,1603,P12,NA,1,5,4,1946,0,0,0,NA,0,003,CENTRAL,CALIFORNIA,0,NA,Y,A,-,N,NA,NA,NA,NA,NA,NA,NA,NA,NA,N,3,0,2,2,A,-,12,21453,A,N,D,C,A,A,H,-,A,A,0,NA,NA,NA,NA,Y,NA,A,07,0,1,1,0,0,0,0,0,0,-,-,NA,NA,LOS ANGELES,MONROVIA,-117.99504852294922,34.13587188720703
9230059,2020,2021-03-16,1946,2020-12-01,0746,P12,NA,2,5,4,1946,0,0,0,NA,0,003,ROYAL OAKS,MOUTAIN,0,NA,Y,A,-,N,NA,NA,NA,NA,NA,NA,NA,NA,NA,N,4,0,1,2,A,-,09,21801,A,N,D,G,A,A,H,-,A,A,0,NA,Y,NA,NA,Y,NA,A,01,0,0,1,0,0,0,1,0,0,-,-,NA,NA,LOS ANGELES,MONROVIA,-117.9862823486328,34.143211364746094
9230060,2020,2021-03-16,1946,2020-12-02,0817,P20,NA,3,5,4,1946,0,0,0,NA,0,001,LINWOOD,VIOLET,400,NA,N,A,-,N,NA,NA,NA,NA,NA,NA,NA,NA,NA,Y,4,0,1,2,A,-,09,21804,A,N,D,C,A,A,A,-,A,D,0,NA,NA,NA,NA,Y,NA,A,01,0,0,1,0,0,0,0,0,0,-,-,NA,NA,LOS ANGELES,MONROVIA,-118.0130615234375,34.15003967285156
9230141,2020,2021-03-16,1942,2020-12-30,1430,42617,1391,3,5,7,1942,0,0,0,M,0,13A93,67TH ST,BROADWAY,0,NA,Y,A,-,N,NA,NA,NA,NA,NA,NA,NA,NA,NA,Y,4,0,3,2,A,-,03,22350,NA,N,D,C,A,A,H,-,A,A,0,NA,NA,NA,NA,Y,NA,A,01,0,0,3,0,0,0,0,0,0,-,-,NA,NA,LOS ANGELES,LOS ANGELES,-118.2782974243164,33.979000091552734
9230142,2020,2021-03-16,1942,2020-12-28,1308,44468,1331,1,5,7,1942,0,0,0,M,0,13A9,JEFFERSON BL,HILL ST,0,NA,Y,C,-,N,NA,NA,NA,NA,NA,NA,NA,NA,NA,Y,3,0,3,3,A,-,12,21453,A,N,D,C,A,B,H,-,B,A,0,NA,NA,NA,NA,Y,NA,A,01,0,1,2,0,0,0,0,0,0,-,-,NA,NA,LOS ANGELES,LOS ANGELES,-118.27490997314452,34.01966857910156
9230143,2020,2021-03-16,1942,2020-12-28,1800,39733,1311,1,5,7,1942,0,0,0,M,0,13X76,FIGUEROA ST,20TH ST,5,S,N,C,-,N,NA,NA,NA,NA,NA,NA,NA,NA,NA,N,4,0,3,2,A,-,03,22350,NA,N,C,C,A,B,H,-,C,D,0,NA,NA,NA,NA,Y,NA,A,07,0,0,3,0,0,0,0,0,0,-,-,NA,NA,LOS ANGELES,LOS ANGELES,-118.27294158935548,34.032958984375
9230144,2020,2021-03-18,1942,2020-12-25,1050,33452,1342,5,5,7,1942,0,0,0,M,0,13A41,E JEFFERSON BL,MAPLE AV,0,NA,Y,A,-,N,NA,NA,NA,NA,NA,NA,NA,NA,NA,Y,4,0,2,2,A,-,12,21453,A,N,D,C,A,A,H,-,A,A,0,NA,NA,NA,NA,Y,NA,A,07,0,0,2,0,0,0,0,0,0,-,-,NA,NA,LOS ANGELES,LOS ANGELES,-118.26943969726564,34.017189025878906
9230145,2020,2021-03-16,1942,2020-12-24,1235,34458,1353,4,5,7,1942,0,0,0,M,0,13A43,STANFORD AV,E VERNON AV,0,NA,Y,C,-,N,NA,NA,NA,NA,NA,NA,NA,NA,NA,Y,4,0,3,2,A,-,09,21802,A,N,D,C,A,B,H,-,A,A,0,NA,NA,NA,NA,Y,NA,A,01,0,0,3,0,0,0,0,0,0,-,-,NA,NA,LOS ANGELES,LOS ANGELES,-118.2639617919922,34.00387954711914
9230146,2020,2021-03-16,1942,2020-12-24,1806,40514,1353,4,5,7,1942,0,0,0,M,0,13X45,VERNON AV,MCKINLEY,0,NA,Y,A,-,N,NA,NA,NA,NA,NA,NA,NA,NA,NA,Y,4,0,1,3,-,-,-,NA,NA,N,F,E,A,A,H,-,C,D,0,NA,NA,NA,NA,Y,Y,A,01,0,0,1,0,0,0,0,0,0,-,-,NA,NA,LOS ANGELES,LOS ANGELES,-118.26090240478516,34.00389862060547
9230147,2020,2021-03-16,1942,2020-12-24,1115,40008,1373,4,5,7,1942,0,0,0,M,0,13A85,E 55TH ST,S CENTRAL AV,75,E,N,A,-,N,NA,NA,NA,NA,NA,NA,NA,NA,NA,Y,4,0,1,2,A,-,05,21650,NA,F,A,C,A,A,H,-,A,D,0,NA,NA,NA,NA,Y,NA,-,99,0,0,1,0,0,0,0,0,0,-,-,NA,NA,LOS ANGELES,LOS ANGELES,-118.25621032714844,33.99298858642578
9230148,2020,2021-03-16,1942,2020-12-24,2055,43344,1367,4,5,7,1942,0,0,0,M,0,13A75,E VERNON AV,LIMA AV,0,NA,-,A,-,N,NA,NA,NA,NA,NA,NA,NA,NA,NA,N,2,0,1,2,D,-,00,NA,NA,N,G,B,E,A,H,-,C,D,0,Y,NA,NA,NA,Y,NA,-,-,1,0,0,0,1,0,0,0,0,-,-,NA,NA,LOS ANGELES,LOS ANGELES,-118.24658966064452,34.00392150878906
9230149,2020,2021-03-16,1942,2020-12-24,2235,42534,1373,4,5,7,1942,0,0,0,M,0,13A85,CENTRAL,55TH ST EAST,0,NA,N,-,-,N,NA,NA,NA,NA,NA,NA,NA,NA,NA,Y,4,0,1,3,-,-,-,NA,NA,N,C,E,A,-,H,-,C,A,0,NA,NA,NA,NA,Y,NA,A,01,0,0,1,0,0,0,0,0,0,-,-,NA,NA,LOS ANGELES,LOS ANGELES,-118.25646209716795,33.99298858642578
9230150,2020,2021-03-16,1942,2020-12-23,1730,44164,1385,3,5,7,1942,0,0,0,M,0,13A85,AVALON BL,61ST ST,75,NA,N,A,-,N,NA,NA,NA,NA,NA,NA,NA,NA,NA,N,4,0,2,2,A,-,08,22107,NA,N,B,C,A,A,H,-,C,D,0,NA,NA,NA,NA,Y,NA,A,01,0,0,2,0,0,0,0,0,0,-,-,NA,NA,LOS ANGELES,LOS ANGELES,-118.26519012451172,33.98440170288086
9230151,2020,2021-03-17,1942,2020-12-23,1700,42224,131,3,5,7,1942,0,0,0,M,0,3X76,33RD ST,HOOPER AV,0,NA,-,A,-,N,NA,NA,NA,NA,NA,NA,NA,NA,NA,Y,3,0,1,4,A,-,04,21703,NA,N,A,C,A,A,H,-,A,A,0,NA,NA,NA,NA,Y,NA,A,01,0,1,0,0,0,0,0,0,0,-,-,NA,NA,LOS ANGELES,LOS ANGELES,-118.25215911865234,34.01369857788086
9230152,2020,2021-03-17,1942,2020-12-22,1045,38502,1351,2,5,7,1942,0,0,0,M,0,13A41,W 41ST PL,S BROADWAY,165,E,N,A,-,N,NA,NA,NA,NA,NA,NA,NA,NA,NA,N,3,0,1,2,A,-,03,22350,NA,F,C,C,A,A,H,-,A,D,0,NA,NA,NA,NA,Y,NA,A,01,0,1,0,0,0,0,0,0,0,-,-,NA,NA,LOS ANGELES,LOS ANGELES,-118.27783966064452,34.008201599121094
9230153,2020,2021-03-17,1942,2020-12-20,1750,38804,1395,7,5,7,1942,0,0,0,M,0,12X42,FLORENCE AV,AVALON AV,0,NA,Y,A,-,N,NA,NA,NA,NA,NA,NA,NA,NA,NA,Y,4,0,3,2,A,-,09,21801,A,N,A,C,A,A,H,-,C,A,0,NA,NA,NA,NA,Y,NA,A,01,0,0,3,0,0,0,0,0,0,-,-,NA,NA,LOS ANGELES,LOS ANGELES,-118.2651824951172,33.974708557128906
9230154,2020,2021-03-17,1942,2020-12-20,1215,43728,1372,7,5,7,1942,0,0,0,M,0,13A13,TOWNE AV,56TH ST,0,NA,Y,A,-,N,NA,NA,NA,NA,NA,NA,NA,NA,NA,N,4,0,2,2,A,-,09,21801,A,N,D,C,A,A,H,-,A,D,0,NA,NA,NA,NA,Y,NA,-,-,0,0,2,0,0,0,0,0,0,-,-,NA,NA,LOS ANGELES,LOS ANGELES,-118.26740264892578,33.991539001464844
9230155,2020,2021-03-17,1942,2020-12-18,1520,44110,1385,5,5,7,1942,0,0,0,M,0,13A85,CENTRAL AV,SLAUSON AV,0,NA,Y,A,-,N,NA,NA,NA,NA,NA,NA,NA,NA,NA,N,4,0,1,2,A,-,08,22100,5,N,D,C,A,A,H,-,A,A,0,NA,NA,NA,NA,Y,NA,A,01,0,0,1,0,0,0,0,0,0,-,-,NA,NA,LOS ANGELES,LOS ANGELES,-118.25646209716795,33.989341735839844
9230156,2020,2021-03-17,1942,2020-12-18,1815,44534,1303,5,5,7,1942,0,0,0,M,0,13X62,SAN PEDRO ST,PICO BL,0,NA,Y,A,-,N,NA,NA,NA,NA,NA,NA,NA,NA,NA,N,4,0,1,2,A,-,03,22350,NA,N,D,C,A,A,H,-,C,A,0,NA,NA,Y,NA,Y,NA,C,02,0,0,1,0,0,0,0,0,0,-,-,NA,NA,LOS ANGELES,LOS ANGELES,-118.25399780273438,34.03276824951172
9230157,2020,2021-03-17,1942,2020-12-18,1835,42313,1303,5,5,7,1942,0,0,0,M,0,1324,CENTRAL AV,10TH ST,0,NA,Y,A,-,N,NA,NA,NA,NA,NA,NA,NA,NA,NA,N,4,0,1,2,A,-,09,21804,A,N,D,G,A,A,H,-,C,D,0,NA,Y,NA,NA,Y,NA,L,04,0,0,1,0,0,0,1,0,0,-,-,NA,NA,LOS ANGELES,LOS ANGELES,-118.24449157714844,34.031490325927734
9230158,2020,2021-03-17,1942,2020-12-06,1000,33452,1381,7,5,7,1942,0,0,0,M,0,13A93,W 62ND ST,S BROADWAY,0,NA,Y,A,-,N,NA,NA,NA,NA,NA,NA,NA,NA,NA,Y,4,0,1,2,A,-,09,21802,A,N,D,C,A,A,H,-,A,A,0,NA,NA,NA,NA,Y,NA,A,01,0,0,1,0,0,0,0,0,0,-,-,NA,NA,LOS ANGELES,LOS ANGELES,-118.2782974243164,33.983280181884766
9230159,2020,2021-03-17,1942,2020-12-06,1805,39733,1391,7,5,7,1942,0,0,0,M,0,13X42,GRAND AV,GAGE AV,120,N,N,A,-,N,NA,NA,NA,NA,NA,NA,NA,NA,NA,Y,4,0,2,4,-,-,-,NA,NA,N,A,B,E,A,G,-,D,D,0,Y,NA,NA,NA,Y,NA,-,99,0,0,2,0,1,0,0,0,0,-,-,NA,NA,LOS ANGELES,LOS ANGELES,-118.28015899658205,33.98270034790039
9230757,2020,2021-02-22,1922,2020-11-17,2121,605,1,2,5,6,1922,0,0,0,NA,0,001,PECK RD,RAMONA BL,50,N,N,A,-,N,NA,NA,NA,NA,NA,NA,NA,NA,NA,N,4,0,1,2,A,-,03,22350,NA,N,C,C,A,A,H,-,C,A,0,NA,NA,NA,NA,Y,NA,J,48,0,0,1,0,0,0,0,0,0,-,-,34.07408142089844,-118.0229721069336,LOS ANGELES,EL MONTE,-118.02283477783205,34.07421875
9230761,2020,2021-02-24,1942,2020-12-21,1500,38947,0943,1,5,7,1942,0,0,0,I,0,9A41,VAN NUYS BL,OXNARD ST,0,NA,Y,A,-,N,NA,NA,NA,NA,NA,NA,NA,NA,NA,N,4,0,1,2,A,-,09,21800,A,N,A,C,A,A,H,-,A,A,0,NA,NA,NA,NA,Y,NA,A,01,0,0,1,0,0,0,0,0,0,-,-,NA,NA,LOS ANGELES,LOS ANGELES,-118.44873809814452,34.17940139770508
9230799,2020,2021-02-24,1942,2020-12-22,2155,42296,0941,2,5,7,1942,0,0,0,I,0,9A41,KESTER AVE,OXNARD ST,0,NA,Y,A,-,N,NA,NA,NA,NA,NA,NA,NA,NA,NA,Y,4,0,1,2,A,-,12,21453,A,F,D,C,A,A,H,-,C,A,0,NA,NA,NA,NA,Y,NA,A,01,0,0,1,0,0,0,0,0,0,-,-,NA,NA,LOS ANGELES,LOS ANGELES,-118.45744323730467,34.17938995361328
9230800,2020,2021-02-24,1942,2020-12-17,1555,43270,1827,4,5,7,1942,0,0,0,R,0,25T52,FIR AVE,92ND ST,0,NA,Y,B,-,N,NA,NA,NA,NA,NA,NA,NA,NA,NA,Y,4,0,1,2,A,-,12,21453,A,N,D,C,A,A,H,-,A,A,0,NA,NA,NA,NA,Y,NA,A,01,0,0,1,0,0,0,0,0,0,-,-,NA,NA,LOS ANGELES,LOS ANGELES,-118.23744201660156,33.95328140258789
9230843,2020,2021-02-18,1942,2020-04-10,1105,37768,1343,5,5,7,1942,0,0,0,M,0,13A43,S CENTRAL AV,E 41ST ST,0,NA,Y,B,C,N,NA,NA,NA,NA,NA,NA,NA,NA,NA,Y,4,0,1,4,A,-,12,21453,A,N,D,C,A,B,H,-,A,A,0,NA,NA,NA,NA,Y,NA,J,48,0,0,1,0,0,0,0,0,0,-,-,NA,NA,LOS ANGELES,LOS ANGELES,-118.25650787353516,34.009239196777344
9230906,2020,2021-03-09,1925,2020-10-17,1053,28137,2,6,5,6,1925,0,0,0,NA,0,265,COLORADO ST,BRAND BL,210,W,N,A,-,N,NA,NA,NA,NA,NA,NA,NA,NA,NA,N,4,0,1,2,A,-,08,22101,D,N,A,C,A,A,H,-,A,D,0,NA,NA,NA,NA,Y,NA,-,-,0,0,1,0,0,0,0,0,0,-,-,NA,NA,LOS ANGELES,GLENDALE,-118.25574493408205,34.14255142211914
9230907,2020,2021-03-09,1925,2020-10-14,2113,17837,265,3,5,6,1925,0,0,0,NA,0,002,BRAND BL,COLORADO ST,0,NA,Y,A,-,N,NA,NA,NA,NA,NA,NA,NA,NA,NA,N,3,0,1,2,A,-,10,21950,A,N,G,-,B,A,H,-,C,A,0,Y,NA,NA,NA,Y,NA,D,22,0,1,0,0,1,0,0,0,0,-,-,NA,NA,LOS ANGELES,GLENDALE,-118.25505065917967,34.14255905151367
9230908,2020,2021-03-09,1925,2020-10-07,1914,20089,172,3,5,6,1925,0,0,0,NA,0,001,GLENOAKS BL,KEILWORTH AV,260,E,N,A,-,N,NA,NA,NA,NA,NA,NA,NA,NA,NA,N,4,0,1,2,A,-,11,21954,A,N,G,B,D,A,H,-,C,D,0,Y,NA,NA,NA,Y,NA,N,60,0,0,1,0,1,0,0,0,0,-,-,NA,NA,LOS ANGELES,GLENDALE,-118.26624298095705,34.15974807739258
9230909,2020,2021-03-09,1942,2020-10-06,1605,43637,1303,2,5,7,1942,0,0,0,M,0,13A27,9TH ST,WALL ST,500,E,N,A,-,N,NA,NA,NA,NA,NA,NA,NA,NA,NA,Y,3,0,1,2,A,-,10,21950,A,N,G,B,E,A,H,-,A,D,0,Y,NA,NA,NA,Y,NA,-,-,0,1,0,0,1,0,0,0,0,-,-,NA,NA,LOS ANGELES,LOS ANGELES,-118.25081634521484,34.037742614746094
9230910,2020,2021-03-09,1942,2020-10-12,2330,44418,1373,1,5,7,1942,0,0,0,M,0,13A93W,SLAUSON AV,CENTRAL AV,0,NA,Y,A,-,N,NA,NA,NA,NA,NA,NA,NA,NA,NA,Y,4,0,1,2,A,-,08,22107,NA,N,A,C,A,A,H,-,C,D,0,NA,NA,NA,NA,Y,NA,A,01,0,0,1,0,0,0,0,0,0,-,-,NA,NA,LOS ANGELES,LOS ANGELES,-118.25646209716795,33.989341735839844
9230911,2020,2021-03-09,1942,2020-10-09,1500,41749,1162,5,5,7,1942,0,0,0,K,0,11A95,LEXINGTON AV,NEW HAMPSIRE,50,E,N,A,-,N,NA,NA,NA,NA,NA,NA,NA,NA,NA,N,4,0,1,2,A,-,06,21760,NA,N,D,G,A,A,H,-,A,D,0,NA,Y,NA,NA,Y,NA,-,-,0,0,1,0,0,0,1,0,0,-,-,NA,NA,LOS ANGELES,LOS ANGELES,-118.29304504394533,34.09345245361328
9230913,2020,2021-03-11,1900,2020-10-12,1740,640990,0246,1,5,3,1914,0,0,0,NA,0,27T,SLAUSON AV,TRIANGLE AV,200,W,N,A,-,N,NA,NA,NA,NA,NA,NA,NA,NA,NA,Y,4,0,1,2,A,-,03,22350,NA,N,A,C,A,A,H,-,A,D,0,NA,NA,NA,NA,Y,NA,A,01,0,0,1,0,0,0,0,0,0,-,-,NA,NA,LOS ANGELES,COMMERCE,-118.1359634399414,33.97983932495117
9230914,2020,2021-03-09,1900,2020-10-21,1132,630400,0241,3,5,3,1914,0,0,0,NA,0,27T,TRIGGS ST,ATLANTIC,1000,W,N,A,-,N,NA,NA,NA,NA,NA,NA,NA,NA,NA,Y,4,0,1,3,A,-,03,22350,NA,N,E,E,A,A,H,-,A,D,0,NA,NA,NA,NA,Y,NA,A,01,0,0,1,0,0,0,0,0,0,-,-,34.010921478271484,-118.16172790527344,LOS ANGELES,COMMERCE,-118.16004180908205,34.010231018066406
9230917,2020,2021-03-11,1900,2020-10-28,0942,604233,0246,3,5,3,1914,0,0,0,NA,0,27T1,SLAUSON AV,SLAUSON AV 5300,0,NA,N,A,-,N,NA,NA,NA,NA,NA,NA,NA,NA,NA,Y,2,0,1,1,A,-,-,NA,NA,N,E,I,A,A,H,-,A,D,0,NA,NA,NA,NA,Y,NA,A,01,1,0,0,0,0,0,0,0,0,-,-,NA,NA,LOS ANGELES,COMMERCE,-118.123709,33.975149
9230918,2020,2021-03-11,1900,2020-10-26,1930,640990,0245,1,5,3,1914,0,0,0,NA,0,27T,GARFIELD AV,FERGUSON DR,37,S,N,A,-,N,NA,NA,NA,NA,NA,NA,NA,NA,NA,Y,4,0,1,2,A,-,12,21453,A,N,A,-,A,A,H,-,C,A,0,NA,NA,NA,NA,Y,NA,-,NA,0,0,1,0,0,0,0,0,0,-,-,NA,NA,LOS ANGELES,COMMERCE,-118.13140106201172,34.00827407836914
9230919,2020,2021-03-09,1900,2020-10-31,0430,609668,0251,6,5,4,1945,0,0,0,NA,0,28TE,SLAUSON AV,ALAMO AV,10,W,N,A,-,N,NA,NA,NA,NA,NA,NA,NA,NA,NA,Y,2,0,1,1,A,-,01,23152,B,N,-,I,A,A,H,-,C,A,0,NA,NA,NA,NA,Y,Y,A,01,1,0,0,0,0,0,0,0,0,-,-,33.98630905151367,-118.17568969726564,LOS ANGELES,MAYWOOD,-118.17428588867188,33.98601150512695
9230981,2020,2021-03-10,1942,2020-12-04,1903,43643,1313,5,5,7,1942,0,0,0,M,0,13A13,WASHINGTON BL,SAN PEDRO,0,NA,Y,A,-,N,NA,NA,NA,NA,NA,NA,NA,NA,NA,N,4,0,1,2,A,-,09,21801,A,F,A,C,A,A,H,-,C,A,0,NA,NA,NA,NA,Y,NA,-,99,0,0,1,0,0,0,0,0,0,-,-,NA,NA,LOS ANGELES,LOS ANGELES,-118.25745391845705,34.027618408203125
9230982,2020,2021-03-10,1942,2020-12-03,0958,44239,1361,4,5,7,1942,0,0,0,M,0,13463,45TH ST,BROADWAY,5,E,N,A,-,N,NA,NA,NA,NA,NA,NA,NA,NA,NA,N,4,0,1,2,A,-,10,21950,A,N,A,B,B,A,H,-,A,D,0,Y,NA,NA,NA,Y,NA,A,01,0,0,1,0,1,0,0,0,0,-,-,NA,NA,LOS ANGELES,LOS ANGELES,-118.2783432006836,34.00285720825195
9230983,2020,2021-03-10,1942,2020-12-03,1600,35077,1352,4,5,7,1942,0,0,0,M,0,24MX25,VERNON AV,SAN PEDRO PL,16,E,N,A,-,N,NA,NA,NA,NA,NA,NA,NA,NA,NA,N,3,0,1,2,A,-,09,21801,A,N,D,G,A,A,H,-,A,A,0,NA,Y,NA,NA,Y,NA,A,01,0,1,0,0,0,0,1,0,0,-,-,NA,NA,LOS ANGELES,LOS ANGELES,-118.27259063720705,34.00382995605469
9230984,2020,2021-03-10,1942,2020-12-02,1630,43800,RD138,3,5,7,1942,0,0,0,NA,0,13X21,MAIN ST,SLAUSON AV,0,NA,Y,A,-,N,NA,NA,NA,NA,NA,NA,NA,NA,NA,N,4,0,1,2,A,-,09,21801,NA,N,B,G,A,A,H,-,A,A,0,NA,Y,NA,NA,Y,NA,-,NA,0,0,1,0,0,0,1,0,0,-,-,NA,NA,LOS ANGELES,LOS ANGELES,-118.27394104003906,33.98920822143555
9230985,2020,2021-03-12,1946,2020-12-05,1112,P21,NA,6,5,4,1946,0,0,0,NA,0,002,W HUNTINGTON DR,RT 210,0,NA,N,A,-,N,NA,NA,NA,NA,NA,NA,NA,NA,NA,Y,4,0,1,3,A,-,09,21802,A,N,D,C,A,A,H,-,A,A,0,NA,NA,NA,NA,Y,NA,-,NA,0,0,1,0,0,0,0,0,0,-,-,34.14031982421875,-118.01614379882813,LOS ANGELES,MONROVIA,-118.01673889160156,34.140289306640625
9230986,2020,2021-03-10,1946,2020-12-06,1353,P16,1946,7,5,4,1946,0,0,0,NA,0,001,FOOTHILL,MOUTAIN,101,W,N,A,-,N,NA,NA,NA,NA,NA,NA,NA,NA,NA,N,4,0,1,2,A,-,08,22107,NA,N,D,C,A,A,H,-,A,D,0,NA,NA,NA,NA,Y,NA,A,01,0,0,1,0,0,0,0,0,0,-,-,NA,NA,LOS ANGELES,MONROVIA,-117.98664093017578,34.151512145996094
9230988,2020,2021-03-10,1972,2020-12-02,1756,21880,NA,3,5,6,1972,0,0,0,NA,0,NA,CREWSHAW BL,PCH,290,N,N,A,-,Y,NA,NA,NA,NA,NA,NA,NA,NA,NA,N,4,0,1,2,A,-,03,22350,NA,N,C,C,A,A,H,-,C,A,0,NA,NA,NA,NA,Y,NA,A,NA,0,0,1,0,0,0,0,0,0,-,-,NA,NA,LOS ANGELES,TORRANCE,NA,NA
9230993,2020,2021-03-11,1922,2020-12-29,1555,699,3,2,5,6,1922,0,0,0,NA,0,NA,TYLER AV,ELLIOTT AV,0,NA,Y,A,-,N,NA,NA,NA,NA,NA,NA,NA,NA,NA,N,3,0,1,2,D,-,00,NA,NA,N,D,C,A,A,H,-,A,A,0,NA,NA,Y,NA,Y,NA,-,-,0,1,0,0,0,0,0,0,1,-,-,34.05862045288086,-118.03565979003906,LOS ANGELES,EL MONTE,-118.03562927246094,34.058589935302734