CASE_ID,ACCIDENT_YEAR,PROC_DATE,JURIS,COLLISION_DATE,COLLISION_TIME,OFFICER_ID,REPORTING_DISTRICT,DAY_OF_WEEK,CHP_SHIFT,POPULATION,CNTY_CITY_LOC,SPECIAL_COND,BEAT_TYPE,CHP_BEAT_TYPE,CITY_DIVISION_LAPD,CHP_BEAT_CLASS,BEAT_NUMBER,PRIMARY_RD,SECONDARY_RD,DISTANCE,DIRECTION,INTERSECTION,WEATHER_1,WEATHER_2,STATE_HWY_IND,CALTRANS_COUNTY,CALTRANS_DISTRICT,STATE_ROUTE,ROUTE_SUFFIX,POSTMILE_PREFIX,POSTMILE,LOCATION_TYPE,RAMP_INTERSECTION,SIDE_OF_HWY,TOW_AWAY,COLLISION_SEVERITY,NUMBER_KILLED,NUMBER_INJURED,PARTY_COUNT,PRIMARY_COLL_FACTOR,PCF_CODE_OF_VIOL,PCF_VIOL_CATEGORY,PCF_VIOLATION,PCF_VIOL_SUBSECTION,HIT_AND_RUN,TYPE_OF_COLLISION,MVIW,PED_ACTION,ROAD_SURFACE,ROAD_COND_1,ROAD_COND_2,LIGHTING,CONTROL_DEVICE,CHP_ROAD_TYPE,PEDESTRIAN_ACCIDENT,BICYCLE_ACCIDENT,MOTORCYCLE_ACCIDENT,TRUCK_ACCIDENT,NOT_PRIVATE_PROPERTY,ALCOHOL_INVOLVED,STWD_VEHTYPE_AT_FAULT,CHP_VEHTYPE_AT_FAULT,COUNT_SEVERE_INJ,COUNT_VISIBLE_INJ,COUNT_COMPLAINT_PAIN,COUNT_PED_KILLED,COUNT_PED_INJURED,COUNT_BICYCLIST_KILLED,COUNT_BICYCLIST_INJURED,COUNT_MC_KILLED,COUNT_MC_INJURED,PRIMARY_RAMP,SECONDARY_RAMP,LATITUDE,LONGITUDE,COUNTY,CITY,POINT_X,POINT_Y
81440863,2021,2021-04-01,1942,2021-03-31,1230,42397,0637,3,5,7,1942,0,0,0,F,0,6A49,GOWER ST,YUCCA ST,76,N,N,A,-,N,NA,NA,NA,NA,NA,NA,NA,NA,NA,N,4,0,1,2,A,-,00,21954,NA,F,G,B,E,A,H,-,A,A,0,Y,NA,NA,NA,Y,NA,N,60,0,0,1,0,1,0,0,0,0,-,-,NA,NA,LOS ANGELES,LOS ANGELES,-118.3225326538086,34.10397720336914
81440921,2021,2021-04-01,1942,2021-03-30,0720,34959,2011,2,5,7,1942,0,0,0,NA,0,20A1,WESTERN AVENUE,2ND STREET,0,NA,Y,B,-,N,NA,NA,NA,NA,NA,NA,NA,NA,NA,Y,3,0,2,2,A,-,12,21453,NA,N,D,C,A,A,H,-,A,A,0,NA,NA,NA,NA,Y,NA,A,07,0,1,1,0,0,0,0,0,0,-,-,NA,NA,LOS ANGELES,LOS ANGELES,-118.30912017822266,34.07112121582031
81441041,2021,2021-04-01,1942,2021-02-22,1255,41376,0881,1,5,7,1942,0,0,0,H,0,8A53,S BUNDY DR,W OLYMPIC BL,0,NA,Y,A,-,N,NA,NA,NA,NA,NA,NA,NA,NA,NA,Y,3,0,1,2,A,-,09,21800,NA,F,D,C,A,A,H,-,A,B,0,NA,NA,NA,NA,Y,NA,A,01,0,1,0,0,0,0,0,0,0,-,-,NA,NA,LOS ANGELES,LOS ANGELES,-118.45375823974608,34.03238296508789
81441313,2021,2021-04-01,1942,2021-03-31,2137,42640,2023,3,5,7,1942,0,0,0,NA,0,20A13,W 3RD ST,S HOBART BL,45,W,N,A,-,N,NA,NA,NA,NA,NA,NA,NA,NA,NA,Y,4,0,1,2,A,-,09,21804,NA,F,H,D,A,A,H,-,C,D,0,NA,NA,NA,NA,Y,NA,A,07,0,0,1,0,0,0,0,0,0,-,-,NA,NA,LOS ANGELES,LOS ANGELES,-118.30558013916016,34.06898880004883
81441416,2021,2021-04-02,1969,2021-03-29,1607,20279,TRAFF,1,5,5,1969,0,0,0,NA,0,003,OTIS ST,TENAYA AV,0,NA,Y,A,-,N,NA,NA,NA,NA,NA,NA,NA,NA,NA,Y,2,0,1,2,A,-,09,21804,A,N,D,C,A,A,H,-,A,A,0,NA,NA,Y,NA,Y,NA,A,07,1,0,0,0,0,0,0,0,1,-,-,33.93804168701172,-118.19830322265624,LOS ANGELES,SOUTH GATE,-118.1982879638672,33.938026428222656
81441417,2021,2021-04-02,1969,2021-03-30,0331,10230,PATRO,2,5,5,1969,0,0,0,NA,0,005,FILESTONE BLVD,710 S. FWY OFF RAMP,15,W,N,A,-,N,NA,NA,NA,NA,NA,NA,NA,NA,NA,Y,4,0,1,2,A,-,08,22107,NA,N,B,C,A,A,H,-,C,A,0,NA,NA,NA,Y,Y,NA,G,27,0,0,1,0,0,0,0,0,0,-,-,NA,NA,LOS ANGELES,SOUTH GATE,-118.17092895507813,33.94981002807617
81441419,2021,2021-04-02,1969,2021-03-30,2225,20226,TRAFF,2,5,5,1969,0,0,0,NA,0,003,OTIS ST,SOUTHERN AV,0,NA,Y,A,-,N,NA,NA,NA,NA,NA,NA,NA,NA,NA,N,4,0,2,2,A,-,12,21453,A,N,D,C,A,A,H,-,C,A,0,NA,NA,NA,NA,Y,NA,A,07,0,0,2,0,0,0,0,0,0,-,-,33.9500617980957,-118.19686126708984,LOS ANGELES,SOUTH GATE,-118.19686126708984,33.9500617980957
81441420,2021,2021-04-02,1969,2021-03-31,1745,20279,TRAFF,3,5,5,1969,0,0,0,NA,0,001,LONG BEACH BLVD,FILESTONE BLVD,205,N,N,A,-,N,NA,NA,NA,NA,NA,NA,NA,NA,NA,N,4,0,1,2,A,-,09,21804,A,N,D,C,A,A,H,-,A,D,0,NA,NA,NA,NA,Y,NA,A,01,0,0,1,0,0,0,0,0,0,-,-,33.955650329589844,-118.22028350830078,LOS ANGELES,SOUTH GATE,-118.22054290771484,33.9560432434082
81441507,2021,2021-04-02,1942,2021-04-01,1210,37505,0112,4,5,7,1942,0,0,0,A,0,1A1,N HILL ST,TEMPLE ST,0,NA,Y,A,-,N,NA,NA,NA,NA,NA,NA,NA,NA,NA,N,4,0,1,2,A,-,11,21956,NA,F,H,B,E,A,H,-,A,D,0,Y,NA,NA,NA,Y,NA,N,60,0,0,1,0,1,0,0,0,0,-,-,NA,NA,LOS ANGELES,LOS ANGELES,-118.24449157714844,34.05648422241211
81441510,2021,2021-04-02,1942,2021-04-01,0840,37540,0246,4,5,7,1942,0,0,0,B,0,2A45,W 6TH ST,S ALVARADO ST,0,NA,Y,A,-,N,NA,NA,NA,NA,NA,NA,NA,NA,NA,Y,4,0,2,2,A,-,09,21800,NA,N,D,C,A,A,H,-,A,B,0,NA,NA,NA,NA,Y,NA,-,-,0,0,2,0,0,0,0,0,0,-,-,NA,NA,LOS ANGELES,LOS ANGELES,-118.27486419677734,34.05953598022461
81442283,2021,2021-04-05,1942,2021-04-01,2230,41072,1265,4,5,7,1942,0,0,0,L,0,12A53,W MANCHESTER AV,S VERMONT AV,2,W,N,A,-,N,NA,NA,NA,NA,NA,NA,NA,NA,NA,Y,3,0,1,1,A,-,01,23152,NA,N,E,I,A,A,H,-,C,A,0,NA,NA,NA,NA,Y,Y,A,01,0,1,0,0,0,0,0,0,0,-,-,NA,NA,LOS ANGELES,LOS ANGELES,-118.29177856445313,33.960018157958984
81442689,2021,2021-05-13,1942,2021-04-03,0030,41957,NA,6,5,7,1942,0,0,0,NA,0,NA,W SUNSET BL,STONE CANYON RD,100,E,N,A,-,N,NA,NA,NA,NA,NA,NA,NA,NA,NA,N,4,0,1,2,A,-,01,23152,NA,N,C,C,A,A,H,-,C,A,0,NA,NA,NA,NA,Y,Y,A,01,0,0,1,0,0,0,0,0,0,-,-,NA,NA,LOS ANGELES,LOS ANGELES,-118.44247436523438,34.07746505737305
81442827,2021,2021-04-05,1942,2021-04-04,0345,34959,0782,7,5,7,1942,0,0,0,G,0,7A73,LA CIENEGA BOUELVARD,SAWYER STREET,0,NA,Y,A,-,N,NA,NA,NA,NA,NA,NA,NA,NA,NA,Y,2,0,5,2,A,-,01,23152,NA,N,A,C,A,A,H,-,C,D,0,NA,NA,NA,NA,Y,Y,A,01,2,2,1,0,0,0,0,0,0,-,-,NA,NA,LOS ANGELES,LOS ANGELES,-118.3764190673828,34.04255294799805
81442960,2021,2021-08-05,1942,2021-04-01,2143,41957,NA,4,5,7,1942,0,0,0,NA,0,NA,WILTON PL,SANTA MONICA BLVD,45,N,N,A,-,N,NA,NA,NA,NA,NA,NA,NA,NA,NA,N,1,1,0,3,A,-,00,21954,NA,N,G,B,D,A,H,-,C,A,0,Y,NA,NA,NA,Y,NA,N,60,0,0,0,1,0,0,0,0,0,-,-,NA,NA,LOS ANGELES,LOS ANGELES,-118.31356811523438,34.09087371826172
81443192,2021,2021-04-05,1942,2021-04-02,1630,40289,0205,5,5,7,1942,0,0,0,B,0,2A5,SILVER LAKE BL,DILLON ST,190,N,N,A,-,N,NA,NA,NA,NA,NA,NA,NA,NA,NA,Y,2,0,1,2,A,-,03,22350,NA,N,G,C,F,A,H,-,A,D,0,Y,NA,NA,NA,Y,NA,A,01,1,0,0,0,1,0,0,0,0,-,-,NA,NA,LOS ANGELES,LOS ANGELES,-118.27831268310548,34.0788688659668
81443199,2021,2021-04-05,1942,2021-04-03,2110,38590,0464,6,5,7,1942,0,0,0,D,0,4A71,SOTO ST,EAST 2ND ST,22,N,N,A,-,N,NA,NA,NA,NA,NA,NA,NA,NA,NA,Y,2,0,1,2,A,-,00,21954,NA,N,G,B,D,A,H,-,C,D,0,Y,NA,NA,NA,Y,NA,N,60,1,0,0,0,1,0,0,0,0,-,-,NA,NA,LOS ANGELES,LOS ANGELES,-118.21074676513672,34.04224395751953
81443207,2021,2021-04-05,1942,2021-04-02,0510,41629,0195,5,5,7,1942,0,0,0,A,0,1A85,S LOS ANGELES ST,E 16TH ST,35,N,N,A,-,N,NA,NA,NA,NA,NA,NA,NA,NA,NA,Y,4,0,2,2,A,-,01,23152,NA,N,C,C,A,A,H,-,C,D,0,NA,NA,NA,Y,Y,Y,A,01,0,0,2,0,0,0,0,0,0,-,-,NA,NA,LOS ANGELES,LOS ANGELES,-118.26148223876952,34.033119201660156
81443210,2021,2021-04-05,1942,2021-04-02,1915,37952,1142,5,5,7,1942,0,0,0,K,0,11A1,LOS FELIZ BL,HILLHURST AV,0,NA,Y,A,-,N,NA,NA,NA,NA,NA,NA,NA,NA,NA,Y,4,0,1,2,A,-,01,23152,NA,N,A,C,A,A,H,-,C,D,0,NA,NA,NA,NA,Y,Y,A,07,0,0,1,0,0,0,0,0,0,-,-,NA,NA,LOS ANGELES,LOS ANGELES,-118.28743743896484,34.11188888549805
81443212,2021,2021-04-05,1942,2021-04-02,1255,38502,0215,5,5,7,1942,0,0,0,B,0,2A5,N HOOVER ST,JOHN ST,1,S,N,A,-,N,NA,NA,NA,NA,NA,NA,NA,NA,NA,N,4,0,1,3,A,-,03,22350,NA,F,G,B,F,A,H,-,A,D,0,Y,NA,NA,NA,Y,NA,-,99,0,0,1,0,1,0,0,0,0,-,-,NA,NA,LOS ANGELES,LOS ANGELES,-118.28439331054688,34.07716751098633
81443218,2021,2021-04-05,1942,2021-04-02,1530,37903,1363,5,5,7,1942,0,0,0,M,0,13A61,CENTRAL AV,55TH ST,0,NA,Y,A,-,N,NA,NA,NA,NA,NA,NA,NA,NA,NA,N,4,0,1,2,A,-,12,21453,NA,F,G,B,B,A,H,-,A,A,0,Y,NA,NA,NA,Y,NA,-,99,0,0,1,0,1,0,0,0,0,-,-,NA,NA,LOS ANGELES,LOS ANGELES,-118.25646209716795,33.992530822753906
81443220,2021,2021-04-05,1942,2021-04-02,1920,39062,0466,5,5,7,1942,0,0,0,D,0,4A71,N SOTO ST,E CESAR E CHAVEZ AV,40,N,N,A,-,N,NA,NA,NA,NA,NA,NA,NA,NA,NA,N,4,0,3,2,A,-,03,22350,NA,F,C,C,A,A,H,-,A,D,0,NA,NA,NA,NA,Y,NA,-,99,0,0,3,0,0,0,0,0,0,-,-,NA,NA,LOS ANGELES,LOS ANGELES,-118.20774841308594,34.046905517578125
81443250,2021,2021-04-05,1942,2021-04-02,1433,40289,0448,5,5,7,1942,0,0,0,D,0,4A59,LANCASTER AV,N SOTO ST,115,E,N,A,-,N,NA,NA,NA,NA,NA,NA,NA,NA,NA,Y,4,0,1,2,A,-,08,22107,NA,M,A,E,A,A,H,-,A,D,0,NA,NA,NA,NA,Y,NA,A,07,0,0,1,0,0,0,0,0,0,-,-,NA,NA,LOS ANGELES,LOS ANGELES,-118.19962310791016,34.0590934753418
81443271,2021,2021-04-05,1942,2021-04-04,1950,41629,1351,7,5,7,1942,0,0,0,M,0,13A41,S BROADWAY,W 43RD PL,0,NA,Y,A,-,N,NA,NA,NA,NA,NA,NA,NA,NA,NA,N,3,0,1,2,A,-,05,21650,NA,F,D,G,A,A,H,-,C,D,0,NA,Y,NA,NA,Y,NA,L,04,0,1,0,0,0,0,1,0,0,-,-,NA,NA,LOS ANGELES,LOS ANGELES,-118.27835845947266,34.00469207763672
81443277,2021,2021-04-05,1942,2021-04-02,0515,37952,0251,5,5,7,1942,0,0,0,B,0,2A45,W 6TH ST,S RAMPART BL,0,NA,Y,A,-,N,NA,NA,NA,NA,NA,NA,NA,NA,NA,Y,3,0,4,3,A,-,09,21801,NA,N,A,C,A,A,H,-,C,A,0,NA,NA,NA,NA,Y,NA,A,01,0,2,2,0,0,0,0,0,0,-,-,NA,NA,LOS ANGELES,LOS ANGELES,-118.28134918212892,34.062416076660156
81443291,2021,2021-04-05,1942,2021-04-03,1150,33452,0185,6,5,7,1942,0,0,0,A,0,1A85,S LOS ANGELES ST,E 12TH ST,100,N,N,A,-,N,NA,NA,NA,NA,NA,NA,NA,NA,NA,N,3,0,1,2,A,-,11,21955,NA,N,G,B,D,A,H,-,A,D,0,Y,NA,NA,NA,Y,NA,N,60,0,1,0,0,1,0,0,0,0,-,-,NA,NA,LOS ANGELES,LOS ANGELES,-118.25815582275392,34.03715896606445
81443407,2021,2021-04-05,1942,2021-04-04,2000,42640,1492,7,5,7,1942,0,0,0,N,0,14A73,WESTCHESTER PKWY,PERSHING DR,71,E,N,A,-,N,NA,NA,NA,NA,NA,NA,NA,NA,NA,Y,2,0,1,1,A,-,03,22350,NA,N,E,I,A,A,H,-,C,A,0,NA,NA,NA,NA,Y,NA,A,01,1,0,0,0,0,0,0,0,0,-,-,NA,NA,LOS ANGELES,LOS ANGELES,-118.43904876708984,33.95180892944336
81443408,2021,2021-04-05,1942,2021-04-03,1605,34426,1124,6,5,7,1942,0,0,0,K,0,11A89,DREW ST,ESTARA AV,320,E,N,A,-,N,NA,NA,NA,NA,NA,NA,NA,NA,NA,N,2,0,2,2,A,-,03,22350,NA,N,D,C,A,A,H,-,A,D,0,NA,NA,Y,NA,Y,NA,C,03,1,0,1,0,0,0,0,0,2,-,-,NA,NA,LOS ANGELES,LOS ANGELES,-118.24230194091795,34.12049102783203
81443409,2021,2021-04-05,1942,2021-04-03,2127,34426,0155,6,5,7,1942,0,0,0,A,0,1A35,MAPLE AV,5TH ST,200,S,N,A,-,N,NA,NA,NA,NA,NA,NA,NA,NA,NA,N,3,0,1,2,A,-,00,21954,NA,N,G,B,E,A,H,-,C,D,0,Y,NA,NA,NA,Y,NA,N,60,0,1,0,0,1,0,0,0,0,-,-,NA,NA,LOS ANGELES,LOS ANGELES,-118.24694061279295,34.044960021972656
81443411,2021,2021-04-05,1942,2021-04-02,2220,36698,0412,5,5,7,1942,0,0,0,D,0,4A3,W AVENUE 26,HUMBOLDT ST,118,S,N,A,-,N,NA,NA,NA,NA,NA,NA,NA,NA,NA,N,3,0,1,3,A,-,07,21658,NA,F,G,B,E,A,H,-,C,A,0,Y,NA,NA,NA,Y,NA,-,99,0,1,0,0,1,0,0,0,0,-,-,NA,NA,LOS ANGELES,LOS ANGELES,-118.21826171875,34.07954788208008
81443414,2021,2021-04-05,1942,2021-04-04,1830,38590,1102,7,5,7,1942,0,0,0,K,0,11A1,LOS FELIZ BL,BRUNSWICK AV,0,NA,Y,A,-,N,NA,NA,NA,NA,NA,NA,NA,NA,NA,N,3,0,1,2,A,-,12,21453,NA,F,D,G,A,A,H,-,A,A,0,NA,Y,NA,NA,Y,NA,-,99,0,1,0,0,0,0,1,0,0,-,-,NA,NA,LOS ANGELES,LOS ANGELES,-118.2656707763672,34.125003814697266
81443605,2021,2021-04-06,1969,2021-02-28,1540,10236,PATRO,7,5,5,1969,0,0,0,NA,0,002,FILESTONE BLVD,ELIZABETH AV,0,NA,Y,A,-,N,NA,NA,NA,NA,NA,NA,NA,NA,NA,Y,4,0,2,2,D,-,00,NA,NA,N,D,C,A,A,H,-,A,A,0,NA,NA,NA,NA,Y,NA,-,-,0,0,2,0,0,0,0,0,0,-,-,33.954471588134766,-118.20864868164064,LOS ANGELES,SOUTH GATE,-118.2086944580078,33.95442581176758
81443608,2021,2021-04-06,1969,2021-03-19,2308,10100,PATRO,5,5,5,1969,0,0,0,NA,0,002,SOUTHERN AV,MADISON AV,150,E,N,B,-,N,NA,NA,NA,NA,NA,NA,NA,NA,NA,Y,4,0,1,2,A,-,09,21804,B,N,D,C,A,A,H,-,C,D,0,NA,NA,NA,NA,Y,NA,A,07,0,0,1,0,0,0,0,0,0,-,-,33.951900482177734,-118.2138671875,LOS ANGELES,SOUTH GATE,-118.21339416503906,33.951820373535156
81443612,2021,2021-04-06,1969,2021-04-03,2120,10068,PATRO,6,5,5,1969,0,0,0,NA,0,002,VIRGINIA AV,MISSOURI AV,0,NA,Y,A,-,N,NA,NA,NA,NA,NA,NA,NA,NA,NA,N,3,0,2,3,A,-,08,22107,NA,N,D,E,A,A,H,-,C,D,0,NA,NA,NA,NA,Y,NA,A,07,0,1,1,0,0,0,0,0,0,-,-,33.94673156738281,-118.20836639404295,LOS ANGELES,SOUTH GATE,-118.20835876464844,33.94670486450195
81443616,2021,2021-04-06,1924,2021-03-06,2340,80453,NA,6,5,5,1924,0,0,0,NA,0,NA,VERMONT AVENUE,140TH STREET,126,S,N,A,-,N,NA,NA,NA,NA,NA,NA,NA,NA,NA,N,4,0,1,2,A,-,09,21801,A,N,D,C,A,A,H,-,C,A,0,NA,NA,NA,NA,Y,NA,A,08,0,0,1,0,0,0,0,0,0,-,-,33.90476989746094,-118.29164123535156,LOS ANGELES,GARDENA,-118.29161071777344,33.90438461303711
81443619,2021,2021-04-06,1924,2021-03-11,1845,80453,G26,4,5,5,1924,0,0,0,NA,0,0G4,MARINE AVENUE,NORMANDIE AVENUE,0,NA,Y,A,-,N,NA,NA,NA,NA,NA,NA,NA,NA,NA,Y,4,0,1,2,A,-,09,21801,A,N,A,C,A,A,H,-,C,A,0,NA,NA,NA,NA,Y,NA,D,22,0,0,1,0,0,0,0,0,0,-,-,33.894710540771484,-118.30039978027344,LOS ANGELES,GARDENA,-118.30045318603516,33.894649505615234
81443629,2021,2021-04-06,1924,2021-03-16,2000,80405,51,2,5,5,1924,0,0,0,NA,0,006,ARTESIA BOULEVARD,VERMONT AVENUE,1610,W,N,A,-,N,NA,NA,NA,NA,NA,NA,NA,NA,NA,N,4,0,1,2,A,-,11,21950,B,N,G,B,D,A,H,-,C,D,0,Y,NA,NA,NA,Y,NA,N,60,0,0,1,0,1,0,0,0,0,-,-,33.872920989990234,-118.2908935546875,LOS ANGELES,GARDENA,-118.29621124267578,33.872772216796875
81443647,2021,2021-04-06,1924,2021-03-19,1234,80466,01,5,5,5,1924,0,0,0,NA,0,0G1,EL SEGUNDO BOULEVARD,PURCHE AVENUE,0,NA,Y,A,-,N,NA,NA,NA,NA,NA,NA,NA,NA,NA,N,4,0,1,2,A,-,03,22350,NA,N,C,C,A,A,H,-,A,D,0,NA,NA,NA,NA,Y,NA,D,22,0,0,1,0,0,0,0,0,0,-,-,33.916500091552734,-118.32034301757813,LOS ANGELES,GARDENA,-118.32044982910156,33.91626739501953
81443650,2021,2021-04-06,1924,2021-03-20,1432,80454,24,6,5,5,1924,0,0,0,NA,0,8T4,WESTERN AVENUE,146TH STREET,0,NA,Y,A,-,N,NA,NA,NA,NA,NA,NA,NA,NA,NA,Y,3,0,2,2,A,-,09,21802,A,N,D,C,A,A,H,-,A,D,0,NA,NA,NA,NA,Y,NA,A,07,0,1,1,0,0,0,0,0,0,-,-,33.89899826049805,-118.30915069580078,LOS ANGELES,GARDENA,-118.30915832519533,33.89900588989258
81443651,2021,2021-04-06,1924,2021-03-20,1531,80454,37,6,5,5,1924,0,0,0,NA,0,8T4,WESTERN AVENUE,166TH STREET,0,NA,Y,A,-,N,NA,NA,NA,NA,NA,NA,NA,NA,NA,N,4,0,1,2,C,-,18,NA,NA,N,C,C,A,A,H,-,A,D,0,NA,NA,NA,NA,Y,NA,-,-,0,0,1,0,0,0,0,0,0,-,-,33.88011169433594,-118.3091278076172,LOS ANGELES,GARDENA,-118.30917358398438,33.88011169433594
81443652,2021,2021-04-06,1924,2021-03-21,1503,80450,37,7,5,5,1924,0,0,0,NA,0,8T5,WESTERN AVENUE,166TH STREET,0,NA,Y,A,-,N,NA,NA,NA,NA,NA,NA,NA,NA,NA,N,3,0,1,2,A,-,12,21453,A,N,D,G,A,A,H,-,A,A,0,NA,Y,NA,NA,Y,NA,L,04,0,1,0,0,0,0,1,0,0,-,-,33.88011169433594,-118.3091278076172,LOS ANGELES,GARDENA,-118.30917358398438,33.88011169433594
81443653,2021,2021-04-06,1924,2021-03-22,2351,80405,42,1,5,5,1924,0,0,0,NA,0,006,166TH STREET,DENKER AVENUE,79,W,N,A,-,N,NA,NA,NA,NA,NA,NA,NA,NA,NA,Y,3,0,1,3,A,-,08,22107,NA,N,B,E,A,A,H,-,C,D,0,NA,NA,NA,NA,Y,NA,A,01,0,1,0,0,0,0,0,0,0,-,-,33.88018035888672,-118.30438995361328,LOS ANGELES,GARDENA,-118.30509948730467,33.880126953125
81443654,2021,2021-04-06,1924,2021-03-24,1619,80382,08,3,5,5,1924,0,0,0,NA,0,8 METR,135TH STREET,WESTERN AVENUE,300,W,N,A,-,N,NA,NA,NA,NA,NA,NA,NA,NA,NA,Y,4,0,2,4,A,-,03,22350,NA,N,C,C,A,A,H,-,A,A,0,NA,NA,NA,NA,Y,NA,A,01,0,0,2,0,0,0,0,0,0,-,-,33.90911865234375,-118.30911254882813,LOS ANGELES,GARDENA,-118.3101043701172,33.90918731689453
81443695,2021,2021-04-06,1933,2021-03-06,1720,1016,30,6,5,6,1933,0,0,0,NA,0,004,108TH ST,PRAIRIE AV,0,NA,Y,A,-,N,NA,NA,NA,NA,NA,NA,NA,NA,NA,N,4,0,1,2,A,-,10,21950,A,N,G,B,B,A,H,-,A,A,0,Y,NA,NA,NA,Y,NA,A,01,0,0,1,0,1,0,0,0,0,-,-,33.93772888183594,-118.34394073486328,LOS ANGELES,INGLEWOOD,-118.34391784667967,33.93770217895508
81443697,2021,2021-04-06,1933,2021-04-01,1033,959,25,4,5,6,1933,0,0,0,NA,0,002,LA BREA AV,HARDY ST,0,NA,Y,A,-,N,NA,NA,NA,NA,NA,NA,NA,NA,NA,N,3,0,1,2,D,-,00,NA,NA,N,C,C,A,A,H,-,A,A,0,NA,NA,Y,NA,Y,NA,-,-,0,1,0,0,0,0,0,0,1,-,-,33.9491081237793,-118.35263061523438,LOS ANGELES,INGLEWOOD,-118.3527374267578,33.94908142089844
81443699,2021,2021-04-06,1933,2021-04-01,1555,919,09,4,5,6,1933,0,0,0,NA,0,001,MANCHESTER BLVD,LA BREA AV,0,NA,Y,B,-,N,NA,NA,NA,NA,NA,NA,NA,NA,NA,Y,4,0,2,3,A,-,08,22107,NA,N,D,C,A,A,H,-,A,A,0,NA,NA,NA,NA,Y,NA,A,01,0,0,2,0,0,0,0,0,0,-,-,33.96181869506836,-118.353271484375,LOS ANGELES,INGLEWOOD,-118.35334014892578,33.961769104003906
81443704,2021,2021-04-06,1933,2021-04-02,1849,1015,24,5,5,6,1933,0,0,0,NA,0,002,CENTURY BLVD,LA BREA AV,0,NA,Y,A,-,N,NA,NA,NA,NA,NA,NA,NA,NA,NA,Y,4,0,1,3,A,-,12,21453,A,N,D,C,A,A,H,-,B,A,0,NA,NA,NA,NA,Y,NA,A,01,0,0,1,0,0,0,0,0,0,-,-,33.94548034667969,-118.35263061523438,LOS ANGELES,INGLEWOOD,-118.35272979736328,33.94544219970703
81443708,2021,2021-04-06,1933,2021-04-03,1848,1022,03,6,5,6,1933,0,0,0,NA,0,001,CENTINELA AV,BEACH AV,0,NA,Y,A,-,N,NA,NA,NA,NA,NA,NA,NA,NA,NA,N,4,0,1,2,A,-,05,21650,NA,N,C,C,A,A,H,-,B,A,0,NA,NA,NA,NA,Y,NA,A,01,0,0,1,0,0,0,0,0,0,-,-,33.970741271972656,-118.34786224365234,LOS ANGELES,INGLEWOOD,-118.36686706542967,33.97700881958008
81443751,2021,2021-04-06,1942,2021-04-04,1150,36553,0883,7,5,7,1942,0,0,0,H,0,8A35,S SEPULVEDA BL,W PICO BL,0,NA,Y,A,-,N,NA,NA,NA,NA,NA,NA,NA,NA,NA,Y,4,0,1,2,A,-,12,21453,NA,F,D,C,A,A,H,-,A,A,0,NA,NA,NA,NA,Y,NA,-,99,0,0,1,0,0,0,0,0,0,-,-,NA,NA,LOS ANGELES,LOS ANGELES,-118.43512725830078,34.036991119384766
81443814,2021,2021-04-06,1942,2021-04-05,1325,41376,0895,1,5,7,1942,0,0,0,H,0,8A95,MANNING AV,EDITH ST,300,W,N,A,-,N,NA,NA,NA,NA,NA,NA,NA,NA,NA,N,4,0,1,2,A,-,01,23152,NA,N,C,C,A,A,H,-,A,D,0,NA,NA,NA,NA,Y,Y,D,22,0,0,1,0,0,0,0,0,0,-,-,NA,NA,LOS ANGELES,LOS ANGELES,-118.40807342529295,34.03229904174805
81443835,2021,2021-04-06,1942,2021-01-25,1330,41376,0803,1,5,7,1942,0,0,0,H,0,8A1,W SUNSET BL,AMALFI DR,270,W,N,B,-,N,NA,NA,NA,NA,NA,NA,NA,NA,NA,Y,3,0,1,2,A,-,05,21460,NA,F,A,C,A,A,H,-,A,A,0,NA,NA,NA,NA,Y,NA,A,01,0,1,0,0,0,0,0,0,0,-,-,NA,NA,LOS ANGELES,LOS ANGELES,-118.51017761230467,34.04692077636719
81444003,2021,2021-04-06,1942,2021-04-03,1854,42640,0643,6,5,7,1942,0,0,0,F,0,6A45,HOLLYWOOD BL,N MARTEL AV,0,NA,Y,A,-,N,NA,NA,NA,NA,NA,NA,NA,NA,NA,N,4,0,1,2,A,-,07,21658,NA,F,A,C,A,A,H,-,B,A,0,NA,NA,NA,NA,Y,NA,-,99,0,0,1,0,0,0,0,0,0,-,-,NA,NA,LOS ANGELES,LOS ANGELES,-118.35017395019533,34.101619720458984
81444043,2021,2021-04-06,1942,2021-04-01,1702,42157,0645,4,5,7,1942,0,0,0,F,0,6A45,FRANKLIN AV,N ORCHID AV,64,W,N,A,-,N,NA,NA,NA,NA,NA,NA,NA,NA,NA,Y,2,0,3,5,A,-,05,21460,NA,N,A,C,A,A,H,-,A,A,0,NA,NA,NA,NA,Y,NA,A,07,1,1,1,0,0,0,0,0,0,-,-,NA,NA,LOS ANGELES,LOS ANGELES,-118.34042358398438,34.104129791259766
81444077,2021,2021-04-06,1942,2021-04-03,1830,38013,1476,6,5,7,1942,0,0,0,N,0,14A73,83RD ST,SEPULVEDA BL,25,E,N,A,-,N,NA,NA,NA,NA,NA,NA,NA,NA,NA,Y,3,0,1,1,A,-,08,22107,NA,N,E,I,A,A,H,-,A,D,0,NA,NA,NA,NA,Y,NA,A,01,0,1,0,0,0,0,0,0,0,-,-,NA,NA,LOS ANGELES,LOS ANGELES,-118.39612579345705,33.96348571777344
81444677,2021,2021-04-07,1969,2021-04-05,1635,20279,TRAFF,1,5,5,1969,0,0,0,NA,0,002,STATE ST,FILESTONE BLVD,340,S,N,A,-,N,NA,NA,NA,NA,NA,NA,NA,NA,NA,N,4,0,2,2,A,-,03,22350,NA,F,C,C,A,A,H,-,A,D,0,NA,NA,NA,NA,Y,NA,A,07,0,0,2,0,0,0,0,0,0,-,-,33.954830169677734,-118.21219635009766,LOS ANGELES,SOUTH GATE,-118.2123565673828,33.95382308959961