CASE_ID,ACCIDENT_YEAR,PROC_DATE,JURIS,COLLISION_DATE,COLLISION_TIME,OFFICER_ID,REPORTING_DISTRICT,DAY_OF_WEEK,CHP_SHIFT,POPULATION,CNTY_CITY_LOC,SPECIAL_COND,BEAT_TYPE,CHP_BEAT_TYPE,CITY_DIVISION_LAPD,CHP_BEAT_CLASS,BEAT_NUMBER,PRIMARY_RD,SECONDARY_RD,DISTANCE,DIRECTION,INTERSECTION,WEATHER_1,WEATHER_2,STATE_HWY_IND,CALTRANS_COUNTY,CALTRANS_DISTRICT,STATE_ROUTE,ROUTE_SUFFIX,POSTMILE_PREFIX,POSTMILE,LOCATION_TYPE,RAMP_INTERSECTION,SIDE_OF_HWY,TOW_AWAY,COLLISION_SEVERITY,NUMBER_KILLED,NUMBER_INJURED,PARTY_COUNT,PRIMARY_COLL_FACTOR,PCF_CODE_OF_VIOL,PCF_VIOL_CATEGORY,PCF_VIOLATION,PCF_VIOL_SUBSECTION,HIT_AND_RUN,TYPE_OF_COLLISION,MVIW,PED_ACTION,ROAD_SURFACE,ROAD_COND_1,ROAD_COND_2,LIGHTING,CONTROL_DEVICE,CHP_ROAD_TYPE,PEDESTRIAN_ACCIDENT,BICYCLE_ACCIDENT,MOTORCYCLE_ACCIDENT,TRUCK_ACCIDENT,NOT_PRIVATE_PROPERTY,ALCOHOL_INVOLVED,STWD_VEHTYPE_AT_FAULT,CHP_VEHTYPE_AT_FAULT,COUNT_SEVERE_INJ,COUNT_VISIBLE_INJ,COUNT_COMPLAINT_PAIN,COUNT_PED_KILLED,COUNT_PED_INJURED,COUNT_BICYCLIST_KILLED,COUNT_BICYCLIST_INJURED,COUNT_MC_KILLED,COUNT_MC_INJURED,PRIMARY_RAMP,SECONDARY_RAMP,LATITUDE,LONGITUDE,COUNTY,CITY,POINT_X,POINT_Y
81473092,2021,2021-05-13,1942,2021-04-03,1950,41978,1469,6,5,7,1942,0,0,0,N,0,14A67,S LA CIENEGA BL,W FAIRVIEW BL,212,S,N,A,-,N,NA,NA,NA,NA,NA,NA,NA,NA,NA,N,2,0,1,2,A,-,11,21956,NA,N,G,B,E,A,H,-,C,D,0,Y,NA,NA,NA,Y,NA,N,60,1,0,0,0,1,0,0,0,0,-,-,NA,NA,LOS ANGELES,LOS ANGELES,-118.37024688720705,33.979373931884766
81473098,2021,2021-05-13,1942,2021-04-30,2300,41978,NA,5,5,7,1942,0,0,0,NA,0,NA,S RIMPAU BL,6TH ST,0,NA,Y,A,-,N,NA,NA,NA,NA,NA,NA,NA,NA,NA,Y,4,0,2,2,A,-,08,22107,NA,F,B,C,A,A,H,-,C,D,0,NA,NA,NA,NA,Y,NA,A,01,0,0,2,0,0,0,0,0,0,-,-,NA,NA,LOS ANGELES,LOS ANGELES,-118.33155822753906,34.06395721435547
81473100,2021,2021-05-13,1942,2021-05-09,2000,41957,1406,7,5,7,1942,0,0,0,N,0,14A27,10646 W VENICE BL,OVERLAND AV,0,NA,Y,B,-,N,NA,NA,NA,NA,NA,NA,NA,NA,NA,Y,4,0,3,2,A,-,09,21801,NA,F,D,C,A,A,H,-,C,A,0,NA,NA,NA,NA,Y,NA,A,07,0,0,3,0,0,0,0,0,0,-,-,NA,NA,LOS ANGELES,LOS ANGELES,-118.4070281982422,34.018775939941406
81473103,2021,2021-05-13,1942,2021-05-08,1255,40008,0152,6,5,7,1942,0,0,0,A,0,1A85,W 7TH ST,S HILL ST,0,NA,Y,A,-,N,NA,NA,NA,NA,NA,NA,NA,NA,NA,N,4,0,1,2,A,-,07,21658,NA,N,B,C,A,A,H,-,A,A,0,NA,NA,NA,NA,Y,NA,A,01,0,0,1,0,0,0,0,0,0,-,-,NA,NA,LOS ANGELES,LOS ANGELES,-118.25449371337892,34.045928955078125
81473106,2021,2021-05-13,1942,2021-05-01,0625,37511,1444,6,5,7,1942,0,0,0,N,0,14A45,LINCOLN BL,WASHINGTON BL,25,N,N,A,-,N,NA,NA,NA,NA,NA,NA,NA,NA,NA,Y,4,0,1,3,A,-,01,23152,NA,N,A,C,A,A,H,-,A,D,0,NA,NA,NA,Y,Y,Y,A,01,0,0,1,0,0,0,0,0,0,-,-,NA,NA,LOS ANGELES,LOS ANGELES,-118.44789886474608,33.99052810668945
81473114,2021,2021-05-13,1942,2021-05-01,0910,34959,2015,6,5,7,1942,0,0,0,NA,0,20A25,KENMORE AVENUE,BEVERLY BOULEVARD,361,S,N,A,-,N,NA,NA,NA,NA,NA,NA,NA,NA,NA,Y,4,0,2,3,A,-,09,21804,NA,N,H,C,A,A,H,-,A,D,0,NA,NA,NA,NA,Y,NA,D,22,0,0,2,0,0,0,0,0,0,-,-,NA,NA,LOS ANGELES,LOS ANGELES,-118.29695129394533,34.07630157470703
81473117,2021,2021-05-17,1942,2021-05-12,0245,40325,1323,3,5,7,1942,0,0,0,M,0,13A13,CENTRAL AVE,27TH ST,0,NA,Y,A,-,N,NA,NA,NA,NA,NA,NA,NA,NA,NA,Y,2,0,1,1,A,-,08,22107,NA,M,E,I,A,A,H,-,C,A,0,NA,NA,NA,NA,Y,NA,A,01,1,0,0,0,0,0,0,0,0,-,-,NA,NA,LOS ANGELES,LOS ANGELES,-118.25536346435548,34.017757415771484
81473119,2021,2021-05-13,1942,2021-04-29,0945,37511,1444,4,5,7,1942,0,0,0,N,0,14A45,YALE AV,WASHINGTON BL,56,S,N,A,-,N,NA,NA,NA,NA,NA,NA,NA,NA,NA,Y,3,0,1,3,A,-,03,22350,NA,M,D,C,A,A,H,-,A,D,0,NA,NA,Y,NA,Y,NA,C,02,0,1,0,0,0,0,0,0,1,-,-,NA,NA,LOS ANGELES,LOS ANGELES,-118.44971466064452,33.98932647705078
81473120,2021,2021-05-13,1942,2021-05-12,1540,35230,NA,3,5,7,1942,0,0,0,NA,0,NA,S 62ND ST,CENTRAL AVE,20,W,N,A,-,N,NA,NA,NA,NA,NA,NA,NA,NA,NA,N,2,0,1,2,A,-,08,22107,NA,N,H,G,A,A,H,-,A,D,0,NA,Y,NA,NA,Y,NA,A,01,1,0,0,0,0,0,1,0,0,-,-,NA,NA,LOS ANGELES,LOS ANGELES,-118.25652313232422,33.98326873779297
81473121,2021,2021-05-13,1942,2021-05-07,1840,39022,2026,5,5,7,1942,0,0,0,NA,0,20A25,W 3RD ST,S NEW HAMPSHIRE AV,10,E,N,A,-,N,NA,NA,NA,NA,NA,NA,NA,NA,NA,N,4,0,1,2,A,-,10,21950,NA,F,G,B,B,A,H,-,A,A,0,Y,NA,NA,NA,Y,NA,-,99,0,0,1,0,1,0,0,0,0,-,-,NA,NA,LOS ANGELES,LOS ANGELES,-118.29288482666016,34.06904983520508
81473204,2021,2021-05-14,1969,2021-04-30,2120,10249,PATRO,5,5,5,1969,0,0,0,NA,0,002,STATE ST,SOUTHERN AV,400,N,N,A,-,Y,NA,NA,NA,NA,NA,NA,NA,NA,NA,N,4,0,1,2,A,-,21,22106,NA,N,B,C,A,A,H,-,C,D,0,NA,NA,NA,NA,Y,NA,A,01,0,0,1,0,0,0,0,0,0,-,-,NA,NA,LOS ANGELES,SOUTH GATE,-118.21250152587892,33.95282745361328
81473206,2021,2021-05-14,1969,2021-05-07,2003,10242,PATRO,5,5,5,1969,0,0,0,NA,0,003,OTIS ST,FILESTONE BLVD,0,NA,Y,A,-,N,NA,NA,NA,NA,NA,NA,NA,NA,NA,Y,3,0,2,3,A,-,09,21801,A,N,A,C,D,A,H,-,A,A,0,Y,NA,NA,NA,Y,NA,-,31,0,1,1,0,1,0,0,0,0,-,-,33.95323181152344,-118.1964874267578,LOS ANGELES,SOUTH GATE,-118.196533203125,33.95322036743164
81473207,2021,2021-05-14,1969,2021-05-09,0120,10241,PATRO,7,5,5,1969,0,0,0,NA,0,005,GARFIELD AV,SOUTHERN AV,54,N,N,A,-,N,NA,NA,NA,NA,NA,NA,NA,NA,NA,Y,3,0,1,2,A,-,05,21651,A,F,A,C,A,A,H,-,C,A,0,NA,NA,NA,NA,Y,Y,A,01,0,1,0,0,0,0,0,0,0,-,-,33.94451904296875,-118.1662826538086,LOS ANGELES,SOUTH GATE,-118.16617584228516,33.94462966918945
81473208,2021,2021-05-14,1969,2021-05-09,1820,10241,PATRO,7,5,5,1969,0,0,0,NA,0,004,TWEEDY BLVD,ALEXANDER AV,15,W,N,A,-,N,NA,NA,NA,NA,NA,NA,NA,NA,NA,N,4,0,1,2,A,-,09,21804,A,N,D,G,A,A,H,-,A,A,0,NA,Y,NA,NA,Y,Y,L,04,0,0,1,0,0,0,1,0,0,-,-,33.942989349365234,-118.1945571899414,LOS ANGELES,SOUTH GATE,-118.19464111328124,33.94301223754883
81473209,2021,2021-05-14,1924,2021-02-01,1329,80450,26,1,5,5,1924,0,0,0,NA,0,8T5,NORMANDIE AVENUE,145TH STREET,6,N,N,B,-,N,NA,NA,NA,NA,NA,NA,NA,NA,NA,N,4,0,1,2,A,-,05,21650,NA,N,D,G,A,A,H,-,A,A,0,NA,Y,NA,NA,Y,NA,L,04,0,0,1,0,0,0,1,0,0,-,-,33.90039825439453,-118.30040740966795,LOS ANGELES,GARDENA,-118.30043792724608,33.90039825439453
81473216,2021,2021-05-14,1924,2021-02-04,1930,80453,G9,4,5,5,1924,0,0,0,NA,0,0G2,135TH STREET,NORMANDIE AVENUE,12,E,N,A,-,N,NA,NA,NA,NA,NA,NA,NA,NA,NA,Y,3,0,1,2,A,-,05,21650,NA,N,A,G,A,A,H,-,C,A,0,NA,Y,NA,NA,Y,Y,L,04,0,1,0,0,0,0,1,0,0,-,-,33.90919876098633,-118.30036926269533,LOS ANGELES,GARDENA,-118.30036163330078,33.9091796875
81473218,2021,2021-05-14,1924,2021-02-15,0852,80450,15,1,5,5,1924,0,0,0,NA,0,8T5,ROSECRANS AVENUE,CRENSHAW BOULEVARD,11,E,N,A,-,N,NA,NA,NA,NA,NA,NA,NA,NA,NA,N,3,0,1,1,A,-,05,21650,NA,N,E,I,A,A,H,-,A,A,0,NA,Y,NA,NA,Y,NA,L,04,0,1,0,0,0,0,1,0,0,-,-,33.901920318603516,-118.32650756835938,LOS ANGELES,GARDENA,-118.32649993896484,33.90194320678711
81473219,2021,2021-05-14,1924,2021-02-24,1401,80464,03,3,5,5,1924,0,0,0,NA,0,8B1,MARINE AVENUE,SPINNING AVENUE,27,W,N,A,-,N,NA,NA,NA,NA,NA,NA,NA,NA,NA,Y,4,0,1,2,A,-,08,22107,NA,N,D,C,A,A,H,-,A,D,0,NA,NA,NA,NA,Y,NA,A,01,0,0,1,0,0,0,0,0,0,-,-,33.89466857910156,-118.31874847412108,LOS ANGELES,GARDENA,-118.31888580322266,33.89466857910156
81473268,2021,2021-05-14,1942,2021-05-12,1105,37505,1309,3,5,7,1942,0,0,0,M,0,13A9,S ALAMEDA ST,15TH ST,0,NA,Y,A,-,N,NA,NA,NA,NA,NA,NA,NA,NA,NA,N,4,0,2,2,A,-,04,21703,NA,M,C,C,A,A,H,-,A,A,0,NA,NA,NA,NA,Y,NA,-,99,0,0,2,0,0,0,0,0,0,-,-,NA,NA,LOS ANGELES,LOS ANGELES,-118.23931884765624,34.02357482910156
81473272,2021,2021-05-14,1942,2021-05-13,1421,34426,0162,4,5,7,1942,0,0,0,A,0,1A61,FIGUEROA ST,7TH ST,80,S,N,A,-,N,NA,NA,NA,NA,NA,NA,NA,NA,NA,N,4,0,1,2,A,-,07,21658,NA,N,B,C,A,A,H,-,A,D,0,NA,NA,NA,NA,Y,NA,-,-,0,0,1,0,0,0,0,0,0,-,-,NA,NA,LOS ANGELES,LOS ANGELES,-118.26006317138672,34.04924392700195
81473375,2021,2021-05-14,1942,2021-04-30,2040,41957,NA,5,5,7,1942,0,0,0,NA,0,NA,CENTURY BLVD,AVIATION BLVD,100,E,N,A,-,N,NA,NA,NA,NA,NA,NA,NA,NA,NA,Y,4,0,2,3,A,-,08,22107,NA,F,B,C,A,A,H,-,C,D,0,NA,NA,NA,NA,Y,NA,-,99,0,0,2,0,0,0,0,0,0,-,-,NA,NA,LOS ANGELES,LOS ANGELES,-118.37904357910156,33.94501876831055
81473418,2021,2021-05-14,1942,2021-05-01,1909,42277,2031,6,5,7,1942,0,0,0,NA,0,20A53,SAINT ANDREWS PL,7TH ST,0,NA,Y,A,-,N,NA,NA,NA,NA,NA,NA,NA,NA,NA,N,4,0,1,2,A,-,09,21801,NA,F,C,E,A,A,H,-,A,A,0,NA,NA,NA,NA,Y,NA,A,01,0,0,1,0,0,0,0,0,0,-,-,NA,NA,LOS ANGELES,LOS ANGELES,-118.31119537353516,34.059661865234375
81473675,2021,2021-05-14,1942,2021-05-03,2015,43441,2015,1,5,7,1942,0,0,0,NA,0,20A25,S NORMANDIE AV,3RD ST,0,NA,Y,A,-,N,NA,NA,NA,NA,NA,NA,NA,NA,NA,N,4,0,1,2,A,-,09,21801,NA,F,D,G,A,A,H,-,C,A,0,NA,Y,NA,NA,Y,NA,-,99,0,0,1,0,0,0,1,0,0,-,-,NA,NA,LOS ANGELES,LOS ANGELES,-118.30036163330078,34.06901550292969
81473869,2021,2021-05-14,1942,2021-05-04,1330,34882,2071,2,5,7,1942,0,0,0,NA,0,20A71,PICO BL,WILTON PL,10,W,N,A,-,N,NA,NA,NA,NA,NA,NA,NA,NA,NA,N,3,0,1,2,A,-,10,21950,NA,F,G,B,B,A,H,-,A,A,0,Y,NA,NA,NA,Y,NA,-,99,0,1,0,0,1,0,0,0,0,-,-,NA,NA,LOS ANGELES,LOS ANGELES,-118.31452178955078,34.04718017578125
81474046,2021,2021-05-17,1948,2021-04-30,0759,452,1948,5,5,5,1948,0,0,0,NA,0,001,MONTEREY PASS RD,N/C/L OF DAVIDSON DRIVE,416,N,N,A,-,N,NA,NA,NA,NA,NA,NA,NA,NA,NA,Y,4,0,1,2,A,-,09,21801,A,N,D,C,A,A,H,-,A,D,0,NA,NA,NA,NA,Y,NA,D,22,0,0,1,0,0,0,0,0,0,-,-,NA,NA,LOS ANGELES,MONTEREY PARK,-118.16030883789064,34.049259185791016
81474047,2021,2021-05-17,1948,2021-05-08,1057,475,1948,6,5,5,1948,0,0,0,NA,0,001,GARVEY AV,MONTEREY PASS RD,0,NA,Y,A,-,N,NA,NA,NA,NA,NA,NA,NA,NA,NA,Y,4,0,1,2,A,-,09,21802,A,N,D,C,A,A,H,-,A,A,0,NA,NA,NA,NA,Y,NA,A,01,0,0,1,0,0,0,0,0,0,-,-,34.06196975708008,-118.14095306396484,LOS ANGELES,MONTEREY PARK,-118.14112854003906,34.06173324584961
81474252,2021,2021-05-17,1942,2021-05-13,1252,42157,0778,4,5,7,1942,0,0,0,G,0,7A69,WEST WASHINGTON BL,6TH AV,0,NA,Y,B,-,N,NA,NA,NA,NA,NA,NA,NA,NA,NA,Y,2,0,2,2,A,-,01,23152,NA,F,D,C,A,A,H,-,A,A,0,NA,NA,NA,NA,Y,Y,D,22,1,1,0,0,0,0,0,0,0,-,-,NA,NA,LOS ANGELES,LOS ANGELES,-118.32366943359376,34.03989028930664
81474300,2021,2021-05-17,1942,2021-04-21,1800,36260,2019,3,5,7,1942,0,0,0,NA,0,20A39,W 3RD ST,S COMMONWEALTH AV,0,NA,Y,B,-,N,NA,NA,NA,NA,NA,NA,NA,NA,NA,Y,4,0,1,2,A,-,01,23152,NA,N,D,D,A,A,H,-,A,A,0,NA,NA,NA,NA,Y,Y,A,01,0,0,1,0,0,0,0,0,0,-,-,NA,NA,LOS ANGELES,LOS ANGELES,-118.28572082519533,34.0689582824707
81474327,2021,2021-05-17,1942,2021-05-08,0755,37540,0426,6,5,7,1942,0,0,0,D,0,4A9,CHADWICK DR,TEMPLETON ST,8,N,N,A,-,N,NA,NA,NA,NA,NA,NA,NA,NA,NA,Y,4,0,1,5,A,-,03,22350,NA,F,E,E,F,A,H,-,A,D,0,Y,NA,NA,NA,Y,NA,A,07,0,0,1,0,1,0,0,0,0,-,-,NA,NA,LOS ANGELES,LOS ANGELES,-118.16996002197266,34.084800720214844
81474331,2021,2021-05-17,1942,2021-05-14,2015,36698,0118,5,5,7,1942,0,0,0,A,0,1A1,N BROADWAY,BISHOPS RD,0,NA,Y,A,-,N,NA,NA,NA,NA,NA,NA,NA,NA,NA,N,2,0,1,2,A,-,00,21954,NA,N,G,B,D,A,H,-,C,A,0,Y,NA,NA,NA,Y,NA,N,60,1,0,0,0,1,0,0,0,0,-,-,NA,NA,LOS ANGELES,LOS ANGELES,-118.23332977294922,34.0688591003418
81474341,2021,2021-05-17,1942,2021-05-08,0450,34959,0667,6,5,7,1942,0,0,0,F,0,6A67,SANTA MONICA BOUELVARD,BEACHWOOD DRIVE,144,E,N,B,-,N,NA,NA,NA,NA,NA,NA,NA,NA,NA,N,2,0,2,3,A,-,00,21954,NA,N,G,B,C,A,H,-,C,D,0,Y,NA,NA,NA,Y,Y,A,01,1,1,0,0,2,0,0,0,0,-,-,NA,NA,LOS ANGELES,LOS ANGELES,-118.32073211669922,34.09075164794922
81474391,2021,2021-05-17,1942,2021-04-26,0730,34959,2023,1,5,7,1942,0,0,0,NA,0,20A13,WESTERN AVENUE,3RD STREET,0,NA,Y,A,-,N,NA,NA,NA,NA,NA,NA,NA,NA,NA,N,4,0,1,2,A,-,10,21950,NA,N,G,B,B,A,H,-,A,A,0,Y,NA,NA,NA,Y,NA,A,01,0,0,1,0,1,0,0,0,0,-,-,NA,NA,LOS ANGELES,LOS ANGELES,-118.30912017822266,34.0689697265625
81474399,2021,2021-05-17,1942,2021-05-15,1345,34426,0423,6,5,7,1942,0,0,0,D,0,4A15,MISSION RD,GRIFFIN AV,0,NA,Y,A,-,N,NA,NA,NA,NA,NA,NA,NA,NA,NA,Y,2,0,1,2,A,-,12,21453,NA,N,A,C,A,A,H,-,A,A,0,NA,NA,NA,Y,Y,NA,A,01,1,0,0,0,0,0,0,0,0,-,-,NA,NA,LOS ANGELES,LOS ANGELES,-118.211181640625,34.06280517578125
81474410,2021,2021-05-17,1942,2021-05-16,1330,38502,0408,7,5,7,1942,0,0,0,D,0,4A9,RENOVO ST,PUEBLO AV,300,W,N,B,-,N,NA,NA,NA,NA,NA,NA,NA,NA,NA,Y,4,0,1,4,A,-,03,22350,NA,F,B,E,A,A,H,-,A,D,0,NA,NA,NA,NA,Y,NA,A,01,0,0,1,0,0,0,0,0,0,-,-,NA,NA,LOS ANGELES,LOS ANGELES,-118.1778564453125,34.090736389160156
81474414,2021,2021-05-17,1942,2021-05-15,0040,41629,0122,6,5,7,1942,0,0,0,A,0,1A1,1ST ST,GRAND AVE,0,NA,Y,A,-,N,NA,NA,NA,NA,NA,NA,NA,NA,NA,Y,4,0,2,2,A,-,03,22350,NA,F,C,C,A,A,H,-,C,D,0,NA,NA,NA,NA,Y,NA,A,01,0,0,2,0,0,0,0,0,0,-,-,NA,NA,LOS ANGELES,LOS ANGELES,-118.29013824462892,33.74332046508789
81474426,2021,2021-05-17,1942,2021-05-15,1340,40730,1303,6,5,7,1942,0,0,0,M,0,13A13,SAN JULIAN ST,E 12TH ST,0,NA,Y,A,-,N,NA,NA,NA,NA,NA,NA,NA,NA,NA,N,4,0,1,2,A,-,09,21802,NA,F,D,C,A,A,H,-,A,A,0,NA,NA,NA,NA,Y,NA,A,07,0,0,1,0,0,0,0,0,0,-,-,NA,NA,LOS ANGELES,LOS ANGELES,-118.2543716430664,34.03437423706055
81474481,2021,2021-05-17,1942,2021-05-09,1535,38282,0663,7,5,7,1942,0,0,0,F,0,6A63,ROMAINE ST,LA BREA AV,215,W,N,A,-,N,NA,NA,NA,NA,NA,NA,NA,NA,NA,Y,4,0,1,1,A,-,08,22107,NA,N,E,I,A,A,H,-,A,D,0,NA,NA,NA,NA,Y,NA,A,01,0,0,1,0,0,0,0,0,0,-,-,NA,NA,LOS ANGELES,LOS ANGELES,-118.34479522705078,34.088890075683594
81474499,2021,2021-05-17,1942,2021-01-13,0700,39022,2062,3,5,7,1942,0,0,0,NA,0,20A71,S WESTERN AV,W PICO BL,10,S,N,A,-,N,NA,NA,NA,NA,NA,NA,NA,NA,NA,N,4,0,1,2,A,-,12,21453,NA,N,C,C,A,A,H,-,A,A,0,NA,NA,NA,NA,Y,NA,D,22,0,0,1,0,0,0,0,0,0,-,-,NA,NA,LOS ANGELES,LOS ANGELES,-118.3090362548828,34.04717254638672
81474633,2021,2021-05-17,1942,2021-05-16,0450,34959,2005,7,5,7,1942,0,0,0,NA,0,20A13,NORMANDIE AVENUE,MAPLEWOOD AVENUE,225,N,N,B,-,N,NA,NA,NA,NA,NA,NA,NA,NA,NA,Y,2,0,3,2,A,-,01,23152,NA,N,A,C,A,A,H,-,C,D,0,NA,NA,NA,NA,Y,Y,A,01,1,1,1,0,0,0,0,0,0,-,-,NA,NA,LOS ANGELES,LOS ANGELES,-118.30045318603516,34.08050537109375
81474662,2021,2021-05-17,1942,2021-05-16,0005,36698,1136,7,5,7,1942,0,0,0,K,0,11A17,EAGLE ROCK BL,W AVENUE 42,20,W,N,A,-,N,NA,NA,NA,NA,NA,NA,NA,NA,NA,Y,3,0,1,1,A,-,01,23152,NA,N,E,I,A,A,H,-,C,D,0,NA,NA,NA,NA,Y,Y,A,01,0,1,0,0,0,0,0,0,0,-,-,NA,NA,LOS ANGELES,LOS ANGELES,-118.22530364990234,34.121917724609375
81474777,2021,2021-05-17,1942,2021-05-05,1710,38282,0821,3,5,7,1942,0,0,0,H,0,8A1,PACIFIC COAST HIGHWAY,BAYCLUB DR,500,S,N,A,-,N,NA,NA,NA,NA,NA,NA,NA,NA,NA,Y,3,0,1,1,A,-,01,23152,NA,N,E,I,A,A,H,-,A,D,0,NA,NA,NA,NA,Y,Y,A,07,0,1,0,0,0,0,0,0,0,-,-,NA,NA,LOS ANGELES,LOS ANGELES,-118.54582214355467,34.03961944580078
81475012,2021,2021-05-17,1942,2021-05-13,2115,41629,1352,4,5,7,1942,0,0,0,M,0,13A61,AVALON BL,E VERNON AV,0,NA,Y,A,-,N,NA,NA,NA,NA,NA,NA,NA,NA,NA,N,3,0,1,2,A,-,05,21651,NA,F,A,C,A,A,H,-,C,D,0,NA,NA,NA,NA,Y,NA,-,99,0,1,0,0,0,0,0,0,0,-,-,NA,NA,LOS ANGELES,LOS ANGELES,-118.26526641845705,34.00387191772461
81475024,2021,2021-05-17,1942,2021-05-15,0125,41957,1437,6,5,7,1942,0,0,0,N,0,14A27,VENICE BL,SEPULVEDA BL,0,NA,Y,A,-,N,NA,NA,NA,NA,NA,NA,NA,NA,NA,N,2,0,1,2,A,-,11,21456,NA,F,G,B,B,A,H,-,C,A,0,Y,NA,NA,NA,Y,Y,-,99,1,0,0,0,1,0,0,0,0,-,-,NA,NA,LOS ANGELES,LOS ANGELES,-118.41725158691406,34.01298141479492
81475025,2021,2021-05-17,1942,2021-05-14,0945,42932,1176,5,5,7,1942,0,0,0,K,0,11A95,BLAKE AV,FERNLEAF ST,0,NA,Y,A,-,N,NA,NA,NA,NA,NA,NA,NA,NA,NA,N,3,0,1,2,A,-,12,22450,NA,F,A,G,A,A,H,-,A,A,0,NA,Y,NA,NA,Y,NA,-,99,0,1,0,0,0,0,1,0,0,-,-,NA,NA,LOS ANGELES,LOS ANGELES,-118.2318878173828,34.0875358581543
81475038,2021,2021-05-17,1942,2021-05-14,2052,43454,1465,5,5,7,1942,0,0,0,N,0,14A49,S CENTINELA AV,N JEFFERSON BL,0,NA,Y,A,-,N,NA,NA,NA,NA,NA,NA,NA,NA,NA,Y,3,0,3,2,A,-,12,21453,NA,F,D,C,A,A,H,-,C,A,0,NA,NA,NA,NA,Y,NA,A,01,0,1,2,0,0,0,0,0,0,-,-,NA,NA,LOS ANGELES,LOS ANGELES,-118.40696716308594,33.98257827758789
81475175,2021,2021-05-18,1942,2021-05-13,2010,37740,2027,4,5,7,1942,0,0,0,NA,0,20A45,6TH ST,VERMONT AVE,300,W,N,A,-,N,NA,NA,NA,NA,NA,NA,NA,NA,NA,N,4,0,1,2,A,-,03,22350,NA,F,C,C,A,A,H,-,C,D,0,NA,NA,NA,NA,Y,NA,-,99,0,0,1,0,0,0,0,0,0,-,-,NA,NA,LOS ANGELES,LOS ANGELES,-118.29262542724608,34.06362533569336
81475204,2021,2021-05-18,1942,2021-05-16,0409,41126,1469,7,5,7,1942,0,0,0,N,0,14A67,S LA CIENEGA BL,LA TIJERA BL,80,N,N,A,-,N,NA,NA,NA,NA,NA,NA,NA,NA,NA,N,4,0,1,2,A,-,03,22350,NA,F,C,C,A,A,H,-,C,A,0,NA,NA,NA,NA,Y,NA,-,99,0,0,1,0,0,0,0,0,0,-,-,NA,NA,LOS ANGELES,LOS ANGELES,-118.37042236328124,33.978797912597656
81475220,2021,2021-05-18,1942,2021-05-17,1515,33950,0195,1,5,7,1942,0,0,0,A,0,1A85,S LOS ANGELES ST,EAST 15TH ST,0,NA,Y,A,-,N,NA,NA,NA,NA,NA,NA,NA,NA,NA,Y,4,0,2,2,A,-,09,21802,NA,F,D,C,A,A,H,-,A,D,0,NA,NA,NA,NA,Y,NA,A,01,0,0,2,0,0,0,0,0,0,-,-,NA,NA,LOS ANGELES,LOS ANGELES,-118.26097869873048,34.03373336791992
81475223,2021,2021-05-18,1942,2021-05-16,0410,41126,9999,7,5,7,1942,0,0,0,NA,0,NA,LA CIENEGA BL,W FLORENCE AV,0,NA,Y,A,-,N,NA,NA,NA,NA,NA,NA,NA,NA,NA,N,3,0,3,2,A,-,03,22350,NA,F,C,C,A,A,H,-,C,A,0,NA,NA,NA,NA,Y,NA,A,01,0,1,2,0,0,0,0,0,0,-,-,NA,NA,LOS ANGELES,LOS ANGELES,-118.37056732177734,33.9633903503418
81475279,2021,2021-05-18,1942,2021-04-24,1100,41003,0663,6,5,7,1942,0,0,0,F,0,6A63,NORTH SANTA MONICA BL,HIGHLAND AVE,0,NA,Y,A,-,N,NA,NA,NA,NA,NA,NA,NA,NA,NA,Y,4,0,2,2,A,-,12,21453,NA,N,A,C,A,A,H,-,A,A,0,NA,NA,NA,NA,Y,NA,A,01,0,0,2,0,0,0,0,0,0,-,-,NA,NA,LOS ANGELES,LOS ANGELES,-118.3386001586914,34.09070587158203
81475310,2021,2021-05-18,1942,2021-05-06,1300,36940,1414,4,5,7,1942,0,0,0,N,0,14A13,LINCOLN BL,FLOWER AV,0,NA,Y,A,-,N,NA,NA,NA,NA,NA,NA,NA,NA,NA,Y,4,0,1,2,A,-,03,22350,NA,N,B,E,A,A,H,-,A,D,0,NA,NA,NA,NA,Y,NA,A,07,0,0,1,0,0,0,0,0,0,-,-,NA,NA,LOS ANGELES,LOS ANGELES,-118.46669769287108,34.00079345703125
81475378,2021,2021-05-18,1942,2021-02-25,1455,41003,2001,4,5,7,1942,0,0,0,NA,0,20A1,MELROSE AV,WILTON PL,0,NA,Y,A,-,N,NA,NA,NA,NA,NA,NA,NA,NA,NA,N,3,0,3,2,A,-,09,21801,NA,N,D,C,A,A,H,-,A,A,0,NA,NA,NA,NA,Y,NA,A,07,0,1,2,0,0,0,0,0,0,-,-,NA,NA,LOS ANGELES,LOS ANGELES,-118.31355285644533,34.08351135253906
81475390,2021,2021-05-18,1942,2021-05-07,1950,41957,NA,5,5,7,1942,0,0,0,NA,0,NA,WEST WASHINGTON BL,GLENCOE AV,0,NA,Y,A,-,N,NA,NA,NA,NA,NA,NA,NA,NA,NA,Y,3,0,5,4,A,-,09,21806,NA,N,A,C,A,A,H,-,A,A,0,NA,NA,NA,NA,Y,NA,A,01,0,1,4,0,0,0,0,0,0,-,-,NA,NA,LOS ANGELES,LOS ANGELES,-118.44478607177734,33.99199295043945
81475419,2021,2021-05-18,1942,2021-05-04,1245,36553,2011,2,5,7,1942,0,0,0,NA,0,20A1,S NORTON AV,W 3RD ST,0,NA,Y,A,-,N,NA,NA,NA,NA,NA,NA,NA,NA,NA,Y,3,0,3,3,A,-,12,21453,NA,N,A,C,A,A,H,-,A,A,0,NA,NA,NA,NA,Y,NA,A,01,0,1,2,0,0,0,0,0,0,-,-,NA,NA,LOS ANGELES,LOS ANGELES,-118.31729125976564,34.0689582824707