CASE_ID,ACCIDENT_YEAR,PROC_DATE,JURIS,COLLISION_DATE,COLLISION_TIME,OFFICER_ID,REPORTING_DISTRICT,DAY_OF_WEEK,CHP_SHIFT,POPULATION,CNTY_CITY_LOC,SPECIAL_COND,BEAT_TYPE,CHP_BEAT_TYPE,CITY_DIVISION_LAPD,CHP_BEAT_CLASS,BEAT_NUMBER,PRIMARY_RD,SECONDARY_RD,DISTANCE,DIRECTION,INTERSECTION,WEATHER_1,WEATHER_2,STATE_HWY_IND,CALTRANS_COUNTY,CALTRANS_DISTRICT,STATE_ROUTE,ROUTE_SUFFIX,POSTMILE_PREFIX,POSTMILE,LOCATION_TYPE,RAMP_INTERSECTION,SIDE_OF_HWY,TOW_AWAY,COLLISION_SEVERITY,NUMBER_KILLED,NUMBER_INJURED,PARTY_COUNT,PRIMARY_COLL_FACTOR,PCF_CODE_OF_VIOL,PCF_VIOL_CATEGORY,PCF_VIOLATION,PCF_VIOL_SUBSECTION,HIT_AND_RUN,TYPE_OF_COLLISION,MVIW,PED_ACTION,ROAD_SURFACE,ROAD_COND_1,ROAD_COND_2,LIGHTING,CONTROL_DEVICE,CHP_ROAD_TYPE,PEDESTRIAN_ACCIDENT,BICYCLE_ACCIDENT,MOTORCYCLE_ACCIDENT,TRUCK_ACCIDENT,NOT_PRIVATE_PROPERTY,ALCOHOL_INVOLVED,STWD_VEHTYPE_AT_FAULT,CHP_VEHTYPE_AT_FAULT,COUNT_SEVERE_INJ,COUNT_VISIBLE_INJ,COUNT_COMPLAINT_PAIN,COUNT_PED_KILLED,COUNT_PED_INJURED,COUNT_BICYCLIST_KILLED,COUNT_BICYCLIST_INJURED,COUNT_MC_KILLED,COUNT_MC_INJURED,PRIMARY_RAMP,SECONDARY_RAMP,LATITUDE,LONGITUDE,COUNTY,CITY,POINT_X,POINT_Y
81480041,2021,2021-05-24,1942,2021-05-23,1905,36698,0182,7,5,7,1942,0,0,0,A,0,1A61,W PICO BL,S HILL ST,0,NA,Y,A,-,N,NA,NA,NA,NA,NA,NA,NA,NA,NA,Y,3,0,1,2,A,-,12,21453,NA,F,D,C,A,A,H,-,A,A,0,NA,NA,NA,NA,Y,NA,A,07,0,1,0,0,0,0,0,0,0,-,-,NA,NA,LOS ANGELES,LOS ANGELES,-118.2621612548828,34.03764724731445
81480048,2021,2021-05-24,1942,2021-05-22,1220,34458,1377,6,5,7,1942,0,0,0,M,0,13A75,COMPTON AV,E 54TH ST,75,N,N,A,-,N,NA,NA,NA,NA,NA,NA,NA,NA,NA,N,4,0,1,2,A,-,04,21703,NA,F,C,C,A,A,H,-,A,D,0,NA,NA,NA,NA,Y,NA,-,99,0,0,1,0,0,0,0,0,0,-,-,NA,NA,LOS ANGELES,LOS ANGELES,-118.2477798461914,33.99409484863281
81480056,2021,2021-05-24,1942,2021-05-22,2230,39508,NA,6,5,7,1942,0,0,0,NA,0,NA,TRACY ST,SAINT GEORGE ST,534,S,N,A,-,N,NA,NA,NA,NA,NA,NA,NA,NA,NA,Y,3,0,1,3,A,-,08,22107,NA,N,B,E,A,A,H,-,C,D,0,NA,NA,NA,NA,Y,Y,A,01,0,1,0,0,0,0,0,0,0,-,-,NA,NA,LOS ANGELES,LOS ANGELES,-118.27577972412108,34.10613250732422
81480073,2021,2021-05-24,1942,2021-05-20,2155,39022,1406,4,5,7,1942,0,0,0,N,0,14A27,OVERLAND AV,PALMS BL,90,N,N,A,-,N,NA,NA,NA,NA,NA,NA,NA,NA,NA,Y,4,0,2,2,A,-,09,21801,NA,F,A,C,A,A,H,-,C,A,0,NA,NA,NA,NA,Y,NA,-,99,0,0,2,0,0,0,0,0,0,-,-,NA,NA,LOS ANGELES,LOS ANGELES,-118.41178131103516,34.02493667602539
81480091,2021,2021-05-24,1942,2021-05-20,2255,41210,NA,4,5,7,1942,0,0,0,NA,0,NA,SANTA MONICA BL,VAN NESS AV,50,E,N,A,-,N,NA,NA,NA,NA,NA,NA,NA,NA,NA,Y,4,0,1,2,A,-,03,22350,NA,F,C,C,A,A,H,-,C,A,0,NA,NA,NA,NA,Y,NA,A,01,0,0,1,0,0,0,0,0,0,-,-,NA,NA,LOS ANGELES,LOS ANGELES,-118.31558227539064,34.09074401855469
81480110,2021,2021-05-24,1942,2021-05-22,1945,38090,2023,6,5,7,1942,0,0,0,NA,0,20A13,S HARVARD BL,W 4TH ST,0,NA,Y,A,-,N,NA,NA,NA,NA,NA,NA,NA,NA,NA,Y,2,0,2,3,A,-,05,21650,NA,F,A,C,A,A,H,-,B,A,0,NA,NA,NA,NA,Y,NA,A,01,1,1,0,0,0,0,0,0,0,-,-,NA,NA,LOS ANGELES,LOS ANGELES,-118.30409240722656,34.067195892333984
81480142,2021,2021-05-24,1942,2021-05-22,2020,40730,0427,6,5,7,1942,0,0,0,D,0,4A9,THELMA AV,TWINING ST,100,N,N,A,-,N,NA,NA,NA,NA,NA,NA,NA,NA,NA,N,3,0,1,2,A,-,00,21954,NA,N,G,B,D,A,H,-,C,D,0,Y,NA,NA,NA,Y,NA,N,60,0,1,0,0,1,0,0,0,0,-,-,NA,NA,LOS ANGELES,LOS ANGELES,-118.17908477783205,34.083892822265625
81480567,2021,2021-05-25,1924,2021-04-05,1359,80456,16,1,5,5,1924,0,0,0,NA,0,0G1,ROSECRANS AVENUE,WESTERN AVENUE,0,NA,Y,A,-,N,NA,NA,NA,NA,NA,NA,NA,NA,NA,Y,4,0,2,2,A,-,12,21453,A,N,C,C,A,A,H,-,A,A,0,NA,NA,NA,NA,Y,NA,A,01,0,0,2,0,0,0,0,0,0,-,-,33.901920318603516,-118.30915069580078,LOS ANGELES,GARDENA,-118.3091278076172,33.90192794799805
81480568,2021,2021-05-25,1924,2021-05-03,1256,80450,46,1,5,5,1924,0,0,0,NA,0,8T5,155TH STREET,VAN BUREN AVENUE,0,NA,Y,A,-,N,NA,NA,NA,NA,NA,NA,NA,NA,NA,N,4,0,2,2,A,-,09,21802,A,N,D,C,A,A,H,-,A,A,0,NA,NA,NA,NA,Y,NA,A,01,0,0,2,0,0,0,0,0,0,-,-,33.89052963256836,-118.29669189453124,LOS ANGELES,GARDENA,-118.29673767089844,33.89054489135742
81480571,2021,2021-05-25,1924,2021-05-08,1920,80453,G43,6,5,5,1924,0,0,0,NA,0,0G6,NORMANDIE AVENUE,ARTESIA BOULEVARD,528,N,N,A,-,N,NA,NA,NA,NA,NA,NA,NA,NA,NA,N,3,0,1,2,A,-,05,21650,NA,N,D,G,A,A,H,-,A,A,0,NA,Y,NA,NA,Y,NA,L,04,0,1,0,0,0,0,1,0,0,-,-,33.872840881347656,-118.29894256591795,LOS ANGELES,GARDENA,-118.29889678955078,33.87427520751953
81480573,2021,2021-05-25,1924,2021-05-08,1925,80453,G5,6,5,5,1924,0,0,0,NA,0,0G1,EL SEGUNDO BOULEVARD (SOUTH ALLEY),CIMARRON AVENUE,34,W,N,A,-,N,NA,NA,NA,NA,NA,NA,NA,NA,NA,N,3,0,1,2,A,-,13,22515,A,N,G,B,E,A,H,-,A,D,0,Y,NA,NA,NA,Y,NA,N,60,0,1,0,0,1,0,0,0,0,-,-,NA,NA,LOS ANGELES,GARDENA,-118.31515502929688,33.91626739501953
81480577,2021,2021-05-25,1924,2021-05-08,2020,80453,G51,6,5,5,1924,0,0,0,NA,0,0G6,ARTESIA BOULEVARD,VERMONT AVENUE,56,W,N,A,-,N,NA,NA,NA,NA,NA,NA,NA,NA,NA,N,4,0,1,3,A,-,03,22350,NA,M,C,C,A,A,H,-,C,A,0,NA,NA,NA,NA,Y,NA,A,01,0,0,1,0,0,0,0,0,0,-,-,33.87276840209961,-118.29090118408205,LOS ANGELES,GARDENA,-118.29110717773438,33.8726806640625
81480578,2021,2021-05-25,1924,2021-05-09,0226,80453,G51,7,5,5,1924,0,0,0,NA,0,0G6,ARTESIA BOULEVARD,VERMONT AVENUE,45,W,N,A,-,N,NA,NA,NA,NA,NA,NA,NA,NA,NA,Y,4,0,3,2,A,-,03,22350,NA,N,C,C,A,A,H,-,C,A,0,NA,NA,NA,NA,Y,NA,A,07,0,0,3,0,0,0,0,0,0,-,-,33.87276840209961,-118.29090118408205,LOS ANGELES,GARDENA,-118.29106903076172,33.8726806640625
81480579,2021,2021-05-25,1924,2021-05-13,1920,80453,G51,4,5,5,1924,0,0,0,NA,0,0G6,VERMONT AVENUE,ARTESIA BOULEVARD,0,NA,Y,A,-,N,NA,NA,NA,NA,NA,NA,NA,NA,NA,Y,4,0,1,2,A,-,08,22107,NA,N,B,C,A,A,H,-,A,D,0,NA,NA,NA,NA,Y,NA,-,-,0,0,1,0,0,0,0,0,0,-,-,33.87276840209961,-118.29090118408205,LOS ANGELES,GARDENA,-118.29091644287108,33.8726806640625
81480714,2021,2021-05-25,1942,2021-05-24,0445,38357,0491,1,5,7,1942,0,0,0,D,0,4A97,S SOTO ST,E OLYMPIC BL,0,NA,Y,A,-,N,NA,NA,NA,NA,NA,NA,NA,NA,NA,Y,4,0,1,2,A,-,09,21801,NA,F,D,C,A,A,H,-,C,D,0,NA,NA,NA,NA,Y,NA,-,99,0,0,1,0,0,0,0,0,0,-,-,NA,NA,LOS ANGELES,LOS ANGELES,-118.2198486328125,34.02426528930664
81481134,2021,2021-05-25,1942,2021-05-23,2345,39022,0717,7,5,7,1942,0,0,0,G,0,7A17,BEVERLY BL,HIGHLAND AV,0,NA,Y,A,-,N,NA,NA,NA,NA,NA,NA,NA,NA,NA,Y,4,0,1,2,A,-,12,21453,NA,F,D,C,A,A,H,-,C,A,0,NA,NA,NA,NA,Y,NA,D,22,0,0,1,0,0,0,0,0,0,-,-,NA,NA,LOS ANGELES,LOS ANGELES,-118.33865356445313,34.07618713378906
81481166,2021,2021-05-25,1942,2021-05-23,1520,34959,0726,7,5,7,1942,0,0,0,G,0,7A17,3RD STREET,SYCAMORE AVENUE,94,W,N,A,-,N,NA,NA,NA,NA,NA,NA,NA,NA,NA,N,3,0,1,2,A,-,09,21804,NA,F,D,C,A,A,H,-,A,D,0,NA,NA,Y,NA,Y,NA,A,01,0,1,0,0,0,0,0,0,1,-,-,NA,NA,LOS ANGELES,LOS ANGELES,-118.3432388305664,34.06890106201172
81481365,2021,2021-05-25,1942,2021-05-24,2105,36698,0285,1,5,7,1942,0,0,0,B,0,2A91,W 12TH ST,S BURLINGTON AV,140,W,N,A,-,N,NA,NA,NA,NA,NA,NA,NA,NA,NA,N,3,0,1,2,A,-,00,21954,NA,N,G,B,D,A,H,-,C,D,0,Y,NA,NA,NA,Y,NA,N,60,0,1,0,0,1,0,0,0,0,-,-,NA,NA,LOS ANGELES,LOS ANGELES,-118.27884674072266,34.047489166259766
81481367,2021,2021-05-25,1942,2021-05-22,1905,40325,0491,6,5,7,1942,0,0,0,D,0,4A97,SOTO ST,OLYMPIC BLVD,60,S,N,A,-,N,NA,NA,NA,NA,NA,NA,NA,NA,NA,N,4,0,1,2,A,-,08,22107,NA,F,G,B,F,A,H,-,B,A,0,Y,NA,NA,NA,Y,NA,-,99,0,0,1,0,1,0,0,0,0,-,-,NA,NA,LOS ANGELES,LOS ANGELES,-118.21987152099608,34.024105072021484
81481655,2021,2021-05-26,1942,2021-05-21,2045,37952,0295,5,5,7,1942,0,0,0,B,0,2A91,S UNION AV,W 18TH ST,0,NA,Y,A,-,N,NA,NA,NA,NA,NA,NA,NA,NA,NA,N,4,0,2,2,A,-,12,22450,NA,F,D,C,A,A,H,-,C,A,0,NA,NA,NA,NA,Y,NA,-,99,0,0,2,0,0,0,0,0,0,-,-,NA,NA,LOS ANGELES,LOS ANGELES,-118.28044128417967,34.03958511352539
81481675,2021,2021-05-26,1942,2021-05-23,0115,41629,1347,7,5,7,1942,0,0,0,M,0,13A27,COMPTON AV,E 43RD ST,7,S,N,A,-,N,NA,NA,NA,NA,NA,NA,NA,NA,NA,N,3,0,1,2,A,-,10,21950,NA,F,G,B,B,A,H,-,C,D,0,Y,NA,NA,NA,Y,NA,-,99,0,1,0,0,1,0,0,0,0,-,-,NA,NA,LOS ANGELES,LOS ANGELES,-118.24739074707033,34.005592346191406
81481687,2021,2021-05-26,1942,2021-05-23,1830,38357,1346,7,5,7,1942,0,0,0,M,0,13A27,E 41ST ST,HOOPER AV,0,NA,Y,A,-,N,NA,NA,NA,NA,NA,NA,NA,NA,NA,N,2,0,1,2,A,-,05,21650,NA,F,H,G,A,A,H,-,A,D,0,NA,Y,NA,NA,Y,NA,L,04,1,0,0,0,0,0,1,0,0,-,-,NA,NA,LOS ANGELES,LOS ANGELES,-118.25213623046876,34.009281158447266
81481689,2021,2021-05-26,1942,2021-05-25,0900,32973,0271,2,5,7,1942,0,0,0,B,0,2A75,W OLYMPIC BL,GRAND VIEW ST,30,E,N,A,-,N,NA,NA,NA,NA,NA,NA,NA,NA,NA,N,4,0,1,2,A,-,00,21954,NA,F,G,B,C,A,H,-,A,A,0,Y,NA,NA,NA,Y,NA,N,60,0,0,1,0,1,0,0,0,0,-,-,NA,NA,LOS ANGELES,LOS ANGELES,-118.28224182128906,34.05227279663086
81481693,2021,2021-05-26,1942,2021-05-25,0755,42926,0235,2,5,7,1942,0,0,0,B,0,2A47,BEVERLY BL,N ALVARADO ST,0,NA,Y,A,-,N,NA,NA,NA,NA,NA,NA,NA,NA,NA,Y,4,0,1,2,A,-,12,21453,NA,N,D,C,A,A,H,-,A,A,0,NA,NA,NA,NA,Y,NA,A,01,0,0,1,0,0,0,0,0,0,-,-,NA,NA,LOS ANGELES,LOS ANGELES,-118.27031707763672,34.066673278808594
81481696,2021,2021-05-26,1942,2021-05-24,0422,32973,0118,1,5,7,1942,0,0,0,A,0,1A1,NORTH MAIN ST,LEROY ST,100,S,N,A,-,N,NA,NA,NA,NA,NA,NA,NA,NA,NA,Y,3,0,1,1,A,-,01,23152,NA,N,E,I,A,A,H,-,C,D,0,NA,NA,NA,NA,Y,NA,D,22,0,1,0,0,0,0,0,0,0,-,-,NA,NA,LOS ANGELES,LOS ANGELES,-118.22986602783205,34.06562423706055
81481699,2021,2021-05-26,1942,2021-05-24,0759,34458,0257,1,5,7,1942,0,0,0,B,0,2A69,GARLAND AV,W 7TH ST,204,S,N,A,-,N,NA,NA,NA,NA,NA,NA,NA,NA,NA,N,4,0,1,2,A,-,06,21751,NA,N,B,C,A,A,H,-,A,D,0,NA,NA,NA,NA,Y,NA,A,01,0,0,1,0,0,0,0,0,0,-,-,NA,NA,LOS ANGELES,LOS ANGELES,-118.26663970947266,34.05121612548828
81481700,2021,2021-05-26,1942,2021-05-24,1540,40289,1313,1,5,7,1942,0,0,0,M,0,13A13,S SAN PEDRO ST,15TH ST,20,N,N,A,-,N,NA,NA,NA,NA,NA,NA,NA,NA,NA,Y,4,0,1,2,A,-,04,21703,NA,N,C,C,A,A,H,-,A,D,0,NA,NA,NA,NA,Y,NA,A,01,0,0,1,0,0,0,0,0,0,-,-,NA,NA,LOS ANGELES,LOS ANGELES,-118.25548553466795,34.0306282043457
81481717,2021,2021-05-26,1942,2021-05-24,2035,33757,1488,1,5,7,1942,0,0,0,N,0,14A67,AIRPORT BL,96TH ST,16,S,N,A,-,N,NA,NA,NA,NA,NA,NA,NA,NA,NA,Y,1,1,0,2,A,-,12,21453,NA,N,G,B,C,A,H,-,C,A,0,Y,NA,NA,NA,Y,NA,N,60,0,0,0,1,0,0,0,0,0,-,-,NA,NA,LOS ANGELES,LOS ANGELES,-118.3859405517578,33.94937515258789
81481780,2021,2021-05-26,1942,2021-05-25,1345,41671,0635,2,5,7,1942,0,0,0,F,0,6A15,WHITLEY AV,FRANKLIN AV,0,NA,Y,A,-,N,NA,NA,NA,NA,NA,NA,NA,NA,NA,N,2,0,1,2,A,-,10,21950,NA,N,G,B,B,A,H,-,A,A,0,Y,NA,NA,NA,Y,NA,A,01,1,0,0,0,1,0,0,0,0,-,-,NA,NA,LOS ANGELES,LOS ANGELES,-118.33335113525392,34.1052131652832
81481801,2021,2021-05-26,1942,2021-05-25,1700,43441,1444,2,5,7,1942,0,0,0,N,0,14A45,LINCOLN BL,WASHINGTON BL,300,S,N,A,-,N,NA,NA,NA,NA,NA,NA,NA,NA,NA,N,3,0,1,2,A,-,09,21801,NA,F,D,C,A,A,H,-,A,D,0,NA,NA,Y,NA,Y,NA,-,99,0,1,0,0,0,0,0,0,1,-,-,NA,NA,LOS ANGELES,LOS ANGELES,-118.44720458984376,33.989845275878906
81481874,2021,2021-05-26,1942,2021-05-16,2115,41978,0721,7,5,7,1942,0,0,0,G,0,7A21,S SAN VICENTE BL,W 3RD ST,50,S,N,A,-,N,NA,NA,NA,NA,NA,NA,NA,NA,NA,N,4,0,1,2,A,-,08,22107,NA,F,B,C,A,A,H,-,C,D,0,NA,NA,NA,NA,Y,NA,-,99,0,0,1,0,0,0,0,0,0,-,-,NA,NA,LOS ANGELES,LOS ANGELES,-118.37778472900392,34.07341766357422
81481889,2021,2021-05-26,1942,2021-05-21,1450,37966,0668,5,5,7,1942,0,0,0,F,0,6A67,W SUNSET BL,N VAN NESS AV,300,E,N,A,-,N,NA,NA,NA,NA,NA,NA,NA,NA,NA,Y,4,0,2,2,A,-,09,21801,NA,F,E,I,A,A,H,-,A,D,0,NA,NA,NA,NA,Y,NA,-,99,0,0,2,0,0,0,0,0,0,-,-,NA,NA,LOS ANGELES,LOS ANGELES,-118.31478881835938,34.098060607910156
81482026,2021,2021-05-26,1942,2021-05-21,1105,34882,0827,5,5,7,1942,0,0,0,H,0,8A13,BARRINGTON AV,LORNA CT,42,S,N,A,-,N,NA,NA,NA,NA,NA,NA,NA,NA,NA,N,4,0,1,2,A,-,00,21954,NA,F,G,B,E,A,H,-,A,D,0,Y,NA,NA,NA,Y,NA,-,99,0,0,1,0,1,0,0,0,0,-,-,NA,NA,LOS ANGELES,LOS ANGELES,-118.46845245361328,34.058719635009766
81482032,2021,2021-05-26,1942,2021-05-21,1152,41516,0646,5,5,7,1942,0,0,0,F,0,6A63,N LAS PALMAS AV,W SUNSET BL,130,S,N,A,-,N,NA,NA,NA,NA,NA,NA,NA,NA,NA,Y,3,0,1,4,A,-,08,22107,NA,F,A,C,A,A,H,-,A,D,0,NA,NA,NA,NA,Y,NA,A,07,0,1,0,0,0,0,0,0,0,-,-,NA,NA,LOS ANGELES,LOS ANGELES,-118.33659362792967,34.09761428833008
81482109,2021,2021-05-26,1942,2021-05-09,0205,42011,1391,7,5,7,1942,0,0,0,M,0,13A93,S BROADWAY,W 67TH ST,0,NA,Y,A,-,N,NA,NA,NA,NA,NA,NA,NA,NA,NA,Y,4,0,3,2,A,-,09,21806,NA,N,D,C,A,A,H,-,C,A,0,NA,NA,NA,NA,Y,NA,A,07,0,0,3,0,0,0,0,0,0,-,-,NA,NA,LOS ANGELES,LOS ANGELES,-118.27830505371094,33.97899627685547
81482160,2021,2021-05-26,1942,2021-02-14,1945,41978,0668,7,5,7,1942,0,0,0,F,0,6A79,N VAN NESS AV,VIRGINIA AV,2,N,N,A,-,N,NA,NA,NA,NA,NA,NA,NA,NA,NA,N,3,0,1,2,A,-,12,22450,NA,F,H,G,A,A,H,-,C,A,0,NA,Y,NA,NA,Y,NA,-,99,0,1,0,0,0,0,1,0,0,-,-,NA,NA,LOS ANGELES,LOS ANGELES,-118.31575012207033,34.091773986816406
81482685,2021,2021-06-02,1942,2021-05-25,1350,32973,1331,2,5,7,1942,0,0,0,M,0,13A41,E ADAMS BL,S MAIN ST,0,NA,Y,A,-,N,NA,NA,NA,NA,NA,NA,NA,NA,NA,Y,2,0,1,2,A,-,12,21453,NA,F,D,C,A,A,H,-,A,A,0,NA,NA,Y,NA,Y,NA,A,01,1,0,0,0,0,0,0,0,1,-,-,NA,NA,LOS ANGELES,LOS ANGELES,-118.26864624023438,34.02485275268555
81482686,2021,2021-05-27,1942,2021-05-26,0820,42932,1317,3,5,7,1942,0,0,0,M,0,13A9,E 14TH ST,S ALAMEDA ST,0,NA,Y,A,-,N,NA,NA,NA,NA,NA,NA,NA,NA,NA,N,4,0,1,2,A,-,10,21950,NA,F,G,B,B,A,H,-,A,A,0,Y,NA,NA,NA,Y,NA,-,99,0,0,1,0,1,0,0,0,0,-,-,NA,NA,LOS ANGELES,LOS ANGELES,-118.23920440673828,34.025508880615234
81482718,2021,2021-05-27,1942,2021-05-16,2015,39022,0723,7,5,7,1942,0,0,0,G,0,7A21,N FAIRFAX AV,W 1ST ST,22,S,N,A,-,N,NA,NA,NA,NA,NA,NA,NA,NA,NA,N,3,0,1,2,A,-,00,21954,NA,N,G,B,D,A,H,-,C,A,0,Y,NA,NA,NA,Y,NA,A,01,0,1,0,0,1,0,0,0,0,-,-,NA,NA,LOS ANGELES,LOS ANGELES,-118.36144256591795,34.07432174682617
81482722,2021,2021-05-27,1942,2021-05-17,0605,34959,0859,1,5,7,1942,0,0,0,H,0,8A59,PICO BOULEVARD,LA CIENEGA BOULEVARD,0,NA,Y,B,-,N,NA,NA,NA,NA,NA,NA,NA,NA,NA,Y,4,0,2,3,A,-,12,21453,NA,N,D,C,A,A,H,-,A,A,0,NA,NA,NA,NA,Y,NA,A,01,0,0,2,0,0,0,0,0,0,-,-,NA,NA,LOS ANGELES,LOS ANGELES,-118.3761749267578,34.05333709716797
81482734,2021,2021-05-27,1942,2021-05-17,1330,41671,0842,1,5,7,1942,0,0,0,H,0,8A53,WILSHIRE BL,SAN VICENTE BL,0,NA,Y,A,-,N,NA,NA,NA,NA,NA,NA,NA,NA,NA,Y,3,0,4,2,A,-,09,21801,NA,N,A,C,A,A,H,-,A,A,0,NA,NA,NA,NA,Y,NA,A,07,0,3,1,0,0,0,0,0,0,-,-,NA,NA,LOS ANGELES,LOS ANGELES,-118.4591827392578,34.05078125
81482751,2021,2021-05-27,1942,2021-05-18,1400,40315,2002,2,5,7,1942,0,0,0,NA,0,20A13,N WESTERN AV,CLINTON ST,50,S,N,A,-,N,NA,NA,NA,NA,NA,NA,NA,NA,NA,N,4,0,1,2,A,-,07,21658,NA,N,B,C,A,A,H,-,A,A,0,NA,NA,NA,NA,Y,NA,A,01,0,0,1,0,0,0,0,0,0,-,-,NA,NA,LOS ANGELES,LOS ANGELES,-118.30914306640624,34.081512451171875
81482783,2021,2021-05-27,1942,2021-05-18,1035,40209,2074,2,5,7,1942,0,0,0,NA,0,20A71,WASHINGTON BLVD,MARIPOSA AVE,0,NA,Y,A,-,N,NA,NA,NA,NA,NA,NA,NA,NA,NA,Y,4,0,2,2,A,-,09,21801,NA,N,D,C,A,A,H,-,A,D,0,NA,NA,NA,NA,Y,NA,A,01,0,0,2,0,0,0,0,0,0,-,-,NA,NA,LOS ANGELES,LOS ANGELES,-118.29837036132813,34.03999710083008
81482795,2021,2021-05-27,1942,2021-05-11,1550,41139,2055,2,5,7,1942,0,0,0,NA,0,20A69,W PICO BL,S KENMORE AV,0,NA,Y,A,-,N,NA,NA,NA,NA,NA,NA,NA,NA,NA,Y,3,0,2,2,A,-,09,21802,NA,N,D,C,A,A,H,-,A,A,0,NA,NA,NA,NA,Y,NA,A,01,0,1,1,0,0,0,0,0,0,-,-,NA,NA,LOS ANGELES,LOS ANGELES,-118.29700469970705,34.04726028442383
81483003,2021,2021-05-27,1942,2021-05-18,0650,40209,2029,2,5,7,1942,0,0,0,NA,0,20A39,W 5TH ST,SHATTO PL,30,E,N,B,-,N,NA,NA,NA,NA,NA,NA,NA,NA,NA,Y,4,0,1,1,A,-,08,22107,NA,N,E,I,A,A,H,-,A,D,0,NA,NA,NA,NA,Y,NA,A,01,0,0,1,0,0,0,0,0,0,-,-,NA,NA,LOS ANGELES,LOS ANGELES,-118.28981018066406,34.06515884399414
81483220,2021,2021-05-27,1942,2021-05-21,2110,41957,2021,5,5,7,1942,0,0,0,NA,0,20A1,S WILTON PL,5TH ST,0,NA,Y,A,-,N,NA,NA,NA,NA,NA,NA,NA,NA,NA,Y,4,0,1,2,A,-,12,21453,NA,F,D,C,A,A,H,-,C,A,0,NA,NA,NA,NA,Y,NA,-,99,0,0,1,0,0,0,0,0,0,-,-,NA,NA,LOS ANGELES,LOS ANGELES,-118.31405639648438,34.06532287597656
81483297,2021,2021-05-27,1942,2021-05-22,1230,34959,2062,6,5,7,1942,0,0,0,NA,0,20A53,WILTON PLACE,OLYMPIC BOULEVARD,110,N,N,A,-,N,NA,NA,NA,NA,NA,NA,NA,NA,NA,Y,3,0,1,3,A,-,05,21460,NA,N,D,C,A,A,H,-,A,D,0,NA,NA,NA,NA,Y,NA,A,01,0,1,0,0,0,0,0,0,0,-,-,NA,NA,LOS ANGELES,LOS ANGELES,-118.31483459472656,34.05278778076172
81483365,2021,2021-05-28,1942,2021-05-23,1925,41126,0291,7,5,7,1942,0,0,0,B,0,2A91,BONNIE BRAE ST,WASHINGTON BL,4,S,N,A,-,N,NA,NA,NA,NA,NA,NA,NA,NA,NA,N,4,0,2,2,A,-,09,21802,NA,F,D,C,A,A,H,-,B,A,0,NA,NA,NA,NA,Y,NA,-,99,0,0,2,0,0,0,0,0,0,-,-,NA,NA,LOS ANGELES,LOS ANGELES,-118.28388214111328,34.03974914550781
81483417,2021,2021-05-27,1942,2021-05-24,0635,34959,2049,1,5,7,1942,0,0,0,NA,0,20A69,FRANCIS AVENUE,WESTMORELAND AVENUE,0,NA,Y,A,-,N,NA,NA,NA,NA,NA,NA,NA,NA,NA,N,4,0,1,2,A,-,10,21950,NA,N,G,B,B,A,H,-,A,A,0,Y,NA,NA,NA,Y,NA,A,01,0,0,1,0,1,0,0,0,0,-,-,NA,NA,LOS ANGELES,LOS ANGELES,-118.2890853881836,34.056819915771484
81484545,2021,2021-05-28,1924,2021-05-11,0739,80468,14,2,5,5,1924,0,0,0,NA,0,8B1,139TH STREET,NORMANDIE AVENUE,0,NA,Y,A,-,N,NA,NA,NA,NA,NA,NA,NA,NA,NA,Y,4,0,2,2,A,-,09,21801,A,N,A,C,A,A,H,-,A,A,0,NA,NA,NA,NA,Y,NA,A,01,0,0,2,0,0,0,0,0,0,-,-,33.90557098388672,-118.30037689208984,LOS ANGELES,GARDENA,-118.30040740966795,33.905555725097656
81484546,2021,2021-05-28,1924,2021-05-17,0254,80405,46,1,5,5,1924,0,0,0,NA,0,005,NORMANDIE AVENUE,REDONDO BEACH BOULEVARD,403,S,N,A,-,N,NA,NA,NA,NA,NA,NA,NA,NA,NA,Y,3,0,1,1,A,-,01,23152,A,N,E,I,A,A,H,-,C,D,0,NA,NA,NA,NA,Y,Y,D,22,0,1,0,0,0,0,0,0,0,-,-,33.891441345214844,-118.30020904541016,LOS ANGELES,GARDENA,-118.29959869384766,33.89040756225586
81484548,2021,2021-05-28,1924,2021-05-19,1939,80405,39,3,5,5,1924,0,0,0,NA,0,005,NORMANDIE AVENUE,158TH STREET,0,NA,Y,A,-,N,NA,NA,NA,NA,NA,NA,NA,NA,NA,Y,4,0,1,3,A,-,09,21801,A,N,D,C,A,A,H,-,A,A,0,NA,NA,NA,NA,Y,NA,A,01,0,0,1,0,0,0,0,0,0,-,-,33.887420654296875,-118.29945373535156,LOS ANGELES,GARDENA,-118.29943084716795,33.887420654296875
81484629,2021,2021-05-28,1942,2021-05-27,1400,42876,0109,4,5,7,1942,0,0,0,A,0,1A1,PARK ROW DRIVE E,ELYSIAN PARK DRIVE,18,S,N,A,-,N,NA,NA,NA,NA,NA,NA,NA,NA,NA,N,3,0,1,2,A,-,05,21202,NA,N,H,G,A,A,H,-,A,A,0,NA,Y,NA,NA,Y,Y,L,04,0,1,0,0,0,0,1,0,0,-,-,NA,NA,LOS ANGELES,LOS ANGELES,-118.24981689453124,34.08240509033203
81484655,2021,2021-05-28,1942,2021-05-27,2100,38171,1259,4,5,7,1942,0,0,0,L,0,12A69,AVALON BL,EAST FLORENCE AV,0,NA,Y,A,-,N,NA,NA,NA,NA,NA,NA,NA,NA,NA,N,3,0,1,2,A,-,03,22350,NA,F,H,G,A,A,H,-,C,A,0,NA,Y,NA,NA,Y,NA,-,-,0,1,0,0,0,0,1,0,0,-,-,NA,NA,LOS ANGELES,LOS ANGELES,-118.2651824951172,33.97471237182617