CASE_ID,ACCIDENT_YEAR,PROC_DATE,JURIS,COLLISION_DATE,COLLISION_TIME,OFFICER_ID,REPORTING_DISTRICT,DAY_OF_WEEK,CHP_SHIFT,POPULATION,CNTY_CITY_LOC,SPECIAL_COND,BEAT_TYPE,CHP_BEAT_TYPE,CITY_DIVISION_LAPD,CHP_BEAT_CLASS,BEAT_NUMBER,PRIMARY_RD,SECONDARY_RD,DISTANCE,DIRECTION,INTERSECTION,WEATHER_1,WEATHER_2,STATE_HWY_IND,CALTRANS_COUNTY,CALTRANS_DISTRICT,STATE_ROUTE,ROUTE_SUFFIX,POSTMILE_PREFIX,POSTMILE,LOCATION_TYPE,RAMP_INTERSECTION,SIDE_OF_HWY,TOW_AWAY,COLLISION_SEVERITY,NUMBER_KILLED,NUMBER_INJURED,PARTY_COUNT,PRIMARY_COLL_FACTOR,PCF_CODE_OF_VIOL,PCF_VIOL_CATEGORY,PCF_VIOLATION,PCF_VIOL_SUBSECTION,HIT_AND_RUN,TYPE_OF_COLLISION,MVIW,PED_ACTION,ROAD_SURFACE,ROAD_COND_1,ROAD_COND_2,LIGHTING,CONTROL_DEVICE,CHP_ROAD_TYPE,PEDESTRIAN_ACCIDENT,BICYCLE_ACCIDENT,MOTORCYCLE_ACCIDENT,TRUCK_ACCIDENT,NOT_PRIVATE_PROPERTY,ALCOHOL_INVOLVED,STWD_VEHTYPE_AT_FAULT,CHP_VEHTYPE_AT_FAULT,COUNT_SEVERE_INJ,COUNT_VISIBLE_INJ,COUNT_COMPLAINT_PAIN,COUNT_PED_KILLED,COUNT_PED_INJURED,COUNT_BICYCLIST_KILLED,COUNT_BICYCLIST_INJURED,COUNT_MC_KILLED,COUNT_MC_INJURED,PRIMARY_RAMP,SECONDARY_RAMP,LATITUDE,LONGITUDE,COUNTY,CITY,POINT_X,POINT_Y
81554512,2021,2021-08-26,1969,2021-08-09,1451,10208,TRAFF,1,5,5,1969,0,0,0,NA,0,003,FILESTONE BLVD,OTIS ST,199,W,N,A,-,N,NA,NA,NA,NA,NA,NA,NA,NA,NA,N,4,0,4,2,A,-,08,22107,NA,N,D,C,A,A,H,-,A,D,0,NA,NA,NA,NA,Y,NA,A,01,0,0,4,0,0,0,0,0,0,-,-,NA,NA,LOS ANGELES,SOUTH GATE,-118.19715881347656,33.95338821411133
81554523,2021,2021-08-26,1924,2021-05-25,1657,80466,21,2,5,5,1924,0,0,0,NA,0,8T5,MARINE AVENUE,SPINNING AVENUE,47,W,N,A,-,N,NA,NA,NA,NA,NA,NA,NA,NA,NA,N,3,0,1,1,A,-,03,22350,NA,N,E,I,A,A,H,-,A,D,0,NA,NA,Y,NA,Y,NA,C,02,0,1,0,0,0,0,0,0,1,-,-,33.89466857910156,-118.31874847412108,LOS ANGELES,GARDENA,-118.31895446777344,33.89466857910156
81554525,2021,2021-08-26,1969,2021-08-15,2205,10244,PATRO,7,5,5,1969,0,0,0,NA,0,004,FILESTONE BLVD,RAYO AV (E),75,E,N,A,-,N,NA,NA,NA,NA,NA,NA,NA,NA,NA,N,2,0,1,2,A,-,11,21954,A,N,G,B,D,A,H,-,C,A,0,Y,NA,NA,NA,Y,NA,N,60,1,0,0,0,1,0,0,0,0,-,-,33.950531005859375,-118.17559814453124,LOS ANGELES,SOUTH GATE,-118.17552947998048,33.95048522949219
81554526,2021,2021-08-26,1924,2021-06-01,1910,80405,10,2,5,5,1924,0,0,0,NA,0,002,132ND STREET,BUDLONG AVENUE,0,NA,Y,A,-,N,NA,NA,NA,NA,NA,NA,NA,NA,NA,Y,4,0,4,2,A,-,09,21802,A,N,D,C,A,A,H,-,A,D,0,NA,NA,NA,NA,Y,NA,A,01,0,0,4,0,0,0,0,0,0,-,-,33.91267013549805,-118.29637145996094,LOS ANGELES,GARDENA,-118.29641723632813,33.91261291503906
81554527,2021,2021-08-26,1969,2021-08-21,1120,10097,PATRO,6,5,5,1969,0,0,0,NA,0,003,FILESTONE BLVD,SAN LUIS AV,114,E,N,A,-,N,NA,NA,NA,NA,NA,NA,NA,NA,NA,Y,3,0,1,3,A,-,08,22107,NA,F,B,E,A,A,H,-,A,D,0,NA,NA,NA,Y,Y,NA,F,75,0,1,0,0,0,0,0,0,0,-,-,33.953651428222656,-118.20030212402344,LOS ANGELES,SOUTH GATE,-118.1999282836914,33.953556060791016
81554529,2021,2021-08-26,1924,2021-06-16,1534,80469,43,3,5,5,1924,0,0,0,NA,0,8B1,NORMANDIE AVENUE,ARTESIA BOULEVARD,192,S,N,A,-,N,NA,NA,NA,NA,NA,NA,NA,NA,NA,Y,4,0,1,2,A,-,09,21804,A,N,D,C,A,A,H,-,A,C,0,NA,NA,NA,NA,Y,NA,A,01,0,0,1,0,0,0,0,0,0,-,-,33.872840881347656,-118.29894256591795,LOS ANGELES,GARDENA,-118.29898071289064,33.8723030090332
81554531,2021,2021-08-26,1969,2021-08-23,1334,10208,TRAFF,1,5,5,1969,0,0,0,NA,0,001,LONG BEACH BLVD,FILESTONE BLVD,247,N,N,A,-,N,NA,NA,NA,NA,NA,NA,NA,NA,NA,N,4,0,1,2,A,-,01,23152,A,N,C,C,A,A,H,-,A,A,0,NA,NA,NA,NA,Y,Y,A,01,0,0,1,0,0,0,0,0,0,-,-,NA,NA,LOS ANGELES,SOUTH GATE,-118.22060394287108,33.956146240234375
81554533,2021,2021-08-26,1924,2021-06-23,1715,80463,34,3,5,5,1924,0,0,0,NA,0,004,DENKER AVENUE,REDONDO BEACH BOULEVARD,0,NA,Y,A,-,N,NA,NA,NA,NA,NA,NA,NA,NA,NA,N,3,0,1,2,A,-,09,21801,A,N,A,C,A,A,H,-,A,A,0,NA,NA,NA,NA,Y,NA,A,01,0,1,0,0,0,0,0,0,0,-,-,33.88996124267578,-118.30477142333984,LOS ANGELES,GARDENA,-118.3047103881836,33.889949798583984
81554588,2021,2021-08-26,1933,2021-08-24,0737,812,35,2,5,6,1933,0,0,0,NA,0,004,IMPERIAL HWY,YUKON AV,0,NA,Y,A,-,N,NA,NA,NA,NA,NA,NA,NA,NA,NA,N,3,0,2,3,A,-,10,21950,A,N,G,B,B,A,H,-,A,A,0,Y,NA,NA,NA,Y,NA,A,07,0,2,0,0,2,0,0,0,0,-,-,33.93098068237305,-118.3351593017578,LOS ANGELES,INGLEWOOD,-118.33516693115234,33.930973052978516
81556596,2021,2021-08-27,1922,2021-08-07,2055,697,EAST,6,5,6,1922,0,0,0,NA,0,003,SANTA ANITA AVE,FERN ST,281,N,N,A,-,N,NA,NA,NA,NA,NA,NA,NA,NA,NA,N,4,0,1,2,A,-,03,22350,NA,N,C,C,A,A,H,-,C,D,0,NA,NA,NA,NA,Y,NA,A,01,0,0,1,0,0,0,0,0,0,-,-,34.058650970458984,-118.04238128662108,LOS ANGELES,EL MONTE,-118.04237365722656,34.059391021728516
81556597,2021,2021-08-27,1922,2021-08-10,1115,680,NA,2,5,6,1922,0,0,0,NA,0,001,LOWER AZUSA RD,CEDAR AVE,250,E,N,A,-,N,NA,NA,NA,NA,NA,NA,NA,NA,NA,N,4,0,1,3,A,-,04,21703,NA,F,C,C,A,A,H,-,A,A,0,NA,NA,NA,NA,Y,NA,-,99,0,0,1,0,0,0,0,0,0,-,-,34.09157943725586,-118.02115631103516,LOS ANGELES,EL MONTE,-118.02030181884766,34.09149932861328
81556608,2021,2021-08-27,1924,2021-08-10,2254,80405,10,2,5,5,1924,0,0,0,NA,0,002,135TH STREET,BUDLONG AVENUE,243,W,N,A,-,N,NA,NA,NA,NA,NA,NA,NA,NA,NA,Y,3,0,2,2,A,-,08,22107,NA,N,C,E,A,A,H,-,C,D,0,NA,NA,NA,NA,Y,NA,A,01,0,1,1,0,0,0,0,0,0,-,-,33.90916061401367,-118.29638671875,LOS ANGELES,GARDENA,-118.29721832275392,33.90916061401367
81556610,2021,2021-08-27,1924,2021-08-11,0945,80454,33,3,5,5,1924,0,0,0,NA,0,004,MARINE AVENUE,DENKER AVENUE,30,W,N,A,-,N,NA,NA,NA,NA,NA,NA,NA,NA,NA,N,4,0,1,2,A,-,03,22350,NA,M,C,C,A,A,H,-,A,A,0,NA,NA,NA,NA,Y,NA,A,01,0,0,1,0,0,0,0,0,0,-,-,33.89466094970703,-118.30477905273438,LOS ANGELES,GARDENA,-118.30490112304688,33.8946418762207
81556627,2021,2021-08-27,1924,2021-08-17,0538,80405,37,2,5,5,1924,0,0,0,NA,0,005,WESTERN AVENUE,168TH STREET,115,N,N,A,-,N,NA,NA,NA,NA,NA,NA,NA,NA,NA,N,3,0,1,2,A,-,11,21954,A,F,G,B,D,A,H,-,C,D,0,Y,NA,NA,NA,Y,Y,N,60,0,1,0,0,1,0,0,0,0,-,-,33.87908935546875,-118.3091278076172,LOS ANGELES,GARDENA,-118.30917358398438,33.87943649291992
81556642,2021,2021-08-27,1965,2021-06-18,1401,3984,0B4B,5,5,5,1965,0,0,0,NA,0,B004,EUCLID ST,MONTANA AVE,540,N,N,A,-,N,NA,NA,NA,NA,NA,NA,NA,NA,NA,Y,3,0,2,2,A,-,09,21804,A,N,D,C,A,A,H,-,A,A,0,NA,NA,NA,NA,Y,NA,A,07,0,1,1,0,0,0,0,0,0,-,-,NA,NA,LOS ANGELES,SANTA MONICA,-118.49738311767578,34.03247833251953
81556707,2021,2021-08-27,1933,2021-08-26,0801,826,23,4,5,6,1933,0,0,0,NA,0,002,ARBOR VITAE ST,KENWOOD ST,0,NA,Y,A,-,N,NA,NA,NA,NA,NA,NA,NA,NA,NA,Y,3,0,1,2,A,-,09,21802,A,N,A,C,A,A,H,-,A,A,0,NA,NA,NA,NA,Y,NA,A,01,0,1,0,0,0,0,0,0,0,-,-,33.9527587890625,-118.36676788330078,LOS ANGELES,INGLEWOOD,-118.36682891845705,33.95269775390625
81557476,2021,2021-08-30,1965,2021-06-17,2017,3553,0B1N,4,5,5,1965,0,0,0,NA,0,B001,OCEAN AVE,IDAHO AVE,167,S,N,A,-,N,NA,NA,NA,NA,NA,NA,NA,NA,NA,N,3,0,1,2,A,-,05,21650,1,N,H,G,A,A,H,-,C,A,0,NA,Y,NA,NA,Y,NA,L,04,0,1,0,0,0,0,1,0,0,-,-,NA,NA,LOS ANGELES,SANTA MONICA,-118.50557708740234,34.02056121826172
81557479,2021,2021-08-30,1965,2021-07-16,1434,3553,0B3A,5,5,5,1965,0,0,0,NA,0,B003,WILSHIRE BLVD,CHELSEA AVE,40,E,N,A,-,N,NA,NA,NA,NA,NA,NA,NA,NA,NA,Y,3,0,1,2,C,-,18,NA,NA,N,C,E,A,A,H,-,A,A,0,NA,NA,NA,NA,Y,NA,-,-,0,1,0,0,0,0,0,0,0,-,-,NA,NA,LOS ANGELES,SANTA MONICA,-118.47897338867188,34.0347785949707
81557480,2021,2021-08-30,1965,2021-07-22,1225,3553,0B1G,4,5,5,1965,0,0,0,NA,0,B001,4TH ST,OLYMPIC BLVD (S),45,S,N,A,-,N,NA,NA,NA,NA,NA,NA,NA,NA,NA,N,4,0,1,2,A,-,03,22350,NA,N,C,C,A,A,H,-,A,A,0,NA,NA,NA,NA,Y,NA,J,48,0,0,1,0,0,0,0,0,0,-,-,NA,NA,LOS ANGELES,SANTA MONICA,-118.489990234375,34.01207733154297
81557659,2021,2021-08-30,1965,2021-06-24,2218,3553,0B2A,4,5,5,1965,0,0,0,NA,0,B002,LINCOLN BLVD,PICO BLVD,24,N,N,B,-,Y,NA,NA,NA,NA,NA,NA,NA,NA,NA,N,2,0,1,2,A,-,11,21456,C,N,G,B,D,A,H,-,C,A,0,Y,NA,NA,NA,Y,Y,N,60,1,0,0,0,1,0,0,0,0,-,-,NA,NA,LOS ANGELES,SANTA MONICA,-118.48300170898438,34.012359619140625
81557668,2021,2021-08-30,1965,2021-07-08,2100,3553,0B3G,4,5,5,1965,0,0,0,NA,0,B003,BROADWAY,21ST ST,14,E,N,A,-,N,NA,NA,NA,NA,NA,NA,NA,NA,NA,N,3,0,1,2,A,-,10,21950,A,N,G,B,B,A,H,-,C,A,0,Y,NA,NA,NA,Y,NA,A,08,0,1,0,0,1,0,0,0,0,-,-,NA,NA,LOS ANGELES,SANTA MONICA,-118.47723388671876,34.02836608886719
81558943,2021,2021-08-31,1922,2021-08-11,1428,620,NA,3,5,6,1922,0,0,0,NA,0,002,RAMONA BLVD,DURFEE AVE,0,NA,Y,A,-,N,NA,NA,NA,NA,NA,NA,NA,NA,NA,Y,4,0,1,2,A,-,09,21802,A,N,D,C,A,A,H,-,A,A,0,NA,NA,NA,NA,Y,NA,A,01,0,0,1,0,0,0,0,0,0,-,-,34.076229095458984,-118.00518798828124,LOS ANGELES,EL MONTE,-118.005126953125,34.07622146606445
81558958,2021,2021-08-31,1924,2021-08-02,1635,80450,21,1,5,5,1924,0,0,0,NA,0,8T5,WESTERN AVENUE,162ND STREET,0,NA,Y,A,-,N,NA,NA,NA,NA,NA,NA,NA,NA,NA,N,3,0,2,2,A,-,03,22350,NA,N,A,C,A,A,H,-,A,A,0,NA,NA,NA,NA,Y,NA,A,01,0,1,1,0,0,0,0,0,0,-,-,33.88373947143555,-118.3091278076172,LOS ANGELES,GARDENA,-118.30915832519533,33.8837776184082
81558960,2021,2021-08-31,1924,2021-08-10,1600,80465,32,2,5,5,1924,0,0,0,NA,0,NA,REDONDO BEACH BOULEVARD,WESTERN AVENUE,57,W,N,A,-,N,NA,NA,NA,NA,NA,NA,NA,NA,NA,Y,4,0,1,4,A,-,12,21453,A,N,D,E,A,A,H,-,A,A,0,NA,NA,NA,NA,Y,NA,A,01,0,0,1,0,0,0,0,0,0,-,-,33.888519287109375,-118.30914306640624,LOS ANGELES,GARDENA,-118.30934143066406,33.88845443725586
81558963,2021,2021-08-31,1924,2021-08-17,0606,80450,08,2,5,5,1924,0,0,0,NA,0,8T5,GRAMERCY PLACE,132ND STREET,135,S,N,A,-,N,NA,NA,NA,NA,NA,NA,NA,NA,NA,Y,3,0,1,2,A,-,03,22350,NA,M,C,E,A,A,H,-,B,D,0,NA,NA,NA,NA,Y,NA,A,01,0,1,0,0,0,0,0,0,0,-,-,33.912628173828125,-118.31314086914064,LOS ANGELES,GARDENA,-118.31317138671876,33.91225814819336
81558964,2021,2021-08-31,1924,2021-08-17,0946,80450,35,2,5,5,1924,0,0,0,NA,0,8T5,BUDLONG AVENUE,MARINE AVENUE,307,S,N,A,-,N,NA,NA,NA,NA,NA,NA,NA,NA,NA,Y,4,0,2,3,A,-,09,21804,A,N,D,C,A,A,H,-,A,D,0,NA,NA,NA,NA,Y,NA,A,07,0,0,2,0,0,0,0,0,0,-,-,33.8946418762207,-118.29605865478516,LOS ANGELES,GARDENA,-118.29612731933594,33.893798828125
81558969,2021,2021-08-31,1924,2021-08-19,1458,80458,13,4,5,5,1924,0,0,0,NA,0,0G1,WESTERN AVENUE,137TH STREET,300,N,N,A,-,N,NA,NA,NA,NA,NA,NA,NA,NA,NA,N,3,0,2,2,A,-,09,21804,A,N,D,C,A,A,H,-,A,D,0,NA,NA,NA,NA,Y,NA,A,01,0,1,1,0,0,0,0,0,0,-,-,33.907310485839844,-118.30911254882813,LOS ANGELES,GARDENA,-118.30911254882813,33.908203125
81558971,2021,2021-08-31,1924,2021-08-19,1837,80470,G3,4,5,5,1924,0,0,0,NA,0,0G2,NORMANDIE AVENUE,EL SEGUNDO BOULEVARD,0,NA,Y,A,-,N,NA,NA,NA,NA,NA,NA,NA,NA,NA,Y,4,0,1,3,A,-,09,21801,A,N,D,C,A,A,H,-,A,A,0,NA,NA,NA,NA,Y,NA,A,01,0,0,1,0,0,0,0,0,0,-,-,33.91646957397461,-118.30037689208984,LOS ANGELES,GARDENA,-118.30039215087892,33.91642761230469
81560033,2021,2021-09-01,1933,2021-06-29,1202,812,13,2,5,6,1933,0,0,0,NA,0,003,MANCHESTER BLVD,VAN NESS AV,0,NA,Y,A,-,N,NA,NA,NA,NA,NA,NA,NA,NA,NA,N,3,0,1,2,A,-,03,22350,NA,F,G,B,B,A,H,-,A,A,0,Y,NA,NA,NA,Y,NA,A,07,0,1,0,0,1,0,0,0,0,-,-,33.95998001098633,-118.31771087646484,LOS ANGELES,INGLEWOOD,-118.31776428222656,33.95996856689453
81560039,2021,2021-09-01,1933,2021-08-22,1856,1037,01,7,5,6,1933,0,0,0,NA,0,001,LA BREA AV,HYDE PARK BLVD,0,NA,Y,A,-,N,NA,NA,NA,NA,NA,NA,NA,NA,NA,N,4,0,2,2,A,-,08,22107,NA,N,D,C,A,A,H,-,B,A,0,NA,NA,NA,NA,Y,NA,A,01,0,0,2,0,0,0,0,0,0,-,-,33.97132110595703,-118.35738372802734,LOS ANGELES,INGLEWOOD,-118.35746002197266,33.971282958984375
81560041,2021,2021-09-01,1933,2021-08-22,2105,1019,29,7,5,6,1933,0,0,0,NA,0,003,CENTURY BLVD,5TH AV,0,NA,Y,A,-,N,NA,NA,NA,NA,NA,NA,NA,NA,NA,Y,2,0,2,2,A,-,03,22350,NA,N,C,C,A,A,H,-,C,A,0,NA,NA,NA,NA,Y,NA,A,01,1,0,1,0,0,0,0,0,0,-,-,33.94548034667969,-118.32211303710938,LOS ANGELES,INGLEWOOD,-118.32212829589844,33.945289611816406
81560044,2021,2021-09-01,1933,2021-08-26,1403,869,09,4,5,6,1933,0,0,0,NA,0,001,FLORENCE AV,EUCALYPTUS AV,5,E,N,A,-,N,NA,NA,NA,NA,NA,NA,NA,NA,NA,N,4,0,1,2,A,-,12,21453,A,N,D,C,A,A,H,-,A,A,0,NA,NA,NA,NA,Y,NA,A,01,0,0,1,0,0,0,0,0,0,-,-,33.965511322021484,-118.3594970703125,LOS ANGELES,INGLEWOOD,-118.35958099365234,33.96543884277344
81560053,2021,2021-09-01,1933,2021-08-27,0756,828,34,5,5,6,1933,0,0,0,NA,0,004,PRAIRIE AV,111TH ST (S),80,S,N,A,-,N,NA,NA,NA,NA,NA,NA,NA,NA,NA,Y,4,0,1,3,A,-,03,22350,NA,F,C,C,A,A,H,-,A,D,0,NA,NA,NA,Y,Y,NA,D,22,0,0,1,0,0,0,0,0,0,-,-,33.93461990356445,-118.34390258789064,LOS ANGELES,INGLEWOOD,-118.34391021728516,33.934329986572266
81560054,2021,2021-09-01,1933,2021-08-27,1617,959,10,5,5,6,1933,0,0,0,NA,0,001,MANCHESTER BLVD,LA BREA AV,90,W,N,A,-,N,NA,NA,NA,NA,NA,NA,NA,NA,NA,Y,3,0,1,2,A,-,09,21804,A,N,H,G,A,A,H,-,A,A,0,NA,Y,NA,NA,Y,NA,L,04,0,1,0,0,0,0,1,0,0,-,-,33.96181869506836,-118.353271484375,LOS ANGELES,INGLEWOOD,-118.3536376953125,33.961761474609375
81560056,2021,2021-09-01,1933,2021-08-28,1823,1066,05,6,5,6,1933,0,0,0,NA,0,001,CENTINELA AV,BEACH AV,362,W,N,A,-,N,NA,NA,NA,NA,NA,NA,NA,NA,NA,Y,4,0,1,2,A,-,08,22107,NA,N,D,C,A,A,H,-,A,D,0,NA,NA,NA,NA,Y,NA,A,01,0,0,1,0,0,0,0,0,0,-,-,33.970741271972656,-118.34786224365234,LOS ANGELES,INGLEWOOD,-118.36805725097656,33.97710418701172
81560889,2021,2021-09-02,1933,2021-08-31,0640,812,01,2,5,6,1933,0,0,0,NA,0,001,CENTINELA AV,INGLEWOOD AV,128,E,N,B,-,N,NA,NA,NA,NA,NA,NA,NA,NA,NA,Y,4,0,2,4,A,-,01,23152,A,N,C,C,F,A,H,-,A,A,0,Y,NA,NA,NA,Y,Y,A,01,0,0,2,0,1,0,0,0,0,-,-,33.97663879394531,-118.36118316650392,LOS ANGELES,INGLEWOOD,-118.36093139648438,33.976524353027344
81561987,2021,2021-09-03,1933,2021-03-29,1525,1017,04,1,5,6,1933,0,0,0,NA,0,001,BEACH AV,EUCALYPTUS AV,0,NA,Y,A,-,N,NA,NA,NA,NA,NA,NA,NA,NA,NA,N,4,0,1,2,D,-,00,NA,NA,N,G,B,B,A,H,-,A,A,0,Y,NA,NA,NA,Y,NA,-,-,0,0,1,0,1,0,0,0,0,-,-,33.96894836425781,-118.3586883544922,LOS ANGELES,INGLEWOOD,-118.35881042480467,33.96890640258789
81561988,2021,2021-09-03,1933,2021-03-30,0726,812,23,2,5,6,1933,0,0,0,NA,0,002,97TH ST,INGLEWOOD AV,180,W,N,B,-,N,NA,NA,NA,NA,NA,NA,NA,NA,NA,Y,4,0,2,5,A,-,01,23152,A,N,B,E,A,A,H,-,A,D,0,NA,NA,NA,NA,Y,Y,A,01,0,0,2,0,0,0,0,0,0,-,-,33.94858169555664,-118.361328125,LOS ANGELES,INGLEWOOD,-118.36194610595705,33.948490142822266
81561989,2021,2021-09-03,1933,2021-04-16,1603,1009,12,5,5,6,1933,0,0,0,NA,0,003,8TH AV,79TH ST,0,NA,Y,A,-,N,NA,NA,NA,NA,NA,NA,NA,NA,NA,N,4,0,1,2,A,-,12,22450,A,N,D,C,A,A,H,-,A,D,0,NA,NA,NA,NA,Y,NA,-,-,0,0,1,0,0,0,0,0,0,-,-,33.96723175048828,-118.3263931274414,LOS ANGELES,INGLEWOOD,-118.32649993896484,33.96725845336914
81561996,2021,2021-09-03,1933,2021-02-10,1613,826,13,3,5,6,1933,0,0,0,NA,0,003,MANCHESTER BLVD,CRENSHAW BLVD,0,NA,Y,A,-,N,NA,NA,NA,NA,NA,NA,NA,NA,NA,Y,3,0,1,3,A,-,09,21801,A,N,D,C,A,A,H,-,A,A,0,NA,NA,NA,NA,Y,NA,A,01,0,1,0,0,0,0,0,0,0,-,-,33.95998001098633,-118.32653045654295,LOS ANGELES,INGLEWOOD,-118.32649993896484,33.95990753173828
81561998,2021,2021-09-03,1933,2021-02-11,1504,959,10,4,5,6,1933,0,0,0,NA,0,001,MANCHESTER BLVD,PRAIRIE AV,0,NA,Y,A,-,N,NA,NA,NA,NA,NA,NA,NA,NA,NA,Y,4,0,1,4,A,-,03,22350,NA,N,C,C,A,A,H,-,A,A,0,NA,NA,NA,NA,Y,NA,A,01,0,0,1,0,0,0,0,0,0,-,-,33.959861755371094,-118.34387969970705,LOS ANGELES,INGLEWOOD,-118.34396362304688,33.959842681884766
81562758,2021,2021-09-06,1965,2021-06-19,0508,4069,1965,6,5,5,1965,0,0,0,NA,0,OB2A B,LINCOLN BLVD,HILL ST,75,S,N,B,-,N,NA,NA,NA,NA,NA,NA,NA,NA,NA,Y,3,0,1,1,A,-,08,22107,NA,N,E,I,A,A,H,-,C,D,0,NA,NA,NA,NA,Y,Y,A,01,0,1,0,0,0,0,0,0,0,-,-,NA,NA,LOS ANGELES,SANTA MONICA,-118.47455596923828,34.005645751953125
81562762,2021,2021-09-06,1965,2021-06-21,1130,4088,0B3C,1,5,5,1965,0,0,0,NA,0,B003,COLORADO AVE,11TH ST,0,NA,Y,A,-,N,NA,NA,NA,NA,NA,NA,NA,NA,NA,N,4,0,1,2,A,-,08,22101,D,N,H,F,A,A,H,-,A,A,0,NA,NA,NA,NA,Y,NA,A,01,0,0,1,0,0,0,0,0,0,-,-,NA,NA,LOS ANGELES,SANTA MONICA,-118.48546600341795,34.0191535949707
81562773,2021,2021-09-06,1965,2021-06-27,1455,3764,0B4E,7,5,5,1965,0,0,0,NA,0,B004,MONTANA AVE,EUCLID ST,16,W,N,B,-,N,NA,NA,NA,NA,NA,NA,NA,NA,NA,N,3,0,1,2,A,-,09,21802,A,N,H,G,A,A,H,-,A,A,0,NA,Y,NA,NA,Y,NA,L,04,0,1,0,0,0,0,1,0,0,-,-,NA,NA,LOS ANGELES,SANTA MONICA,-118.49617767333984,34.03139114379883
81562787,2021,2021-09-06,1965,2021-07-01,0755,3984,0B1J,4,5,5,1965,0,0,0,NA,0,B001,7TH ST,SANTA MONICA BLVD,0,NA,Y,A,-,N,NA,NA,NA,NA,NA,NA,NA,NA,NA,N,4,0,1,2,A,-,10,21950,A,N,G,B,B,A,H,-,A,A,0,Y,NA,NA,NA,Y,NA,A,07,0,0,1,0,1,0,0,0,0,-,-,NA,NA,LOS ANGELES,SANTA MONICA,-118.49234771728516,34.018741607666016
81562790,2021,2021-09-06,1965,2021-07-02,1309,3984,0B1G,5,5,5,1965,0,0,0,NA,0,B001,4TH ST,OLYMPIC DR,0,NA,Y,A,-,N,NA,NA,NA,NA,NA,NA,NA,NA,NA,Y,4,0,1,3,A,-,12,21453,A,N,D,C,A,A,H,-,A,A,0,NA,NA,NA,NA,Y,NA,A,01,0,0,1,0,0,0,0,0,0,-,-,NA,NA,LOS ANGELES,SANTA MONICA,-118.49002838134766,34.012054443359375
81562801,2021,2021-09-06,1965,2021-07-04,1609,3764,0B1O,7,5,5,1965,0,0,0,NA,0,B001,PACIFIC COAST HWY,NOT STATED,0,NA,-,A,-,Y,NA,NA,NA,NA,NA,NA,NA,NA,NA,Y,3,0,1,3,A,-,07,21658,A,F,B,C,A,A,H,-,A,D,0,NA,NA,Y,NA,Y,NA,A,01,0,1,0,0,0,0,0,0,1,-,-,NA,NA,LOS ANGELES,SANTA MONICA,NA,NA
81562804,2021,2021-09-06,1965,2021-07-18,0024,4069,NA,7,5,5,1965,0,0,0,NA,0,NA,NEILSON WAY,KINNEY ST,0,NA,Y,A,-,N,NA,NA,NA,NA,NA,NA,NA,NA,NA,Y,4,0,1,3,A,-,08,22107,NA,N,B,D,A,A,H,-,C,D,0,NA,NA,Y,NA,Y,NA,C,02,0,0,1,0,0,0,0,0,1,-,-,NA,NA,LOS ANGELES,SANTA MONICA,-118.48126220703124,33.998653411865234
81563103,2021,2021-09-06,1965,2021-07-07,2030,3764,0B1G,3,5,5,1965,0,0,0,NA,0,B001,OLYMPIC DR,MAIN ST,149,E,N,A,-,N,NA,NA,NA,NA,NA,NA,NA,NA,NA,N,4,0,1,3,A,-,16,26708,A,N,B,E,E,A,H,-,C,D,0,Y,NA,NA,NA,Y,NA,A,01,0,0,1,0,1,0,0,0,0,-,-,NA,NA,LOS ANGELES,SANTA MONICA,-118.4911651611328,34.011234283447266
81563107,2021,2021-09-06,1965,2021-07-10,0816,4053,0B1F,6,5,5,1965,0,0,0,NA,0,B001,OCEAN PARK BLVD,MAIN ST,50,E,N,A,-,N,NA,NA,NA,NA,NA,NA,NA,NA,NA,N,3,0,1,2,A,-,08,22107,NA,N,H,G,A,A,H,-,A,A,0,NA,Y,NA,NA,Y,NA,A,01,0,1,0,0,0,0,1,0,0,-,-,NA,NA,LOS ANGELES,SANTA MONICA,-118.48380279541016,34.00238800048828
81563108,2021,2021-09-06,1965,2021-07-13,1040,4083,0B3C,2,5,5,1965,0,0,0,NA,0,B003,BROADWAY,17TH ST,0,NA,Y,A,-,N,NA,NA,NA,NA,NA,NA,NA,NA,NA,N,3,0,1,2,A,-,08,22107,NA,N,H,G,A,A,H,-,A,A,0,NA,Y,NA,NA,Y,NA,A,01,0,1,0,0,0,0,1,0,0,-,-,NA,NA,LOS ANGELES,SANTA MONICA,-118.48133087158205,34.02506637573242
81563293,2021,2021-09-06,1922,2021-08-14,0218,697,NA,6,5,6,1922,0,0,0,NA,0,003,GARVEY AVE,EDWARDS AVE,220,E,N,A,-,N,NA,NA,NA,NA,NA,NA,NA,NA,NA,Y,2,0,3,3,A,-,01,23153,A,N,D,E,A,A,H,-,C,D,0,NA,NA,NA,NA,Y,Y,A,01,3,0,0,0,0,0,0,0,0,-,-,34.06283950805664,-118.04908752441406,LOS ANGELES,EL MONTE,-118.04834747314452,34.0627326965332
81563294,2021,2021-09-06,1922,2021-08-20,2139,669,NA,5,5,6,1922,0,0,0,NA,0,004,POINSETTIA AVE,BRYCE RD,500,E,N,A,-,N,NA,NA,NA,NA,NA,NA,NA,NA,NA,Y,4,0,1,3,A,-,01,23153,A,N,D,E,A,A,H,-,C,D,0,NA,NA,NA,NA,Y,NA,A,01,0,0,1,0,0,0,0,0,0,-,-,34.052459716796875,-118.01644134521484,LOS ANGELES,EL MONTE,-118.01527404785156,34.051490783691406