CASE_ID,ACCIDENT_YEAR,PROC_DATE,JURIS,COLLISION_DATE,COLLISION_TIME,OFFICER_ID,REPORTING_DISTRICT,DAY_OF_WEEK,CHP_SHIFT,POPULATION,CNTY_CITY_LOC,SPECIAL_COND,BEAT_TYPE,CHP_BEAT_TYPE,CITY_DIVISION_LAPD,CHP_BEAT_CLASS,BEAT_NUMBER,PRIMARY_RD,SECONDARY_RD,DISTANCE,DIRECTION,INTERSECTION,WEATHER_1,WEATHER_2,STATE_HWY_IND,CALTRANS_COUNTY,CALTRANS_DISTRICT,STATE_ROUTE,ROUTE_SUFFIX,POSTMILE_PREFIX,POSTMILE,LOCATION_TYPE,RAMP_INTERSECTION,SIDE_OF_HWY,TOW_AWAY,COLLISION_SEVERITY,NUMBER_KILLED,NUMBER_INJURED,PARTY_COUNT,PRIMARY_COLL_FACTOR,PCF_CODE_OF_VIOL,PCF_VIOL_CATEGORY,PCF_VIOLATION,PCF_VIOL_SUBSECTION,HIT_AND_RUN,TYPE_OF_COLLISION,MVIW,PED_ACTION,ROAD_SURFACE,ROAD_COND_1,ROAD_COND_2,LIGHTING,CONTROL_DEVICE,CHP_ROAD_TYPE,PEDESTRIAN_ACCIDENT,BICYCLE_ACCIDENT,MOTORCYCLE_ACCIDENT,TRUCK_ACCIDENT,NOT_PRIVATE_PROPERTY,ALCOHOL_INVOLVED,STWD_VEHTYPE_AT_FAULT,CHP_VEHTYPE_AT_FAULT,COUNT_SEVERE_INJ,COUNT_VISIBLE_INJ,COUNT_COMPLAINT_PAIN,COUNT_PED_KILLED,COUNT_PED_INJURED,COUNT_BICYCLIST_KILLED,COUNT_BICYCLIST_INJURED,COUNT_MC_KILLED,COUNT_MC_INJURED,PRIMARY_RAMP,SECONDARY_RAMP,LATITUDE,LONGITUDE,COUNTY,CITY,POINT_X,POINT_Y
81692200,2022,2022-02-03,1922,2022-01-13,1034,699,NA,4,5,6,1922,0,0,0,NA,0,004,DURFEE AVE,ELLIOTT AVE,0,NA,Y,A,-,N,NA,NA,NA,NA,NA,NA,NA,NA,NA,N,4,0,1,2,A,-,10,21950,A,N,G,B,B,A,H,-,A,A,0,Y,NA,NA,NA,Y,NA,A,01,0,0,1,0,1,0,0,0,0,-,-,34.05337905883789,-118.02056884765624,LOS ANGELES,EL MONTE,-118.02051544189452,34.05337142944336
81692208,2021,2022-02-03,1969,2021-12-31,2051,10231,PATRO,5,5,5,1969,0,0,0,NA,0,001,TWEEDY BLVD,MONTARA AV,33,W,N,A,-,N,NA,NA,NA,NA,NA,NA,NA,NA,NA,N,4,0,1,1,A,-,08,22107,NA,N,E,I,A,A,H,-,C,D,0,NA,NA,NA,NA,Y,NA,A,01,0,0,1,0,0,0,0,0,0,-,-,33.94565963745117,-118.21865081787108,LOS ANGELES,SOUTH GATE,-118.21875,33.945587158203125
81692210,2022,2022-02-03,1969,2022-01-02,1117,10165,TRAFF,7,5,5,1969,0,0,0,NA,0,005,PARAMOUNT BLVD,SOMERSET RANCH RD S,110,N,N,A,-,N,NA,NA,NA,NA,NA,NA,NA,NA,NA,N,4,0,1,2,A,-,03,22350,NA,N,C,C,A,A,H,-,A,D,0,NA,NA,NA,NA,Y,NA,A,08,0,0,1,0,0,0,0,0,0,-,-,NA,NA,LOS ANGELES,SOUTH GATE,-118.16007995605467,33.911521911621094
81692440,2022,2022-02-03,1933,2022-01-22,0635,1069,03,6,5,6,1933,0,0,0,NA,0,001,FLORENCE AV,N. HIGH STREET,0,NA,Y,A,-,N,NA,NA,NA,NA,NA,NA,NA,NA,NA,Y,3,0,1,1,A,-,03,22350,NA,N,E,I,A,A,H,-,B,A,0,NA,NA,NA,NA,Y,NA,A,01,0,1,0,0,0,0,0,0,0,-,-,NA,NA,LOS ANGELES,INGLEWOOD,-118.33853912353516,33.97416687011719
81693319,2021,2022-02-04,1965,2021-12-16,0045,4005,0B1C,4,5,5,1965,0,0,0,NA,0,B001,PACIFIC COAST HIGHWAY TO 1550 PACIFIC COAST HIGHWA,1550 PACIFIC COAST HIGHWAY,25,N,N,A,-,Y,NA,NA,NA,NA,NA,NA,NA,NA,NA,N,4,0,4,2,A,-,03,22350,NA,M,C,C,A,A,H,-,C,A,0,NA,NA,NA,NA,Y,NA,A,01,0,0,4,0,0,0,0,0,0,-,-,34.01103973388672,-118.49591827392578,LOS ANGELES,SANTA MONICA,-118.50809478759766,34.02135467529297
81693320,2021,2022-02-04,1965,2021-12-29,1050,4083,0B2A,3,5,5,1965,0,0,0,NA,0,B002,LINCOLN BLVD,PIER AVENUE,0,NA,Y,C,-,N,NA,NA,NA,NA,NA,NA,NA,NA,NA,Y,4,0,2,2,A,-,09,21801,A,N,D,C,A,B,H,-,A,A,0,NA,NA,NA,NA,Y,NA,A,01,0,0,2,0,0,0,0,0,0,-,-,NA,NA,LOS ANGELES,SANTA MONICA,-118.4726104736328,34.00417709350586
81693396,2022,2022-02-04,1933,2022-02-02,1843,960,03,3,5,6,1933,0,0,0,NA,0,001,FLORENCE AV,WEST BLVD,0,NA,Y,A,-,N,NA,NA,NA,NA,NA,NA,NA,NA,NA,N,4,0,1,2,A,-,08,22107,NA,N,B,C,A,A,H,-,C,A,0,NA,NA,NA,NA,Y,NA,A,01,0,0,1,0,0,0,0,0,0,-,-,33.974510192871094,-118.33518981933594,LOS ANGELES,INGLEWOOD,-118.335205078125,33.9744873046875
81694256,2022,2022-02-07,1923,2022-01-13,1046,459,310,4,5,3,1923,0,0,0,NA,0,3M5,MARIPOSA AVENUE,DULEY RD,187,W,N,B,-,N,NA,NA,NA,NA,NA,NA,NA,NA,NA,Y,3,0,1,2,A,-,03,22350,NA,N,D,C,A,A,H,-,A,D,0,NA,NA,NA,Y,Y,NA,A,01,0,1,0,0,0,0,0,0,0,-,-,33.92361831665039,-118.38542938232422,LOS ANGELES,EL SEGUNDO,-118.38595581054688,33.92361068725586
81694258,2022,2022-02-07,1923,2022-01-24,1854,491,105,1,5,3,1923,0,0,0,NA,0,3L1S,MAIN ST,MAPLE AVE,0,NA,Y,A,-,N,NA,NA,NA,NA,NA,NA,NA,NA,NA,Y,4,0,2,2,A,-,12,22450,NA,N,D,C,A,A,H,-,C,A,0,NA,NA,NA,NA,Y,NA,A,01,0,0,2,0,0,0,0,0,0,-,-,33.926998138427734,-118.41596221923828,LOS ANGELES,EL SEGUNDO,-118.41600799560548,33.927001953125
81694473,2022,2022-02-07,1922,2022-01-08,1500,692,NA,6,5,6,1922,0,0,0,NA,0,001,LOWER AZUSA RD,BALDWIN AVE,0,NA,Y,A,-,N,NA,NA,NA,NA,NA,NA,NA,NA,NA,N,4,0,1,2,A,-,12,21453,A,N,D,C,A,A,H,-,A,A,0,NA,NA,NA,NA,Y,NA,D,22,0,0,1,0,0,0,0,0,0,-,-,34.0907096862793,-118.04895782470705,LOS ANGELES,EL MONTE,-118.04896545410156,34.0906867980957
81694475,2022,2022-02-07,1922,2022-01-19,1936,682,NA,3,5,6,1922,0,0,0,NA,0,NA,PECK RD,VALLEY BLVD,50,S,N,A,-,N,NA,NA,NA,NA,NA,NA,NA,NA,NA,N,4,0,3,3,A,-,03,22350,NA,N,C,C,A,A,H,-,C,A,0,NA,NA,NA,NA,Y,NA,A,01,0,0,3,0,0,0,0,0,0,-,-,34.06903076171875,-118.0281219482422,LOS ANGELES,EL MONTE,-118.02822875976564,34.06882858276367
81694486,2021,2022-02-07,1923,2021-12-30,0002,529,E212,4,5,3,1923,0,0,0,NA,0,3L6M,PACIFIC COAST HIGHWAY,EL SEGUNDO BLVD,0,NA,Y,C,-,Y,NA,NA,NA,NA,NA,NA,NA,NA,NA,Y,2,0,2,2,A,-,08,22107,NA,N,B,C,A,B,H,-,C,A,0,NA,NA,NA,NA,Y,NA,A,07,1,0,1,0,0,0,0,0,0,-,-,33.91633987426758,-118.39598846435548,LOS ANGELES,EL SEGUNDO,-118.39611053466795,33.9163818359375
81695477,2022,2022-02-08,1909,2022-01-30,1032,602,1909,7,5,4,1909,0,0,0,NA,0,NORTH,6355 FLORENCE AVE,GARFIELD AVE,0,E,Y,A,-,N,NA,NA,NA,NA,NA,NA,NA,NA,NA,N,4,0,1,2,A,-,03,22350,NA,N,C,C,A,A,H,-,A,A,0,NA,NA,NA,NA,Y,Y,A,07,0,0,1,0,0,0,0,0,0,-,-,NA,NA,LOS ANGELES,BELL GARDENS,-118.15169525146484,33.965335845947266
81695583,2021,2022-02-08,1933,2021-12-23,1832,1063,05,4,5,6,1933,0,0,0,NA,0,001,CENTINELA AV,FLORENCE AV,0,NA,Y,A,-,N,NA,NA,NA,NA,NA,NA,NA,NA,NA,N,4,0,1,2,D,-,00,NA,NA,N,B,C,A,A,H,-,C,A,0,NA,NA,NA,NA,Y,NA,-,-,0,0,1,0,0,0,0,0,0,-,-,33.96979904174805,-118.34707641601564,LOS ANGELES,INGLEWOOD,-118.34722900390624,33.96983337402344
81695585,2022,2022-02-08,1933,2022-01-30,2100,1035,18,7,5,6,1933,0,0,0,NA,0,002,99TH ST,FLOWER ST,3,E,N,A,-,N,NA,NA,NA,NA,NA,NA,NA,NA,NA,N,3,0,1,2,A,-,08,22107,NA,N,G,B,D,A,F,H,C,A,0,Y,NA,NA,NA,Y,NA,A,01,0,1,0,0,1,0,0,0,0,-,-,33.94668960571289,-118.34664916992188,LOS ANGELES,INGLEWOOD,-118.3466796875,33.946659088134766
81696409,2022,2022-02-09,1922,2022-01-02,1403,698,NA,7,5,6,1922,0,0,0,NA,0,001,BALDWIN AVE,ROSE AVE,0,NA,Y,A,-,N,NA,NA,NA,NA,NA,NA,NA,NA,NA,Y,4,0,1,2,A,-,09,21801,A,N,D,C,A,A,H,-,A,A,0,NA,NA,NA,NA,Y,NA,A,01,0,0,1,0,0,0,0,0,0,-,-,34.081241607666016,-118.05194854736328,LOS ANGELES,EL MONTE,-118.0519790649414,34.081180572509766
81696411,2022,2022-02-09,1922,2022-01-05,1200,650,NA,3,5,6,1922,0,0,0,NA,0,001,BALDWIN AVE,VALLEY BLVD,130,N,N,A,-,N,NA,NA,NA,NA,NA,NA,NA,NA,NA,N,3,0,1,2,A,-,09,21801,B,F,D,G,A,A,H,-,A,D,0,NA,Y,NA,NA,Y,NA,L,04,0,1,0,0,0,0,1,0,0,-,-,34.079010009765625,-118.05283355712892,LOS ANGELES,EL MONTE,-118.0526885986328,34.0793571472168
81696412,2022,2022-02-09,1922,2022-01-13,1917,694,NA,4,5,6,1922,0,0,0,NA,0,003,SANTA ANITA AVE,GARVEY AVE,850,S,N,A,-,N,NA,NA,NA,NA,NA,NA,NA,NA,NA,Y,2,0,1,4,A,-,03,22350,NA,M,C,C,A,A,H,-,C,A,0,NA,NA,NA,NA,Y,NA,A,01,1,0,0,0,0,0,0,0,0,-,-,34.06285858154297,-118.04247283935548,LOS ANGELES,EL MONTE,-118.0423583984375,34.0604248046875
81696413,2022,2022-02-09,1922,2022-01-14,1709,681,NA,5,5,6,1922,0,0,0,NA,0,003,GARVEY AVE,CENTRAL AVE,300,W,N,A,-,N,NA,NA,NA,NA,NA,NA,NA,NA,NA,N,4,0,2,3,A,-,04,21703,NA,N,C,C,A,A,H,-,A,D,0,NA,NA,NA,NA,Y,NA,D,22,0,0,2,0,0,0,0,0,0,-,-,34.062679290771484,-118.04694366455078,LOS ANGELES,EL MONTE,-118.04790496826172,34.06272888183594
81696416,2022,2022-02-09,1923,2022-01-20,1739,510,E108,4,5,3,1923,0,0,0,NA,0,ES1,MAIN ST,PINE AVE,0,NA,Y,A,-,N,NA,NA,NA,NA,NA,NA,NA,NA,NA,N,3,0,1,2,A,-,10,21950,A,N,G,B,B,A,H,-,C,D,0,Y,NA,NA,Y,Y,NA,F,26,0,1,0,0,1,0,0,0,0,-,-,33.922210693359375,-118.4159698486328,LOS ANGELES,EL SEGUNDO,-118.41598510742188,33.92220687866211
81696516,2022,2022-02-09,1933,2022-02-07,0323,1053,23,1,5,6,1933,0,0,0,NA,0,002,95TH ST,OAK ST,47,W,N,A,-,N,NA,NA,NA,NA,NA,NA,NA,NA,NA,Y,4,0,1,2,A,-,01,23152,A,N,A,E,A,A,H,-,C,D,0,NA,NA,NA,NA,Y,Y,A,01,0,0,1,0,0,0,0,0,0,-,-,NA,NA,LOS ANGELES,INGLEWOOD,-118.36585235595705,33.950225830078125
81696517,2022,2022-02-09,1933,2022-01-30,1910,1035,10,7,5,6,1933,0,0,0,NA,0,001,MANCHESTER BLVD,LOCUST ST,36,E,N,A,-,N,NA,NA,NA,NA,NA,NA,NA,NA,NA,N,4,0,1,3,A,-,03,22350,NA,F,C,C,A,A,H,-,C,A,0,NA,NA,NA,NA,Y,NA,A,01,0,0,1,0,0,0,0,0,0,-,-,33.961830139160156,-118.35030364990234,LOS ANGELES,INGLEWOOD,-118.35025787353516,33.96179962158203
81697423,2022,2022-02-10,1965,2022-01-04,0805,4074,NA,2,5,5,1965,0,0,0,NA,0,NA,NEILSON WAY,BICKNELL AVE,0,NA,Y,A,-,N,NA,NA,NA,NA,NA,NA,NA,NA,NA,Y,3,0,1,2,A,-,10,21950,A,N,G,B,B,A,H,-,A,A,0,Y,NA,NA,NA,Y,NA,A,07,0,1,0,0,1,0,0,0,0,-,-,34.00611114501953,-118.48877716064452,LOS ANGELES,SANTA MONICA,-118.48873901367188,34.00601577758789
81697425,2022,2022-02-10,1965,2022-01-07,1146,4083,0B3D,5,5,5,1965,0,0,0,NA,0,B003,PICO BLVD,20TH ST,53,W,N,A,-,N,NA,NA,NA,NA,NA,NA,NA,NA,NA,N,4,0,1,2,A,-,08,22107,NA,F,D,G,A,A,H,-,A,D,0,NA,Y,NA,NA,Y,NA,A,01,0,0,1,0,0,0,1,0,0,-,-,NA,NA,LOS ANGELES,SANTA MONICA,-118.4696044921875,34.01940155029297
81699229,2022,2022-02-14,1909,2022-01-26,1831,615,1909,3,5,4,1909,0,0,0,NA,0,EAST,6600 BLOCK OF FLORENCE AVE,EMIL AVENUE,17,E,N,A,-,N,NA,NA,NA,NA,NA,NA,NA,NA,NA,N,4,0,1,2,A,-,10,21950,A,N,G,B,C,A,H,-,C,A,0,Y,NA,NA,NA,Y,NA,A,01,0,0,1,0,1,0,0,0,0,-,-,NA,NA,LOS ANGELES,BELL GARDENS,NA,NA
81699240,2022,2022-02-14,1909,2022-01-18,1449,498,1909,2,5,4,1909,0,0,0,NA,0,SOUTH,GARFIELD AV,PARK LN,43,N,N,A,-,N,NA,NA,NA,NA,NA,NA,NA,NA,NA,N,4,0,1,2,A,-,12,21453,A,N,D,G,A,A,H,-,A,A,0,NA,Y,NA,NA,Y,NA,L,04,0,0,1,0,0,0,1,0,0,-,-,33.959861755371094,-118.1564483642578,LOS ANGELES,BELL GARDENS,-118.15631866455078,33.95988464355469
81699248,2022,2022-02-14,1909,2022-01-26,0752,613,1909,3,5,4,1909,0,0,0,NA,0,00N,6620 FLORENCE AVENUE,EMIL AVENUE,219,E,N,A,-,N,NA,NA,NA,NA,NA,NA,NA,NA,NA,Y,4,0,1,2,A,-,03,22350,NA,N,C,C,A,A,H,-,A,D,0,NA,NA,NA,NA,Y,NA,D,72,0,0,1,0,0,0,0,0,0,-,-,NA,NA,LOS ANGELES,BELL GARDENS,-118.14714050292967,33.962432861328125
81699253,2022,2022-02-14,1909,2022-01-29,0647,614,1909,6,5,4,1909,0,0,0,NA,0,NORTH,GARFIELD AV,LOVELAND ST,682,S,N,A,-,N,NA,NA,NA,NA,NA,NA,NA,NA,NA,Y,4,0,1,1,A,-,01,23152,A,N,E,I,A,A,H,-,B,D,0,NA,NA,NA,NA,Y,Y,A,07,0,0,1,0,0,0,0,0,0,-,-,33.97005081176758,-118.14900970458984,LOS ANGELES,BELL GARDENS,-118.1500244140625,33.96839904785156
81699256,2022,2022-02-14,1909,2022-02-08,2206,606,1909,2,5,4,1909,0,0,0,NA,0,NORTH,5500 FLORENCE AVEUNE,EASTERN AVEUNE,0,E,Y,A,-,N,NA,NA,NA,NA,NA,NA,NA,NA,NA,N,4,0,1,2,A,-,03,22350,NA,F,C,C,A,A,H,-,C,A,0,NA,NA,NA,NA,Y,NA,-,99,0,0,1,0,0,0,0,0,0,-,-,NA,NA,LOS ANGELES,BELL GARDENS,-118.16486358642578,33.96786117553711
81699489,2022,2022-02-14,1922,2022-01-03,1840,603,NA,1,5,6,1922,0,0,0,NA,0,003,PECK RD,GARVEY AVE,0,NA,Y,A,-,N,NA,NA,NA,NA,NA,NA,NA,NA,NA,Y,4,0,2,2,A,-,09,21801,A,N,D,C,A,A,H,-,C,A,0,NA,NA,NA,NA,Y,NA,A,01,0,0,2,0,0,0,0,0,0,-,-,34.062801361083984,-118.0305404663086,LOS ANGELES,EL MONTE,-118.0305404663086,34.06284713745117
81699491,2022,2022-02-14,1922,2022-01-18,0619,620,NA,2,5,6,1922,0,0,0,NA,0,004,GARVEY AVE,MEEKER AVE (E),206,W,N,A,-,N,NA,NA,NA,NA,NA,NA,NA,NA,NA,Y,3,0,2,2,A,-,03,22350,NA,N,C,C,A,B,H,-,B,A,0,NA,NA,NA,NA,Y,NA,A,01,0,1,1,0,0,0,0,0,0,-,-,34.062801361083984,-118.02642822265624,LOS ANGELES,EL MONTE,-118.02748107910156,34.06285095214844
81699493,2022,2022-02-14,1922,2022-01-27,1717,674,NA,4,5,6,1922,0,0,0,NA,0,001,PECK RD,LAMBERT AVE,80,S,N,A,-,N,NA,NA,NA,NA,NA,NA,NA,NA,NA,N,2,0,1,2,A,-,03,22350,NA,N,B,C,A,A,H,-,A,D,0,NA,NA,Y,NA,Y,NA,C,02,1,0,0,0,0,0,0,0,1,-,-,34.08219909667969,-118.01886749267578,LOS ANGELES,EL MONTE,-118.01894378662108,34.08199691772461
81699765,2022,2022-02-14,1922,2022-01-18,1330,565,NA,2,5,6,1922,0,0,0,NA,0,004,VALLEY BLVD,GARVEY AVE,0,NA,Y,B,-,N,NA,NA,NA,NA,NA,NA,NA,NA,NA,Y,4,0,3,3,A,-,12,21453,A,N,D,C,A,A,H,-,A,A,0,NA,NA,NA,NA,Y,NA,A,01,0,0,3,0,0,0,0,0,0,-,-,34.062808990478516,-118.01938629150392,LOS ANGELES,EL MONTE,-118.01938629150392,34.06289291381836
81699768,2022,2022-02-14,1922,2022-01-19,1020,620,NA,3,5,6,1922,0,0,0,NA,0,004,VALLEY BLVD,MOUNTAIN VIEW RD,515,W,N,B,-,N,NA,NA,NA,NA,NA,NA,NA,NA,NA,Y,3,0,3,2,A,-,09,21804,A,N,D,C,A,A,H,-,A,A,0,NA,NA,NA,NA,Y,NA,A,07,0,1,2,0,0,0,0,0,0,-,-,34.06394958496094,-118.0207977294922,LOS ANGELES,EL MONTE,-118.02212524414064,34.06471252441406
81699772,2022,2022-02-14,1922,2022-01-19,1453,620,NA,3,5,6,1922,0,0,0,NA,0,003,GARVEY AVE,GRANADA AVE,0,NA,Y,A,-,N,NA,NA,NA,NA,NA,NA,NA,NA,NA,N,4,0,1,2,A,-,09,21804,A,N,D,G,A,A,H,-,A,A,0,NA,Y,NA,NA,Y,NA,L,04,0,0,1,0,0,0,1,0,0,-,-,34.062889099121094,-118.04138946533205,LOS ANGELES,EL MONTE,-118.04139709472656,34.062767028808594
81699775,2022,2022-02-14,1922,2022-01-20,1927,706,NA,4,5,6,1922,0,0,0,NA,0,002,COGSWELL RD,LISCOMB ST,50,S,N,A,-,N,NA,NA,NA,NA,NA,NA,NA,NA,NA,N,4,0,2,3,A,-,08,22107,NA,N,A,E,A,A,H,-,C,D,0,NA,NA,NA,NA,Y,NA,A,07,0,0,2,0,0,0,0,0,0,-,-,34.073551177978516,-118.01358795166016,LOS ANGELES,EL MONTE,-118.01366424560548,34.073402404785156
81700723,2021,2022-02-15,1969,2021-12-25,0211,10236,PATRO,6,5,5,1969,0,0,0,NA,0,002,INDEPENDENCE AV,SOUTH GATE AV,30,W,N,A,-,N,NA,NA,NA,NA,NA,NA,NA,NA,NA,Y,3,0,1,4,A,-,08,22107,NA,N,C,E,A,B,H,-,C,D,0,NA,NA,NA,NA,Y,NA,A,01,0,1,0,0,0,0,0,0,0,-,-,33.95856857299805,-118.21401214599608,LOS ANGELES,SOUTH GATE,-118.21409606933594,33.95853042602539
81700725,2022,2022-02-15,1969,2022-01-01,1730,10252,PATRO,6,5,5,1969,0,0,0,NA,0,002,CALIFORNIA AV,TENAYA AV,530,S,N,A,-,N,NA,NA,NA,NA,NA,NA,NA,NA,NA,Y,2,0,1,4,A,-,05,21650,NA,N,B,C,A,A,H,-,C,D,0,NA,NA,Y,NA,Y,NA,C,02,1,0,0,0,0,0,0,0,1,-,-,33.93914031982422,-118.20816040039064,LOS ANGELES,SOUTH GATE,-118.20832061767578,33.9376220703125
81700731,2022,2022-02-15,1969,2022-01-07,1215,10208,TRAFF,5,5,5,1969,0,0,0,NA,0,002,STATE ST,SOUTHERN AV,0,NA,Y,A,-,N,NA,NA,NA,NA,NA,NA,NA,NA,NA,N,4,0,3,2,A,-,09,21801,A,N,D,C,A,A,H,-,A,A,0,NA,NA,NA,NA,Y,NA,A,01,0,0,3,0,0,0,0,0,0,-,-,NA,NA,LOS ANGELES,SOUTH GATE,-118.2126693725586,33.951744079589844
81700737,2022,2022-02-15,1969,2022-01-09,1829,10145,PATRO,7,5,5,1969,0,0,0,NA,0,001,LONG BEACH BLVD,LAUREL PL,20,N,N,A,-,N,NA,NA,NA,NA,NA,NA,NA,NA,NA,N,4,0,1,3,A,-,03,22350,NA,N,C,C,A,A,H,-,C,A,0,NA,NA,NA,NA,Y,NA,A,01,0,0,1,0,0,0,0,0,0,-,-,33.95677947998047,-118.2209701538086,LOS ANGELES,SOUTH GATE,-118.2209930419922,33.956787109375
81700817,2022,2022-02-15,1933,2022-01-23,2304,1019,05,7,5,6,1933,0,0,0,NA,0,001,CENTINELA AV,EUCALYPTUS AV,0,NA,Y,A,-,N,NA,NA,NA,NA,NA,NA,NA,NA,NA,N,4,0,1,2,D,-,00,NA,NA,N,D,C,A,A,H,-,C,A,0,NA,NA,NA,NA,Y,NA,-,-,0,0,1,0,0,0,0,0,0,-,-,33.976470947265625,-118.35933685302734,LOS ANGELES,INGLEWOOD,-118.35952758789064,33.976402282714844
81701666,2022,2022-02-16,1922,2022-01-14,1433,641,NA,5,5,6,1922,0,0,0,NA,0,001,MONTECITO DR,ESMERALDA AVE,10,W,N,A,-,N,NA,NA,NA,NA,NA,NA,NA,NA,NA,N,4,0,1,2,A,-,08,22107,NA,N,C,E,A,A,H,-,A,A,0,NA,NA,NA,NA,Y,NA,A,07,0,0,1,0,0,0,0,0,0,-,-,34.077781677246094,-118.03150177001952,LOS ANGELES,EL MONTE,-118.031494140625,34.0777587890625
81701667,2022,2022-02-16,1922,2022-01-24,1442,620,NA,1,5,6,1922,0,0,0,NA,0,NA,SANTA ANITA AVE,MCGIRK AVE,30,S,N,A,-,N,NA,NA,NA,NA,NA,NA,NA,NA,NA,N,4,0,1,2,A,-,02,22400,A,N,C,C,A,A,H,-,A,A,0,NA,NA,NA,NA,Y,NA,A,01,0,0,1,0,0,0,0,0,0,-,-,34.08620834350586,-118.02897644042967,LOS ANGELES,EL MONTE,-118.0290756225586,34.0861701965332
81701668,2022,2022-02-16,1922,2022-01-24,1543,703,1922,1,5,6,1922,0,0,0,NA,0,001,SANTA ANITA AVE,MAIN ST,0,NA,Y,A,-,N,NA,NA,NA,NA,NA,NA,NA,NA,NA,N,4,0,1,2,A,-,09,21801,A,N,D,C,A,A,H,-,A,A,0,NA,NA,NA,NA,Y,NA,A,01,0,0,1,0,0,0,0,0,0,-,-,34.075870513916016,-118.04136657714844,LOS ANGELES,EL MONTE,-118.04132080078124,34.075836181640625
81701669,2022,2022-02-16,1922,2022-01-27,1750,463,NA,4,5,6,1922,0,0,0,NA,0,003,SANTA ANITA AVE,GARVEY AVE,100,S,N,A,-,N,NA,NA,NA,NA,NA,NA,NA,NA,NA,N,4,0,1,2,A,-,09,21804,A,F,G,B,F,A,H,-,C,D,0,Y,NA,NA,NA,Y,NA,A,01,0,0,1,0,1,0,0,0,0,-,-,34.06269836425781,-118.04254150390624,LOS ANGELES,EL MONTE,-118.04246520996094,34.062477111816406
81701681,2022,2022-02-16,1969,2022-01-11,1133,10208,TRAFF,2,5,5,1969,0,0,0,NA,0,001,SANTA FE AV,FILESTONE BLVD,0,NA,Y,A,-,N,NA,NA,NA,NA,NA,NA,NA,NA,NA,N,4,0,1,2,A,-,03,22350,NA,N,C,C,A,A,H,-,A,A,0,NA,NA,NA,NA,Y,NA,A,01,0,0,1,0,0,0,0,0,0,-,-,NA,NA,LOS ANGELES,SOUTH GATE,-118.2248077392578,33.95600891113281
81701682,2022,2022-02-16,1969,2022-01-11,1530,10208,TRAFF,2,5,5,1969,0,0,0,NA,0,005,IMPERIAL HWY,GARFIELD AV,24,E,N,A,-,N,NA,NA,NA,NA,NA,NA,NA,NA,NA,N,4,0,1,3,A,-,03,22350,NA,N,C,C,A,A,H,-,A,A,0,NA,NA,NA,NA,Y,NA,A,01,0,0,1,0,0,0,0,0,0,-,-,33.92988967895508,-118.16815185546876,LOS ANGELES,SOUTH GATE,-118.16805267333984,33.929893493652344
81701684,2022,2022-02-16,1969,2022-01-12,0810,10244,PATRO,3,5,5,1969,0,0,0,NA,0,004,DOROTHY AV,TENAYA AV,0,NA,Y,A,-,N,NA,NA,NA,NA,NA,NA,NA,NA,NA,N,4,0,1,2,A,-,12,22450,A,N,D,C,A,A,H,-,A,D,0,NA,NA,NA,NA,Y,NA,A,01,0,0,1,0,0,0,0,0,0,-,-,33.93735885620117,-118.19239807128906,LOS ANGELES,SOUTH GATE,-118.19235229492188,33.93737030029297
81701688,2022,2022-02-16,1969,2022-01-17,1326,10245,TRAFF,1,5,5,1969,0,0,0,NA,0,002,LIBERTY BLVD,EVERGREEN AV,0,NA,Y,A,-,N,NA,NA,NA,NA,NA,NA,NA,NA,NA,Y,4,0,2,2,A,-,09,21804,A,N,A,C,A,A,H,-,D,D,0,NA,NA,NA,NA,Y,NA,A,01,0,0,2,0,0,0,0,0,0,-,-,33.961368560791016,-118.21713256835938,LOS ANGELES,SOUTH GATE,-118.21712493896484,33.96133041381836
81701690,2022,2022-02-16,1969,2022-01-20,2157,10244,PATRO,4,5,5,1969,0,0,0,NA,0,002,LONG BEACH BLVD,GLENWOOD PL,0,NA,Y,A,-,N,NA,NA,NA,NA,NA,NA,NA,NA,NA,N,3,0,1,2,A,-,09,21801,A,F,A,C,A,A,H,-,C,D,0,NA,NA,NA,NA,Y,NA,A,01,0,1,0,0,0,0,0,0,0,-,-,33.953529357910156,-118.21897888183594,LOS ANGELES,SOUTH GATE,-118.2189712524414,33.9534797668457
81701784,2022,2022-02-16,1933,2022-02-14,1200,812,35,1,5,6,1933,0,0,0,NA,0,004,CRENSHAW BLVD,112TH ST,0,NA,Y,A,-,N,NA,NA,NA,NA,NA,NA,NA,NA,NA,N,4,0,1,2,A,-,09,21801,A,F,D,C,A,A,H,-,A,A,0,NA,NA,NA,NA,Y,NA,A,01,0,0,1,0,0,0,0,0,0,-,-,33.93291091918945,-118.32649230957033,LOS ANGELES,INGLEWOOD,-118.32656860351564,33.93290710449219
81701785,2022,2022-02-16,1933,2022-02-14,1419,812,32,1,5,6,1933,0,0,0,NA,0,004,CENTURY BLVD,CLUB DR,547,E,N,A,-,N,NA,NA,NA,NA,NA,NA,NA,NA,NA,N,4,0,2,3,A,-,21,22106,NA,N,G,B,F,A,H,-,A,D,0,Y,NA,NA,NA,Y,Y,A,01,0,0,2,0,2,0,0,0,0,-,-,33.945438385009766,-118.33267211914064,LOS ANGELES,INGLEWOOD,-118.3308563232422,33.94548034667969