CASE_ID,ACCIDENT_YEAR,PROC_DATE,JURIS,COLLISION_DATE,COLLISION_TIME,OFFICER_ID,REPORTING_DISTRICT,DAY_OF_WEEK,CHP_SHIFT,POPULATION,CNTY_CITY_LOC,SPECIAL_COND,BEAT_TYPE,CHP_BEAT_TYPE,CITY_DIVISION_LAPD,CHP_BEAT_CLASS,BEAT_NUMBER,PRIMARY_RD,SECONDARY_RD,DISTANCE,DIRECTION,INTERSECTION,WEATHER_1,WEATHER_2,STATE_HWY_IND,CALTRANS_COUNTY,CALTRANS_DISTRICT,STATE_ROUTE,ROUTE_SUFFIX,POSTMILE_PREFIX,POSTMILE,LOCATION_TYPE,RAMP_INTERSECTION,SIDE_OF_HWY,TOW_AWAY,COLLISION_SEVERITY,NUMBER_KILLED,NUMBER_INJURED,PARTY_COUNT,PRIMARY_COLL_FACTOR,PCF_CODE_OF_VIOL,PCF_VIOL_CATEGORY,PCF_VIOLATION,PCF_VIOL_SUBSECTION,HIT_AND_RUN,TYPE_OF_COLLISION,MVIW,PED_ACTION,ROAD_SURFACE,ROAD_COND_1,ROAD_COND_2,LIGHTING,CONTROL_DEVICE,CHP_ROAD_TYPE,PEDESTRIAN_ACCIDENT,BICYCLE_ACCIDENT,MOTORCYCLE_ACCIDENT,TRUCK_ACCIDENT,NOT_PRIVATE_PROPERTY,ALCOHOL_INVOLVED,STWD_VEHTYPE_AT_FAULT,CHP_VEHTYPE_AT_FAULT,COUNT_SEVERE_INJ,COUNT_VISIBLE_INJ,COUNT_COMPLAINT_PAIN,COUNT_PED_KILLED,COUNT_PED_INJURED,COUNT_BICYCLIST_KILLED,COUNT_BICYCLIST_INJURED,COUNT_MC_KILLED,COUNT_MC_INJURED,PRIMARY_RAMP,SECONDARY_RAMP,LATITUDE,LONGITUDE,COUNTY,CITY,POINT_X,POINT_Y
81713899,2021,2022-03-03,1924,2021-12-08,1646,80434,46,3,5,5,1924,0,0,0,NA,0,005,REDONDO BEACH BOULEVARD,CATALINA AVENUE,0,NA,Y,A,-,N,NA,NA,NA,NA,NA,NA,NA,NA,NA,Y,4,0,1,2,A,-,09,21801,A,N,D,D,A,A,H,-,B,A,0,NA,NA,Y,NA,Y,NA,A,01,0,0,1,0,0,0,0,0,1,-,-,33.90180969238281,-118.29492950439452,LOS ANGELES,GARDENA,-118.2950439453125,33.89237976074219
81713902,2021,2022-03-03,1924,2021-12-09,1702,80454,30,4,5,5,1924,0,0,0,NA,0,003,MANHATTAN BEACH BOULEVARD,MARIGOLD AVENUE,0,NA,Y,A,-,N,NA,NA,NA,NA,NA,NA,NA,NA,NA,N,4,0,1,2,A,-,09,21802,A,N,D,C,A,A,H,-,A,D,0,NA,NA,NA,NA,Y,NA,A,07,0,0,1,0,0,0,0,0,0,-,-,33.88739013671875,-118.3234405517578,LOS ANGELES,GARDENA,-118.32345581054688,33.8873405456543
81713904,2021,2022-03-03,1924,2021-12-09,1745,80454,30,4,5,5,1924,0,0,0,NA,0,003,CRENSHAW BOULEVARD,MANHATTAN BEACH BOULEVARD,354,S,N,A,-,N,NA,NA,NA,NA,NA,NA,NA,NA,NA,Y,4,0,1,3,A,-,09,21801,A,N,D,C,A,A,H,-,C,D,0,NA,NA,NA,NA,Y,NA,A,08,0,0,1,0,0,0,0,0,0,-,-,33.887428283691406,-118.32650756835938,LOS ANGELES,GARDENA,-118.3265380859375,33.886417388916016
81713909,2021,2022-03-03,1924,2021-12-11,1325,80467,29,6,5,5,1924,0,0,0,NA,0,003,CRENSHAW BOULEVARD,MANHATTAN BEACH BOULEVARD,0,NA,Y,A,-,N,NA,NA,NA,NA,NA,NA,NA,NA,NA,N,4,0,3,2,A,-,09,21801,A,N,A,C,A,A,H,-,A,A,0,NA,NA,NA,NA,Y,NA,A,01,0,0,3,0,0,0,0,0,0,-,-,33.887428283691406,-118.32650756835938,LOS ANGELES,GARDENA,-118.3265380859375,33.887393951416016
81713913,2021,2022-03-03,1924,2021-12-11,2233,80471,G44,6,5,5,1924,0,0,0,NA,0,0G6,WESTERN AVENUE,ARTESIA BOULEVARD,76,S,N,A,-,N,NA,NA,NA,NA,NA,NA,NA,NA,NA,Y,4,0,1,2,A,-,09,21801,A,F,D,C,A,A,H,-,C,D,0,NA,NA,NA,NA,Y,NA,A,07,0,0,1,0,0,0,0,0,0,-,-,33.87294006347656,-118.30905151367188,LOS ANGELES,GARDENA,-118.30915832519533,33.87260055541992
81713918,2021,2022-03-03,1924,2021-12-12,1053,80450,35,7,5,5,1924,0,0,0,NA,0,8T5,MARINE AVENUE,BUDLONG AVENUE,0,NA,Y,A,-,N,NA,NA,NA,NA,NA,NA,NA,NA,NA,Y,4,0,2,2,A,-,12,21453,A,N,D,C,A,A,H,-,A,A,0,NA,NA,NA,NA,Y,NA,A,01,0,0,2,0,0,0,0,0,0,-,-,33.8946418762207,-118.29605865478516,LOS ANGELES,GARDENA,-118.2960968017578,33.89463806152344
81713921,2021,2022-03-03,1924,2021-12-13,1041,80450,16,1,5,5,1924,0,0,0,NA,0,8T5,ROSECRANS AVENUE,WESTERN AVENUE,554,E,N,B,-,N,NA,NA,NA,NA,NA,NA,NA,NA,NA,Y,4,0,1,5,A,-,03,22350,NA,N,E,I,A,A,H,-,A,D,0,NA,NA,NA,NA,Y,NA,A,01,0,0,1,0,0,0,0,0,0,-,-,33.901920318603516,-118.30915069580078,LOS ANGELES,GARDENA,-118.30730438232422,33.90193176269531
81713924,2021,2022-03-03,1924,2021-12-14,2150,80405,21,2,5,5,1924,0,0,0,NA,0,003,CRENSHAW BOULEVARD,147TH STREET,505,S,N,B,-,N,NA,NA,NA,NA,NA,NA,NA,NA,NA,Y,4,0,1,2,D,-,00,NA,NA,N,A,C,A,B,H,-,C,D,0,NA,NA,NA,NA,Y,NA,-,-,0,0,1,0,0,0,0,0,0,-,-,33.898319244384766,-118.32649993896484,LOS ANGELES,GARDENA,-118.3265380859375,33.89690399169922
81713925,2021,2022-03-03,1924,2021-12-14,2206,80405,27,2,5,5,1924,0,0,0,NA,0,004,ROSECRANS AVENUE,BERENDO AVENUE,0,NA,Y,B,-,N,NA,NA,NA,NA,NA,NA,NA,NA,NA,Y,4,0,2,2,B,-,22,NA,NA,N,D,C,A,B,H,-,C,A,0,NA,NA,NA,NA,Y,NA,-,98,0,0,2,0,0,0,0,0,0,-,-,33.90188980102539,-118.2939682006836,LOS ANGELES,GARDENA,-118.29391479492188,33.90190124511719
81713929,2021,2022-03-03,1924,2021-12-20,0840,80470,17,1,5,5,1924,0,0,0,NA,0,8L7D,ROSECRANS AVENUE,NORMANDIE AVENUE,27,W,N,A,-,N,NA,NA,NA,NA,NA,NA,NA,NA,NA,N,4,0,1,2,A,-,08,22107,NA,F,B,C,A,A,H,-,A,A,0,NA,NA,NA,NA,Y,NA,A,01,0,0,1,0,0,0,0,0,0,-,-,33.90190887451172,-118.30040740966795,LOS ANGELES,GARDENA,-118.30052947998048,33.90190124511719
81713931,2021,2022-03-03,1924,2021-12-21,0720,80470,12,2,5,5,1924,0,0,0,NA,0,8L7D,ARDATH AVENUE,137TH STREET,72,N,N,A,-,N,NA,NA,NA,NA,NA,NA,NA,NA,NA,Y,3,0,1,2,A,-,08,22107,NA,N,A,E,A,A,H,-,A,D,0,NA,NA,NA,NA,Y,NA,A,01,0,1,0,0,0,0,0,0,0,-,-,33.9073600769043,-118.3239517211914,LOS ANGELES,GARDENA,-118.32400512695313,33.907535552978516
81713932,2021,2022-03-03,1924,2021-12-21,1450,80470,23,2,5,5,1924,0,0,0,NA,0,8L7D,WESTERN AVENUE,MARINE AVENUE,0,NA,Y,A,-,N,NA,NA,NA,NA,NA,NA,NA,NA,NA,N,4,0,1,2,D,-,00,NA,NA,N,D,C,A,A,H,-,A,A,0,NA,NA,NA,NA,Y,Y,-,-,0,0,1,0,0,0,0,0,0,-,-,33.89469909667969,-118.30912017822266,LOS ANGELES,GARDENA,-118.30917358398438,33.894649505615234
81713933,2021,2022-03-03,1924,2021-12-22,0056,80469,01,3,5,5,1924,0,0,0,NA,0,8L9M,WESTERN AVENUE,135TH STREET,8,S,N,A,-,N,NA,NA,NA,NA,NA,NA,NA,NA,NA,N,2,0,2,2,A,-,01,23153,B,N,B,C,A,A,H,-,C,A,0,NA,NA,NA,NA,Y,Y,A,01,1,1,0,0,0,0,0,0,0,-,-,33.90911865234375,-118.30911254882813,LOS ANGELES,GARDENA,-118.30912017822266,33.909156799316406
81713934,2021,2022-03-03,1924,2021-12-22,0353,80463,NA,3,5,5,1924,0,0,0,NA,0,NA,VAN NESS AVENUE,144TH STREET,148,S,N,A,-,N,NA,NA,NA,NA,NA,NA,NA,NA,NA,N,2,0,2,2,A,-,03,22350,NA,N,C,E,A,A,H,-,C,D,0,NA,NA,NA,NA,Y,NA,A,01,1,1,0,0,0,0,0,0,0,-,-,33.900699615478516,-118.31783294677734,LOS ANGELES,GARDENA,-118.31787872314452,33.900264739990234
81713935,2021,2022-03-03,1924,2021-12-22,0737,80454,36,3,5,5,1924,0,0,0,NA,0,005,WESTERN AVENUE,162ND STREET,0,NA,Y,A,-,N,NA,NA,NA,NA,NA,NA,NA,NA,NA,N,3,0,2,2,A,-,12,21453,A,N,D,C,A,A,H,-,A,A,0,NA,NA,NA,NA,Y,Y,D,22,0,1,1,0,0,0,0,0,0,-,-,33.88373947143555,-118.3091278076172,LOS ANGELES,GARDENA,-118.30915832519533,33.8837776184082
81713936,2021,2022-03-03,1924,2021-12-22,1607,80454,32,3,5,5,1924,0,0,0,NA,0,004,WESTERN AVENUE,REDONDO BEACH BOULEVARD,150,N,N,A,-,N,NA,NA,NA,NA,NA,NA,NA,NA,NA,Y,4,0,1,3,A,-,03,22350,NA,N,C,C,A,A,H,-,A,A,0,NA,NA,NA,NA,Y,NA,A,01,0,0,1,0,0,0,0,0,0,-,-,33.8885498046875,-118.30914306640624,LOS ANGELES,GARDENA,-118.30917358398438,33.888919830322266
81713937,2021,2022-03-03,1924,2021-12-23,1256,80454,07,4,5,5,1924,0,0,0,NA,0,001,135TH STREET,VAN NESS AVENUE,0,NA,Y,C,-,N,NA,NA,NA,NA,NA,NA,NA,NA,NA,N,4,0,1,2,A,-,09,21801,A,N,D,C,A,B,H,-,A,A,0,NA,NA,NA,NA,Y,NA,A,07,0,0,1,0,0,0,0,0,0,-,-,33.9091911315918,-118.31781768798828,LOS ANGELES,GARDENA,-118.31786346435548,33.909202575683594
81713939,2021,2022-03-03,1924,2021-12-24,0217,80471,G9,5,5,5,1924,0,0,0,NA,0,0G2,135TH STREET,NORMANDIE AVENUE,0,NA,Y,C,-,N,NA,NA,NA,NA,NA,NA,NA,NA,NA,Y,3,0,2,2,A,-,12,21453,A,N,D,C,A,B,H,-,C,A,0,NA,NA,NA,NA,Y,NA,-,-,0,1,1,0,0,0,0,0,0,-,-,33.90916061401367,-118.30037689208984,LOS ANGELES,GARDENA,-118.30039978027344,33.909183502197266
81713943,2021,2022-03-03,1924,2021-12-25,2229,80471,G11,6,5,5,1924,0,0,0,NA,0,0G2,EL SEGUNDO BOULEVARD,VERMONT AVENUE,0,NA,Y,C,-,N,NA,NA,NA,NA,NA,NA,NA,NA,NA,N,4,0,2,2,A,-,09,21801,A,N,D,C,A,B,H,-,C,A,0,NA,NA,NA,NA,Y,NA,A,07,0,0,2,0,0,0,0,0,0,-,-,33.916419982910156,-118.29176330566406,LOS ANGELES,GARDENA,-118.29183959960938,33.916419982910156
81713945,2021,2022-03-03,1924,2021-12-29,0922,80450,10,3,5,5,1924,0,0,0,NA,0,8T5,135TH STREET,BUDLONG AVENUE,0,NA,Y,B,-,N,NA,NA,NA,NA,NA,NA,NA,NA,NA,Y,4,0,1,2,A,-,12,21453,A,N,D,C,A,A,H,-,A,A,0,NA,NA,NA,NA,Y,NA,-,-,0,0,1,0,0,0,0,0,0,-,-,33.90919876098633,-118.29637908935548,LOS ANGELES,GARDENA,-118.29641723632813,33.909156799316406
81713947,2021,2022-03-03,1924,2021-12-31,1945,80472,G32,5,5,5,1924,0,0,0,NA,0,0G3,REDONDO BEACH BOULEVARD,RUTHELEN STREET,168,W,N,A,-,N,NA,NA,NA,NA,NA,NA,NA,NA,NA,N,4,0,1,2,A,-,03,22350,NA,N,C,C,A,A,H,-,C,A,0,NA,NA,NA,NA,Y,NA,A,01,0,0,1,0,0,0,0,0,0,-,-,NA,NA,LOS ANGELES,GARDENA,-118.31287384033205,33.88729476928711
81713949,2022,2022-03-03,1924,2022-01-03,2112,80469,05,1,5,5,1924,0,0,0,NA,0,NA,WESTERN AVENUE,162ND STREET,20,S,N,A,-,N,NA,NA,NA,NA,NA,NA,NA,NA,NA,N,4,0,1,2,A,-,03,22350,NA,N,C,C,A,A,H,-,C,A,0,NA,NA,NA,NA,Y,NA,A,01,0,0,1,0,0,0,0,0,0,-,-,33.88373947143555,-118.3091278076172,LOS ANGELES,GARDENA,-118.30915832519533,33.883724212646484
81713951,2022,2022-03-03,1924,2022-01-05,1006,80454,07,3,5,5,1924,0,0,0,NA,0,001,VAN NESS AVENUE,135TH STREET,0,NA,Y,A,-,N,NA,NA,NA,NA,NA,NA,NA,NA,NA,N,4,0,1,2,A,-,09,21801,A,N,D,C,A,A,H,-,A,A,0,NA,NA,NA,NA,Y,NA,A,01,0,0,1,0,0,0,0,0,0,-,-,33.9091911315918,-118.31781768798828,LOS ANGELES,GARDENA,-118.31786346435548,33.909202575683594
81713984,2022,2022-03-03,1933,2022-02-21,2342,1054,05,1,5,6,1933,0,0,0,NA,0,001,LA BREA AV,IVY AV,120,S,N,A,-,N,NA,NA,NA,NA,NA,NA,NA,NA,NA,Y,3,0,1,2,A,-,03,22350,NA,N,C,E,A,A,H,-,C,D,0,NA,NA,NA,NA,Y,NA,A,01,0,1,0,0,0,0,0,0,0,-,-,33.96778869628906,-118.35462951660156,LOS ANGELES,INGLEWOOD,-118.35448455810548,33.967506408691406
81714883,2022,2022-03-04,1948,2022-02-19,1320,474,1948,6,5,5,1948,0,0,0,NA,0,002,HELLMAN AV,E/C/L ORANGE AVE,243,E,N,A,-,N,NA,NA,NA,NA,NA,NA,NA,NA,NA,Y,3,0,1,2,A,-,08,22107,NA,N,C,E,A,A,H,-,A,D,0,NA,NA,NA,NA,Y,NA,A,01,0,1,0,0,0,0,0,0,0,-,-,34.06985092163086,-118.11302185058594,LOS ANGELES,MONTEREY PARK,-118.11221313476564,34.06981658935547
81714885,2022,2022-03-04,1948,2022-02-23,2302,465,1948,3,5,5,1948,0,0,0,NA,0,003,GARFIELD AV,N/C/L OF EL REPETTO DRIVE,325,N,N,A,-,N,NA,NA,NA,NA,NA,NA,NA,NA,NA,Y,2,0,1,3,A,-,03,22350,NA,N,C,E,A,A,H,-,C,D,0,NA,NA,NA,NA,Y,NA,A,01,1,0,0,0,0,0,0,0,0,-,-,34.04718017578125,-118.12876892089844,LOS ANGELES,MONTEREY PARK,-118.12873077392578,34.04806900024414
81714886,2022,2022-03-04,1948,2022-02-24,1509,400,1948,4,5,5,1948,0,0,0,NA,0,001,MONTEREY PASS ROAD,S/C/L OF DAVIDSON DRIVE,29,S,N,A,-,N,NA,NA,NA,NA,NA,NA,NA,NA,NA,N,4,0,1,2,A,-,08,22102,NA,N,D,C,A,A,H,-,A,A,0,NA,NA,NA,NA,Y,NA,A,01,0,0,1,0,0,0,0,0,0,-,-,NA,NA,LOS ANGELES,MONTEREY PARK,-118.16117095947266,34.048274993896484
81715839,2022,2022-03-07,1922,2022-02-14,1538,680,NA,1,5,6,1922,0,0,0,NA,0,005,FLAIR DR,BALDWIN AVE,0,NA,Y,A,-,Y,NA,NA,NA,NA,NA,NA,NA,NA,NA,N,4,0,1,2,A,-,08,22107,NA,N,D,C,A,A,H,-,A,A,0,NA,NA,NA,NA,Y,NA,A,01,0,0,1,0,0,0,0,0,0,-,-,34.07170867919922,-118.05359649658205,LOS ANGELES,EL MONTE,-118.05364227294922,34.07169723510742
81715840,2022,2022-03-07,1922,2022-02-16,1827,650,NA,3,5,6,1922,0,0,0,NA,0,003,GARVEY AVE,CONSOL AVE,0,NA,Y,A,-,N,NA,NA,NA,NA,NA,NA,NA,NA,NA,N,3,0,1,2,A,-,10,21950,A,N,G,B,B,A,H,-,C,D,0,Y,NA,NA,NA,Y,NA,D,22,0,1,0,0,1,0,0,0,0,-,-,34.06277847290039,-118.03382110595705,LOS ANGELES,EL MONTE,-118.03376770019533,34.06284713745117
81716024,2022,2022-03-07,1965,2022-01-25,1304,4083,0B1F,2,5,5,1965,0,0,0,NA,0,B001,MAIN ST,HILL ST,75,S,N,A,-,N,NA,NA,NA,NA,NA,NA,NA,NA,NA,Y,4,0,1,1,A,-,03,22350,NA,N,H,I,A,A,H,-,A,D,0,NA,NA,Y,NA,Y,NA,C,02,0,0,1,0,0,0,0,0,1,-,-,NA,NA,LOS ANGELES,SANTA MONICA,-118.48241424560548,34.000831604003906
81717197,2022,2022-03-08,1923,2022-02-16,0055,491,301,3,5,3,1923,0,0,0,NA,0,3L6M,MAPLE AVE,LAIRPORT ST,200,W,N,A,-,N,NA,NA,NA,NA,NA,NA,NA,NA,NA,Y,3,0,2,2,A,-,07,21658,A,N,B,C,A,A,H,-,C,D,0,NA,NA,NA,NA,Y,NA,A,01,0,1,1,0,0,0,0,0,0,-,-,33.92692947387695,-118.3927001953125,LOS ANGELES,EL SEGUNDO,NA,NA
81717200,2022,2022-03-08,1923,2022-02-18,0122,491,101,5,5,3,1923,0,0,0,NA,0,3L4M,IMPERIAL AVE,LOMA VISTA ST,0,NA,Y,A,-,N,NA,NA,NA,NA,NA,NA,NA,NA,NA,N,4,0,1,1,A,-,03,22350,NA,F,E,I,A,A,H,-,C,D,0,NA,NA,NA,NA,Y,Y,A,01,0,0,1,0,0,0,0,0,0,-,-,33.930850982666016,-118.42225646972656,LOS ANGELES,EL SEGUNDO,-118.42228698730467,33.93083572387695
81717341,2022,2022-03-08,1933,2022-03-03,0810,1037,02,4,5,6,1933,0,0,0,NA,0,002,ISIS AV,MANCHESTER BLVD,375,S,N,A,-,N,NA,NA,NA,NA,NA,NA,NA,NA,NA,N,4,0,3,3,A,-,08,22107,NA,N,B,C,A,A,H,-,A,A,0,NA,NA,NA,NA,Y,NA,A,01,0,0,3,0,0,0,0,0,0,-,-,33.96001052856445,-118.37525939941406,LOS ANGELES,INGLEWOOD,-118.37532806396484,33.95886993408203
81717342,2022,2022-03-08,1933,2022-03-06,1705,1027,34,7,5,6,1933,0,0,0,NA,0,004,IMPERIAL HWY,DOTY AV,135,W,N,A,-,N,NA,NA,NA,NA,NA,NA,NA,NA,NA,N,4,0,1,2,A,-,08,22107,NA,N,B,C,A,A,H,-,A,D,0,NA,NA,NA,NA,Y,NA,A,01,0,0,1,0,0,0,0,0,0,-,-,NA,NA,LOS ANGELES,INGLEWOOD,-118.33985137939452,33.93095016479492
81717345,2022,2022-03-08,1933,2022-02-10,1400,1066,10,4,5,6,1933,0,0,0,NA,0,001,REGENT ST,LA BREA AV,120,W,N,A,-,N,NA,NA,NA,NA,NA,NA,NA,NA,NA,N,4,0,1,3,A,-,08,22107,NA,N,C,C,A,A,H,-,A,A,0,NA,NA,Y,NA,Y,NA,A,01,0,0,1,0,0,0,0,0,1,-,-,33.964481353759766,-118.35330200195313,LOS ANGELES,INGLEWOOD,-118.3537826538086,33.96442413330078
81717346,2022,2022-03-08,1933,2022-02-12,2004,1031,NA,6,5,6,1933,0,0,0,NA,0,001,LA BREA AV,JUNIPER ST,10,N,N,A,-,N,NA,NA,NA,NA,NA,NA,NA,NA,NA,Y,4,0,2,1,A,-,01,23152,A,N,E,I,A,A,C,H,C,A,0,NA,NA,NA,NA,Y,Y,A,01,0,0,2,0,0,0,0,0,0,-,-,33.97132110595703,-118.35738372802734,LOS ANGELES,INGLEWOOD,-118.3574676513672,33.97130584716797
81718375,2022,2022-03-09,1933,2022-03-02,1123,869,25,3,5,6,1933,0,0,0,NA,0,002,CENTURY BLVD,HAWTHORNE BLVD,106,E,N,A,-,N,NA,NA,NA,NA,NA,NA,NA,NA,NA,N,3,0,2,3,A,-,09,21804,A,N,D,C,F,A,H,-,A,D,0,Y,NA,NA,NA,Y,NA,A,01,0,1,1,0,1,0,0,0,0,-,-,33.94548034667969,-118.35263061523438,LOS ANGELES,INGLEWOOD,-118.35237884521484,33.945438385009766
81718376,2022,2022-03-09,1933,2022-03-03,0054,1012,NA,4,5,6,1933,0,0,0,NA,0,001,HYDE PARK BLVD,GLENWAY DR,68,S,N,A,-,N,NA,NA,NA,NA,NA,NA,NA,NA,NA,Y,2,0,4,1,A,-,03,22350,NA,N,E,I,A,A,H,-,C,D,0,NA,NA,NA,NA,Y,NA,A,01,4,0,0,0,0,0,0,0,0,-,-,33.96879959106445,-118.36477661132813,LOS ANGELES,INGLEWOOD,-118.36508941650392,33.96868133544922
81718377,2022,2022-03-09,1933,2022-03-03,0901,1037,02,4,5,6,1933,0,0,0,NA,0,002,CENTURY BLVD,INGLEWOOD AV,0,NA,Y,A,-,N,NA,NA,NA,NA,NA,NA,NA,NA,NA,N,4,0,1,2,A,-,09,21453,C,N,G,B,B,A,H,-,A,A,0,Y,NA,NA,NA,Y,NA,N,60,0,0,1,0,1,0,0,0,0,-,-,33.945499420166016,-118.36134338378906,LOS ANGELES,INGLEWOOD,-118.3613510131836,33.94544219970703
81719279,2022,2022-03-10,1922,2022-02-11,0759,697,NA,5,5,6,1922,0,0,0,NA,0,001,RAMONA BLVD,WALGROVE AVENUE,100,E,N,A,-,N,NA,NA,NA,NA,NA,NA,NA,NA,NA,Y,4,0,1,2,A,-,08,22102,NA,F,B,D,A,A,H,-,A,D,0,NA,NA,NA,NA,Y,NA,A,01,0,0,1,0,0,0,0,0,0,-,-,34.073638916015625,-118.02671051025392,LOS ANGELES,EL MONTE,NA,NA
81719281,2022,2022-03-10,1922,2022-02-18,0710,699,NA,5,5,6,1922,0,0,0,NA,0,004,ASHER ST,LA MADERA AVE,0,NA,Y,A,-,N,NA,NA,NA,NA,NA,NA,NA,NA,NA,N,4,0,1,2,A,-,10,21950,A,F,G,B,B,A,H,-,A,D,0,Y,NA,NA,NA,Y,NA,D,22,0,0,1,0,1,0,0,0,0,-,-,34.064151763916016,-118.02506256103516,LOS ANGELES,EL MONTE,-118.02500152587892,34.064208984375
81719283,2022,2022-03-10,1922,2022-02-19,1415,614,NA,6,5,6,1922,0,0,0,NA,0,004,GARVEY AVE,MOUNTAIN VIEW RD,100,W,N,A,-,N,NA,NA,NA,NA,NA,NA,NA,NA,NA,N,4,0,1,2,A,-,01,23152,B,F,H,C,A,A,H,-,A,D,0,NA,NA,NA,NA,Y,Y,A,01,0,0,1,0,0,0,0,0,0,-,-,34.06283187866211,-118.02176666259766,LOS ANGELES,EL MONTE,-118.02207183837892,34.06283950805664
81719285,2022,2022-03-10,1922,2022-02-20,1457,703,NA,7,5,6,1922,0,0,0,NA,0,001,LOWER AZUSA RD,EL MONTE AVE,0,NA,Y,A,-,N,NA,NA,NA,NA,NA,NA,NA,NA,NA,Y,3,0,3,2,A,-,09,21801,A,N,D,C,A,A,H,-,A,A,0,NA,NA,NA,NA,Y,NA,A,01,0,1,2,0,0,0,0,0,0,-,-,34.092681884765625,-118.03536224365234,LOS ANGELES,EL MONTE,-118.0353775024414,34.09266662597656
81719286,2022,2022-03-10,1922,2022-02-20,2237,697,NA,7,5,6,1922,0,0,0,NA,0,004,MOUNTAIN VIEW RD,MEEKER AVE,500,N,N,A,-,N,NA,NA,NA,NA,NA,NA,NA,NA,NA,N,4,0,1,2,A,-,08,22107,NA,N,C,G,A,A,H,-,C,D,0,NA,Y,NA,NA,Y,NA,L,04,0,0,1,0,0,0,1,0,0,-,-,34.05855178833008,-118.02667236328124,LOS ANGELES,EL MONTE,-118.02548980712892,34.059513092041016
81719300,2022,2022-03-10,1948,2022-02-11,1214,467,1948,5,5,5,1948,0,0,0,NA,0,003,COLLEGIAN AV,AVENIDA CESAR CHAVEZ,0,NA,Y,A,-,N,NA,NA,NA,NA,NA,NA,NA,NA,NA,Y,4,0,1,2,A,-,12,21453,A,N,D,C,A,A,H,-,A,A,0,NA,NA,NA,NA,Y,NA,A,01,0,0,1,0,0,0,0,0,0,-,-,34.03826904296875,-118.14720153808594,LOS ANGELES,MONTEREY PARK,-118.14735412597656,34.038169860839844
81720371,2022,2022-03-11,1948,2022-02-22,1456,479,1948,2,5,5,1948,0,0,0,NA,0,002,ATLANTIC BLVD,EMERSON AV,0,NA,Y,A,-,N,NA,NA,NA,NA,NA,NA,NA,NA,NA,N,4,0,1,2,A,-,10,21950,A,N,G,B,B,A,H,-,A,A,0,Y,NA,NA,NA,Y,NA,A,01,0,0,1,0,1,0,0,0,0,-,-,34.06608963012695,-118.13427734375,LOS ANGELES,MONTEREY PARK,-118.13433074951172,34.06610870361328
81720376,2022,2022-03-11,1948,2022-03-09,1247,400,1948,3,5,5,1948,0,0,0,NA,0,003,GARFIELD AV,N/C/L OF RIGGIN ST,25,N,N,A,-,N,NA,NA,NA,NA,NA,NA,NA,NA,NA,N,4,0,1,3,A,-,03,22350,NA,N,-,C,A,A,H,-,A,A,0,NA,NA,NA,NA,Y,NA,A,01,0,0,1,0,0,0,0,0,0,-,-,NA,NA,LOS ANGELES,MONTEREY PARK,-118.13052368164064,34.03678894042969
81720394,2022,2022-03-11,1965,2022-01-15,0641,4083,0B3A,6,5,5,1965,0,0,0,NA,0,B003,WILSHIRE BLVD,EUCLID ST,0,NA,Y,A,-,N,NA,NA,NA,NA,NA,NA,NA,NA,NA,Y,4,0,1,1,A,-,03,22350,NA,N,E,I,A,A,H,-,B,A,0,NA,NA,NA,NA,Y,NA,A,07,0,0,1,0,0,0,0,0,0,-,-,NA,NA,LOS ANGELES,SANTA MONICA,-118.48982238769533,34.02602005004883
81720396,2022,2022-03-11,1965,2022-01-27,1737,3553,0B1F,4,5,5,1965,0,0,0,NA,0,B001,KINNEY ST,NEILSON WAY,0,NA,Y,A,-,N,NA,NA,NA,NA,NA,NA,NA,NA,NA,N,3,0,1,2,D,-,00,NA,NA,N,G,B,B,A,H,-,C,A,0,Y,NA,NA,NA,Y,NA,-,-,0,1,0,0,1,0,0,0,0,-,-,NA,NA,LOS ANGELES,SANTA MONICA,-118.48126220703124,33.998653411865234
81720450,2022,2022-03-11,1933,2022-03-09,0144,895,I13,3,5,6,1933,0,0,0,NA,0,003,CRENSHAW BLVD,8TH AV,0,NA,Y,A,-,N,NA,NA,NA,NA,NA,NA,NA,NA,NA,Y,4,0,3,1,A,-,03,22350,NA,N,E,I,A,A,H,-,C,A,0,NA,NA,NA,NA,Y,NA,A,01,0,0,3,0,0,0,0,0,0,-,-,33.96171951293945,-118.32662200927734,LOS ANGELES,INGLEWOOD,-118.32673645019533,33.961769104003906
81721257,2022,2022-03-14,1969,2022-02-03,0540,10223,PATRO,4,5,5,1969,0,0,0,NA,0,005,IMPERIAL HWY,RUCHTI RD,75,W,N,A,-,N,NA,NA,NA,NA,NA,NA,NA,NA,NA,N,3,0,1,2,A,-,05,21650,1,N,D,G,A,A,H,-,C,A,0,NA,Y,NA,NA,Y,NA,L,04,0,1,0,0,0,0,1,0,0,-,-,33.930049896240234,-118.169921875,LOS ANGELES,SOUTH GATE,-118.17011260986328,33.9300422668457