CASE_ID,ACCIDENT_YEAR,PROC_DATE,JURIS,COLLISION_DATE,COLLISION_TIME,OFFICER_ID,REPORTING_DISTRICT,DAY_OF_WEEK,CHP_SHIFT,POPULATION,CNTY_CITY_LOC,SPECIAL_COND,BEAT_TYPE,CHP_BEAT_TYPE,CITY_DIVISION_LAPD,CHP_BEAT_CLASS,BEAT_NUMBER,PRIMARY_RD,SECONDARY_RD,DISTANCE,DIRECTION,INTERSECTION,WEATHER_1,WEATHER_2,STATE_HWY_IND,CALTRANS_COUNTY,CALTRANS_DISTRICT,STATE_ROUTE,ROUTE_SUFFIX,POSTMILE_PREFIX,POSTMILE,LOCATION_TYPE,RAMP_INTERSECTION,SIDE_OF_HWY,TOW_AWAY,COLLISION_SEVERITY,NUMBER_KILLED,NUMBER_INJURED,PARTY_COUNT,PRIMARY_COLL_FACTOR,PCF_CODE_OF_VIOL,PCF_VIOL_CATEGORY,PCF_VIOLATION,PCF_VIOL_SUBSECTION,HIT_AND_RUN,TYPE_OF_COLLISION,MVIW,PED_ACTION,ROAD_SURFACE,ROAD_COND_1,ROAD_COND_2,LIGHTING,CONTROL_DEVICE,CHP_ROAD_TYPE,PEDESTRIAN_ACCIDENT,BICYCLE_ACCIDENT,MOTORCYCLE_ACCIDENT,TRUCK_ACCIDENT,NOT_PRIVATE_PROPERTY,ALCOHOL_INVOLVED,STWD_VEHTYPE_AT_FAULT,CHP_VEHTYPE_AT_FAULT,COUNT_SEVERE_INJ,COUNT_VISIBLE_INJ,COUNT_COMPLAINT_PAIN,COUNT_PED_KILLED,COUNT_PED_INJURED,COUNT_BICYCLIST_KILLED,COUNT_BICYCLIST_INJURED,COUNT_MC_KILLED,COUNT_MC_INJURED,PRIMARY_RAMP,SECONDARY_RAMP,LATITUDE,LONGITUDE,COUNTY,CITY,POINT_X,POINT_Y
81879817,2022,2022-10-03,1965,2022-08-17,1320,3158,0B4B,3,5,5,1965,0,0,0,NA,0,B004,16TH ST,ALTA AVE,0,NA,Y,A,-,N,NA,NA,NA,NA,NA,NA,NA,NA,NA,Y,4,0,2,2,A,-,12,22450,A,N,D,C,A,A,H,-,A,A,0,NA,NA,NA,NA,Y,NA,A,07,0,0,2,0,0,0,0,0,0,-,-,NA,NA,LOS ANGELES,SANTA MONICA,-118.49485778808594,34.03504943847656
81879818,2022,2022-10-03,1965,2022-08-19,0544,4053,0B3A,5,5,5,1965,0,0,0,NA,0,B003,WILSHIRE BLVD,12TH CT,18,E,N,A,-,N,NA,NA,NA,NA,NA,NA,NA,NA,NA,N,3,0,1,1,A,-,08,22107,NA,N,E,I,A,A,H,-,B,A,0,NA,NA,NA,NA,Y,NA,I,10,0,1,0,0,0,0,0,0,0,-,-,NA,NA,LOS ANGELES,SANTA MONICA,-118.49071502685548,34.02528381347656
81880022,2022,2022-10-03,1975,2022-09-14,1742,436,WCPD,3,5,6,1975,0,0,0,NA,0,006,NOGALES ST,VALLEY VIEW AV,0,NA,Y,A,-,N,NA,NA,NA,NA,NA,NA,NA,NA,NA,N,4,0,1,2,A,-,08,22107,NA,N,D,C,A,A,H,-,A,D,0,NA,NA,Y,NA,Y,NA,A,01,0,0,1,0,0,0,0,0,1,-,-,34.00482177734375,-117.88745880126952,LOS ANGELES,WEST COVINA,-117.88750457763672,34.0047721862793
81880026,2022,2022-10-03,1975,2022-09-17,1330,689,WCPD,6,5,6,1975,0,0,0,NA,0,002,GRAND AV,HOLT AV,13,S,N,A,-,N,NA,NA,NA,NA,NA,NA,NA,NA,NA,N,4,0,1,2,A,-,03,22350,NA,N,C,C,A,A,H,-,A,A,0,NA,NA,NA,NA,Y,NA,A,01,0,0,1,0,0,0,0,0,0,-,-,34.067569732666016,-117.87212371826172,LOS ANGELES,WEST COVINA,-117.87223815917967,34.069095611572266
81880027,2022,2022-10-03,1975,2022-09-21,1325,1006,WCPD,3,5,6,1975,0,0,0,NA,0,003,MERCED AV,TROJAN WY,260,W,N,A,-,N,NA,NA,NA,NA,NA,NA,NA,NA,NA,Y,4,0,2,2,A,-,09,21802,A,N,D,C,A,A,H,-,A,D,0,NA,NA,NA,NA,Y,NA,A,01,0,0,2,0,0,0,0,0,0,-,-,34.062278747558594,-117.94734191894533,LOS ANGELES,WEST COVINA,-117.94801330566406,34.062713623046875
81880049,2022,2022-10-03,1923,2022-09-12,1250,528,E309,1,5,3,1923,0,0,0,NA,0,003,GRAND AVE,CONTINENTAL BLVD,485,E,N,A,-,N,NA,NA,NA,NA,NA,NA,NA,NA,NA,N,3,0,2,2,A,-,09,21804,A,N,D,C,A,A,H,-,A,D,0,NA,NA,NA,NA,Y,NA,A,01,0,1,1,0,0,0,0,0,0,-,-,33.919410705566406,-118.39086151123048,LOS ANGELES,EL SEGUNDO,-118.389404296875,33.91945266723633
81881114,2022,2022-10-04,1947,2022-09-17,1730,1402,1947,6,5,5,1947,0,0,0,NA,0,00E,WASHINGTON BLVD,GREENWOOD AVE,405,W,N,A,-,N,NA,NA,NA,NA,NA,NA,NA,NA,NA,Y,3,0,2,2,A,-,09,21801,A,N,D,C,A,A,H,-,A,D,0,NA,NA,NA,NA,Y,NA,A,01,0,1,1,0,0,0,0,0,0,-,-,NA,NA,LOS ANGELES,MONTEBELLO,-118.12050628662108,33.99562454223633
81881116,2022,2022-10-04,1947,2022-09-18,0951,1429,NA,7,5,5,1947,0,0,0,NA,0,00B,BEVERLY BLVD,18TH ST,0,NA,Y,A,-,N,NA,NA,NA,NA,NA,NA,NA,NA,NA,N,4,0,1,2,A,-,12,21453,A,N,D,C,A,A,H,-,A,A,0,NA,NA,NA,NA,Y,NA,A,01,0,0,1,0,0,0,0,0,0,-,-,NA,NA,LOS ANGELES,MONTEBELLO,-118.11817169189452,34.01969528198242
81881125,2022,2022-10-04,1922,2022-09-02,0235,707,1922,5,5,6,1922,0,0,0,NA,0,001,PECK RD,MULHALL ST (N),0,NA,Y,A,-,N,NA,NA,NA,NA,NA,NA,NA,NA,NA,Y,3,0,1,2,A,-,08,22107,NA,N,C,E,A,A,H,-,C,D,0,NA,NA,NA,Y,Y,NA,A,01,0,1,0,0,0,0,0,0,0,-,-,34.0882682800293,-118.0158920288086,LOS ANGELES,EL MONTE,-118.0160675048828,34.087852478027344
81881137,2022,2022-10-04,1969,2022-07-30,0007,10220,PATRO,6,5,5,1969,0,0,0,NA,0,004,FILESTONE BLVD,HUNT AV,0,NA,Y,A,-,Y,NA,NA,NA,NA,NA,NA,NA,NA,NA,Y,2,0,1,2,A,-,08,22107,NA,N,C,E,A,A,H,-,C,D,0,NA,NA,NA,Y,Y,NA,A,01,1,0,0,0,0,0,0,0,0,-,-,33.952701568603516,-118.19103240966795,LOS ANGELES,SOUTH GATE,-118.19100952148438,33.95264434814453
81881140,2022,2022-10-04,1969,2022-08-19,1855,10251,PATRO,5,5,5,1969,0,0,0,NA,0,005,IMPERIAL HWY,GARFIELD AV,348,E,N,A,-,N,NA,NA,NA,NA,NA,NA,NA,NA,NA,N,3,0,3,2,A,-,09,21801,A,N,D,C,A,A,H,-,A,D,0,NA,NA,NA,NA,Y,NA,D,72,0,2,1,0,0,0,0,0,0,-,-,33.9298210144043,-118.16822814941406,LOS ANGELES,SOUTH GATE,-118.1669921875,33.92979431152344
81881150,2022,2022-10-04,1969,2022-09-16,0817,10208,TRAFF,5,5,5,1969,0,0,0,NA,0,001,LONG BEACH BLVD,WILLOW PL,0,NA,Y,A,-,N,NA,NA,NA,NA,NA,NA,NA,NA,NA,N,4,0,1,2,A,-,09,21801,A,N,D,C,A,A,H,-,A,A,0,NA,NA,NA,NA,Y,NA,A,01,0,0,1,0,0,0,0,0,0,-,-,NA,NA,LOS ANGELES,SOUTH GATE,-118.21961975097656,33.95454406738281
81881266,2022,2022-10-04,1933,2022-09-18,1505,1046,32,7,5,6,1933,0,0,0,NA,0,004,YUKON AV,108TH ST,0,NA,Y,A,-,N,NA,NA,NA,NA,NA,NA,NA,NA,NA,Y,3,0,1,2,D,-,00,NA,NA,N,A,D,A,A,H,-,A,A,0,NA,NA,NA,NA,Y,NA,-,-,0,1,0,0,0,0,0,0,0,-,-,33.937721252441406,-118.33493041992188,LOS ANGELES,INGLEWOOD,-118.33489990234376,33.937721252441406
81882408,2022,2022-10-05,1975,2022-08-28,2325,473,WCPD,7,5,6,1975,0,0,0,NA,0,005,AMAR RD,TEMPLE AV,0,NA,Y,A,-,N,NA,NA,NA,NA,NA,NA,NA,NA,NA,N,3,0,1,2,A,-,12,21453,A,N,D,G,A,A,H,-,A,A,0,NA,Y,NA,NA,Y,NA,-,-,0,1,0,0,0,0,1,0,0,-,-,34.029319763183594,-117.91001129150392,LOS ANGELES,WEST COVINA,-117.91007995605467,34.029197692871094
81882435,2022,2022-10-05,1947,2022-09-22,2255,1431,NA,4,5,5,1947,0,0,0,NA,0,00A,GARFIELD AVE,MADISON AVE,471,N,N,A,-,N,NA,NA,NA,NA,NA,NA,NA,NA,NA,Y,3,0,3,2,A,-,09,21804,A,N,D,C,A,A,H,-,C,D,0,NA,NA,NA,NA,Y,NA,A,01,0,2,1,0,0,0,0,0,0,-,-,NA,NA,LOS ANGELES,MONTEBELLO,-118.1313934326172,34.01859664916992
81882436,2022,2022-10-05,1922,2022-08-20,2146,701,NA,6,5,6,1922,0,0,0,NA,0,003,MOUNTAIN VIEW RD,FINEVIEW ST,250,S,N,-,-,N,NA,NA,NA,NA,NA,NA,NA,NA,NA,Y,3,0,1,1,A,-,08,22107,NA,N,E,I,A,A,H,-,C,D,0,NA,NA,NA,NA,Y,NA,A,01,0,1,0,0,0,0,0,0,0,-,-,34.05344009399414,-118.03285980224608,LOS ANGELES,EL MONTE,-118.03343200683594,34.0529670715332
81882437,2022,2022-10-05,1922,2022-08-27,1850,699,ELM,6,5,6,1922,0,0,0,NA,0,004,VALLEY BLVD,GARVEY AVE,0,NA,Y,A,-,N,NA,NA,NA,NA,NA,NA,NA,NA,NA,N,3,0,1,2,A,-,09,21801,A,F,H,G,A,A,H,-,A,A,0,NA,Y,NA,NA,Y,NA,A,01,0,1,0,0,0,0,1,0,0,-,-,34.062808990478516,-118.01938629150392,LOS ANGELES,EL MONTE,-118.01938629150392,34.06289291381836
81882439,2022,2022-10-05,1922,2022-09-04,1218,704,NA,7,5,6,1922,0,0,0,NA,0,002,STEWART ST,PECK RD,296,E,N,A,-,N,NA,NA,NA,NA,NA,NA,NA,NA,NA,Y,2,0,1,2,A,-,09,21801,A,N,D,C,A,A,H,-,A,D,0,NA,NA,Y,NA,Y,NA,A,01,1,0,0,0,0,0,0,0,1,-,-,34.071590423583984,-118.0254364013672,LOS ANGELES,EL MONTE,-118.02482604980467,34.07097625732422
81883546,2022,2022-10-06,1969,2022-09-13,2051,10242,PATRO,2,5,5,1969,0,0,0,NA,0,003,MISSOURI AV,SAN JUAN AV,173,E,N,A,-,N,NA,NA,NA,NA,NA,NA,NA,NA,NA,N,3,0,1,2,A,-,17,22517,NA,N,D,G,A,A,H,-,C,D,0,NA,Y,NA,NA,Y,NA,A,01,0,1,0,0,0,0,1,0,0,-,-,33.946109771728516,-118.20278930664064,LOS ANGELES,SOUTH GATE,-118.20223236083984,33.94603729248047
81883555,2022,2022-10-06,1948,2022-09-27,1822,486,1948,2,5,5,1948,0,0,0,NA,0,002,GARFIELD AV,GARVEY AV,40,N,N,A,-,N,NA,NA,NA,NA,NA,NA,NA,NA,NA,Y,4,0,1,2,A,-,12,21453,A,M,D,C,A,A,H,-,A,A,0,NA,NA,NA,NA,Y,NA,A,01,0,0,1,0,0,0,0,0,0,-,-,34.062530517578125,-118.12284088134766,LOS ANGELES,MONTEREY PARK,-118.12281799316406,34.06245040893555
81883623,2022,2022-10-06,1965,2022-08-15,0758,4083,0B3D,1,5,5,1965,0,0,0,NA,0,B003,LINCOLN BLVD (1700 BLOCK),NOT STATED,0,NA,-,A,-,N,NA,NA,NA,NA,NA,NA,NA,NA,NA,N,4,0,1,2,A,-,08,22107,NA,N,D,G,A,A,H,-,A,A,0,NA,Y,NA,NA,Y,NA,A,01,0,0,1,0,0,0,1,0,0,-,-,NA,NA,LOS ANGELES,SANTA MONICA,NA,NA
81883625,2022,2022-10-06,1965,2022-08-18,1250,4053,0B2D,4,5,5,1965,0,0,0,NA,0,B002,28TH ST,OCEAN PARK BLVD,35,S,N,A,-,N,NA,NA,NA,NA,NA,NA,NA,NA,NA,N,4,0,1,2,D,-,00,NA,NA,N,D,C,A,A,H,-,A,A,0,NA,NA,NA,NA,Y,NA,-,-,0,0,1,0,0,0,0,0,0,-,-,NA,NA,LOS ANGELES,SANTA MONICA,-118.45587158203124,34.01877212524414
81883626,2022,2022-10-06,1965,2022-08-18,2109,3553,0B3C,4,5,5,1965,0,0,0,NA,0,B003,BROADWAY,20TH ST,0,NA,Y,A,-,N,NA,NA,NA,NA,NA,NA,NA,NA,NA,N,3,0,2,2,A,-,12,21453,A,F,D,C,A,A,H,-,C,A,0,NA,NA,NA,NA,Y,NA,-,-,0,1,1,0,0,0,0,0,0,-,-,NA,NA,LOS ANGELES,SANTA MONICA,-118.47847747802734,34.02736282348633
81884570,2022,2022-10-07,1947,2022-09-18,2113,1406,NA,7,5,5,1947,0,0,0,NA,0,00A,GARFIELD AVE,VIA ACOSTA,0,NA,Y,C,-,N,NA,NA,NA,NA,NA,NA,NA,NA,NA,Y,4,0,1,2,A,-,12,21453,A,N,D,C,A,A,H,-,C,A,0,NA,NA,NA,NA,Y,NA,D,22,0,0,1,0,0,0,0,0,0,-,-,NA,NA,LOS ANGELES,MONTEBELLO,-118.13299560546876,34.02374267578125
81884588,2022,2022-10-07,1948,2022-09-04,0852,484,1948,7,5,5,1948,0,0,0,NA,0,002,GARVEY AV,GARFIELD AV,0,NA,Y,A,-,N,NA,NA,NA,NA,NA,NA,NA,NA,NA,Y,4,0,1,2,A,-,12,21453,A,N,D,C,A,A,H,-,A,A,0,NA,NA,NA,NA,Y,NA,A,07,0,0,1,0,0,0,0,0,0,-,-,34.062530517578125,-118.12284088134766,LOS ANGELES,MONTEREY PARK,-118.1228256225586,34.06245422363281
81884590,2022,2022-10-07,1948,2022-09-08,1605,484,1948,4,5,5,1948,0,0,0,NA,0,001,FLORAL DR,CORPORATE CENTER DR,295,W,N,A,-,N,NA,NA,NA,NA,NA,NA,NA,NA,NA,N,4,0,5,3,A,-,03,22350,NA,N,C,C,A,A,H,-,A,A,0,NA,NA,NA,NA,Y,NA,I,19,0,0,5,0,0,0,0,0,0,-,-,34.04423141479492,-118.1670379638672,LOS ANGELES,MONTEREY PARK,-118.16804504394533,34.044219970703125
81884592,2022,2022-10-07,1948,2022-09-10,1358,468,1948,6,5,5,1948,0,0,0,NA,0,004,KELLER ST,GARFIELD AV,0,NA,Y,A,-,N,NA,NA,NA,NA,NA,NA,NA,NA,NA,N,4,0,1,2,A,-,05,21650,1,N,D,G,A,A,H,-,A,D,0,NA,Y,NA,NA,Y,NA,L,04,0,0,1,0,0,0,1,0,0,-,-,34.04560852050781,-118.12853240966795,LOS ANGELES,MONTEREY PARK,-118.12860107421876,34.0456428527832
81884595,2022,2022-10-07,1948,2022-09-22,1658,484,1948,4,5,5,1948,0,0,0,NA,0,001,AVENIDA CESAR CHAVEZ,SCHOOLSIDE AV,0,NA,N,A,-,N,NA,NA,NA,NA,NA,NA,NA,NA,NA,N,2,0,1,2,A,-,09,21801,A,N,D,C,A,A,H,-,A,D,0,NA,NA,Y,NA,Y,NA,A,01,1,0,0,0,0,0,0,0,1,-,-,34.040130615234375,-118.15042114257813,LOS ANGELES,MONTEREY PARK,-118.15048980712892,34.040008544921875
81884598,2022,2022-10-07,1948,2022-09-28,1625,465,1948,3,5,5,1948,0,0,0,NA,0,001,AVENIDA CESAR CHAVEZ,VANCOUVER AV,160,E,N,A,-,N,NA,NA,NA,NA,NA,NA,NA,NA,NA,N,4,0,3,2,D,-,00,NA,NA,N,B,C,A,A,H,-,A,D,0,NA,NA,NA,NA,Y,NA,-,-,0,0,3,0,0,0,0,0,0,-,-,34.0406608581543,-118.15676879882813,LOS ANGELES,MONTEREY PARK,-118.1562042236328,34.04078674316406
81884600,2022,2022-10-07,1948,2022-09-29,1204,474,1948,4,5,5,1948,0,0,0,NA,0,002,HELLMAN AV,GARFIELD AV,0,NA,Y,A,-,N,NA,NA,NA,NA,NA,NA,NA,NA,NA,N,4,0,1,2,A,-,12,21453,A,N,B,C,A,A,H,-,A,A,0,NA,NA,NA,NA,Y,NA,-,-,0,0,1,0,0,0,0,0,0,-,-,34.06980895996094,-118.12291717529295,LOS ANGELES,MONTEREY PARK,-118.12293243408205,34.069759368896484
81884709,2022,2022-10-07,1965,2022-07-20,2127,4005,0B1F,3,5,5,1965,0,0,0,NA,0,B001,PICO BLVD,MAIN ST,13,E,N,A,-,N,NA,NA,NA,NA,NA,NA,NA,NA,NA,Y,2,0,1,2,A,-,11,21453,D,N,G,B,B,A,H,-,C,A,0,Y,NA,NA,NA,Y,NA,N,60,1,0,0,0,1,0,0,0,0,-,-,34.00811004638672,-118.48961639404295,LOS ANGELES,SANTA MONICA,-118.48967742919922,34.00796127319336
81884710,2022,2022-10-07,1965,2022-08-01,2003,3934,NA,1,5,5,1965,0,0,0,NA,0,NA,WILSHIRE BLVD,STANFORD ST,0,NA,Y,A,-,N,NA,NA,NA,NA,NA,NA,NA,NA,NA,N,4,0,1,3,A,-,03,22350,NA,N,C,E,A,A,H,-,C,D,0,NA,NA,NA,NA,Y,Y,A,01,0,0,1,0,0,0,0,0,0,-,-,NA,NA,LOS ANGELES,SANTA MONICA,-118.47370147705078,34.0390625
81884712,2022,2022-10-07,1965,2022-08-13,1519,4101,0B4E,6,5,5,1965,0,0,0,NA,0,004,17TH ST,MONTANA AVE,22,S,N,A,-,N,NA,NA,NA,NA,NA,NA,NA,NA,NA,N,4,0,1,2,A,-,21,22106,NA,N,B,C,A,A,H,-,A,A,0,NA,NA,NA,NA,Y,NA,-,99,0,0,1,0,0,0,0,0,0,-,-,NA,NA,LOS ANGELES,SANTA MONICA,-118.49231719970705,34.034454345703125
81884717,2022,2022-10-07,1965,2022-08-20,2319,4009,0B3C,6,5,5,1965,0,0,0,NA,0,003,LINCOLN BLVD,BROADWAY,121,S,N,A,-,N,NA,NA,NA,NA,NA,NA,NA,NA,NA,Y,4,0,1,4,A,-,05,21460,A,N,A,C,A,A,H,-,C,D,0,NA,NA,NA,NA,Y,NA,A,01,0,0,1,0,0,0,0,0,0,-,-,NA,NA,LOS ANGELES,SANTA MONICA,-118.48955535888672,34.0179328918457
81884718,2022,2022-10-07,1965,2022-08-21,1701,4083,0B1L,7,5,5,1965,0,0,0,NA,0,B001,SANTA MONICA BLVD,OCEAN AVE,184,E,N,A,-,N,NA,NA,NA,NA,NA,NA,NA,NA,NA,N,4,0,1,2,A,-,21,22106,NA,N,D,C,A,A,H,-,A,A,0,NA,NA,NA,NA,Y,NA,-,99,0,0,1,0,0,0,0,0,0,-,-,NA,NA,LOS ANGELES,SANTA MONICA,-118.49764251708984,34.01443099975586
81884719,2022,2022-10-07,1965,2022-08-23,1840,3764,NA,2,5,5,1965,0,0,0,NA,0,NA,7TH ST,COLORADO AVE,106,S,N,A,-,N,NA,NA,NA,NA,NA,NA,NA,NA,NA,N,4,0,1,2,A,-,21,22106,NA,N,C,C,A,A,H,-,A,D,0,NA,NA,NA,NA,Y,NA,A,07,0,0,1,0,0,0,0,0,0,-,-,NA,NA,LOS ANGELES,SANTA MONICA,-118.48900604248048,34.0158805847168
81884722,2022,2022-10-07,1965,2022-08-24,2102,3553,0B3A,3,5,5,1965,0,0,0,NA,0,B003,BERKELEY ST,ARIZONA AVE,0,NA,Y,A,-,N,NA,NA,NA,NA,NA,NA,NA,NA,NA,N,3,0,1,2,A,-,09,21800,A,N,H,G,A,A,H,-,C,A,0,NA,Y,NA,NA,Y,NA,-,-,0,1,0,0,0,0,1,0,0,-,-,NA,NA,LOS ANGELES,SANTA MONICA,-118.47119140625,34.038448333740234
81884723,2022,2022-10-07,1965,2022-08-25,1300,3553,0B2E,4,5,5,1965,0,0,0,NA,0,B002,CLOVERFIELD BLVD,PEARL ST,0,NA,Y,A,-,N,NA,NA,NA,NA,NA,NA,NA,NA,NA,N,4,0,1,2,A,-,12,22450,A,N,D,C,A,A,H,-,A,A,0,NA,NA,NA,NA,Y,NA,-,-,0,0,1,0,0,0,0,0,0,-,-,NA,NA,LOS ANGELES,SANTA MONICA,-118.46343994140624,34.01898193359375
81884725,2022,2022-10-07,1965,2022-08-25,1730,3553,0B2A,4,5,5,1965,0,0,0,NA,0,B002,BAY ST,6TH ST (WEST),86,W,N,A,-,N,NA,NA,NA,NA,NA,NA,NA,NA,NA,N,2,0,1,2,A,-,09,21804,A,N,F,A,A,A,H,-,A,A,0,NA,NA,Y,NA,Y,NA,A,07,1,0,0,0,0,0,0,0,1,-,-,NA,NA,LOS ANGELES,SANTA MONICA,-118.48504638671876,34.00996017456055
81884726,2022,2022-10-07,1965,2022-08-25,1800,3158,0B3A,4,5,5,1965,0,0,0,NA,0,B003,WILSHIRE BLVD,10TH ST,0,NA,Y,A,-,N,NA,NA,NA,NA,NA,NA,NA,NA,NA,Y,4,0,2,2,A,-,09,21802,A,N,D,C,A,A,H,-,A,A,0,NA,NA,NA,NA,Y,NA,A,01,0,0,2,0,0,0,0,0,0,-,-,NA,NA,LOS ANGELES,SANTA MONICA,-118.49263763427734,34.02371597290039
81884728,2022,2022-10-07,1965,2022-08-26,0900,4053,0B2C,5,5,5,1965,0,0,0,NA,0,B002,PICO BLVD,18TH ST,0,NA,Y,A,-,N,NA,NA,NA,NA,NA,NA,NA,NA,NA,N,3,0,1,2,A,-,09,21802,A,N,D,C,A,A,H,-,A,A,0,NA,NA,NA,NA,Y,NA,A,01,0,1,0,0,0,0,0,0,0,-,-,NA,NA,LOS ANGELES,SANTA MONICA,-118.47164916992188,34.01832580566406
81884730,2022,2022-10-07,1965,2022-08-30,1155,3984,0B1C,2,5,5,1965,0,0,0,NA,0,B001,OCEAN AVE,COLORADO AVE,350,N,N,A,-,N,NA,NA,NA,NA,NA,NA,NA,NA,NA,N,4,0,1,2,A,-,17,22517,NA,N,D,G,A,A,H,-,A,A,0,NA,Y,NA,NA,Y,NA,A,01,0,0,1,0,0,0,1,0,0,-,-,NA,NA,LOS ANGELES,SANTA MONICA,-118.49577331542967,34.012123107910156
81884733,2022,2022-10-07,1965,2022-08-31,2140,3158,0B4D,3,5,5,1965,0,0,0,NA,0,B004,4TH ST,WASHINGTON AVE,0,NA,Y,A,-,N,NA,NA,NA,NA,NA,NA,NA,NA,NA,N,3,0,1,2,A,-,12,22450,A,N,H,G,A,A,H,-,C,A,0,NA,Y,NA,NA,Y,Y,L,04,0,1,0,0,0,0,1,0,0,-,-,NA,NA,LOS ANGELES,SANTA MONICA,-118.50152587890624,34.02183532714844
81884734,2022,2022-10-07,1965,2022-09-01,0735,3693,0B2D,4,5,5,1965,0,0,0,NA,0,B002,28TH ST,OCEAN PARK BLVD,116,S,N,A,-,N,NA,NA,NA,NA,NA,NA,NA,NA,NA,Y,4,0,1,2,A,-,00,22012,NA,N,C,C,A,A,H,-,A,A,0,NA,NA,NA,NA,Y,NA,A,07,0,0,1,0,0,0,0,0,0,-,-,NA,NA,LOS ANGELES,SANTA MONICA,-118.45571136474608,34.018592834472656
81884736,2022,2022-10-07,1965,2022-09-01,1600,3553,0B2E,4,5,5,1965,0,0,0,NA,0,B002,PICO BLVD,25TH ST,0,NA,Y,A,-,N,NA,NA,NA,NA,NA,NA,NA,NA,NA,N,3,0,1,2,A,-,03,22350,NA,N,C,C,A,A,H,-,A,A,0,NA,NA,Y,NA,Y,NA,C,02,0,1,0,0,0,0,0,0,1,-,-,NA,NA,LOS ANGELES,SANTA MONICA,-118.4635772705078,34.02260208129883
81884738,2022,2022-10-07,1965,2022-09-01,2028,3553,0B1F,4,5,5,1965,0,0,0,NA,0,B001,PICO BLVD,OCEAN AVE,0,NA,Y,B,-,N,NA,NA,NA,NA,NA,NA,NA,NA,NA,N,3,0,2,2,A,-,09,21801,A,N,A,C,A,A,H,-,C,A,0,NA,NA,NA,NA,Y,NA,A,01,0,1,1,0,0,0,0,0,0,-,-,NA,NA,LOS ANGELES,SANTA MONICA,-118.49032592773438,34.00749969482422
81884739,2022,2022-10-07,1965,2022-09-02,0834,4053,0B1H,5,5,5,1965,0,0,0,NA,0,B001,COLORADO AVE,LINCOLN BLVD,0,NA,Y,A,-,N,NA,NA,NA,NA,NA,NA,NA,NA,NA,N,4,0,2,2,A,-,17,21461,A,N,D,F,A,A,H,-,A,A,0,NA,NA,NA,NA,Y,NA,A,07,0,0,2,0,0,0,0,0,0,-,-,NA,NA,LOS ANGELES,SANTA MONICA,-118.48828887939452,34.016876220703125
81884740,2022,2022-10-07,1965,2022-09-02,1211,3553,0B3B,5,5,5,1965,0,0,0,NA,0,B003,SANTA MONICA BLVD,EUCLID ST,0,NA,Y,A,-,N,NA,NA,NA,NA,NA,NA,NA,NA,NA,N,4,0,1,2,A,-,09,21802,A,N,D,C,A,A,H,-,A,A,0,NA,NA,NA,NA,Y,NA,A,01,0,0,1,0,0,0,0,0,0,-,-,NA,NA,LOS ANGELES,SANTA MONICA,-118.48664855957033,34.023319244384766
81884741,2022,2022-10-07,1965,2022-09-02,1444,3553,0B1F,5,5,5,1965,0,0,0,NA,0,B001,NEILSON WAY,PIER AVE,0,NA,Y,A,-,N,NA,NA,NA,NA,NA,NA,NA,NA,NA,N,2,0,2,2,A,-,09,21802,A,N,D,C,A,A,H,-,A,A,0,NA,NA,Y,NA,Y,NA,A,07,1,1,0,0,0,0,0,0,1,-,-,NA,NA,LOS ANGELES,SANTA MONICA,-118.48072052001952,33.99811935424805
81884743,2022,2022-10-07,1965,2022-09-02,1609,3553,0B1F,5,5,5,1965,0,0,0,NA,0,B001,NEILSON WAY,HOLLISTER AVE,0,NA,Y,A,-,N,NA,NA,NA,NA,NA,NA,NA,NA,NA,N,4,0,2,2,A,-,12,21453,A,N,D,C,A,A,H,-,A,A,0,NA,NA,NA,NA,Y,NA,-,-,0,0,2,0,0,0,0,0,0,-,-,NA,NA,LOS ANGELES,SANTA MONICA,-118.48654174804688,34.00395202636719
81884813,2022,2022-10-07,1955,2022-07-02,2043,42800,NA,6,5,6,1955,0,0,0,NA,0,003,MONTEREY AVE,TOWNE AVE,250,W,N,-,-,N,NA,NA,NA,NA,NA,NA,NA,NA,NA,N,2,0,1,2,A,-,10,21950,C,N,G,B,E,A,H,-,C,A,0,Y,NA,NA,NA,Y,NA,A,07,1,0,0,0,1,0,0,0,0,-,-,34.0609016418457,-117.74149322509766,LOS ANGELES,POMONA,-117.74234008789064,34.06072235107422
81884824,2022,2022-10-07,1933,2022-09-19,2218,1077,NA,1,5,6,1933,0,0,0,NA,0,NA,FLORENCE AV,LA BREA AV,0,NA,Y,A,-,N,NA,NA,NA,NA,NA,NA,NA,NA,NA,N,4,0,1,2,A,-,01,23152,A,N,C,C,A,A,H,-,C,A,0,NA,NA,NA,NA,Y,NA,A,01,0,0,1,0,0,0,0,0,0,-,-,33.96549987792969,-118.35330200195313,LOS ANGELES,INGLEWOOD,-118.35340118408205,33.96546936035156
81884830,2022,2022-10-07,1933,2022-09-23,2005,1035,13,5,5,6,1933,0,0,0,NA,0,003,CRENSHAW BLVD,88TH ST,100,N,N,A,-,N,NA,NA,NA,NA,NA,NA,NA,NA,NA,Y,4,0,1,2,A,-,08,22107,NA,N,D,C,A,A,H,-,C,A,0,NA,NA,NA,NA,Y,NA,A,01,0,0,1,0,0,0,0,0,0,-,-,NA,NA,LOS ANGELES,INGLEWOOD,-118.32649230957033,33.95830535888672
81884831,2022,2022-10-07,1933,2022-09-24,0600,1053,NA,6,5,6,1933,0,0,0,NA,0,001,VAN NESS AV,111TH ST,21,E,N,A,-,N,NA,NA,NA,NA,NA,NA,NA,NA,NA,Y,4,0,1,3,A,-,09,21802,A,N,D,E,A,A,H,-,A,D,0,NA,NA,NA,NA,Y,NA,A,01,0,0,1,0,0,0,0,0,0,-,-,33.9334716796875,-118.31775665283205,LOS ANGELES,INGLEWOOD,-118.31777954101564,33.93349075317383