CASE_ID,ACCIDENT_YEAR,PROC_DATE,JURIS,COLLISION_DATE,COLLISION_TIME,OFFICER_ID,REPORTING_DISTRICT,DAY_OF_WEEK,CHP_SHIFT,POPULATION,CNTY_CITY_LOC,SPECIAL_COND,BEAT_TYPE,CHP_BEAT_TYPE,CITY_DIVISION_LAPD,CHP_BEAT_CLASS,BEAT_NUMBER,PRIMARY_RD,SECONDARY_RD,DISTANCE,DIRECTION,INTERSECTION,WEATHER_1,WEATHER_2,STATE_HWY_IND,CALTRANS_COUNTY,CALTRANS_DISTRICT,STATE_ROUTE,ROUTE_SUFFIX,POSTMILE_PREFIX,POSTMILE,LOCATION_TYPE,RAMP_INTERSECTION,SIDE_OF_HWY,TOW_AWAY,COLLISION_SEVERITY,NUMBER_KILLED,NUMBER_INJURED,PARTY_COUNT,PRIMARY_COLL_FACTOR,PCF_CODE_OF_VIOL,PCF_VIOL_CATEGORY,PCF_VIOLATION,PCF_VIOL_SUBSECTION,HIT_AND_RUN,TYPE_OF_COLLISION,MVIW,PED_ACTION,ROAD_SURFACE,ROAD_COND_1,ROAD_COND_2,LIGHTING,CONTROL_DEVICE,CHP_ROAD_TYPE,PEDESTRIAN_ACCIDENT,BICYCLE_ACCIDENT,MOTORCYCLE_ACCIDENT,TRUCK_ACCIDENT,NOT_PRIVATE_PROPERTY,ALCOHOL_INVOLVED,STWD_VEHTYPE_AT_FAULT,CHP_VEHTYPE_AT_FAULT,COUNT_SEVERE_INJ,COUNT_VISIBLE_INJ,COUNT_COMPLAINT_PAIN,COUNT_PED_KILLED,COUNT_PED_INJURED,COUNT_BICYCLIST_KILLED,COUNT_BICYCLIST_INJURED,COUNT_MC_KILLED,COUNT_MC_INJURED,PRIMARY_RAMP,SECONDARY_RAMP,LATITUDE,LONGITUDE,COUNTY,CITY,POINT_X,POINT_Y
81891090,2022,2022-10-17,1975,2022-09-29,1437,353,WCPD,4,5,6,1975,0,0,0,NA,0,005,AMAR RD,OFFICER CHILES WY,0,NA,Y,A,-,N,NA,NA,NA,NA,NA,NA,NA,NA,NA,Y,3,0,2,2,A,-,12,21453,A,N,D,C,A,A,H,-,A,A,0,NA,NA,NA,NA,Y,NA,-,-,0,1,1,0,0,0,0,0,0,-,-,34.030609130859375,-117.91323089599608,LOS ANGELES,WEST COVINA,-117.91319274902344,34.03065490722656
81891093,2022,2022-10-17,1975,2022-10-03,1408,353,WCPD,1,5,6,1975,0,0,0,NA,0,003,CALIFORNIA AV,CAMERON AV,10,S,N,A,-,N,NA,NA,NA,NA,NA,NA,NA,NA,NA,N,3,0,1,2,A,-,05,21650,1,N,D,G,A,A,H,-,A,A,0,NA,Y,NA,NA,Y,NA,L,04,0,1,0,0,0,0,1,0,0,-,-,34.06393814086914,-117.9349365234375,LOS ANGELES,WEST COVINA,-117.93497467041016,34.063899993896484
81891102,2022,2022-10-17,1947,2022-09-17,1154,1445,F,6,5,5,1947,0,0,0,NA,0,00F,MONTEBELLO BLVD,MONARCH,513,S,N,B,-,N,NA,NA,NA,NA,NA,NA,NA,NA,NA,N,4,0,1,2,A,-,03,22350,NA,N,C,C,A,A,H,-,A,D,0,NA,NA,NA,NA,Y,NA,-,-,0,0,1,0,0,0,0,0,0,-,-,NA,NA,LOS ANGELES,MONTEBELLO,NA,NA
81891248,2022,2022-10-17,1947,2022-09-24,1120,1445,F,6,5,5,1947,0,0,0,NA,0,00F,PARAMOUNT BLVD,TOWN CENTER DR,50,N,N,A,-,N,NA,NA,NA,NA,NA,NA,NA,NA,NA,N,4,0,1,2,A,-,08,22100,A,F,D,C,A,A,H,-,A,D,0,NA,NA,NA,NA,Y,NA,A,01,0,0,1,0,0,0,0,0,0,-,-,34.03504943847656,-118.09197998046876,LOS ANGELES,MONTEBELLO,-118.09222412109376,34.03529739379883
81891252,2022,2022-10-17,1923,2022-08-28,0038,546,E317,7,5,3,1923,0,0,0,NA,0,003,SOUTH PACIFIC COAST HIGHWAY,HUGHES WAY,1288,N,N,A,-,Y,NA,NA,NA,NA,NA,NA,NA,NA,NA,N,4,0,1,1,A,-,08,22107,NA,N,E,I,A,A,H,-,C,D,0,NA,NA,NA,NA,Y,Y,A,01,0,0,1,0,0,0,0,0,0,-,-,NA,NA,LOS ANGELES,EL SEGUNDO,-118.39604949951172,33.91128158569336
81891253,2022,2022-10-17,1923,2022-10-03,0947,528,E320,1,5,3,1923,0,0,0,NA,0,003,UTAH AVE,DOUGLAS ST,0,NA,Y,B,-,N,NA,NA,NA,NA,NA,NA,NA,NA,NA,N,3,0,1,2,A,-,10,21950,A,N,G,B,B,A,H,-,A,A,0,Y,NA,NA,NA,Y,NA,A,01,0,1,0,0,1,0,0,0,0,-,-,33.909339904785156,-118.38327026367188,LOS ANGELES,EL SEGUNDO,-118.38319396972656,33.909461975097656
81892339,2022,2022-10-18,1969,2022-09-09,2211,10241,PATRO,5,5,5,1969,0,0,0,NA,0,004,ATLANTIC AV,TWEEDY BLVD,80,N,N,A,-,N,NA,NA,NA,NA,NA,NA,NA,NA,NA,Y,4,0,2,2,A,-,08,22107,NA,N,C,E,A,B,H,-,C,A,0,NA,NA,NA,NA,Y,NA,A,01,0,0,2,0,0,0,0,0,0,-,-,33.941551208496094,-118.1815185546875,LOS ANGELES,SOUTH GATE,-118.18153381347656,33.9417839050293
81892345,2022,2022-10-18,1969,2022-09-18,1943,10241,PATRO,7,5,5,1969,0,0,0,NA,0,003,TWEEDY BLVD,SAN VINCENTE AV,5,W,N,A,-,N,NA,NA,NA,NA,NA,NA,NA,NA,NA,N,4,0,2,2,A,-,03,22350,NA,N,C,C,A,A,H,-,C,A,0,NA,NA,NA,NA,Y,NA,A,01,0,0,2,0,0,0,0,0,0,-,-,33.94356918334961,-118.19973754882813,LOS ANGELES,SOUTH GATE,-118.19979858398438,33.94356155395508
81892468,2022,2022-10-18,1955,2022-08-01,1330,42315,92,1,5,6,1955,0,0,0,NA,0,004,RESERVOIR ST,GRAND AVE,0,NA,Y,A,-,N,NA,NA,NA,NA,NA,NA,NA,NA,NA,Y,3,0,3,2,A,-,09,21801,A,N,D,C,A,A,H,-,A,A,0,NA,NA,NA,NA,Y,NA,A,01,0,1,2,0,0,0,0,0,0,-,-,34.048248291015625,-117.73233032226564,LOS ANGELES,POMONA,-117.73233795166016,34.04825210571289
81892471,2022,2022-10-18,1955,2022-08-04,1231,42818,66,4,5,6,1955,0,0,0,NA,0,001,TEMPLE AVE,SOUTH CAMPUS DR,180,N,N,B,-,N,NA,NA,NA,NA,NA,NA,NA,NA,NA,Y,4,0,1,3,A,-,03,22350,NA,N,C,C,A,A,H,-,A,B,0,NA,NA,NA,NA,Y,NA,A,01,0,0,1,0,0,0,0,0,0,-,-,34.05017852783203,-117.81668090820313,LOS ANGELES,POMONA,-117.81716918945313,34.05025100708008
81892472,2022,2022-10-18,1955,2022-08-04,1548,42818,7,4,5,6,1955,0,0,0,NA,0,003,PALOMARES ST,HOLT AVE,30,N,N,B,-,N,NA,NA,NA,NA,NA,NA,NA,NA,NA,Y,4,0,1,3,A,-,08,22107,NA,F,B,C,A,A,H,-,A,A,0,NA,NA,NA,NA,Y,NA,A,01,0,0,1,0,0,0,0,0,0,-,-,34.062469482421875,-117.74595642089844,LOS ANGELES,POMONA,-117.74596405029295,34.06257247924805
81892478,2022,2022-10-18,1955,2022-08-04,1827,42805,NA,4,5,6,1955,0,0,0,NA,0,NA,RESERVOIR ST,MISSION BLVD,0,NA,Y,A,-,N,NA,NA,NA,NA,NA,NA,NA,NA,NA,Y,4,0,1,3,A,-,12,21453,A,N,D,C,A,A,H,-,A,A,0,NA,NA,NA,NA,Y,NA,A,01,0,0,1,0,0,0,0,0,0,-,-,34.05567932128906,-117.73255920410156,LOS ANGELES,POMONA,-117.73261260986328,34.0555419921875
81893475,2022,2022-10-19,1922,2022-09-14,1520,674,NA,3,5,6,1922,0,0,0,NA,0,001,TYLER AVE,RAMONA BLVD,0,NA,Y,A,-,N,NA,NA,NA,NA,NA,NA,NA,NA,NA,Y,4,0,1,2,A,-,12,21453,A,N,D,C,A,A,H,-,A,A,0,NA,NA,NA,NA,Y,NA,A,01,0,0,1,0,0,0,0,0,0,-,-,34.072059631347656,-118.03595733642578,LOS ANGELES,EL MONTE,-118.0360107421875,34.07204818725586
81893490,2022,2022-10-19,1969,2022-07-30,2251,10145,PATRO,6,5,5,1969,0,0,0,NA,0,003,SOUTHERN AV,CALIFORNIA AV,35,E,N,A,-,N,NA,NA,NA,NA,NA,NA,NA,NA,NA,N,4,0,1,2,A,-,03,22350,NA,N,C,C,A,A,H,-,C,A,0,NA,NA,NA,NA,Y,NA,D,22,0,0,1,0,0,0,0,0,0,-,-,33.95109939575195,-118.20657348632813,LOS ANGELES,SOUTH GATE,-118.20644378662108,33.95107650756836
81893500,2022,2022-10-19,1969,2022-09-08,1024,10208,TRAFF,4,5,5,1969,0,0,0,NA,0,003,FILESTONE BLVD,RHEEM AV,0,NA,Y,A,-,N,NA,NA,NA,NA,NA,NA,NA,NA,NA,N,4,0,1,2,A,-,08,22107,NA,N,D,C,A,A,H,-,A,D,0,NA,NA,NA,NA,Y,NA,D,22,0,0,1,0,0,0,0,0,0,-,-,33.95294952392578,-118.19342041015624,LOS ANGELES,SOUTH GATE,-118.19339752197266,33.95288848876953
81893830,2022,2022-10-19,1933,2022-09-26,1615,1068,10,1,5,6,1933,0,0,0,NA,0,001,MANCHESTER BLVD,LA BREA AV,0,NA,Y,A,-,N,NA,NA,NA,NA,NA,NA,NA,NA,NA,Y,4,0,1,6,A,-,01,23152,A,M,D,C,A,A,H,-,A,A,0,NA,NA,NA,NA,Y,Y,A,01,0,0,1,0,0,0,0,0,0,-,-,33.96181869506836,-118.353271484375,LOS ANGELES,INGLEWOOD,-118.35334014892578,33.961769104003906
81893834,2022,2022-10-19,1933,2022-10-04,1926,981,01,2,5,6,1933,0,0,0,NA,0,001,LA BREA AV,FAIRVIEW BLVD,50,N,N,A,-,N,NA,NA,NA,NA,NA,NA,NA,NA,NA,N,4,0,1,3,A,-,03,22350,NA,N,C,C,A,A,H,-,C,A,0,NA,NA,NA,NA,Y,NA,A,01,0,0,1,0,0,0,0,0,0,-,-,33.9793586730957,-118.35778045654295,LOS ANGELES,INGLEWOOD,-118.35794830322266,33.97941207885742
81893836,2022,2022-10-19,1933,2022-10-05,1646,919,10,3,5,6,1933,0,0,0,NA,0,001,PRAIRIE AV,MANCHESTER TER,0,NA,Y,A,-,N,NA,NA,NA,NA,NA,NA,NA,NA,NA,Y,4,0,1,2,A,-,12,22450,A,F,D,C,A,A,H,-,A,A,0,NA,NA,NA,NA,Y,NA,A,01,0,0,1,0,0,0,0,0,0,-,-,33.96171188354492,-118.34387969970705,LOS ANGELES,INGLEWOOD,-118.3439712524414,33.961669921875
81894752,2022,2022-10-20,1947,2022-08-18,1858,1423,****L,4,5,5,1947,0,0,0,NA,0,00A,LINCOLN AVE,WILCOX AVE,0,NA,Y,A,-,N,NA,NA,NA,NA,NA,NA,NA,NA,NA,N,4,0,1,2,A,-,10,21950,A,N,G,B,B,A,H,-,A,A,0,Y,NA,NA,NA,Y,NA,A,01,0,0,1,0,1,0,0,0,0,-,-,NA,NA,LOS ANGELES,MONTEBELLO,-118.12181091308594,34.02426528930664
81894755,2022,2022-10-20,1947,2022-10-01,2143,1403,NA,6,5,5,1947,0,0,0,NA,0,NA,OLYMPIC BLVD,VAIL AVE,0,NA,Y,A,-,N,NA,NA,NA,NA,NA,NA,NA,NA,NA,Y,3,0,3,3,A,-,12,21453,A,N,D,E,A,A,H,-,C,A,0,NA,NA,NA,NA,Y,NA,D,22,0,1,2,0,0,0,0,0,0,-,-,34.009830474853516,-118.12003326416016,LOS ANGELES,MONTEBELLO,-118.12001037597656,34.009849548339844
81894761,2022,2022-10-20,1922,2022-09-30,1554,680,NA,5,5,6,1922,0,0,0,NA,0,003,TYLER AVE,ASHER ST,15,S,N,A,-,N,NA,NA,NA,NA,NA,NA,NA,NA,NA,N,4,0,1,2,A,-,04,21703,NA,F,C,C,A,A,H,-,A,A,0,NA,NA,NA,NA,Y,NA,A,01,0,0,1,0,0,0,0,0,0,-,-,34.06768035888672,-118.0359115600586,LOS ANGELES,EL MONTE,-118.03598022460938,34.067630767822266
81894783,2022,2022-10-20,1969,2022-08-29,1835,10216,PATRO,1,5,5,1969,0,0,0,NA,0,005,PARAMOUNT BLVD,GARDENDALE ST,15,S,N,A,-,Y,NA,NA,NA,NA,NA,NA,NA,NA,NA,N,2,0,1,3,A,-,09,21801,A,N,A,D,A,A,H,-,A,A,0,NA,NA,Y,NA,Y,NA,A,07,1,0,0,0,0,0,0,0,1,-,-,33.917388916015625,-118.15705871582033,LOS ANGELES,SOUTH GATE,-118.15704345703124,33.91737365722656
81894786,2022,2022-10-20,1969,2022-09-04,0030,10171,PATRO,7,5,5,1969,0,0,0,NA,0,005,PARAMOUNT BLVD,SOMERSET RANCH RD N,0,NA,Y,A,-,N,NA,NA,NA,NA,NA,NA,NA,NA,NA,N,4,0,1,2,A,-,12,21453,A,F,D,C,A,A,H,-,C,A,0,NA,NA,NA,NA,Y,Y,-,99,0,0,1,0,0,0,0,0,0,-,-,33.91250991821289,-118.15985107421876,LOS ANGELES,SOUTH GATE,-118.15975189208984,33.9124755859375
81894808,2022,2022-10-20,1969,2022-10-12,1750,10224,TRAFF,3,5,5,1969,0,0,0,NA,0,002,TWEEDY BLVD,STATE ST,0,NA,Y,A,-,N,NA,NA,NA,NA,NA,NA,NA,NA,NA,N,3,0,1,2,A,-,12,21453,A,F,G,B,F,A,H,-,A,A,0,Y,NA,NA,NA,Y,NA,-,99,0,1,0,0,1,0,0,0,0,-,-,33.9450798034668,-118.21365356445313,LOS ANGELES,SOUTH GATE,-118.21361541748048,33.945064544677734
81894835,2022,2022-10-20,1965,2022-09-04,2148,4074,NA,7,5,5,1965,0,0,0,NA,0,NA,MAIN ST,HOLLISTER AVE (E),0,NA,Y,A,-,N,NA,NA,NA,NA,NA,NA,NA,NA,NA,N,3,0,1,2,A,-,10,21950,A,N,G,B,B,A,H,-,C,A,0,Y,NA,NA,NA,Y,NA,A,01,0,1,0,0,1,0,0,0,0,-,-,34.004188537597656,-118.48587036132813,LOS ANGELES,SANTA MONICA,-118.48604583740234,34.004329681396484
81894836,2022,2022-10-20,1965,2022-09-06,0945,4114,0B2B,2,5,5,1965,0,0,0,NA,0,B002,11TH ST,PEARL ST,0,NA,Y,A,-,N,NA,NA,NA,NA,NA,NA,NA,NA,NA,N,4,0,1,2,A,-,12,22450,A,N,D,G,A,A,H,-,C,A,0,NA,Y,NA,NA,Y,NA,L,04,0,0,1,0,0,0,1,0,0,-,-,NA,NA,LOS ANGELES,SANTA MONICA,-118.47669982910156,34.01128005981445
81894895,2022,2022-10-20,1955,2022-08-09,0552,40437,8,2,5,6,1955,0,0,0,NA,0,003,GAREY AVE,HOLT AVE,0,NA,Y,B,-,N,NA,NA,NA,NA,NA,NA,NA,NA,NA,N,3,0,1,2,A,-,11,21456,C,N,G,B,B,A,H,-,B,A,0,Y,NA,NA,NA,Y,NA,N,60,0,1,0,0,1,0,0,0,0,-,-,34.06248092651367,-117.75031280517578,LOS ANGELES,POMONA,-117.75032806396484,34.0623893737793
81894902,2022,2022-10-20,1955,2022-08-06,2119,42783,94,6,5,6,1955,0,0,0,NA,0,004,PALOMARES ST,GRAND AVE,30,S,N,A,-,N,NA,NA,NA,NA,NA,NA,NA,NA,NA,N,4,0,1,2,A,-,11,21954,A,N,G,B,D,A,H,-,C,A,0,Y,NA,NA,NA,Y,NA,N,60,0,0,1,0,1,0,0,0,0,-,-,34.04793930053711,-117.74542999267578,LOS ANGELES,POMONA,-117.74541473388672,34.047847747802734
81894903,2022,2022-10-20,1933,2022-10-05,0457,1074,03,3,5,6,1933,0,0,0,NA,0,001,MARLBOROUGH AV,67TH ST,0,NA,Y,-,-,N,NA,NA,NA,NA,NA,NA,NA,NA,NA,Y,4,0,2,2,A,-,12,22450,A,N,B,C,A,A,H,-,C,D,0,NA,NA,NA,NA,Y,NA,A,01,0,0,2,0,0,0,0,0,0,-,-,33.97555923461914,-118.34613037109376,LOS ANGELES,INGLEWOOD,-118.34626770019533,33.97554016113281
81894908,2022,2022-10-20,1955,2022-08-09,2035,42804,83,2,5,6,1955,0,0,0,NA,0,005,PARK AVE,RIO RANCHO RD,0,NA,Y,A,-,N,NA,NA,NA,NA,NA,NA,NA,NA,NA,Y,4,0,2,2,A,-,09,21801,A,N,D,C,A,A,H,-,B,A,0,NA,NA,NA,NA,Y,NA,-,-,0,0,2,0,0,0,0,0,0,-,-,34.03348922729492,-117.7536392211914,LOS ANGELES,POMONA,-117.7536163330078,34.03352737426758
81894909,2022,2022-10-20,1933,2022-10-07,1200,1007,I15,5,5,6,1933,0,0,0,NA,0,002,LA CIENEGA BLVD,ARBOR VITAE ST,0,NA,Y,A,-,N,NA,NA,NA,NA,NA,NA,NA,NA,NA,Y,3,0,1,2,A,-,08,22107,NA,N,A,C,A,A,H,-,A,A,0,NA,NA,NA,NA,Y,NA,A,01,0,1,0,0,0,0,0,0,0,-,-,33.952781677246094,-118.37004089355467,LOS ANGELES,INGLEWOOD,-118.3700714111328,33.95269012451172
81894911,2022,2022-10-20,1955,2022-08-09,2357,42804,73,2,5,6,1955,0,0,0,NA,0,005,RIO RANCHO RD,SR 71 OFFRAMP (W),0,NA,Y,A,-,N,NA,NA,NA,NA,NA,NA,NA,NA,NA,Y,4,0,1,2,A,-,12,21453,A,N,D,C,A,A,H,-,C,A,0,NA,NA,NA,NA,Y,NA,A,01,0,0,1,0,0,0,0,0,0,-,-,34.03123092651367,-117.75910186767578,LOS ANGELES,POMONA,-117.7585220336914,34.03178024291992
81894913,2022,2022-10-20,1933,2022-10-07,1737,1057,I23,5,5,6,1933,0,0,0,NA,0,002,INGLEWOOD AV,CENTURY BLVD,107,N,N,A,-,N,NA,NA,NA,NA,NA,NA,NA,NA,NA,Y,4,0,1,2,A,-,09,21804,A,N,D,C,A,A,H,-,A,D,0,NA,NA,NA,NA,Y,NA,J,48,0,0,1,0,0,0,0,0,0,-,-,33.945499420166016,-118.36134338378906,LOS ANGELES,INGLEWOOD,-118.3613510131836,33.94573211669922
81894924,2022,2022-10-20,1933,2022-10-08,0806,1057,I30,6,5,6,1933,0,0,0,NA,0,002,102ND ST,PRAIRIE AV,0,NA,Y,B,-,N,NA,NA,NA,NA,NA,NA,NA,NA,NA,Y,4,0,1,2,A,-,09,21801,A,N,D,C,A,A,H,-,A,A,0,NA,NA,NA,NA,Y,NA,A,01,0,0,1,0,0,0,0,0,0,-,-,33.94364929199219,-118.34393310546876,LOS ANGELES,INGLEWOOD,-118.3439483642578,33.943626403808594
81894925,2022,2022-10-20,1955,2022-08-05,1700,41179,87,5,5,6,1955,0,0,0,NA,0,004,RESERVOIR ST,60 FREEWAY OFF-RAMP (W),160,N,N,A,-,N,NA,NA,NA,NA,NA,NA,NA,NA,NA,N,3,0,1,2,A,-,08,22107,NA,F,B,G,A,A,H,-,A,A,0,NA,Y,NA,NA,Y,NA,-,99,0,1,0,0,0,0,1,0,0,-,-,NA,NA,LOS ANGELES,POMONA,NA,NA
81894929,2022,2022-10-20,1955,2022-08-05,1030,42612,NA,5,5,6,1955,0,0,0,NA,0,004,TOWNE AVE,FRANKLIN AVE,0,NA,Y,A,-,N,NA,NA,NA,NA,NA,NA,NA,NA,NA,Y,4,0,1,2,A,-,12,21453,A,N,D,C,A,A,H,-,A,A,0,NA,NA,Y,NA,Y,NA,C,02,0,0,1,0,0,0,0,0,1,-,-,34.0407600402832,-117.74080657958984,LOS ANGELES,POMONA,-117.74079132080078,34.04079055786133
81894936,2022,2022-10-20,1933,2022-10-09,1640,1077,10,7,5,6,1933,0,0,0,NA,0,001,FLORENCE AV,MARKET ST,69,E,N,A,-,N,NA,NA,NA,NA,NA,NA,NA,NA,NA,N,3,0,1,2,A,-,11,21955,NA,N,G,B,D,A,H,-,A,D,0,Y,NA,NA,NA,Y,NA,N,60,0,1,0,0,1,0,0,0,0,-,-,33.966121673583984,-118.35198974609376,LOS ANGELES,INGLEWOOD,-118.35202026367188,33.96629333496094
81894939,2022,2022-10-20,1955,2022-08-07,1215,42811,0005,7,5,6,1955,0,0,0,NA,0,004,TOWNE AVE,THIRD ST,0,NA,Y,A,-,N,NA,NA,NA,NA,NA,NA,NA,NA,NA,Y,3,0,1,2,A,-,12,21453,A,N,D,C,A,A,H,-,A,A,0,NA,NA,NA,NA,Y,NA,-,-,0,1,0,0,0,0,0,0,0,-,-,34.05725860595703,-117.74136352539064,LOS ANGELES,POMONA,-117.74138641357422,34.0571174621582
81894942,2022,2022-10-20,1933,2022-10-11,1600,967,30,2,5,6,1933,0,0,0,NA,0,004,110TH ST,PRAIRIE AV,0,NA,Y,A,-,N,NA,NA,NA,NA,NA,NA,NA,NA,NA,N,4,0,1,2,A,-,12,22450,A,F,B,G,A,A,H,-,A,A,0,NA,Y,NA,NA,Y,NA,-,99,0,0,1,0,0,0,1,0,0,-,-,33.93579864501953,-118.3439483642578,LOS ANGELES,INGLEWOOD,-118.34391021728516,33.935787200927734
81894952,2022,2022-10-20,1933,2022-10-13,1006,919,18,4,5,6,1933,0,0,0,NA,0,002,HILLCREST BLVD,LA BREA AV,250,E,N,B,-,N,NA,NA,NA,NA,NA,NA,NA,NA,NA,N,3,0,1,2,A,-,05,21650,1,N,D,G,A,A,H,-,A,D,0,NA,Y,NA,NA,Y,NA,L,04,0,1,0,0,0,0,1,0,0,-,-,33.957969665527344,-118.35315704345705,LOS ANGELES,INGLEWOOD,-118.35269165039064,33.958518981933594
81894954,2022,2022-10-20,1933,2022-10-13,1659,919,06,4,5,6,1933,0,0,0,NA,0,001,FLORENCE AV,HIGH,450,W,N,A,-,N,NA,NA,NA,NA,NA,NA,NA,NA,NA,N,4,0,2,1,C,-,18,NA,NA,N,E,I,A,A,H,-,A,D,0,NA,NA,NA,NA,Y,NA,-,-,0,0,2,0,0,0,0,0,0,-,-,NA,NA,LOS ANGELES,INGLEWOOD,-118.33853912353516,33.97416687011719
81895695,2022,2022-10-21,1975,2022-09-24,1610,493,NA,6,5,6,1975,0,0,0,NA,0,001,VINCENT AV,GARVEY AV N,0,NA,Y,A,-,N,NA,NA,NA,NA,NA,NA,NA,NA,NA,Y,3,0,3,2,A,-,09,21801,A,N,D,C,A,A,H,-,A,D,0,NA,NA,NA,NA,Y,NA,A,01,0,1,2,0,0,0,0,0,0,-,-,34.07400894165039,-117.92645263671876,LOS ANGELES,WEST COVINA,-117.92649841308594,34.07402801513672
81895697,2022,2022-10-21,1975,2022-09-28,1449,5009,WCPD,3,5,6,1975,0,0,0,NA,0,005,AZUSA AV,AROMA DR,451,N,N,A,-,N,NA,NA,NA,NA,NA,NA,NA,NA,NA,N,4,0,1,2,A,-,09,21801,A,N,D,C,A,A,H,-,A,D,0,NA,NA,NA,NA,Y,NA,A,01,0,0,1,0,0,0,0,0,0,-,-,34.04743957519531,-117.9080810546875,LOS ANGELES,WEST COVINA,-117.90794372558594,34.04860305786133
81895699,2022,2022-10-21,1975,2022-10-06,1346,353,WCPD,4,5,6,1975,0,0,0,NA,0,002,GRAND AV,HOLT AV,115,N,N,A,-,N,NA,NA,NA,NA,NA,NA,NA,NA,NA,Y,3,0,1,1,A,-,08,22107,NA,N,E,I,A,A,H,-,A,D,0,NA,NA,NA,NA,Y,NA,A,01,0,1,0,0,0,0,0,0,0,-,-,34.067569732666016,-117.87212371826172,LOS ANGELES,WEST COVINA,-117.8722915649414,34.06944274902344
81895701,2022,2022-10-21,1975,2022-10-09,2010,480,WCPD,7,5,6,1975,0,0,0,NA,0,003,MERCED AV,EVANWOOD AV,1056,W,N,A,-,N,NA,NA,NA,NA,NA,NA,NA,NA,NA,N,3,0,1,2,A,-,01,23152,A,N,A,C,A,A,H,-,C,D,0,NA,NA,NA,NA,Y,Y,A,01,0,1,0,0,0,0,0,0,0,-,-,34.059329986572266,-117.94338989257813,LOS ANGELES,WEST COVINA,-117.94603729248048,34.06126022338867
81895771,2022,2022-10-21,1969,2022-09-26,2050,10239,PATRO,1,5,5,1969,0,0,0,NA,0,004,FILESTONE BLVD,RAYO AV (E),224,W,N,A,-,N,NA,NA,NA,NA,NA,NA,NA,NA,NA,N,4,0,1,2,A,-,08,22107,NA,N,B,C,A,A,H,-,C,A,0,NA,NA,NA,NA,Y,NA,A,01,0,0,1,0,0,0,0,0,0,-,-,33.950531005859375,-118.17559814453124,LOS ANGELES,SOUTH GATE,-118.1764907836914,33.950565338134766
81895774,2022,2022-10-21,1969,2022-09-28,1642,20226,TRAFF,3,5,5,1969,0,0,0,NA,0,002,FILESTONE BLVD,ELIZABETH AV,200,E,N,A,-,N,NA,NA,NA,NA,NA,NA,NA,NA,NA,N,4,0,1,2,A,-,17,21235,G,N,D,C,A,A,H,-,A,D,0,NA,NA,Y,NA,Y,NA,C,03,0,0,1,0,0,0,0,0,1,-,-,33.954490661621094,-118.20863342285156,LOS ANGELES,SOUTH GATE,-118.20803833007813,33.95437240600586
81895779,2022,2022-10-21,1969,2022-10-04,1100,20196,NA,2,5,5,1969,0,0,0,NA,0,NA,CALIFORNIA AV,SANTA ANA ST,0,NA,Y,A,-,N,NA,NA,NA,NA,NA,NA,NA,NA,NA,N,4,0,1,2,A,-,12,21453,A,N,D,C,A,A,H,-,A,A,0,NA,NA,NA,NA,Y,NA,D,22,0,0,1,0,0,0,0,0,0,-,-,33.962890625,-118.20480346679688,LOS ANGELES,SOUTH GATE,-118.20479583740234,33.962833404541016
81895783,2022,2022-10-21,1969,2022-10-06,0730,10226,TRAFF,4,5,5,1969,0,0,0,NA,0,004,ATLANTIC AV,FILESTONE BLVD,60,N,N,A,-,N,NA,NA,NA,NA,NA,NA,NA,NA,NA,N,4,0,1,2,A,-,07,21658,A,N,B,C,A,A,H,-,A,A,0,NA,NA,NA,NA,Y,NA,A,01,0,0,1,0,0,0,0,0,0,-,-,33.951908111572266,-118.1831512451172,LOS ANGELES,SOUTH GATE,-118.18329620361328,33.95201873779297
81895849,2022,2022-10-21,1965,2022-09-16,1210,4083,0B1M,5,5,5,1965,0,0,0,NA,0,B001,LINCOLN BLVD,CALIFORNIA AVE,0,NA,Y,A,-,N,NA,NA,NA,NA,NA,NA,NA,NA,NA,N,3,0,1,2,A,-,03,22350,NA,N,A,B,B,A,H,-,A,A,0,Y,NA,NA,NA,Y,NA,A,01,0,1,0,0,1,0,0,0,0,-,-,NA,NA,LOS ANGELES,SANTA MONICA,-118.49617767333984,34.02360153198242
81895850,2022,2022-10-21,1965,2022-09-16,1748,3553,0B2C,5,5,5,1965,0,0,0,NA,0,B002,20TH ST,PICO BLVD,353,S,N,A,-,N,NA,NA,NA,NA,NA,NA,NA,NA,NA,N,3,0,1,7,A,-,01,23152,A,F,C,C,A,A,H,-,A,A,0,NA,NA,NA,NA,Y,Y,A,01,0,1,0,0,0,0,0,0,0,-,-,NA,NA,LOS ANGELES,SANTA MONICA,-118.46881103515624,34.0186767578125