CASE_ID,ACCIDENT_YEAR,PROC_DATE,JURIS,COLLISION_DATE,COLLISION_TIME,OFFICER_ID,REPORTING_DISTRICT,DAY_OF_WEEK,CHP_SHIFT,POPULATION,CNTY_CITY_LOC,SPECIAL_COND,BEAT_TYPE,CHP_BEAT_TYPE,CITY_DIVISION_LAPD,CHP_BEAT_CLASS,BEAT_NUMBER,PRIMARY_RD,SECONDARY_RD,DISTANCE,DIRECTION,INTERSECTION,WEATHER_1,WEATHER_2,STATE_HWY_IND,CALTRANS_COUNTY,CALTRANS_DISTRICT,STATE_ROUTE,ROUTE_SUFFIX,POSTMILE_PREFIX,POSTMILE,LOCATION_TYPE,RAMP_INTERSECTION,SIDE_OF_HWY,TOW_AWAY,COLLISION_SEVERITY,NUMBER_KILLED,NUMBER_INJURED,PARTY_COUNT,PRIMARY_COLL_FACTOR,PCF_CODE_OF_VIOL,PCF_VIOL_CATEGORY,PCF_VIOLATION,PCF_VIOL_SUBSECTION,HIT_AND_RUN,TYPE_OF_COLLISION,MVIW,PED_ACTION,ROAD_SURFACE,ROAD_COND_1,ROAD_COND_2,LIGHTING,CONTROL_DEVICE,CHP_ROAD_TYPE,PEDESTRIAN_ACCIDENT,BICYCLE_ACCIDENT,MOTORCYCLE_ACCIDENT,TRUCK_ACCIDENT,NOT_PRIVATE_PROPERTY,ALCOHOL_INVOLVED,STWD_VEHTYPE_AT_FAULT,CHP_VEHTYPE_AT_FAULT,COUNT_SEVERE_INJ,COUNT_VISIBLE_INJ,COUNT_COMPLAINT_PAIN,COUNT_PED_KILLED,COUNT_PED_INJURED,COUNT_BICYCLIST_KILLED,COUNT_BICYCLIST_INJURED,COUNT_MC_KILLED,COUNT_MC_INJURED,PRIMARY_RAMP,SECONDARY_RAMP,LATITUDE,LONGITUDE,COUNTY,CITY,POINT_X,POINT_Y
81918892,2022,2022-11-16,1933,2022-10-11,1920,1003,35,2,5,6,1933,0,0,0,NA,0,004,IMPERIAL HWY,LEMOLI AV,0,NA,Y,A,-,N,NA,NA,NA,NA,NA,NA,NA,NA,NA,Y,4,0,1,2,A,-,08,22107,NA,N,D,C,A,A,H,-,C,D,0,NA,NA,NA,NA,Y,NA,A,01,0,0,1,0,0,0,0,0,0,-,-,33.93096923828125,-118.33040618896484,LOS ANGELES,INGLEWOOD,-118.33042144775392,33.930973052978516
81919796,2022,2022-11-17,1922,2022-09-27,0559,659,NA,2,5,6,1922,0,0,0,NA,0,003,PECK RD,DODSON ST,0,NA,Y,A,-,N,NA,NA,NA,NA,NA,NA,NA,NA,NA,N,4,0,1,2,A,-,12,21453,A,F,D,G,A,A,H,-,C,A,0,NA,Y,NA,NA,Y,NA,D,23,0,0,1,0,0,0,1,0,0,-,-,34.059871673583984,-118.0305404663086,LOS ANGELES,EL MONTE,-118.0305404663086,34.05998611450195
81919849,2022,2022-11-17,1965,2022-09-26,1830,3158,0B2A,1,5,5,1965,0,0,0,NA,0,B002,PIER AVE,6TH ST,65,W,N,A,-,N,NA,NA,NA,NA,NA,NA,NA,NA,NA,N,2,0,1,1,A,-,03,22350,NA,N,H,A,A,A,H,-,A,D,0,NA,Y,NA,NA,Y,NA,L,04,1,0,0,0,0,0,1,0,0,-,-,NA,NA,LOS ANGELES,SANTA MONICA,-118.47616577148438,34.00168991088867
81919850,2022,2022-11-17,1965,2022-09-30,0820,4069,NA,5,5,5,1965,0,0,0,NA,0,NA,CLOVERFIELD BLVD,VIRGINIA AVE,0,NA,Y,A,-,N,NA,NA,NA,NA,NA,NA,NA,NA,NA,N,4,0,1,2,A,-,09,21802,A,N,D,C,A,A,H,-,A,A,0,NA,NA,NA,NA,Y,NA,-,-,0,0,1,0,0,0,0,0,0,-,-,NA,NA,LOS ANGELES,SANTA MONICA,-118.4675521850586,34.023067474365234
81919853,2022,2022-11-17,1965,2022-10-14,2115,3553,0B3A,5,5,5,1965,0,0,0,NA,0,B003,23RD ST,SANTA MONICA BLVD,0,NA,Y,B,-,N,NA,NA,NA,NA,NA,NA,NA,NA,NA,N,3,0,1,2,A,-,10,21950,A,N,G,B,B,A,H,-,C,A,0,Y,NA,NA,NA,Y,NA,A,01,0,1,0,0,1,0,0,0,0,-,-,NA,NA,LOS ANGELES,SANTA MONICA,-118.47756958007813,34.03064727783203
81919856,2022,2022-11-17,1965,2022-10-15,1655,3553,0B1F,6,5,5,1965,0,0,0,NA,0,B001,MAIN ST,BICKNELL AVE,0,NA,Y,B,-,N,NA,NA,NA,NA,NA,NA,NA,NA,NA,N,3,0,1,2,A,-,08,22100,A,N,H,A,A,A,G,-,A,A,0,NA,NA,NA,NA,Y,NA,A,07,0,1,0,0,0,0,0,0,0,-,-,NA,NA,LOS ANGELES,SANTA MONICA,-118.48820495605467,34.00640106201172
81919975,2022,2022-11-17,1933,2022-03-17,1341,812,27,4,5,6,1933,0,0,0,NA,0,004,PRAIRIE AV,CENTURY BLVD,100,S,N,A,-,N,NA,NA,NA,NA,NA,NA,NA,NA,NA,Y,1,1,0,2,A,-,11,21954,A,N,G,B,D,A,H,-,A,A,0,Y,NA,NA,NA,Y,NA,N,60,0,0,0,1,0,0,0,0,0,-,-,33.94546890258789,-118.34391784667967,LOS ANGELES,INGLEWOOD,-118.3439483642578,33.94517517089844
81920893,2022,2022-11-18,1975,2022-11-05,1904,400,NA,6,5,6,1975,0,0,0,NA,0,001,PUENTE AV,HYACINTH AV,0,NA,Y,A,-,N,NA,NA,NA,NA,NA,NA,NA,NA,NA,Y,4,0,3,2,A,-,08,22107,NA,N,D,C,A,A,H,-,C,D,0,NA,NA,NA,NA,Y,Y,A,01,0,0,3,0,0,0,0,0,0,-,-,34.082820892333984,-117.9149169921875,LOS ANGELES,WEST COVINA,-117.91490936279295,34.08280944824219
81920894,2022,2022-11-18,1975,2022-11-05,1921,479,WCPD,6,5,6,1975,0,0,0,NA,0,006,AMAR RD,WESTPORT ST,0,NA,Y,A,-,N,NA,NA,NA,NA,NA,NA,NA,NA,NA,Y,4,0,1,2,A,-,09,21801,A,N,D,C,A,A,H,-,C,A,0,NA,NA,NA,NA,Y,NA,A,01,0,0,1,0,0,0,0,0,0,-,-,34.02748107910156,-117.90657043457033,LOS ANGELES,WEST COVINA,-117.90666961669922,34.02737045288086
81920960,2022,2022-11-18,1947,2022-10-01,1508,1443,NA,6,5,5,1947,0,0,0,NA,0,00A,WHITTIER BLVD,GARFIELD AVE,84,W,N,A,-,N,NA,NA,NA,NA,NA,NA,NA,NA,NA,Y,3,0,1,2,A,-,09,21804,A,F,G,B,E,A,H,-,A,A,0,Y,NA,NA,NA,Y,Y,-,99,0,1,0,0,1,0,0,0,0,-,-,34.01470184326172,-118.12993621826172,LOS ANGELES,MONTEBELLO,-118.13029479980467,34.01466369628906
81920964,2022,2022-11-18,1922,2022-09-09,2232,696,NA,5,5,6,1922,0,0,0,NA,0,003,SANTA ANITA AVE,BODGER ST,117,N,N,C,-,N,NA,NA,NA,NA,NA,NA,NA,NA,NA,N,4,0,1,1,A,-,08,22107,NA,N,E,I,A,B,H,-,C,D,0,NA,NA,NA,Y,Y,NA,F,86,0,0,1,0,0,0,0,0,0,-,-,34.06418991088867,-118.04271697998048,LOS ANGELES,EL MONTE,-118.0427017211914,34.064579010009766
81920965,2022,2022-11-18,1922,2022-10-17,1228,699,ELM,1,5,6,1922,0,0,0,NA,0,002,COGSWELL RD,RAMONA BLVD,300,S,N,A,-,N,NA,NA,NA,NA,NA,NA,NA,NA,NA,Y,4,0,1,2,A,-,09,21804,A,N,D,C,A,A,H,-,A,D,0,NA,NA,NA,NA,Y,NA,A,01,0,0,1,0,0,0,0,0,0,-,-,34.07529830932617,-118.01273345947266,LOS ANGELES,EL MONTE,-118.01308441162108,34.074546813964844
81920966,2022,2022-11-18,1922,2022-10-21,1050,633,NA,5,5,6,1922,0,0,0,NA,0,001,SANTA ANITA AVE,I 10 WB ONRAMP,0,NA,Y,A,-,N,NA,NA,NA,NA,NA,NA,NA,NA,NA,N,4,0,1,2,A,-,08,22101,D,N,B,C,A,A,H,-,A,A,0,NA,NA,NA,NA,Y,NA,A,01,0,0,1,0,0,0,0,0,0,-,-,34.06903076171875,-118.04222869873048,LOS ANGELES,EL MONTE,-118.0421905517578,34.068878173828125
81920967,2022,2022-11-18,1922,2022-10-21,2335,697,NA,5,5,6,1922,0,0,0,NA,0,001,VALLEY BLVD,TYLER AVE,0,NA,Y,A,-,N,NA,NA,NA,NA,NA,NA,NA,NA,NA,N,4,0,1,2,A,-,12,21453,A,N,D,C,A,A,H,-,C,A,0,NA,NA,NA,NA,Y,NA,A,01,0,0,1,0,0,0,0,0,0,-,-,34.07489013671875,-118.03507232666016,LOS ANGELES,EL MONTE,-118.03505706787108,34.07490158081055
81920968,2022,2022-11-18,1922,2022-10-23,0339,711,1922,7,5,6,1922,0,0,0,NA,0,001,PECK RD,RANCHITO ST,180,N,N,B,-,N,NA,NA,NA,NA,NA,NA,NA,NA,NA,N,3,0,1,2,A,-,01,23152,A,N,C,E,A,A,H,-,C,D,0,NA,NA,NA,NA,Y,Y,A,01,0,1,0,0,0,0,0,0,0,-,-,34.0890007019043,-118.01554107666016,LOS ANGELES,EL MONTE,-118.01527404785156,34.0894660949707
81920969,2022,2022-11-18,1922,2022-10-27,1312,685,NA,4,5,6,1922,0,0,0,NA,0,004,MOUNTAIN VIEW RD,GARVEY AVE,0,NA,Y,A,-,N,NA,NA,NA,NA,NA,NA,NA,NA,NA,N,4,0,1,2,A,-,10,21950,A,N,G,B,B,A,H,-,A,A,0,Y,NA,NA,NA,Y,NA,A,01,0,0,1,0,1,0,0,0,0,-,-,34.06283187866211,-118.02176666259766,LOS ANGELES,EL MONTE,-118.02173614501952,34.06283950805664
81920971,2022,2022-11-18,1922,2022-10-28,1636,625,NA,5,5,6,1922,0,0,0,NA,0,004,MAGNOLIA ST,DURFEE AVE,200,E,N,A,-,N,NA,NA,NA,NA,NA,NA,NA,NA,NA,N,4,0,2,2,A,-,09,21801,A,N,A,C,A,A,H,-,A,D,0,NA,NA,NA,NA,Y,NA,A,01,0,0,2,0,0,0,0,0,0,-,-,34.0560188293457,-118.01737213134766,LOS ANGELES,EL MONTE,-118.01696014404295,34.055519104003906
81920972,2022,2022-11-18,1923,2022-10-17,1730,528,E212,1,5,3,1923,0,0,0,NA,0,002,GRAND AVE,KANSAS ST,0,NA,Y,A,-,N,NA,NA,NA,NA,NA,NA,NA,NA,NA,N,3,0,1,2,A,-,09,21801,A,N,D,G,A,A,H,-,A,A,0,NA,Y,NA,NA,Y,NA,A,01,0,1,0,0,0,0,1,0,0,-,-,33.919429779052734,-118.40048217773438,LOS ANGELES,EL SEGUNDO,-118.40052032470705,33.91944122314453
81921011,2022,2022-11-18,1965,2022-09-21,1405,3158,0B1G,3,5,5,1965,0,0,0,NA,0,B001,OCEAN AVE,PACIFIC TER,130,N,N,A,-,N,NA,NA,NA,NA,NA,NA,NA,NA,NA,Y,3,0,1,2,A,-,08,22107,NA,F,F,A,A,A,H,-,A,D,0,NA,NA,Y,NA,Y,NA,C,02,0,1,0,0,0,0,0,0,1,-,-,NA,NA,LOS ANGELES,SANTA MONICA,-118.49339294433594,34.0101318359375
81921012,2022,2022-11-18,1965,2022-10-02,1057,3917,0B3G,7,5,5,1965,0,0,0,NA,0,003,CLOVERFIELD BLVD,BROADWAY,0,NA,Y,A,-,N,NA,NA,NA,NA,NA,NA,NA,NA,NA,Y,4,0,1,2,D,-,00,NA,NA,N,D,C,A,A,H,-,A,A,0,NA,NA,NA,NA,Y,NA,-,-,0,0,1,0,0,0,0,0,0,-,-,NA,NA,LOS ANGELES,SANTA MONICA,-118.47540283203124,34.02981185913086
81921014,2022,2022-11-18,1965,2022-10-06,1110,3693,0B2A,4,5,5,1965,0,0,0,NA,0,B002,LINCOLN BLVD,BAY ST,0,NA,Y,A,-,N,NA,NA,NA,NA,NA,NA,NA,NA,NA,N,4,0,1,2,A,-,09,21802,A,F,D,C,A,A,H,-,A,D,0,NA,NA,NA,NA,Y,NA,A,08,0,0,1,0,0,0,0,0,0,-,-,NA,NA,LOS ANGELES,SANTA MONICA,-118.482177734375,34.01166534423828
81921016,2022,2022-11-18,1965,2022-10-13,1430,3553,0B4F,4,5,5,1965,0,0,0,NA,0,B004,WILSHIRE BLVD,23RD ST,130,E,N,A,-,N,NA,NA,NA,NA,NA,NA,NA,NA,NA,N,3,0,1,2,A,-,17,22517,NA,F,H,G,A,A,H,-,A,A,0,NA,Y,NA,NA,Y,NA,-,99,0,1,0,0,0,0,1,0,0,-,-,NA,NA,LOS ANGELES,SANTA MONICA,-118.48040008544922,34.03363800048828
81921116,2022,2022-11-18,1955,2022-10-08,1122,42469,0035,6,5,6,1955,0,0,0,NA,0,002,GAREY AVE,ALISO ST,272,S,N,A,-,N,NA,NA,NA,NA,NA,NA,NA,NA,NA,Y,4,0,2,2,A,-,09,21804,A,N,D,C,A,A,H,-,A,D,0,NA,NA,NA,NA,Y,NA,A,01,0,0,2,0,0,0,0,0,0,-,-,34.08082962036133,-117.7527313232422,LOS ANGELES,POMONA,-117.75260162353516,34.0799674987793
81921117,2022,2022-11-18,1955,2022-10-08,1423,42314,10,6,5,6,1955,0,0,0,NA,0,003,COLUMBIA AVE,PALOMARES ST,0,NA,Y,A,-,N,NA,NA,NA,NA,NA,NA,NA,NA,NA,Y,3,0,2,2,A,-,12,22450,A,N,A,C,A,A,H,-,A,A,0,NA,NA,NA,NA,Y,NA,A,01,0,2,0,0,0,0,0,0,0,-,-,34.06867980957031,-117.7461395263672,LOS ANGELES,POMONA,-117.74619293212892,34.06867218017578
81921118,2022,2022-11-18,1955,2022-10-08,1700,42554,NA,6,5,6,1955,0,0,0,NA,0,002,FAIRPLEX DR,VIA VERDE,0,NA,Y,A,-,N,NA,NA,NA,NA,NA,NA,NA,NA,NA,Y,4,0,1,2,A,-,08,22107,NA,N,D,C,A,A,H,-,A,A,0,NA,NA,NA,NA,Y,NA,A,01,0,0,1,0,0,0,0,0,0,-,-,34.07905960083008,-117.77964019775392,LOS ANGELES,POMONA,-117.7796630859375,34.07904815673828
81922018,2022,2022-11-21,1947,2022-11-02,0642,1444,NA,3,5,5,1947,0,0,0,NA,0,00B,WHITTIER BLVD,VAIL AVE,0,NA,Y,A,-,N,NA,NA,NA,NA,NA,NA,NA,NA,NA,Y,4,0,1,2,A,-,09,21801,A,N,B,C,A,A,H,-,B,A,0,NA,NA,NA,Y,Y,NA,A,01,0,0,1,0,0,0,0,0,0,-,-,34.01239013671875,-118.1192626953125,LOS ANGELES,MONTEBELLO,-118.11927795410156,34.01234817504883
81922025,2022,2022-11-21,1922,2022-10-25,1723,682,NA,2,5,6,1922,0,0,0,NA,0,004,PECK RD,GARVEY AVE,0,NA,Y,A,-,N,NA,NA,NA,NA,NA,NA,NA,NA,NA,Y,4,0,2,2,A,-,12,21453,A,N,D,C,A,A,H,-,A,A,0,NA,NA,NA,NA,Y,NA,-,-,0,0,2,0,0,0,0,0,0,-,-,34.062801361083984,-118.0305404663086,LOS ANGELES,EL MONTE,-118.0305404663086,34.06284713745117
81922030,2022,2022-11-21,1922,2022-10-31,1225,633,NA,1,5,6,1922,0,0,0,NA,0,004,DURFEE AVE,FELIPE ST,0,NA,Y,A,-,N,NA,NA,NA,NA,NA,NA,NA,NA,NA,N,3,0,2,2,A,-,08,22107,NA,N,B,C,A,A,H,-,A,A,0,NA,NA,NA,NA,Y,NA,A,01,0,2,0,0,0,0,0,0,0,-,-,34.05208969116211,-118.02210235595705,LOS ANGELES,EL MONTE,-118.02211761474608,34.052066802978516
81922034,2022,2022-11-21,1923,2022-10-27,0614,549,E207,4,5,3,1923,0,0,0,NA,0,3L3D,PACIFIC COAST HIGHWAY,MAPLE AVE,0,NA,Y,A,-,Y,LA,NA,1,NA,NA,25.681,H,NA,R,Y,4,0,3,2,D,-,00,NA,NA,N,D,C,A,A,H,-,B,A,0,NA,NA,NA,NA,Y,NA,-,-,0,0,3,0,0,0,0,0,0,-,-,33.927040100097656,-118.39627075195313,LOS ANGELES,EL SEGUNDO,-118.3961944580078,33.927040100097656
81922152,2022,2022-11-21,1965,2022-10-18,1720,3764,0B4E,2,5,5,1965,0,0,0,NA,0,B004,CALIFORNIA AVE,12TH ST,172,W,N,A,-,N,NA,NA,NA,NA,NA,NA,NA,NA,NA,Y,4,0,2,2,A,-,09,21804,A,N,D,C,A,A,H,-,A,D,0,NA,NA,NA,NA,Y,NA,A,01,0,0,2,0,0,0,0,0,0,-,-,NA,NA,LOS ANGELES,SANTA MONICA,-118.4927978515625,34.02631378173828
81922251,2022,2022-11-21,1910,2022-11-16,1301,368,NA,3,5,4,1910,0,0,0,NA,0,009,WILSHIRE BLVD,S LA PEER DR,47,W,N,A,-,N,NA,NA,NA,NA,NA,NA,NA,NA,NA,N,4,0,1,2,A,-,03,22350,NA,M,C,C,A,A,H,-,A,A,0,NA,NA,NA,NA,Y,NA,A,01,0,0,1,0,0,0,0,0,0,-,-,NA,NA,LOS ANGELES,BEVERLY HILLS,-118.38683319091795,34.06705856323242
81922252,2022,2022-11-21,1910,2022-11-17,1541,368,NA,4,5,4,1910,0,0,0,NA,0,004,WILSHIRE BLVD,TRENTON DR,0,NA,Y,A,-,N,NA,NA,NA,NA,NA,NA,NA,NA,NA,Y,3,0,5,2,A,-,09,21801,A,N,D,C,A,A,H,-,A,A,0,NA,NA,NA,NA,Y,NA,A,07,0,1,4,0,0,0,0,0,0,-,-,NA,NA,LOS ANGELES,BEVERLY HILLS,-118.41304779052734,34.06707000732422
81922258,2022,2022-11-21,1910,2022-11-18,1223,03494,NA,5,5,4,1910,0,0,0,NA,0,NA,BEVERLY DR,CARMELITA AVENUE,0,NA,N,A,-,N,NA,NA,NA,NA,NA,NA,NA,NA,NA,N,4,0,1,2,A,-,08,22107,NA,N,A,E,A,A,H,-,A,D,0,NA,NA,NA,NA,Y,NA,A,01,0,0,1,0,0,0,0,0,0,-,-,NA,NA,LOS ANGELES,BEVERLY HILLS,-118.4069366455078,34.07429885864258
81922365,2022,2022-11-21,1975,2022-11-08,0605,353,WCPD,2,5,6,1975,0,0,0,NA,0,006,NOGALES ST,AMANDA ST,0,NA,Y,C,-,N,NA,NA,NA,NA,NA,NA,NA,NA,NA,N,4,0,1,2,A,-,10,21950,A,N,G,B,B,B,H,-,C,A,0,Y,NA,NA,NA,Y,NA,A,01,0,0,1,0,1,0,0,0,0,-,-,34.01403045654297,-117.8865203857422,LOS ANGELES,WEST COVINA,-117.88664245605467,34.01398849487305
81922366,2022,2022-11-21,1975,2022-11-09,0556,353,WCPD,3,5,6,1975,0,0,0,NA,0,003,WEST COVINA PKWY,GARVEY AV S,39,E,N,A,-,N,NA,NA,NA,NA,NA,NA,NA,NA,NA,Y,4,0,1,2,A,-,02,22400,A,N,C,C,A,B,H,-,B,A,0,NA,NA,Y,NA,Y,NA,C,02,0,0,1,0,0,0,0,0,1,-,-,34.071659088134766,-117.9420166015625,LOS ANGELES,WEST COVINA,-117.94194793701172,34.07149124145508
81922367,2022,2022-11-21,1975,2022-11-09,0710,436,WCPD,3,5,6,1975,0,0,0,NA,0,003,MERCED AV,CALIFORNIA AV,0,NA,Y,A,-,N,NA,NA,NA,NA,NA,NA,NA,NA,NA,Y,3,0,2,2,A,-,12,21453,A,N,D,C,A,B,H,-,A,A,0,NA,NA,NA,NA,Y,NA,H,13,0,2,0,0,0,0,0,0,0,-,-,34.057861328125,-117.94136810302734,LOS ANGELES,WEST COVINA,-117.94139099121094,34.05785369873047
81922379,2022,2022-11-21,1947,2022-11-07,1450,1406,NA,1,5,5,1947,0,0,0,NA,0,00C,WHITTIER BLVD,MONTEBELLO BLVD,24,E,N,B,C,N,NA,NA,NA,NA,NA,NA,NA,NA,NA,N,4,0,1,2,D,-,00,NA,NA,F,C,C,A,B,H,-,A,A,0,NA,NA,NA,NA,Y,NA,-,-,0,0,1,0,0,0,0,0,0,-,-,34.010040283203125,-118.10826110839844,LOS ANGELES,MONTEBELLO,-118.1081771850586,34.01006317138672
81922386,2022,2022-11-21,1923,2022-10-22,1849,538,E108,6,5,3,1923,0,0,0,NA,0,3L4M,MARIPOSA AVE,STANDARD ST,127,W,N,A,-,N,NA,NA,NA,NA,NA,NA,NA,NA,NA,N,3,0,1,2,A,-,08,22107,NA,N,D,G,A,A,H,-,C,D,0,NA,Y,NA,NA,Y,NA,A,07,0,1,0,0,0,0,1,0,0,-,-,33.92361068725586,-118.41475677490234,LOS ANGELES,EL SEGUNDO,-118.41521453857422,33.92359924316406
81922600,2022,2022-11-21,1975,2022-10-31,2022,492,WCPD,1,5,6,1975,0,0,0,NA,0,001,PACIFIC AV,CAMERON AV (1),0,NA,Y,A,-,N,NA,NA,NA,NA,NA,NA,NA,NA,NA,N,4,0,1,2,A,-,03,22350,NA,N,C,C,A,A,H,-,C,A,0,NA,NA,NA,NA,Y,NA,A,01,0,0,1,0,0,0,0,0,0,-,-,34.073360443115234,-117.94444274902344,LOS ANGELES,WEST COVINA,-117.94622802734376,34.074745178222656
81922613,2022,2022-11-21,1922,2022-10-29,0950,704,1,6,5,6,1922,0,0,0,NA,0,001,PECK RD,CELINE ST,0,NA,Y,A,-,N,NA,NA,NA,NA,NA,NA,NA,NA,NA,Y,2,0,1,2,A,-,09,21802,B,N,D,C,A,A,H,-,A,A,0,NA,NA,Y,NA,Y,NA,C,02,1,0,0,0,0,0,0,0,1,-,-,34.098140716552734,-118.01110076904295,LOS ANGELES,EL MONTE,-118.01104736328124,34.09813690185547
81922615,2022,2022-11-21,1922,2022-10-30,1906,680,NA,7,5,6,1922,0,0,0,NA,0,002,PECK RD,BASYE ST,200,N,N,A,-,N,NA,NA,NA,NA,NA,NA,NA,NA,NA,N,2,0,2,2,A,-,11,21955,NA,N,G,B,D,A,H,-,C,D,0,Y,NA,NA,NA,Y,NA,N,60,1,0,1,0,1,0,0,0,0,-,-,34.080440521240234,-118.01972198486328,LOS ANGELES,EL MONTE,-118.01945495605467,34.08095932006836
81922616,2022,2022-11-21,1922,2022-10-30,2302,677,NA,7,5,6,1922,0,0,0,NA,0,004,VALLEY BLVD,LA MADERA AVE,0,NA,Y,A,-,N,NA,NA,NA,NA,NA,NA,NA,NA,NA,N,4,0,1,2,A,-,09,21801,A,N,D,C,A,A,H,-,C,A,0,NA,NA,NA,NA,Y,NA,D,22,0,0,1,0,0,0,0,0,0,-,-,34.06563186645508,-118.02359771728516,LOS ANGELES,EL MONTE,-118.02358245849608,34.0656852722168
81922617,2022,2022-11-21,1922,2022-11-03,1608,707,1922,4,5,6,1922,0,0,0,NA,0,002,ROSEGLEN ST,BUFFINGTON RD,87,W,N,A,-,N,NA,NA,NA,NA,NA,NA,NA,NA,NA,N,2,0,1,2,A,-,09,21804,A,N,D,G,A,A,H,-,A,D,0,NA,Y,NA,NA,Y,NA,L,04,1,0,0,0,0,0,1,0,0,-,-,34.090938568115234,-118.00981903076172,LOS ANGELES,EL MONTE,-118.01004028320313,34.09099578857422
81922618,2022,2022-11-21,1922,2022-11-04,1912,680,NA,5,5,6,1922,0,0,0,NA,0,004,VALLEY BLVD,DURFEE AVE,150,W,N,A,-,N,NA,NA,NA,NA,NA,NA,NA,NA,NA,N,4,0,1,2,A,-,08,22107,NA,N,D,C,A,A,H,-,C,D,0,NA,NA,NA,NA,Y,NA,A,01,0,0,1,0,0,0,0,0,0,-,-,34.059871673583984,-118.01322174072266,LOS ANGELES,EL MONTE,-118.01366424560548,34.0599479675293
81923841,2022,2022-11-22,1947,2022-10-12,0839,1452,NA,3,5,5,1947,0,0,0,NA,0,00A,BEVERLY BLVD,WILCOX AVE,0,NA,Y,A,-,N,NA,NA,NA,NA,NA,NA,NA,NA,NA,N,3,0,2,2,A,-,09,21801,A,N,D,C,A,A,H,-,A,A,0,NA,NA,NA,NA,Y,NA,A,01,0,1,1,0,0,0,0,0,0,-,-,34.020790100097656,-118.12287139892578,LOS ANGELES,MONTEBELLO,-118.12287902832033,34.020721435546875
81923843,2022,2022-11-22,1947,2022-11-10,0550,1452,NA,4,5,5,1947,0,0,0,NA,0,00E,WHITTIER BLVD,TAYLOR AVE,0,NA,Y,A,-,N,NA,NA,NA,NA,NA,NA,NA,NA,NA,N,4,0,1,2,A,-,10,21950,A,N,G,B,B,A,H,-,C,A,0,Y,NA,NA,NA,Y,NA,D,72,0,0,1,0,1,0,0,0,0,-,-,34.011268615722656,-118.1139907836914,LOS ANGELES,MONTEBELLO,-118.11396026611328,34.0113410949707
81923852,2022,2022-11-22,1948,2022-10-27,1748,477,1948,4,5,5,1948,0,0,0,NA,0,004,GARFIELD AV,EL REPETTO DR,221,N,N,A,-,N,NA,NA,NA,NA,NA,NA,NA,NA,NA,N,4,0,1,2,A,-,03,22350,NA,N,C,C,A,A,H,-,A,D,0,NA,NA,NA,NA,Y,NA,A,07,0,0,1,0,0,0,0,0,0,-,-,34.04718017578125,-118.12876892089844,LOS ANGELES,MONTEREY PARK,-118.12874603271484,34.047786712646484
81923855,2022,2022-11-22,1948,2022-11-05,1600,472,1948,6,5,5,1948,0,0,0,NA,0,003,RIGGIN ST,GERHART AV,0,NA,Y,A,-,N,NA,NA,NA,NA,NA,NA,NA,NA,NA,N,4,0,1,2,A,-,03,22350,NA,N,C,C,A,A,H,-,A,A,0,NA,NA,NA,NA,Y,NA,A,01,0,0,1,0,0,0,0,0,0,-,-,34.03654861450195,-118.14421081542967,LOS ANGELES,MONTEREY PARK,-118.14421844482422,34.03656768798828
81923856,2022,2022-11-22,1948,2022-11-06,1006,474,1948,7,5,5,1948,0,0,0,NA,0,002,HELLMAN AV,NEW AV,0,NA,Y,A,-,N,NA,NA,NA,NA,NA,NA,NA,NA,NA,Y,4,0,2,3,A,-,12,21453,A,N,D,D,A,A,H,-,A,A,0,NA,NA,NA,NA,Y,NA,A,01,0,0,2,0,0,0,0,0,0,-,-,34.06986999511719,-118.10816955566406,LOS ANGELES,MONTEREY PARK,-118.108154296875,34.06984329223633
81923857,2022,2022-11-22,1948,2022-11-10,1444,469,1948,4,5,5,1948,0,0,0,NA,0,001,FLORAL DR,CORPORATE CENTER DR,0,NA,Y,A,-,N,NA,NA,NA,NA,NA,NA,NA,NA,NA,N,3,0,2,3,A,-,12,21453,A,N,D,C,A,A,H,-,A,A,0,NA,NA,NA,NA,Y,NA,A,01,0,1,1,0,0,0,0,0,0,-,-,NA,NA,LOS ANGELES,MONTEREY PARK,-118.16706848144533,34.044219970703125
81923860,2022,2022-11-22,1948,2022-11-20,1204,420,1948,7,5,5,1948,0,0,0,NA,0,001,FLORAL DR,COLONIA DE LAS MAGNOLIAS,4,E,N,A,-,N,NA,NA,NA,NA,NA,NA,NA,NA,NA,Y,4,0,1,2,A,-,03,22350,NA,N,C,C,A,A,H,-,A,A,0,NA,NA,NA,NA,Y,NA,A,01,0,0,1,0,0,0,0,0,0,-,-,34.04426956176758,-118.15735626220705,LOS ANGELES,MONTEREY PARK,-118.15728759765624,34.04423904418945
81923918,2022,2022-11-22,1955,2022-10-11,2359,41883,0090,2,5,6,1955,0,0,0,NA,0,004,MISSION BLVD,EAST END AVE,0,NA,Y,A,-,Y,NA,NA,NA,NA,NA,NA,NA,NA,NA,N,4,0,2,3,A,-,12,21453,A,N,D,C,A,A,H,-,C,A,0,NA,NA,NA,NA,Y,NA,A,01,0,0,2,0,0,0,0,0,0,-,-,34.0559196472168,-117.72382354736328,LOS ANGELES,POMONA,-117.72382354736328,34.055755615234375