CASE_ID,ACCIDENT_YEAR,PROC_DATE,JURIS,COLLISION_DATE,COLLISION_TIME,OFFICER_ID,REPORTING_DISTRICT,DAY_OF_WEEK,CHP_SHIFT,POPULATION,CNTY_CITY_LOC,SPECIAL_COND,BEAT_TYPE,CHP_BEAT_TYPE,CITY_DIVISION_LAPD,CHP_BEAT_CLASS,BEAT_NUMBER,PRIMARY_RD,SECONDARY_RD,DISTANCE,DIRECTION,INTERSECTION,WEATHER_1,WEATHER_2,STATE_HWY_IND,CALTRANS_COUNTY,CALTRANS_DISTRICT,STATE_ROUTE,ROUTE_SUFFIX,POSTMILE_PREFIX,POSTMILE,LOCATION_TYPE,RAMP_INTERSECTION,SIDE_OF_HWY,TOW_AWAY,COLLISION_SEVERITY,NUMBER_KILLED,NUMBER_INJURED,PARTY_COUNT,PRIMARY_COLL_FACTOR,PCF_CODE_OF_VIOL,PCF_VIOL_CATEGORY,PCF_VIOLATION,PCF_VIOL_SUBSECTION,HIT_AND_RUN,TYPE_OF_COLLISION,MVIW,PED_ACTION,ROAD_SURFACE,ROAD_COND_1,ROAD_COND_2,LIGHTING,CONTROL_DEVICE,CHP_ROAD_TYPE,PEDESTRIAN_ACCIDENT,BICYCLE_ACCIDENT,MOTORCYCLE_ACCIDENT,TRUCK_ACCIDENT,NOT_PRIVATE_PROPERTY,ALCOHOL_INVOLVED,STWD_VEHTYPE_AT_FAULT,CHP_VEHTYPE_AT_FAULT,COUNT_SEVERE_INJ,COUNT_VISIBLE_INJ,COUNT_COMPLAINT_PAIN,COUNT_PED_KILLED,COUNT_PED_INJURED,COUNT_BICYCLIST_KILLED,COUNT_BICYCLIST_INJURED,COUNT_MC_KILLED,COUNT_MC_INJURED,PRIMARY_RAMP,SECONDARY_RAMP,LATITUDE,LONGITUDE,COUNTY,CITY,POINT_X,POINT_Y
81932130,2022,2022-12-02,1969,2022-11-08,0749,10241,PATRO,2,5,5,1969,0,0,0,NA,0,004,TENAYA AV,DOROTHY AV,15,W,N,C,-,N,NA,NA,NA,NA,NA,NA,NA,NA,NA,N,3,0,2,3,A,-,12,22450,A,N,D,E,A,B,H,-,A,A,0,NA,NA,NA,NA,Y,NA,A,01,0,1,1,0,0,0,0,0,0,-,-,33.93735885620117,-118.19239807128906,LOS ANGELES,SOUTH GATE,-118.19239807128906,33.937374114990234
81932131,2022,2022-12-02,1969,2022-11-09,1416,20279,NA,3,5,5,1969,0,0,0,NA,0,NA,FILESTONE BLVD,NATIONAL AV,40,E,N,A,-,N,NA,NA,NA,NA,NA,NA,NA,NA,NA,N,4,0,1,2,A,-,03,22350,NA,F,C,C,A,A,H,-,A,D,0,NA,NA,NA,NA,Y,NA,A,01,0,0,1,0,0,0,0,0,0,-,-,33.94942855834961,-118.16754150390624,LOS ANGELES,SOUTH GATE,-118.16741180419922,33.949485778808594
81932134,2022,2022-12-02,1969,2022-11-10,1715,10224,TRAFF,4,5,5,1969,0,0,0,NA,0,005,GARFIELD AV,MCKINLEY AV,30,N,N,A,-,N,NA,NA,NA,NA,NA,NA,NA,NA,NA,N,3,0,3,2,A,-,09,21801,A,N,D,C,A,A,H,-,A,D,0,NA,NA,NA,NA,Y,NA,A,01,0,1,2,0,0,0,0,0,0,-,-,33.919620513916016,-118.16898345947266,LOS ANGELES,SOUTH GATE,-118.1689682006836,33.91966247558594
81932137,2022,2022-12-02,1969,2022-11-12,2050,10224,TRAFF,6,5,5,1969,0,0,0,NA,0,003,TWEEDY BLVD,ALEXANDER AV,0,NA,Y,A,-,N,NA,NA,NA,NA,NA,NA,NA,NA,NA,N,4,0,2,2,D,-,00,NA,NA,N,D,G,A,A,H,-,C,A,0,NA,Y,NA,NA,Y,NA,-,-,0,0,2,0,0,0,2,0,0,-,-,33.942970275878906,-118.19458770751952,LOS ANGELES,SOUTH GATE,-118.19458770751952,33.94301223754883
81932141,2022,2022-12-02,1969,2022-11-21,0745,10226,TRAFF,1,5,5,1969,0,0,0,NA,0,002,CALIFORNIA AV,MICHIGAN AV,370,S,N,A,-,N,NA,NA,NA,NA,NA,NA,NA,NA,NA,N,4,0,1,2,A,-,08,22107,NA,N,B,C,A,A,H,-,A,D,0,NA,NA,NA,NA,Y,NA,A,01,0,0,1,0,0,0,0,0,0,-,-,33.941768646240234,-118.20787811279295,LOS ANGELES,SOUTH GATE,-118.20796966552734,33.940731048583984
81932143,2022,2022-12-02,1969,2022-11-22,1020,10208,TRAFF,2,5,5,1969,0,0,0,NA,0,004,OTIS ST,TENAYA AV,0,NA,Y,A,-,N,NA,NA,NA,NA,NA,NA,NA,NA,NA,N,4,0,1,2,A,-,11,21954,A,N,G,B,D,A,H,-,A,D,0,Y,NA,NA,NA,Y,NA,N,60,0,0,1,0,1,0,0,0,0,-,-,NA,NA,LOS ANGELES,SOUTH GATE,-118.1982879638672,33.938026428222656
81932145,2022,2022-12-02,1969,2022-11-24,1038,10208,NA,4,5,5,1969,0,0,0,NA,0,NA,IOWA AV,ALAMEDA ST,727,E,N,A,-,N,NA,NA,NA,NA,NA,NA,NA,NA,NA,N,4,0,1,2,A,-,09,21804,A,N,D,C,A,A,H,-,A,D,0,NA,NA,NA,NA,Y,NA,A,01,0,0,1,0,0,0,0,0,0,-,-,NA,NA,LOS ANGELES,SOUTH GATE,-118.22713470458984,33.952388763427734
81932241,2022,2022-12-02,1955,2022-09-19,1745,42770,53,1,5,6,1955,0,0,0,NA,0,005,MISSION BLVD,DUDLEY ST,0,NA,Y,A,-,N,NA,NA,NA,NA,NA,NA,NA,NA,NA,N,4,0,1,2,A,-,03,22350,NA,F,D,G,A,A,H,-,A,A,0,NA,Y,NA,NA,Y,NA,A,01,0,0,1,0,0,0,1,0,0,-,-,34.054439544677734,-117.7735595703125,LOS ANGELES,POMONA,-117.77359771728516,34.05453109741211
81932242,2022,2022-12-02,1955,2022-10-09,2320,42783,0073,7,5,6,1955,0,0,0,NA,0,005,RIO RANCHO RD,LONE RIDGE RD,0,NA,Y,A,-,N,NA,NA,NA,NA,NA,NA,NA,NA,NA,Y,4,0,1,2,A,-,09,21801,A,N,D,C,A,A,H,-,C,A,0,NA,NA,NA,NA,Y,NA,A,01,0,0,1,0,0,0,0,0,0,-,-,34.02954864501953,-117.76022338867188,LOS ANGELES,POMONA,-117.76035308837892,34.02955627441406
81932244,2022,2022-12-02,1955,2022-10-15,2345,42830,94,6,5,6,1955,0,0,0,NA,0,004,GRAND AVE,PALOMARES ST,0,NA,Y,B,-,N,NA,NA,NA,NA,NA,NA,NA,NA,NA,N,4,0,1,2,A,-,03,22350,NA,M,H,G,A,B,H,-,C,B,0,NA,Y,NA,NA,Y,NA,-,99,0,0,1,0,0,0,1,0,0,-,-,34.04793930053711,-117.74542999267578,LOS ANGELES,POMONA,-117.74542236328124,34.04792785644531
81932246,2022,2022-12-02,1955,2022-10-18,1505,42270,97,2,5,6,1955,0,0,0,NA,0,004,FIRST ST,SAN LORENZO ST,583,W,N,A,-,N,NA,NA,NA,NA,NA,NA,NA,NA,NA,N,4,0,1,2,A,-,09,21804,A,N,D,C,A,A,H,-,A,A,0,NA,NA,NA,NA,Y,NA,A,07,0,0,1,0,0,0,0,0,0,-,-,34.05936050415039,-117.72547912597656,LOS ANGELES,POMONA,-117.72740173339844,34.059303283691406
81932247,2022,2022-12-02,1933,2022-11-20,1134,1057,32,7,5,6,1933,0,0,0,NA,0,004,CENTURY BLVD,YUKON AV,0,S,Y,A,-,N,NA,NA,NA,NA,NA,NA,NA,NA,NA,Y,3,0,2,2,A,-,01,23152,A,N,C,C,A,A,H,-,A,A,0,NA,NA,NA,NA,Y,Y,A,01,0,1,1,0,0,0,0,0,0,-,-,33.94544982910156,-118.33515167236328,LOS ANGELES,INGLEWOOD,-118.33516693115234,33.94546127319336
81932249,2022,2022-12-02,1933,2022-11-26,2341,1053,29,6,5,6,1933,0,0,0,NA,0,003,CRENSHAW BLVD,8TH AV,0,NA,Y,A,-,N,NA,NA,NA,NA,NA,NA,NA,NA,NA,Y,4,0,1,2,A,-,01,23152,A,N,A,C,A,A,H,-,C,A,0,NA,NA,NA,NA,Y,Y,A,01,0,0,1,0,0,0,0,0,0,-,-,33.96175003051758,-118.32671356201172,LOS ANGELES,INGLEWOOD,-118.32673645019533,33.961769104003906
81932251,2022,2022-12-02,1933,2022-11-27,1213,1036,08,7,5,6,1933,0,0,0,NA,0,001,LA CIENEGA BLVD,FLORENCE AV,0,NA,Y,A,-,N,NA,NA,NA,NA,NA,NA,NA,NA,NA,Y,4,0,1,3,A,-,08,22107,NA,N,B,C,A,A,H,-,A,D,0,NA,NA,NA,NA,Y,NA,A,01,0,0,1,0,0,0,0,0,0,-,-,33.96345901489258,-118.3704833984375,LOS ANGELES,INGLEWOOD,-118.37056732177734,33.9633903503418
81932252,2022,2022-12-02,1955,2022-11-04,1707,42270,5,5,5,6,1955,0,0,0,NA,0,004,THIRD ST,TOWNE AVE,0,NA,Y,A,-,N,NA,NA,NA,NA,NA,NA,NA,NA,NA,Y,4,0,1,2,A,-,12,21453,A,N,D,C,A,A,H,-,A,A,0,NA,NA,NA,NA,Y,NA,A,01,0,0,1,0,0,0,0,0,0,-,-,34.05717086791992,-117.74137878417967,LOS ANGELES,POMONA,-117.74138641357422,34.0571174621582
81932255,2022,2022-12-02,1933,2022-11-28,1450,1054,29,1,5,6,1933,0,0,0,NA,0,003,CENTURY BLVD,VILLAGE DR,0,NA,Y,A,-,N,NA,NA,NA,NA,NA,NA,NA,NA,NA,N,3,0,1,2,A,-,12,21453,A,F,D,D,A,A,H,-,A,A,0,NA,NA,NA,NA,Y,NA,A,01,0,1,0,0,0,0,0,0,0,-,-,33.945438385009766,-118.32920074462892,LOS ANGELES,INGLEWOOD,-118.32925415039064,33.945472717285156
81932256,2022,2022-12-02,1955,2022-11-11,1236,42469,0073,5,5,6,1955,0,0,0,NA,0,005,VILLAGE LOOP RD,OLD WOOD RD,36,E,N,A,-,N,NA,NA,NA,NA,NA,NA,NA,NA,NA,N,4,0,1,2,A,-,09,21802,A,M,D,C,A,A,H,-,A,D,0,NA,NA,NA,NA,Y,NA,A,01,0,0,1,0,0,0,0,0,0,-,-,34.033660888671875,-117.77696228027344,LOS ANGELES,POMONA,-117.77706909179688,34.03348159790039
81932257,2022,2022-12-02,1933,2022-11-28,1618,1057,10,1,5,6,1933,0,0,0,NA,0,002,MARKET ST,NUTWOOD ST,0,NA,Y,A,-,N,NA,NA,NA,NA,NA,NA,NA,NA,NA,N,3,0,1,1,A,-,03,22350,NA,N,E,I,A,A,H,-,A,A,0,NA,NA,NA,NA,Y,Y,A,01,0,1,0,0,0,0,0,0,0,-,-,33.96052169799805,-118.35186767578124,LOS ANGELES,INGLEWOOD,-118.35195159912108,33.96049118041992
81932258,2022,2022-12-02,1955,2022-11-17,1739,42576,99,4,5,6,1955,0,0,0,NA,0,003,RESERVOIR ST,HAWTHORNE PL,0,NA,Y,A,-,N,NA,NA,NA,NA,NA,NA,NA,NA,NA,Y,4,0,1,2,A,-,09,21802,A,N,D,C,A,A,H,-,C,A,0,NA,NA,NA,NA,Y,NA,A,07,0,0,1,0,0,0,0,0,0,-,-,34.0618896484375,-117.73280334472656,LOS ANGELES,POMONA,-117.73282623291016,34.061832427978516
81932261,2022,2022-12-02,1933,2022-11-30,1705,1077,13,3,5,6,1933,0,0,0,NA,0,003,3RD AV,MANCHESTER BLVD,0,NA,Y,A,-,N,NA,NA,NA,NA,NA,NA,NA,NA,NA,N,4,0,1,2,A,-,12,21453,A,N,D,C,A,A,H,-,C,A,0,NA,NA,NA,NA,Y,NA,A,01,0,0,1,0,0,0,0,0,0,-,-,33.9599609375,-118.3199462890625,LOS ANGELES,INGLEWOOD,-118.3199462890625,33.95991516113281
81932996,2022,2022-12-05,1975,2022-11-17,1759,353,WCPD,4,5,6,1975,0,0,0,NA,0,005,AMAR RD,AZUSA AV,15,E,N,A,-,N,NA,NA,NA,NA,NA,NA,NA,NA,NA,N,2,0,1,2,A,-,11,21453,D,N,G,B,B,A,H,-,C,A,0,Y,NA,NA,NA,Y,NA,N,60,1,0,0,0,1,0,0,0,0,-,-,34.03144836425781,-117.91472625732422,LOS ANGELES,WEST COVINA,-117.9148178100586,34.03145980834961
81932999,2022,2022-12-05,1975,2022-11-22,0459,487,WCPD,2,5,6,1975,0,0,0,NA,0,002,HOLLENBECK AV,WALNUT CREEK,377,S,N,A,-,N,NA,NA,NA,NA,NA,NA,NA,NA,NA,Y,4,0,1,1,A,-,07,21658,A,N,E,I,A,A,H,-,C,D,0,NA,NA,NA,NA,Y,NA,A,01,0,0,1,0,0,0,0,0,0,-,-,NA,NA,LOS ANGELES,WEST COVINA,-117.89894104003906,34.06720733642578
81933054,2022,2022-12-05,1922,2022-11-01,1558,677,NA,2,5,6,1922,0,0,0,NA,0,NA,KLINGERMAN ST,HABER AVE,100,W,N,A,-,N,NA,NA,NA,NA,NA,NA,NA,NA,NA,N,4,0,1,2,A,-,21,22106,NA,N,D,C,A,A,H,-,A,D,0,NA,NA,NA,NA,Y,NA,A,01,0,0,1,0,0,0,0,0,0,-,-,34.05601119995117,-118.03282165527344,LOS ANGELES,EL MONTE,-118.03314971923828,34.05601119995117
81933056,2022,2022-12-05,1922,2022-11-05,0600,669,NA,6,5,6,1922,0,0,0,NA,0,002,RAMONA BLVD,MAXSON RD,0,NA,Y,A,-,N,NA,NA,NA,NA,NA,NA,NA,NA,NA,N,2,0,1,2,A,-,05,21650,1,F,D,G,A,A,H,-,C,A,0,NA,Y,NA,NA,Y,NA,L,04,1,0,0,0,0,0,1,0,0,-,-,34.0760612487793,-118.00771331787108,LOS ANGELES,EL MONTE,-118.00765991210938,34.07590866088867
81933058,2022,2022-12-05,1922,2022-11-12,0938,665,NA,6,5,6,1922,0,0,0,NA,0,004,VALLEY BLVD,RUMFORD AVE,528,E,N,A,-,N,NA,NA,NA,NA,NA,NA,NA,NA,NA,Y,4,0,2,2,A,-,03,22350,NA,N,C,C,A,A,H,-,A,D,0,NA,NA,NA,NA,Y,Y,A,01,0,0,2,0,0,0,0,0,0,-,-,34.058448791503906,-118.0106964111328,LOS ANGELES,EL MONTE,-118.00926208496094,34.05752182006836
81933059,2022,2022-12-05,1922,2022-11-15,1612,701,NA,2,5,6,1922,0,0,0,NA,0,003,GARVEY AVE,SEAMAN AVE,0,NA,Y,A,-,N,NA,NA,NA,NA,NA,NA,NA,NA,NA,N,4,0,1,2,A,-,04,21703,NA,N,C,C,A,A,H,-,A,A,0,NA,NA,NA,NA,Y,NA,A,01,0,0,1,0,0,0,0,0,0,-,-,34.062660217285156,-118.05296325683594,LOS ANGELES,EL MONTE,-118.05287170410156,34.06275177001953
81933247,2022,2022-12-05,1922,2022-11-16,1900,714,NA,3,5,6,1922,0,0,0,NA,0,004,MOUNTAIN VIEW RD,ELLIOTT AVE,0,NA,Y,A,-,N,NA,NA,NA,NA,NA,NA,NA,NA,NA,N,3,0,1,2,A,-,12,22450,A,N,D,C,A,A,H,-,C,A,0,NA,NA,NA,NA,Y,NA,D,22,0,1,0,0,0,0,0,0,0,-,-,34.05855178833008,-118.02667236328124,LOS ANGELES,EL MONTE,-118.02664947509766,34.058536529541016
81933249,2022,2022-12-05,1923,2022-11-22,1836,469,E317,2,5,3,1923,0,0,0,NA,0,3L3S,HUGHES WY,PACIFIC COAST HIGHWAY,0,NA,Y,A,-,N,NA,NA,NA,NA,NA,NA,NA,NA,NA,N,4,0,1,2,A,-,03,22350,NA,N,C,C,A,A,H,-,C,A,0,NA,NA,NA,NA,Y,NA,A,08,0,0,1,0,0,0,0,0,0,-,-,33.907859802246094,-118.39591217041016,LOS ANGELES,EL SEGUNDO,-118.39603424072266,33.907752990722656
81933297,2022,2022-12-05,1965,2022-10-26,2200,4114,0B1J,3,5,5,1965,0,0,0,NA,0,B001,5TH ST,SANTA MONICA BLVD,35,S,N,A,-,N,NA,NA,NA,NA,NA,NA,NA,NA,NA,N,4,0,1,2,A,-,03,22350,NA,F,C,C,A,A,H,-,C,B,0,NA,NA,NA,NA,Y,NA,A,01,0,0,1,0,0,0,0,0,0,-,-,NA,NA,LOS ANGELES,SANTA MONICA,-118.494140625,34.017120361328125
81933300,2022,2022-12-05,1965,2022-10-31,1045,4083,0B4D,1,5,5,1965,0,0,0,NA,0,B004,4TH ST,MONTANA AVE,163,S,N,A,-,N,NA,NA,NA,NA,NA,NA,NA,NA,NA,N,3,0,1,2,A,-,08,22107,NA,N,B,J,A,A,H,-,A,A,0,NA,NA,NA,NA,Y,NA,A,01,0,1,0,0,0,0,0,0,0,-,-,NA,NA,LOS ANGELES,SANTA MONICA,-118.50428009033205,34.02421951293945
81933302,2022,2022-12-05,1965,2022-11-02,1828,3553,0B4E,3,5,5,1965,0,0,0,NA,0,B004,14TH ST,IDAHO AVE,95,S,N,B,-,N,NA,NA,NA,NA,NA,NA,NA,NA,NA,N,4,0,1,3,A,-,08,22107,NA,N,C,E,E,A,H,-,C,A,0,Y,NA,NA,NA,Y,NA,A,01,0,0,1,0,1,0,0,0,0,-,-,NA,NA,LOS ANGELES,SANTA MONICA,-118.49342346191406,34.03068161010742
81933459,2022,2022-12-05,1975,2022-11-23,1225,5009,WCPD,3,5,6,1975,0,0,0,NA,0,004,GLENDORA AV,CAMERON AV,375,S,N,A,-,N,NA,NA,NA,NA,NA,NA,NA,NA,NA,N,4,0,1,2,A,-,09,21804,A,N,D,C,A,A,H,-,A,D,0,NA,NA,NA,NA,Y,NA,A,07,0,0,1,0,0,0,0,0,0,-,-,34.06163024902344,-117.93179321289064,LOS ANGELES,WEST COVINA,-117.93264770507813,34.06085968017578
81933467,2022,2022-12-05,1947,2022-11-22,0423,1459,NA,2,5,5,1947,0,0,0,NA,0,00F,MONTEBELLO BLVD,PARAMOUNT BLVD,1025,E,N,A,-,N,NA,NA,NA,NA,NA,NA,NA,NA,NA,Y,3,0,1,1,A,-,08,22107,NA,N,E,I,A,A,H,-,C,A,0,NA,NA,NA,NA,Y,NA,A,01,0,1,0,0,0,0,0,0,0,-,-,34.03424835205078,-118.09056854248048,LOS ANGELES,MONTEBELLO,-118.08756256103516,34.034854888916016
81933468,2022,2022-12-05,1967,2022-10-15,0817,153,NA,6,5,2,1967,0,0,0,NA,0,SOUTH,ORANGE AV,WILLOW,0,NA,Y,A,-,N,NA,NA,NA,NA,NA,NA,NA,NA,NA,N,4,0,2,2,A,-,09,21801,A,N,D,C,A,A,H,-,A,A,0,NA,NA,NA,NA,Y,NA,A,01,0,0,2,0,0,0,0,0,0,-,-,NA,NA,LOS ANGELES,SIGNAL HILL,-118.17633056640624,33.804298400878906
81933469,2022,2022-12-05,1967,2022-10-25,1102,142,NA,2,5,2,1967,0,0,0,NA,0,NORTH,SPRING,ORANGE AV,0,NA,Y,A,-,N,NA,NA,NA,NA,NA,NA,NA,NA,NA,Y,3,0,1,2,D,-,00,NA,NA,N,D,C,A,A,C,-,A,A,0,NA,NA,NA,NA,Y,NA,-,-,0,1,0,0,0,0,0,0,0,-,-,NA,NA,LOS ANGELES,SIGNAL HILL,-118.17630767822266,33.811676025390625
81933470,2022,2022-12-05,1967,2022-11-23,1742,171,NA,3,5,2,1967,0,0,0,NA,0,NORTH,WALNUT AV,SPRING,0,NA,Y,A,-,N,NA,NA,NA,NA,NA,NA,NA,NA,NA,Y,4,0,1,2,A,-,01,23153,G,N,D,C,A,A,H,-,C,A,0,NA,NA,NA,NA,Y,Y,A,01,0,0,1,0,0,0,0,0,0,-,-,NA,NA,LOS ANGELES,SIGNAL HILL,-118.17195892333984,33.811668395996094
81934691,2022,2022-12-06,1947,2022-10-31,0728,1418,NA,1,5,5,1947,0,0,0,NA,0,00B,BEVERLY BLVD,18TH ST,0,NA,Y,A,-,N,NA,NA,NA,NA,NA,NA,NA,NA,NA,N,2,0,1,2,A,-,12,21453,A,N,G,B,B,A,H,-,A,A,0,Y,NA,NA,NA,Y,NA,A,01,1,0,0,0,1,0,0,0,0,-,-,34.01979064941406,-118.1181411743164,LOS ANGELES,MONTEBELLO,-118.11817169189452,34.01969528198242
81934692,2022,2022-12-06,1947,2022-11-04,1148,1446,NA,5,5,5,1947,0,0,0,NA,0,00A,GARFIELD AVE,VIA  ACOSTA,0,NA,Y,A,-,N,NA,NA,NA,NA,NA,NA,NA,NA,NA,N,4,0,1,2,A,-,05,21650,1,N,D,G,A,A,H,-,A,A,0,NA,Y,NA,NA,Y,NA,L,04,0,0,1,0,0,0,1,0,0,-,-,34.023719787597656,-118.13301849365234,LOS ANGELES,MONTEBELLO,-118.13299560546876,34.02374267578125
81934711,2022,2022-12-06,1948,2022-10-27,1917,479,1948,4,5,5,1948,0,0,0,NA,0,003,WILCOX AV,FLORAL DR,0,NA,Y,A,-,N,NA,NA,NA,NA,NA,NA,NA,NA,NA,Y,3,0,1,2,A,-,12,22450,A,N,D,C,A,A,H,-,B,D,0,NA,NA,NA,NA,Y,NA,A,01,0,1,0,0,0,0,0,0,0,-,-,34.03826904296875,-118.1259765625,LOS ANGELES,MONTEREY PARK,-118.12593841552734,34.03832244873047
81934713,2022,2022-12-06,1948,2022-11-26,0920,484,1948,6,5,5,1948,0,0,0,NA,0,002,ATLANTIC BLVD,EMERSON AV,0,NA,Y,A,-,N,NA,NA,NA,NA,NA,NA,NA,NA,NA,N,4,0,2,2,A,-,12,21453,A,N,D,C,A,A,H,-,A,A,0,NA,NA,NA,NA,Y,NA,-,-,0,0,2,0,0,0,0,0,0,-,-,NA,NA,LOS ANGELES,MONTEREY PARK,-118.13433074951172,34.06610870361328
81934715,2022,2022-12-06,1948,2022-11-30,1745,448,1948,3,5,5,1948,0,0,0,NA,0,003,POMONA BLVD,GARFIELD AV,489,E,N,B,-,N,NA,NA,NA,NA,NA,NA,NA,NA,NA,Y,4,0,1,2,A,-,09,21804,A,N,D,G,A,A,H,-,C,D,0,NA,Y,NA,NA,Y,NA,A,01,0,0,1,0,0,0,1,0,0,-,-,34.03356170654297,-118.13014221191406,LOS ANGELES,MONTEREY PARK,-118.13011169433594,34.0335807800293
81934720,2022,2022-12-06,1969,2022-11-17,1834,20226,TRAFF,4,5,5,1969,0,0,0,NA,0,001,STATE ST,SEMINOLE AV,0,NA,Y,A,-,N,NA,NA,NA,NA,NA,NA,NA,NA,NA,N,4,0,3,2,A,-,09,21802,A,F,D,C,A,A,H,-,C,A,0,NA,NA,NA,NA,Y,NA,A,01,0,0,3,0,0,0,0,0,0,-,-,33.93891906738281,-118.21524047851564,LOS ANGELES,SOUTH GATE,-118.21533203125,33.938899993896484
81934723,2022,2022-12-06,1969,2022-11-25,1527,10208,NA,5,5,5,1969,0,0,0,NA,0,NA,TENAYA AV,HUNT AV,0,NA,Y,A,-,N,NA,NA,NA,NA,NA,NA,NA,NA,NA,N,4,0,1,2,A,-,12,22450,A,N,D,C,A,A,H,-,A,D,0,NA,NA,NA,NA,Y,NA,A,01,0,0,1,0,0,0,0,0,0,-,-,NA,NA,LOS ANGELES,SOUTH GATE,-118.19334411621094,33.937477111816406
81934730,2022,2022-12-06,1969,2022-12-02,0840,10208,NA,5,5,5,1969,0,0,0,NA,0,NA,TWEEDY BLVD,PINEHURST AV (E),33,E,N,A,-,N,NA,NA,NA,NA,NA,NA,NA,NA,NA,N,4,0,1,2,A,-,03,22350,NA,N,C,C,A,A,H,-,A,D,0,NA,NA,NA,NA,Y,NA,A,01,0,0,1,0,0,0,0,0,0,-,-,33.941650390625,-118.18263244628906,LOS ANGELES,SOUTH GATE,-118.18285369873048,33.94169616699219
81934818,2022,2022-12-06,1933,2022-07-11,0250,812,24,1,5,6,1933,0,0,0,NA,0,002,CENTURY BLVD,INGLEWOOD AV,54,W,N,B,-,N,NA,NA,NA,NA,NA,NA,NA,NA,NA,Y,1,1,0,2,A,-,11,21954,A,N,G,B,D,A,H,-,C,A,0,Y,NA,NA,NA,Y,NA,N,60,0,0,0,1,0,0,0,0,0,-,-,33.945499420166016,-118.36134338378906,LOS ANGELES,INGLEWOOD,-118.3615264892578,33.945438385009766
81934821,2022,2022-12-06,1933,2022-12-02,1941,1027,34,5,5,6,1933,0,0,0,NA,0,004,IMPERIAL HWY,DOTY AV,245,E,N,C,-,N,NA,NA,NA,NA,NA,NA,NA,NA,NA,N,4,0,1,2,A,-,03,22350,NA,N,C,C,A,B,H,-,C,A,0,NA,NA,NA,NA,Y,NA,A,01,0,0,1,0,0,0,0,0,0,-,-,33.93096160888672,-118.33953094482422,LOS ANGELES,INGLEWOOD,-118.3386001586914,33.93095016479492
81934822,2022,2022-12-06,1933,2022-12-02,2123,1070,24,5,5,6,1933,0,0,0,NA,0,002,GREVILLEA AV,102ND ST,100,S,N,C,-,N,NA,NA,NA,NA,NA,NA,NA,NA,NA,Y,3,0,1,4,A,-,01,23152,A,N,A,E,A,B,H,-,C,D,0,NA,NA,NA,NA,Y,Y,A,01,0,1,0,0,0,0,0,0,0,-,-,33.943660736083984,-118.35485076904295,LOS ANGELES,INGLEWOOD,-118.35485076904295,33.94332504272461
81934824,2022,2022-12-06,1933,2022-12-03,0830,1007,01,6,5,6,1933,0,0,0,NA,0,001,SHORT ST,CENTINELA AV,362,W,N,A,-,N,NA,NA,NA,NA,NA,NA,NA,NA,NA,N,4,0,1,2,A,-,08,22107,NA,F,D,G,A,A,H,-,A,D,0,NA,Y,NA,NA,Y,NA,A,01,0,0,1,0,0,0,1,0,0,-,-,33.97724151611328,-118.36827850341795,LOS ANGELES,INGLEWOOD,-118.36930084228516,33.976409912109375
81934826,2022,2022-12-06,1933,2022-12-04,1727,1057,12,7,5,6,1933,0,0,0,NA,0,004,CENTURY BLVD,7TH AV,0,NA,Y,C,-,N,NA,NA,NA,NA,NA,NA,NA,NA,NA,Y,4,0,1,5,A,-,03,22350,NA,N,C,C,A,B,H,-,C,D,0,NA,NA,NA,NA,Y,NA,A,01,0,0,1,0,0,0,0,0,0,-,-,33.945430755615234,-118.32428741455078,LOS ANGELES,INGLEWOOD,-118.32430267333984,33.945533752441406
81935763,2022,2022-12-07,1948,2022-11-29,1714,420,1948,2,5,5,1948,0,0,0,NA,0,001,AVENIDA CESAR CHAVEZ,SCHOOLSIDE AV,26,W,N,A,-,N,NA,NA,NA,NA,NA,NA,NA,NA,NA,N,3,0,2,2,A,-,03,22350,NA,F,B,C,A,A,H,-,C,A,0,NA,NA,NA,NA,Y,Y,A,01,0,1,1,0,0,0,0,0,0,-,-,34.040130615234375,-118.15042114257813,LOS ANGELES,MONTEREY PARK,-118.15048980712892,34.040008544921875
81935772,2022,2022-12-07,1969,2022-10-29,0407,10242,PATRO,6,5,5,1969,0,0,0,NA,0,004,FILESTONE BLVD,RAYO AV (E),200,W,N,A,-,N,NA,NA,NA,NA,NA,NA,NA,NA,NA,Y,3,0,2,1,A,-,01,23152,A,N,E,I,A,A,H,-,C,D,0,NA,NA,NA,NA,Y,Y,A,01,0,2,0,0,0,0,0,0,0,-,-,33.950531005859375,-118.17559814453124,LOS ANGELES,SOUTH GATE,-118.17641448974608,33.95055389404297
81935776,2022,2022-12-07,1969,2022-11-13,1816,10216,PATRO,7,5,5,1969,0,0,0,NA,0,005,CENTURY BLVD,GARFIELD AV,0,NA,Y,A,-,Y,NA,NA,NA,NA,NA,NA,NA,NA,NA,N,4,0,1,2,A,-,10,21950,A,N,G,B,B,A,H,-,C,A,0,Y,NA,NA,NA,Y,NA,A,07,0,0,1,0,1,0,0,0,0,-,-,33.914581298828125,-118.16895294189452,LOS ANGELES,SOUTH GATE,-118.16893005371094,33.914581298828125