CASE_ID,ACCIDENT_YEAR,PROC_DATE,JURIS,COLLISION_DATE,COLLISION_TIME,OFFICER_ID,REPORTING_DISTRICT,DAY_OF_WEEK,CHP_SHIFT,POPULATION,CNTY_CITY_LOC,SPECIAL_COND,BEAT_TYPE,CHP_BEAT_TYPE,CITY_DIVISION_LAPD,CHP_BEAT_CLASS,BEAT_NUMBER,PRIMARY_RD,SECONDARY_RD,DISTANCE,DIRECTION,INTERSECTION,WEATHER_1,WEATHER_2,STATE_HWY_IND,CALTRANS_COUNTY,CALTRANS_DISTRICT,STATE_ROUTE,ROUTE_SUFFIX,POSTMILE_PREFIX,POSTMILE,LOCATION_TYPE,RAMP_INTERSECTION,SIDE_OF_HWY,TOW_AWAY,COLLISION_SEVERITY,NUMBER_KILLED,NUMBER_INJURED,PARTY_COUNT,PRIMARY_COLL_FACTOR,PCF_CODE_OF_VIOL,PCF_VIOL_CATEGORY,PCF_VIOLATION,PCF_VIOL_SUBSECTION,HIT_AND_RUN,TYPE_OF_COLLISION,MVIW,PED_ACTION,ROAD_SURFACE,ROAD_COND_1,ROAD_COND_2,LIGHTING,CONTROL_DEVICE,CHP_ROAD_TYPE,PEDESTRIAN_ACCIDENT,BICYCLE_ACCIDENT,MOTORCYCLE_ACCIDENT,TRUCK_ACCIDENT,NOT_PRIVATE_PROPERTY,ALCOHOL_INVOLVED,STWD_VEHTYPE_AT_FAULT,CHP_VEHTYPE_AT_FAULT,COUNT_SEVERE_INJ,COUNT_VISIBLE_INJ,COUNT_COMPLAINT_PAIN,COUNT_PED_KILLED,COUNT_PED_INJURED,COUNT_BICYCLIST_KILLED,COUNT_BICYCLIST_INJURED,COUNT_MC_KILLED,COUNT_MC_INJURED,PRIMARY_RAMP,SECONDARY_RAMP,LATITUDE,LONGITUDE,COUNTY,CITY,POINT_X,POINT_Y
81941597,2022,2022-12-14,1969,2022-10-16,0732,10255,NA,7,5,5,1969,0,0,0,NA,0,NA,LONG BEACH BLVD,LIBERTY BLVD,6,S,N,A,-,N,NA,NA,NA,NA,NA,NA,NA,NA,NA,N,4,0,1,2,A,-,11,21456,B,N,G,B,B,A,H,-,A,A,0,Y,NA,NA,NA,Y,NA,N,60,0,0,1,0,1,0,0,0,0,-,-,33.962100982666016,-118.22422790527344,LOS ANGELES,SOUTH GATE,-118.22419738769533,33.962005615234375
81941770,2022,2022-12-14,1955,2022-11-13,1635,42468,014,7,5,6,1955,0,0,0,NA,0,003,HOLT AVE,EAST END AVE,75,E,N,A,-,N,NA,NA,NA,NA,NA,NA,NA,NA,NA,N,4,0,1,2,A,-,03,22350,NA,N,C,C,A,A,H,-,B,A,0,NA,NA,NA,NA,Y,NA,A,01,0,0,1,0,0,0,0,0,0,-,-,34.06306838989258,-117.72393035888672,LOS ANGELES,POMONA,-117.72371673583984,34.063114166259766
81941771,2022,2022-12-14,1933,2022-12-04,1524,1054,32,7,5,6,1933,0,0,0,NA,0,004,YUKON AV,109TH ST,0,NA,Y,B,-,N,NA,NA,NA,NA,NA,NA,NA,NA,NA,N,4,0,1,2,A,-,03,22350,NA,F,C,C,A,B,H,-,A,D,0,NA,NA,NA,NA,Y,NA,A,01,0,0,1,0,0,0,0,0,0,-,-,33.936771392822266,-118.32646942138672,LOS ANGELES,INGLEWOOD,-118.33489227294922,33.93675994873047
81941773,2022,2022-12-14,1933,2022-12-06,1658,869,25,2,5,6,1933,0,0,0,NA,0,002,HARDY ST,OSAGE AV,25,W,N,A,-,N,NA,NA,NA,NA,NA,NA,NA,NA,NA,N,4,0,2,2,A,-,12,22450,A,F,D,C,A,A,H,-,C,A,0,NA,NA,NA,NA,Y,NA,A,01,0,0,2,0,0,0,0,0,0,-,-,33.949100494384766,-118.34567260742188,LOS ANGELES,INGLEWOOD,-118.34580230712892,33.94906997680664
81941774,2022,2022-12-14,1933,2022-12-08,0800,1026,32,4,5,6,1933,0,0,0,NA,0,004,104TH ST,DARBY AV,0,NA,Y,A,-,N,NA,NA,NA,NA,NA,NA,NA,NA,NA,N,4,0,1,2,A,-,09,21802,A,F,B,C,A,A,H,-,A,D,0,NA,NA,NA,NA,Y,NA,A,01,0,0,1,0,0,0,0,0,0,-,-,33.94184112548828,-118.33097839355467,LOS ANGELES,INGLEWOOD,-118.33101654052734,33.94182586669922
81941775,2022,2022-12-14,1933,2022-12-08,1800,1057,10,4,5,6,1933,0,0,0,NA,0,003,97TH ST,PRAIRIE AV,0,NA,Y,A,-,N,NA,NA,NA,NA,NA,NA,NA,NA,NA,N,4,0,1,1,D,-,00,NA,NA,N,E,J,A,A,H,-,A,D,0,NA,NA,NA,NA,Y,NA,-,-,0,0,1,0,0,0,0,0,0,-,-,33.947898864746094,-118.34391784667967,LOS ANGELES,INGLEWOOD,-118.3439483642578,33.947872161865234
81941776,2022,2022-12-14,1955,2022-11-13,1041,42578,54,7,5,6,1955,0,0,0,NA,0,001,VALLEY BLVD,FAIRPLEX DR,105,S,N,A,-,N,NA,NA,NA,NA,NA,NA,NA,NA,NA,Y,4,0,2,2,A,-,12,21453,A,N,D,C,A,A,H,-,A,A,0,NA,NA,NA,NA,Y,NA,D,22,0,0,2,0,0,0,0,0,0,-,-,NA,NA,LOS ANGELES,POMONA,-117.78790283203124,34.06150817871094
81941779,2022,2022-12-14,1955,2022-12-01,2259,42835,03,4,5,6,1955,0,0,0,NA,0,005,GAREY AVE,NINTH ST,124,S,N,A,-,N,NA,NA,NA,NA,NA,NA,NA,NA,NA,Y,3,0,1,2,A,-,01,23152,A,N,A,C,A,A,H,-,C,A,0,NA,NA,NA,NA,Y,NA,A,01,0,1,0,0,0,0,0,0,0,-,-,34.05147933959961,-117.74990081787108,LOS ANGELES,POMONA,-117.74996185302734,34.051124572753906
81942759,2022,2022-12-15,1947,2022-11-09,0557,1424,NA,3,5,5,1947,0,0,0,NA,0,00C,BEVERLY BLVD,BRADLEY AVE,40,E,N,B,-,N,NA,NA,NA,NA,NA,NA,NA,NA,NA,Y,4,0,1,3,A,-,03,22350,NA,N,F,E,A,B,H,-,B,D,0,NA,NA,NA,NA,Y,NA,A,01,0,0,1,0,0,0,0,0,0,-,-,34.01485061645508,-118.09494018554688,LOS ANGELES,MONTEBELLO,-118.09474182128906,34.01481246948242
81942764,2022,2022-12-15,1967,2022-11-26,2059,168,NA,6,5,2,1967,0,0,0,NA,0,SOUTH,WILLOW,CHERRY AV,292,W,N,A,-,N,NA,NA,NA,NA,NA,NA,NA,NA,NA,Y,3,0,2,1,A,-,01,23152,A,N,E,J,A,A,H,-,C,D,0,NA,NA,NA,NA,Y,Y,A,07,0,2,0,0,0,0,0,0,0,-,-,NA,NA,LOS ANGELES,SIGNAL HILL,-118.16864776611328,33.80437088012695
81942769,2022,2022-12-15,1922,2022-11-03,1611,603,NA,4,5,6,1922,0,0,0,NA,0,003,SANTA ANITA AVE,GARVEY AVE,0,NA,Y,A,-,N,NA,NA,NA,NA,NA,NA,NA,NA,NA,N,4,0,1,2,A,-,12,21453,A,N,D,G,A,A,H,-,A,A,0,NA,Y,NA,NA,Y,NA,L,04,0,0,1,0,0,0,1,0,0,-,-,34.06285858154297,-118.04247283935548,LOS ANGELES,EL MONTE,-118.0425033569336,34.06275177001953
81942770,2022,2022-12-15,1922,2022-11-27,1136,700,NA,7,5,6,1922,0,0,0,NA,0,003,DOREEN AVE,FERN ST,200,N,N,A,-,N,NA,NA,NA,NA,NA,NA,NA,NA,NA,Y,4,0,1,2,A,-,01,23152,A,N,B,E,A,A,H,-,A,A,0,NA,NA,NA,NA,Y,Y,A,07,0,0,1,0,0,0,0,0,0,-,-,34.0588493347168,-118.04482269287108,LOS ANGELES,EL MONTE,-118.04476165771484,34.05950927734375
81942781,2022,2022-12-15,1969,2022-09-24,1623,10238,PATRO,6,5,5,1969,0,0,0,NA,0,002,FILESTONE BLVD,GARDEN VIEW AV,0,NA,Y,A,-,N,NA,NA,NA,NA,NA,NA,NA,NA,NA,Y,4,0,1,2,A,-,09,21803,A,N,D,C,A,A,H,-,A,A,0,NA,NA,NA,NA,Y,NA,A,01,0,0,1,0,0,0,0,0,0,-,-,33.955169677734375,-118.21569061279295,LOS ANGELES,SOUTH GATE,-118.21572875976564,33.955101013183594
81942784,2022,2022-12-15,1969,2022-11-16,1045,10238,PATRO,3,5,5,1969,0,0,0,NA,0,004,ATLANTIC AV,ABBOTT RD,400,N,N,A,-,N,NA,NA,NA,NA,NA,NA,NA,NA,NA,N,4,0,1,2,A,-,08,22107,NA,N,G,B,E,A,H,-,A,D,0,Y,NA,NA,NA,Y,NA,A,01,0,0,1,0,1,0,0,0,0,-,-,33.93402862548828,-118.18244934082033,LOS ANGELES,SOUTH GATE,-118.18235778808594,33.935062408447266
81942788,2022,2022-12-15,1969,2022-12-08,1505,10226,TRAFF,4,5,5,1969,0,0,0,NA,0,004,SOUTHERN AV,HUNT AV,0,NA,Y,A,-,N,NA,NA,NA,NA,NA,NA,NA,NA,NA,N,4,0,3,2,A,-,12,22450,A,N,D,C,A,A,H,-,A,D,0,NA,NA,NA,NA,Y,NA,A,01,0,0,3,0,0,0,0,0,0,-,-,33.94947814941406,-118.19149017333984,LOS ANGELES,SOUTH GATE,-118.19149017333984,33.94950485229492
81942789,2022,2022-12-15,1969,2022-12-11,2017,10248,PATRO,7,5,5,1969,0,0,0,NA,0,001,TWEEDY BLVD,LONG BEACH BLVD,0,NA,Y,-,-,N,NA,NA,NA,NA,NA,NA,NA,NA,NA,N,4,0,1,2,A,-,01,23152,A,F,C,C,A,A,H,-,C,A,0,NA,NA,NA,NA,Y,Y,A,07,0,0,1,0,0,0,0,0,0,-,-,33.94538879394531,-118.21620178222656,LOS ANGELES,SOUTH GATE,-118.21616363525392,33.94535446166992
81943008,2022,2022-12-15,1933,2022-12-12,1842,1067,8,1,5,6,1933,0,0,0,NA,0,001,QUEEN ST,EUCALYPTUS AV,0,NA,Y,A,-,N,NA,NA,NA,NA,NA,NA,NA,NA,NA,N,4,0,1,2,A,-,03,22350,NA,F,G,B,B,A,B,H,C,D,0,Y,NA,NA,NA,Y,NA,A,01,0,0,1,0,1,0,0,0,0,-,-,33.96294021606445,-118.35948181152344,LOS ANGELES,INGLEWOOD,-118.35958099365234,33.96287536621094
81943964,2022,2022-12-16,1922,2022-11-21,1539,681,NA,1,5,6,1922,0,0,0,NA,0,001,TYLER AVE,RAMONA BLVD,0,NA,Y,A,-,N,NA,NA,NA,NA,NA,NA,NA,NA,NA,N,4,0,1,2,A,-,10,21950,A,N,G,B,B,A,H,-,A,A,0,Y,NA,NA,NA,Y,NA,M,96,0,0,1,0,1,0,0,0,0,-,-,34.072059631347656,-118.03595733642578,LOS ANGELES,EL MONTE,-118.0360107421875,34.07204818725586
81943965,2022,2022-12-16,1922,2022-11-22,2039,679,NA,2,5,6,1922,0,0,0,NA,0,NA,HAVENPARK AVE,BODGER ST,100,N,N,A,-,N,NA,NA,NA,NA,NA,NA,NA,NA,NA,N,4,0,1,2,A,-,03,22350,NA,F,C,C,A,A,H,-,C,D,0,NA,NA,NA,NA,Y,NA,A,01,0,0,1,0,0,0,0,0,0,-,-,34.0638313293457,-118.0478973388672,LOS ANGELES,EL MONTE,-118.0478286743164,34.064205169677734
81943966,2022,2022-12-16,1923,2022-11-19,1815,538,E104,6,5,3,1923,0,0,0,NA,0,3L4M,MAIN ST,MAPLE AVE,0,NA,Y,A,-,N,NA,NA,NA,NA,NA,NA,NA,NA,NA,N,4,0,1,2,A,-,09,21800,A,N,D,G,A,A,H,-,C,A,0,NA,Y,NA,NA,Y,NA,A,01,0,0,1,0,0,0,1,0,0,-,-,33.926998138427734,-118.41596221923828,LOS ANGELES,EL SEGUNDO,-118.41600799560548,33.927001953125
81943975,2022,2022-12-16,1948,2022-12-08,1712,466,1948,4,5,5,1948,0,0,0,NA,0,005,2000 MARKETPLACE DR,POTRERO GRANDE DR,1169,S,N,A,-,N,NA,NA,NA,NA,NA,NA,NA,NA,NA,N,4,0,1,2,B,-,22,NA,NA,N,G,B,D,A,H,-,C,D,0,Y,NA,NA,NA,Y,NA,N,60,0,0,1,0,1,0,0,0,0,-,-,NA,NA,LOS ANGELES,MONTEREY PARK,NA,NA
81944019,2022,2022-12-16,1965,2022-11-07,1848,4119,0B1C,1,5,5,1965,0,0,0,NA,0,B001,SOUTHBOUND 1500 BLOCK PACIFIC COAST HIGHWAY,SOUTHBOUND MCCLURE TUNNEL ENTRANCE,175,N,N,B,-,Y,NA,NA,NA,NA,NA,NA,NA,NA,NA,Y,2,0,2,2,A,-,01,23152,A,N,A,C,A,B,H,-,C,D,0,NA,NA,NA,NA,Y,Y,A,01,1,1,0,0,0,0,0,0,0,-,-,NA,NA,LOS ANGELES,SANTA MONICA,NA,NA
81944020,2022,2022-12-16,1965,2022-11-10,0709,4053,0B3A,4,5,5,1965,0,0,0,NA,0,B003,SANTA MONICA BLVD,BERKELEY ST,9,W,N,A,-,N,NA,NA,NA,NA,NA,NA,NA,NA,NA,N,4,0,1,2,A,-,10,21950,A,N,G,B,B,A,H,-,B,A,0,Y,NA,NA,NA,Y,NA,A,07,0,0,1,0,1,0,0,0,0,-,-,NA,NA,LOS ANGELES,SANTA MONICA,-118.46961975097656,34.03706359863281
81944023,2022,2022-12-16,1965,2022-11-10,1422,3553,0B3A,4,5,5,1965,0,0,0,NA,0,B003,SANTA MONICA BLVD,FRANKLIN ST,0,NA,Y,A,-,N,NA,NA,NA,NA,NA,NA,NA,NA,NA,N,3,0,1,3,A,-,09,21802,A,N,D,C,A,A,H,-,A,A,0,NA,NA,NA,NA,Y,NA,A,01,0,1,0,0,0,0,0,0,0,-,-,NA,NA,LOS ANGELES,SANTA MONICA,-118.46865844726564,34.03785705566406
81944024,2022,2022-12-16,1965,2022-11-08,0820,3553,0B4E,2,5,5,1965,0,0,0,NA,0,B004,1500BLK MONTANA AVE,NOT STATED,0,NA,-,C,-,N,NA,NA,NA,NA,NA,NA,NA,NA,NA,N,2,0,1,1,D,-,00,NA,NA,N,H,A,A,B,-,-,A,D,0,NA,NA,NA,NA,Y,NA,-,-,1,0,0,0,0,0,0,0,0,-,-,NA,NA,LOS ANGELES,SANTA MONICA,NA,NA
81944025,2022,2022-12-16,1965,2022-11-13,1326,3984,0B1L,7,5,5,1965,0,0,0,NA,0,B001,LINCOLN BLVD,BROADWAY,0,NA,Y,A,-,N,NA,NA,NA,NA,NA,NA,NA,NA,NA,Y,3,0,3,2,A,-,01,23152,A,N,D,C,A,A,H,-,A,A,0,NA,NA,NA,NA,Y,Y,A,07,0,1,2,0,0,0,0,0,0,-,-,NA,NA,LOS ANGELES,SANTA MONICA,-118.48983001708984,34.01817321777344
81944098,2022,2022-12-16,1933,2022-08-28,0835,812,32,7,5,6,1933,0,0,0,NA,0,004,108TH ST,CRENSHAW BLVD (N),89,E,N,A,-,N,NA,NA,NA,NA,NA,NA,NA,NA,NA,Y,1,1,0,2,A,-,05,21460,A,N,B,E,A,A,H,-,A,A,0,NA,NA,NA,NA,Y,NA,A,01,0,0,0,0,0,0,0,0,0,-,-,33.9382209777832,-118.3264617919922,LOS ANGELES,INGLEWOOD,-118.32656097412108,33.93846893310547
81944102,2022,2022-12-16,1955,2022-11-03,1837,42415,NA,4,5,6,1955,0,0,0,NA,0,NA,INDIAN HILL BLVD,SAN BERNARDINO AVE,0,NA,Y,A,-,N,NA,NA,NA,NA,NA,NA,NA,NA,NA,Y,3,0,1,2,A,-,09,21801,A,F,A,C,A,A,H,-,C,A,0,NA,NA,NA,NA,Y,NA,D,22,0,1,0,0,0,0,0,0,0,-,-,34.07590866088867,-117.71929168701172,LOS ANGELES,POMONA,-117.71924591064452,34.07588195800781
81944103,2022,2022-12-16,1955,2022-11-22,0344,42830,55,2,5,6,1955,0,0,0,NA,0,001,ORANGE GROVE AVE,DUDLEY ST,100,W,N,A,-,N,NA,NA,NA,NA,NA,NA,NA,NA,NA,Y,3,0,1,2,A,-,08,22107,NA,N,B,E,A,A,H,-,C,A,0,NA,NA,NA,NA,Y,NA,A,01,0,1,0,0,0,0,0,0,0,-,-,34.064918518066406,-117.77702331542967,LOS ANGELES,POMONA,-117.77733612060548,34.06483459472656
81944105,2022,2022-12-16,1955,2022-12-02,2159,42254,10,5,5,6,1955,0,0,0,NA,0,001,GAREY AVE,ALVARADO ST,100,S,N,A,-,N,NA,NA,NA,NA,NA,NA,NA,NA,NA,Y,3,0,1,1,A,-,01,23152,A,N,E,I,A,A,H,-,C,A,0,NA,NA,NA,NA,Y,NA,A,01,0,1,0,0,0,0,0,0,0,-,-,34.06782150268555,-117.75202178955078,LOS ANGELES,POMONA,-117.7519760131836,34.067420959472656
81944940,2022,2022-12-19,1947,2022-11-22,1609,1422,1947,2,5,5,1947,0,0,0,NA,0,00F,MONTEBELLO BLVD,PLAZA DR,0,NA,Y,A,-,N,NA,NA,NA,NA,NA,NA,NA,NA,NA,Y,4,0,1,2,A,-,03,22350,NA,N,C,C,A,A,H,-,B,A,0,NA,NA,NA,NA,Y,NA,A,01,0,0,1,0,0,0,0,0,0,-,-,34.034080505371094,-118.08255004882813,LOS ANGELES,MONTEBELLO,-118.08130645751952,34.03432846069336
81944941,2022,2022-12-19,1947,2022-11-23,1544,1422,1947,3,5,5,1947,0,0,0,NA,0,00F,MONTEBELLO BLVD,LIBERTY AVE,1056,N,N,A,-,N,NA,NA,NA,NA,NA,NA,NA,NA,NA,Y,3,0,2,3,A,-,03,22350,NA,N,C,C,A,A,H,-,A,A,0,NA,NA,NA,NA,Y,NA,A,01,0,1,1,0,0,0,0,0,0,-,-,34.0296516418457,-118.1011962890625,LOS ANGELES,MONTEBELLO,-118.09842681884766,34.03136444091797
81945020,2022,2022-12-19,1955,2022-11-14,1359,42590,1,1,5,6,1955,0,0,0,NA,0,021,LA VERNE AVE,TOWNE AVE (N),15,W,N,A,-,N,NA,NA,NA,NA,NA,NA,NA,NA,NA,Y,4,0,1,2,C,-,18,NA,NA,N,D,C,A,A,H,-,A,A,0,NA,NA,NA,Y,Y,NA,-,-,0,0,1,0,0,0,0,0,0,-,-,NA,NA,LOS ANGELES,POMONA,-117.74062347412108,34.0803337097168
81945142,2022,2022-12-19,1975,2022-11-17,2119,486,WCPD,4,5,6,1975,0,0,0,NA,0,002,AZUSA AV,ROWLAND AV,30,N,N,A,-,N,NA,NA,NA,NA,NA,NA,NA,NA,NA,Y,4,0,3,2,B,-,22,NA,NA,N,C,E,A,A,H,-,C,A,0,NA,NA,NA,NA,Y,NA,A,01,0,0,3,0,0,0,0,0,0,-,-,34.08293151855469,-117.94229125976564,LOS ANGELES,WEST COVINA,-117.90767669677734,34.079132080078125
81945145,2022,2022-12-19,1975,2022-12-01,0848,353,NA,4,5,6,1975,0,0,0,NA,0,004,PORTNER ST,AZUSA AV,4,W,N,A,-,N,NA,NA,NA,NA,NA,NA,NA,NA,NA,N,3,0,1,2,A,-,05,21650,1,N,D,G,A,A,H,-,A,A,0,NA,Y,NA,NA,Y,NA,L,04,0,1,0,0,0,0,1,0,0,-,-,34.056640625,-117.907958984375,LOS ANGELES,WEST COVINA,-117.90802001953124,34.0566291809082
81945146,2022,2022-12-19,1975,2022-12-05,1452,353,NA,1,5,6,1975,0,0,0,NA,0,003,SUNSET AV,MERCED AV,625,S,N,A,-,N,NA,NA,NA,NA,NA,NA,NA,NA,NA,N,4,0,1,2,A,-,03,22350,NA,N,C,C,A,A,H,-,A,D,0,NA,NA,NA,NA,Y,NA,I,09,0,0,1,0,0,0,0,0,0,-,-,34.06135177612305,-117.94615173339844,LOS ANGELES,WEST COVINA,-117.947509765625,34.06005859375
81945150,2022,2022-12-19,1967,2022-11-28,1700,142,NA,1,5,2,1967,0,0,0,NA,0,SOUTH,WALNUT AV,BURNETT,63,N,N,A,-,N,NA,NA,NA,NA,NA,NA,NA,NA,NA,Y,3,0,2,3,A,-,12,22450,A,N,C,C,A,A,H,-,C,D,0,NA,NA,NA,NA,Y,NA,A,07,0,1,1,0,0,0,0,0,0,-,-,NA,NA,LOS ANGELES,SIGNAL HILL,-118.17198181152344,33.80092239379883
81945151,2022,2022-12-19,1947,2022-11-21,0939,1445,NA,1,5,5,1947,0,0,0,NA,0,00A,BEVERLY BLVD,4TH ST,0,NA,Y,A,-,N,NA,NA,NA,NA,NA,NA,NA,NA,NA,N,4,0,1,2,D,-,00,NA,NA,N,A,C,A,A,H,-,A,A,0,NA,NA,NA,NA,Y,NA,-,-,0,0,1,0,0,0,0,0,0,-,-,34.016300201416016,-118.1018295288086,LOS ANGELES,MONTEBELLO,-118.10173797607422,34.016300201416016
81945157,2022,2022-12-19,1922,2022-11-16,1459,701,NA,3,5,6,1922,0,0,0,NA,0,001,SANTA ANITA AVE,WEST HONDO PKWY,177,N,N,A,-,N,NA,NA,NA,NA,NA,NA,NA,NA,NA,N,3,0,1,2,A,-,05,21650,1,N,D,G,A,A,H,-,A,D,0,NA,Y,NA,NA,Y,NA,L,04,0,1,0,0,0,0,1,0,0,-,-,34.09640121459961,-118.02854919433594,LOS ANGELES,EL MONTE,-118.02851104736328,34.096866607666016
81945158,2022,2022-12-19,1922,2022-11-22,1725,713,NA,2,5,6,1922,0,0,0,NA,0,NA,SANTA ANITA AVE,MAIN ST,0,NA,Y,A,-,N,NA,NA,NA,NA,NA,NA,NA,NA,NA,Y,4,0,2,3,A,-,09,21801,A,N,A,C,A,A,H,-,C,A,0,NA,NA,NA,NA,Y,NA,A,01,0,0,2,0,0,0,0,0,0,-,-,34.075809478759766,-118.04134368896484,LOS ANGELES,EL MONTE,-118.04132080078124,34.075836181640625
81945365,2022,2022-12-19,1947,2022-11-25,1616,1452,NA,5,5,5,1947,0,0,0,NA,0,00C,SANCHEZ ST,AVENUE DE LA MERCED,0,NA,Y,A,-,N,NA,NA,NA,NA,NA,NA,NA,NA,NA,N,4,0,2,2,A,-,09,21800,A,N,D,C,A,A,H,-,A,A,0,NA,NA,NA,NA,Y,NA,D,72,0,0,2,0,0,0,0,0,0,-,-,34.02347183227539,-118.09021759033205,LOS ANGELES,MONTEBELLO,NA,NA
81945374,2022,2022-12-19,1923,2022-11-23,1132,520,203,3,5,3,1923,0,0,0,NA,0,002,IMPERIAL AVE,CALIFORNIA ST,140,E,N,A,-,N,NA,NA,NA,NA,NA,NA,NA,NA,NA,N,4,0,1,2,A,-,03,22350,NA,N,C,C,A,A,H,-,A,D,0,NA,NA,NA,NA,Y,NA,A,07,0,0,1,0,0,0,0,0,0,-,-,33.930870056152344,-118.40184783935548,LOS ANGELES,EL SEGUNDO,-118.40145111083984,33.93088912963867
81946485,2022,2022-12-20,1948,2022-12-09,1930,459,1948,5,5,5,1948,0,0,0,NA,0,005,FULTON AV,IRIS WY,492,S,N,A,-,N,NA,NA,NA,NA,NA,NA,NA,NA,NA,Y,3,0,1,2,A,-,08,22107,NA,N,B,E,A,A,H,-,C,D,0,NA,NA,NA,NA,Y,NA,A,01,0,1,0,0,0,0,0,0,0,-,-,34.04106903076172,-118.11802673339844,LOS ANGELES,MONTEREY PARK,-118.11886596679688,34.03989028930664
81946622,2022,2022-12-20,1955,2022-10-23,1225,42784,0021,7,5,6,1955,0,0,0,NA,0,002,TOWNE AVE,SAN BERNARDINO AVE,300,N,N,A,-,N,NA,NA,NA,NA,NA,NA,NA,NA,NA,N,4,0,1,2,A,-,03,22350,NA,N,C,C,A,A,H,-,A,A,0,NA,NA,NA,NA,Y,NA,A,01,0,0,1,0,0,0,0,0,0,-,-,34.075801849365234,-117.74205017089844,LOS ANGELES,POMONA,-117.74211120605467,34.076622009277344
81946623,2022,2022-12-20,1933,2022-12-14,1208,869,15,3,5,6,1933,0,0,0,NA,0,002,ASH AV,OLIVE ST,0,NA,Y,A,-,N,NA,NA,NA,NA,NA,NA,NA,NA,NA,N,4,0,1,2,D,-,00,NA,NA,N,D,G,A,A,H,-,A,D,0,NA,Y,NA,NA,Y,NA,-,-,0,0,1,0,0,0,1,0,0,-,-,33.96086883544922,-118.3681411743164,LOS ANGELES,INGLEWOOD,-118.36823272705078,33.96076965332031
81946630,2022,2022-12-20,1933,2022-12-17,2138,1066,02,6,5,6,1933,0,0,0,NA,0,001,CENTINELA AV,CEDAR ST,0,NA,Y,A,-,N,NA,NA,NA,NA,NA,NA,NA,NA,NA,Y,4,0,1,2,A,-,03,22350,NA,N,C,C,A,A,H,-,C,A,0,NA,NA,NA,NA,Y,NA,A,01,0,0,1,0,0,0,0,0,0,-,-,33.976951599121094,-118.3648681640625,LOS ANGELES,INGLEWOOD,-118.36505889892578,33.976871490478516
81946772,2022,2022-12-20,1910,2022-08-22,1315,443,1910,1,5,4,1910,0,0,0,NA,0,009,N PALM DR,BEVERLY BLVD,75,S,N,A,-,N,NA,NA,NA,NA,NA,NA,NA,NA,NA,N,4,0,1,2,A,-,03,22350,NA,N,G,B,D,A,H,-,A,A,0,Y,NA,NA,NA,Y,NA,-,-,0,0,1,0,1,0,0,0,0,-,-,NA,NA,LOS ANGELES,BEVERLY HILLS,-118.39560699462892,34.07722091674805
81947635,2022,2022-12-21,1975,2022-10-31,0102,485,WCPD,1,5,6,1975,0,0,0,NA,0,003,SUNSET AV,CAMERON AV,0,NA,Y,A,-,N,NA,NA,NA,NA,NA,NA,NA,NA,NA,N,4,0,1,2,A,-,12,21453,A,N,D,C,A,A,H,-,C,A,0,NA,NA,NA,NA,Y,NA,A,07,0,0,1,0,0,0,0,0,0,-,-,34.06690979003906,-117.94026184082033,LOS ANGELES,WEST COVINA,-117.94032287597656,34.06694412231445
81947638,2022,2022-12-21,1975,2022-12-08,0853,353,NA,4,5,6,1975,0,0,0,NA,0,002,GRAND AV,FAIRWAY LN,0,NA,Y,A,-,N,NA,NA,NA,NA,NA,NA,NA,NA,NA,Y,4,0,2,2,A,-,12,21453,A,N,D,C,A,A,H,-,A,A,0,NA,NA,NA,NA,Y,NA,A,01,0,0,2,0,0,0,0,0,0,-,-,34.074058532714844,-117.87242889404295,LOS ANGELES,WEST COVINA,-117.87255859375,34.07403564453125
81947677,2021,2022-12-21,1948,2021-10-19,1520,356,1948,2,5,5,1948,0,0,0,NA,0,001,AVENIDA CESAR CHAVEZ,W/C/L SCHOOLSIDE,30,W,N,A,-,N,NA,NA,NA,NA,NA,NA,NA,NA,NA,N,4,0,1,2,A,-,03,22350,NA,N,C,C,A,A,H,-,A,A,0,NA,NA,NA,NA,Y,NA,D,22,0,0,1,0,0,0,0,0,0,-,-,NA,NA,LOS ANGELES,MONTEREY PARK,-118.15048980712892,34.040008544921875
81947684,2022,2022-12-21,1922,2022-12-02,1537,522,NA,5,5,6,1922,0,0,0,NA,0,002,FERRIS RD,WHISTLER AVE,140,W,N,A,-,N,NA,NA,NA,NA,NA,NA,NA,NA,NA,Y,3,0,2,2,A,-,08,22107,NA,F,A,C,A,A,H,-,C,D,0,NA,NA,NA,NA,Y,NA,A,01,0,1,1,0,0,0,0,0,0,-,-,34.07112121582031,-118.01692199707033,LOS ANGELES,EL MONTE,-118.01730346679688,34.07133102416992
81947689,2022,2022-12-21,1923,2022-12-07,0839,520,106,3,5,3,1923,0,0,0,NA,0,001,OAK AVE,MAIN ST,256,E,N,A,-,N,NA,NA,NA,NA,NA,NA,NA,NA,NA,N,3,0,1,2,A,-,11,21954,A,N,G,B,D,A,H,-,A,D,0,Y,NA,NA,NA,Y,NA,N,60,0,1,0,0,1,0,0,0,0,-,-,33.92604064941406,-118.4159698486328,LOS ANGELES,EL SEGUNDO,-118.41516876220705,33.92596435546875