CASE_ID,ACCIDENT_YEAR,PROC_DATE,JURIS,COLLISION_DATE,COLLISION_TIME,OFFICER_ID,REPORTING_DISTRICT,DAY_OF_WEEK,CHP_SHIFT,POPULATION,CNTY_CITY_LOC,SPECIAL_COND,BEAT_TYPE,CHP_BEAT_TYPE,CITY_DIVISION_LAPD,CHP_BEAT_CLASS,BEAT_NUMBER,PRIMARY_RD,SECONDARY_RD,DISTANCE,DIRECTION,INTERSECTION,WEATHER_1,WEATHER_2,STATE_HWY_IND,CALTRANS_COUNTY,CALTRANS_DISTRICT,STATE_ROUTE,ROUTE_SUFFIX,POSTMILE_PREFIX,POSTMILE,LOCATION_TYPE,RAMP_INTERSECTION,SIDE_OF_HWY,TOW_AWAY,COLLISION_SEVERITY,NUMBER_KILLED,NUMBER_INJURED,PARTY_COUNT,PRIMARY_COLL_FACTOR,PCF_CODE_OF_VIOL,PCF_VIOL_CATEGORY,PCF_VIOLATION,PCF_VIOL_SUBSECTION,HIT_AND_RUN,TYPE_OF_COLLISION,MVIW,PED_ACTION,ROAD_SURFACE,ROAD_COND_1,ROAD_COND_2,LIGHTING,CONTROL_DEVICE,CHP_ROAD_TYPE,PEDESTRIAN_ACCIDENT,BICYCLE_ACCIDENT,MOTORCYCLE_ACCIDENT,TRUCK_ACCIDENT,NOT_PRIVATE_PROPERTY,ALCOHOL_INVOLVED,STWD_VEHTYPE_AT_FAULT,CHP_VEHTYPE_AT_FAULT,COUNT_SEVERE_INJ,COUNT_VISIBLE_INJ,COUNT_COMPLAINT_PAIN,COUNT_PED_KILLED,COUNT_PED_INJURED,COUNT_BICYCLIST_KILLED,COUNT_BICYCLIST_INJURED,COUNT_MC_KILLED,COUNT_MC_INJURED,PRIMARY_RAMP,SECONDARY_RAMP,LATITUDE,LONGITUDE,COUNTY,CITY,POINT_X,POINT_Y
81976525,2023,2023-01-25,1933,2023-01-19,1415,1072,04,4,5,6,1933,0,0,0,NA,0,001,LA BREA AV,HYDE PARK BLVD,200,N,N,A,-,N,NA,NA,NA,NA,NA,NA,NA,NA,NA,N,4,0,1,2,A,-,08,22107,NA,N,D,C,A,A,H,-,A,D,0,NA,NA,NA,NA,Y,NA,A,01,0,0,1,0,0,0,0,0,0,-,-,33.97132110595703,-118.35738372802734,LOS ANGELES,INGLEWOOD,-118.35752868652344,33.971824645996094
81976526,2023,2023-01-25,1933,2023-01-20,1734,919,01,5,5,6,1933,0,0,0,NA,0,001,ELLIS AV,LA BREA AV,200,W,N,A,-,N,NA,NA,NA,NA,NA,NA,NA,NA,NA,Y,4,0,1,4,A,-,09,21804,A,N,D,E,A,A,H,-,C,D,0,NA,NA,NA,NA,Y,NA,A,01,0,0,1,0,0,0,0,0,0,-,-,33.97840118408203,-118.35753631591795,LOS ANGELES,INGLEWOOD,-118.35832977294922,33.97822570800781
81976528,2023,2023-01-25,1933,2023-01-20,2116,1019,32,5,5,6,1933,0,0,0,NA,0,004,102ND ST,DARBY AV,135,E,N,A,-,N,NA,NA,NA,NA,NA,NA,NA,NA,NA,N,3,0,1,2,A,-,21,22106,NA,F,G,B,D,A,H,-,C,D,0,Y,NA,NA,NA,Y,NA,A,01,0,1,0,0,1,0,0,0,0,-,-,33.94356918334961,-118.33097839355467,LOS ANGELES,INGLEWOOD,-118.33101654052734,33.9434814453125
81976529,2023,2023-01-25,1933,2023-01-21,1446,1037,03,6,5,6,1933,0,0,0,NA,0,003,CENTURY BLVD,CLUB DR,0,NA,Y,A,-,N,NA,NA,NA,NA,NA,NA,NA,NA,NA,N,3,0,1,3,A,-,12,21453,A,N,D,C,F,A,H,-,A,A,0,Y,NA,NA,NA,Y,NA,A,01,0,1,0,0,1,0,0,0,0,-,-,33.945438385009766,-118.33267211914064,LOS ANGELES,INGLEWOOD,-118.33266448974608,33.945472717285156
81976530,2023,2023-01-25,1933,2023-01-22,1554,1011,22,7,5,6,1933,0,0,0,NA,0,003,MANCHESTER BLVD,7TH AV,25,W,N,A,-,N,NA,NA,NA,NA,NA,NA,NA,NA,NA,Y,3,0,1,2,A,-,03,22350,NA,N,C,C,A,A,H,-,A,A,0,NA,NA,NA,NA,Y,NA,A,01,0,1,0,0,0,0,0,0,0,-,-,33.95996856689453,-118.32434844970705,LOS ANGELES,INGLEWOOD,-118.32443237304688,33.95991897583008
81977529,2023,2023-01-26,1947,2023-01-02,1436,1445,NA,1,5,5,1947,0,0,0,NA,0,00A,WILCOX AVE,VIA  CAMPO,20,S,N,B,-,N,NA,NA,NA,NA,NA,NA,NA,NA,NA,N,4,0,1,2,A,-,03,22350,NA,N,C,C,A,B,H,-,A,A,0,NA,NA,NA,Y,Y,NA,F,26,0,0,1,0,0,0,0,0,0,-,-,34.03276824951172,-118.12507629394533,LOS ANGELES,MONTEBELLO,-118.12506866455078,34.03273391723633
81977531,2023,2023-01-26,1947,2023-01-04,1949,1448,NA,3,5,5,1947,0,0,0,NA,0,00C,640 N MONTEBELLO BLVD,LINCOLN AVE,29,S,N,B,C,N,NA,NA,NA,NA,NA,NA,NA,NA,NA,N,3,0,1,2,A,-,11,21956,NA,N,G,B,D,B,H,-,C,A,0,Y,NA,NA,NA,Y,NA,N,60,0,1,0,0,1,0,0,0,0,-,-,34.0207405090332,-118.10498046875,LOS ANGELES,MONTEBELLO,-118.10498046875,34.020652770996094
81977532,2023,2023-01-26,1947,2023-01-09,725,1445,NA,1,5,5,1947,0,0,0,NA,0,00A,VIA  CAMPO,LEONARD ST,50,E,N,B,-,N,NA,NA,NA,NA,NA,NA,NA,NA,NA,N,4,0,1,2,A,-,07,21658,A,N,B,C,A,B,H,-,A,D,0,NA,NA,NA,NA,Y,NA,A,01,0,0,1,0,0,0,0,0,0,-,-,34.0325813293457,-118.13997650146484,LOS ANGELES,MONTEBELLO,-118.13977813720705,34.0325927734375
81977533,2023,2023-01-26,1947,2023-01-03,1552,1444,NA,2,5,5,1947,0,0,0,NA,0,00D,OLYMPIC BLVD,MONTEBELLO BLVD,10,W,N,A,-,N,NA,NA,NA,NA,NA,NA,NA,NA,NA,Y,4,0,1,2,A,-,12,21457,A,N,D,C,A,A,H,-,A,A,0,NA,NA,NA,Y,Y,NA,A,01,0,0,1,0,0,0,0,0,0,-,-,34.006351470947266,-118.10922241210938,LOS ANGELES,MONTEBELLO,-118.10924530029295,34.00641632080078
81977553,2022,2023-01-26,1969,2022-11-09,0808,20335,TRAFF,3,5,5,1969,0,0,0,NA,0,005,GARFIELD AV,KARMONT AV (S),447,N,N,B,-,N,NA,NA,NA,NA,NA,NA,NA,NA,NA,Y,4,0,1,1,A,-,03,22350,NA,N,E,I,A,B,H,-,A,A,0,NA,NA,NA,NA,Y,NA,A,01,0,0,1,0,0,0,0,0,0,-,-,33.9379997253418,-118.167236328125,LOS ANGELES,SOUTH GATE,-118.16790771484376,33.9396858215332
81977559,2022,2023-01-26,1948,2022-12-30,0112,487,1948,5,5,5,1948,0,0,0,NA,0,001,ATLANTIC BLVD,EL PORTAL PL,77,N,N,A,-,N,NA,NA,NA,NA,NA,NA,NA,NA,NA,Y,4,0,2,2,A,-,01,23152,A,N,B,C,A,A,G,-,C,D,0,NA,NA,NA,NA,Y,Y,A,01,0,0,2,0,0,0,0,0,0,-,-,34.05424118041992,-118.13612365722656,LOS ANGELES,MONTEREY PARK,-118.13607788085938,34.05421829223633
81977561,2022,2023-01-26,1948,2022-12-31,1601,489,1948,6,5,5,1948,0,0,0,NA,0,002,HELLMAN AV,NEW AV,0,NA,Y,C,-,N,NA,NA,NA,NA,NA,NA,NA,NA,NA,Y,4,0,1,2,A,-,09,21801,A,N,D,C,A,B,H,-,B,A,0,NA,NA,NA,NA,Y,Y,A,01,0,0,1,0,0,0,0,0,0,-,-,34.06986999511719,-118.10816955566406,LOS ANGELES,MONTEREY PARK,-118.108154296875,34.06984329223633
81977566,2023,2023-01-26,1969,2023-01-17,816,10208,TRAFF,2,5,5,1969,0,0,0,NA,0,002,CALIFORNIA AV,FILESTONE BLVD,30,S,N,A,-,N,NA,NA,NA,NA,NA,NA,NA,NA,NA,N,4,0,1,2,A,-,10,21952,NA,F,G,B,F,A,H,-,A,D,0,Y,NA,NA,NA,Y,NA,D,22,0,0,1,0,1,0,0,0,0,-,-,NA,NA,LOS ANGELES,SOUTH GATE,-118.20610809326172,33.954097747802734
81977568,2023,2023-01-26,1948,2023-01-06,1557,489,1948,5,5,5,1948,0,0,0,NA,0,002,GARVEY AV,ALHAMBRA AV,0,NA,Y,A,-,N,NA,NA,NA,NA,NA,NA,NA,NA,NA,N,3,0,2,2,A,-,09,21801,A,N,D,C,A,A,H,-,A,A,0,NA,NA,Y,NA,Y,Y,A,01,0,2,0,0,0,0,0,0,2,-,-,34.062469482421875,-118.11679077148438,LOS ANGELES,MONTEREY PARK,-118.11679840087892,34.062469482421875
81979950,2023,2023-01-27,1975,2023-01-10,1850,462,WCPD,2,5,6,1975,0,0,0,NA,0,003,FRANCISQUITO AV,BROADMOOR AV,227,E,N,B,-,N,NA,NA,NA,NA,NA,NA,NA,NA,NA,N,4,0,1,2,A,-,06,21755,A,N,D,G,A,B,H,-,C,D,0,NA,Y,NA,NA,Y,NA,A,01,0,0,1,0,0,0,1,0,0,-,-,34.05207824707031,-117.95169067382813,LOS ANGELES,WEST COVINA,-117.9511260986328,34.051639556884766
81979951,2023,2023-01-27,1975,2023-01-12,804,353,WCPD,4,5,6,1975,0,0,0,NA,0,003,YARNELL ST,SANDSPRNGS DR,58,W,N,A,-,N,NA,NA,NA,NA,NA,NA,NA,NA,NA,N,4,0,1,2,A,-,05,21650,NA,N,A,C,A,A,H,-,A,D,0,NA,NA,NA,NA,Y,NA,A,01,0,0,1,0,0,0,0,0,0,-,-,34.06235885620117,-117.95587921142578,LOS ANGELES,WEST COVINA,-117.9560317993164,34.062477111816406
81979952,2023,2023-01-27,1975,2023-01-13,56,431,NA,5,5,6,1975,0,0,0,NA,0,002,ROWLAND AV,AZUSA AV,450,E,N,A,-,N,NA,NA,NA,NA,NA,NA,NA,NA,NA,Y,3,0,1,4,A,-,01,23152,B,N,C,E,A,A,H,-,C,D,0,NA,NA,NA,NA,Y,Y,A,01,0,1,0,0,0,0,0,0,0,-,-,34.08293151855469,-117.94229125976564,LOS ANGELES,WEST COVINA,-117.90619659423828,34.07904052734375
81979981,2022,2023-01-27,1947,2022-12-19,1618,1455,NA,1,5,5,1947,0,0,0,NA,0,00D,GREENWOOD AVE,SAN MARINO AVE,0,NA,Y,A,-,N,NA,NA,NA,NA,NA,NA,NA,NA,NA,N,3,0,1,3,A,-,01,23153,A,N,B,E,A,A,H,-,A,D,0,NA,NA,NA,Y,Y,Y,A,08,0,1,0,0,0,0,0,0,0,-,-,34.00252151489258,-118.11498260498048,LOS ANGELES,MONTEBELLO,-118.11497497558594,34.00251388549805
81979984,2022,2023-01-27,1922,2022-12-29,1704,650,NA,4,5,6,1922,0,0,0,NA,0,NA,BALDWIN AVE,MARSHALL ST,0,NA,Y,A,-,Y,NA,NA,NA,NA,NA,NA,NA,NA,NA,Y,4,0,1,3,A,-,09,21801,B,N,D,C,A,A,H,-,C,D,0,NA,NA,NA,NA,Y,NA,D,22,0,0,1,0,0,0,0,0,0,-,-,34.07530975341797,-118.0536880493164,LOS ANGELES,EL MONTE,-118.05368041992188,34.07524108886719
81979986,2023,2023-01-27,1922,2023-01-08,950,662,NA,7,5,6,1922,0,0,0,NA,0,001,RAMONA BLVD,VALLEY BLVD,750,E,N,B,-,N,NA,NA,NA,NA,NA,NA,NA,NA,NA,N,3,0,1,2,A,-,00,21760,D,F,B,G,A,A,H,-,A,D,0,NA,Y,NA,NA,Y,NA,A,01,0,1,0,0,0,0,1,0,0,-,-,34.07268142700195,-118.03247833251952,LOS ANGELES,EL MONTE,-118.03012847900392,34.07319259643555
81979997,2022,2023-01-27,1969,2022-11-30,2000,20335,TRAFF,3,5,5,1969,0,0,0,NA,0,003,OTIS ST,SANTA ANA ST,0,NA,Y,A,-,N,NA,NA,NA,NA,NA,NA,NA,NA,NA,Y,4,0,3,2,A,-,12,21453,A,F,D,C,A,A,H,-,C,A,0,NA,NA,NA,NA,Y,NA,A,01,0,0,3,0,0,0,0,0,0,-,-,33.96187973022461,-118.19522094726564,LOS ANGELES,SOUTH GATE,-118.19520568847656,33.96184158325195
81980010,2023,2023-01-27,1969,2023-01-21,1814,10100,PATRO,6,5,5,1969,0,0,0,NA,0,005,FILESTONE BLVD,GARFIELD AV,0,NA,Y,A,-,N,NA,NA,NA,NA,NA,NA,NA,NA,NA,Y,4,0,3,2,A,-,09,21453,C,N,D,C,A,A,H,-,C,A,0,NA,NA,NA,NA,Y,NA,A,01,0,0,3,0,0,0,0,0,0,-,-,33.94916915893555,-118.16519165039064,LOS ANGELES,SOUTH GATE,-118.16524505615234,33.94908905029297
81980056,2022,2023-01-27,1965,2022-12-02,1630,4120,0B1J,5,5,5,1965,0,0,0,NA,0,B001,7TH ST/ARIZONA AVE,7TH ST,23,N,N,C,-,Y,NA,NA,NA,NA,NA,NA,NA,NA,NA,Y,3,0,1,2,A,-,12,21453,A,N,A,C,A,B,H,-,A,A,0,NA,NA,NA,NA,Y,NA,A,07,0,1,0,0,0,0,0,0,0,-,-,34.02000045776367,-118.49392700195313,LOS ANGELES,SANTA MONICA,-118.49385833740234,34.02012252807617
81980057,2022,2023-01-27,1965,2022-12-21,0446,3820,0B1D,3,5,5,1965,0,0,0,NA,0,B001,PACIFIC COAST HWY (1550 LOT),APPIAN WAY,50,W,N,A,-,N,NA,NA,NA,NA,NA,NA,NA,NA,NA,N,4,0,1,2,A,-,09,21804,A,N,A,G,A,A,H,-,C,D,0,NA,Y,NA,NA,Y,NA,A,01,0,0,1,0,0,0,1,0,0,-,-,NA,NA,LOS ANGELES,SANTA MONICA,-118.49576568603516,34.01089096069336
81980058,2022,2023-01-27,1965,2022-12-21,1150,4053,0B3C,3,5,5,1965,0,0,0,NA,0,B003,18TH ST,BROADWAY,8,S,N,A,-,N,NA,NA,NA,NA,NA,NA,NA,NA,NA,N,3,0,1,2,A,-,10,21950,A,N,G,B,B,A,H,-,A,A,0,Y,NA,NA,NA,Y,NA,A,08,0,1,0,0,1,0,0,0,0,-,-,NA,NA,LOS ANGELES,SANTA MONICA,-118.48036956787108,34.025814056396484
81980061,2022,2023-01-27,1965,2022-12-24,1806,4082,NA,6,5,5,1965,0,0,0,NA,0,NA,11TH ST,MICHIGAN AVE,0,NA,Y,A,-,N,NA,NA,NA,NA,NA,NA,NA,NA,NA,N,3,0,1,2,A,-,09,21801,A,N,D,G,A,A,H,-,C,A,0,NA,Y,Y,NA,Y,NA,C,02,0,1,0,0,0,0,1,0,0,-,-,NA,NA,LOS ANGELES,SANTA MONICA,-118.48194122314452,34.01612854003906
81980106,2023,2023-01-27,1933,2023-01-25,1017,812,06,3,5,6,1933,0,0,0,NA,0,001,CENTINELA AV,FLORENCE AV,0,NA,Y,A,-,N,NA,NA,NA,NA,NA,NA,NA,NA,NA,N,4,0,1,1,A,-,08,22107,NA,N,E,I,A,A,H,-,A,A,0,NA,NA,NA,NA,Y,NA,A,01,0,0,1,0,0,0,0,0,0,-,-,33.96982955932617,-118.34716796875,LOS ANGELES,INGLEWOOD,-118.34722900390624,33.96983337402344
81980107,2023,2023-01-27,1933,2023-01-25,1148,812,18,3,5,6,1933,0,0,0,NA,0,002,ARBOR VITAE ST,LARCH ST (E),0,NA,Y,A,-,N,NA,NA,NA,NA,NA,NA,NA,NA,NA,N,4,0,2,2,A,-,09,21801,A,N,D,C,A,A,H,-,A,D,0,NA,NA,NA,NA,Y,NA,A,01,0,0,2,0,0,0,0,0,0,-,-,33.95273971557617,-118.35001373291016,LOS ANGELES,INGLEWOOD,-118.35093688964844,33.95269775390625
81980907,2023,2023-01-30,1975,2023-01-11,645,353,WCPD,3,5,6,1975,0,0,0,NA,0,003,FRANCISQUITO AV,PUENTE AV,618,E,N,A,-,N,NA,NA,NA,NA,NA,NA,NA,NA,NA,Y,3,0,2,2,A,-,08,22107,NA,N,D,C,A,A,H,-,A,D,0,NA,NA,NA,NA,Y,NA,A,01,0,1,1,0,0,0,0,0,0,-,-,34.0643310546875,-117.96827697753906,LOS ANGELES,WEST COVINA,-117.9674835205078,34.06367874145508
81980937,2023,2023-01-30,1947,2023-01-07,1730,1452,NA,6,5,5,1947,0,0,0,NA,0,00B,BEVERLY BLVD,HOWARD AVE,0,NA,Y,A,-,N,NA,NA,NA,NA,NA,NA,NA,NA,NA,N,4,0,2,2,A,-,09,21800,D,N,D,C,A,A,H,-,C,B,0,NA,NA,NA,NA,Y,NA,D,22,0,0,2,0,0,0,0,0,0,-,-,34.01805877685547,-118.11019897460938,LOS ANGELES,MONTEBELLO,-118.11018371582033,34.01807403564453
81980942,2023,2023-01-30,1922,2023-01-03,2351,635,NA,2,5,6,1922,0,0,0,NA,0,001,VALLEY BLVD,PECK RD,0,NA,Y,C,-,N,NA,NA,NA,NA,NA,NA,NA,NA,NA,Y,4,0,1,2,A,-,12,21453,A,F,D,C,A,B,H,-,C,A,0,NA,NA,NA,NA,Y,NA,A,01,0,0,1,0,0,0,0,0,0,-,-,34.06882858276367,-118.02816772460938,LOS ANGELES,EL MONTE,-118.0281219482422,34.068931579589844
81980945,2023,2023-01-30,1922,2023-01-05,425,712,NA,4,5,6,1922,0,0,0,NA,0,004,PECK RD,GARVEY AVE,10,S,N,C,-,N,NA,NA,NA,NA,NA,NA,NA,NA,NA,N,4,0,1,2,D,-,00,NA,NA,N,D,G,A,B,H,-,C,A,0,NA,Y,NA,NA,Y,NA,-,-,0,0,1,0,0,0,1,0,0,-,-,34.062801361083984,-118.0305404663086,LOS ANGELES,EL MONTE,-118.0305404663086,34.06282424926758
81981082,2022,2023-01-30,1955,2022-12-23,0558,42804,07,5,5,6,1955,0,0,0,NA,0,003,HOLT AVE,TOWNE AVE,10,E,N,D,-,N,NA,NA,NA,NA,NA,NA,NA,NA,NA,Y,4,0,1,2,A,-,03,22350,NA,F,C,C,A,B,H,-,B,A,0,NA,NA,NA,NA,Y,NA,-,99,0,0,1,0,0,0,0,0,0,-,-,34.06258010864258,-117.7415771484375,LOS ANGELES,POMONA,-117.74154663085938,34.06258010864258
81981176,2023,2023-01-30,1975,2023-01-09,2052,468,WCPD,1,5,6,1975,0,0,0,NA,0,005,AZUSA AV,FAIRGROVE AV,52,N,N,C,-,N,NA,NA,NA,NA,NA,NA,NA,NA,NA,Y,4,0,1,1,A,-,03,22350,NA,N,E,I,A,B,H,-,C,A,0,NA,NA,NA,NA,Y,NA,A,01,0,0,1,0,0,0,0,0,0,-,-,34.04314041137695,-117.91105651855467,LOS ANGELES,WEST COVINA,-117.91104888916016,34.04325866699219
81981188,2023,2023-01-30,1947,2023-01-04,1048,1422,NA,3,5,5,1947,0,0,0,NA,0,00F,MONTEBELLO BLVD,LIBERTY AVE,94,N,N,C,-,N,NA,NA,NA,NA,NA,NA,NA,NA,NA,Y,4,0,1,2,A,-,08,22107,NA,N,B,D,A,B,H,-,A,A,0,NA,NA,NA,NA,Y,Y,A,01,0,0,1,0,0,0,0,0,0,-,-,34.0296516418457,-118.1011962890625,LOS ANGELES,MONTEBELLO,-118.10105895996094,34.0299072265625
81981220,2022,2023-01-30,1965,2022-12-21,1130,4100,NA,3,5,5,1965,0,0,0,NA,0,NA,NEILSON WAY,HILL ST,0,NA,Y,A,F,N,NA,NA,NA,NA,NA,NA,NA,NA,NA,N,4,0,1,2,A,-,08,22107,NA,N,G,B,B,A,H,-,A,A,0,Y,NA,NA,NA,Y,NA,I,11,0,0,1,0,1,0,0,0,0,-,-,NA,NA,LOS ANGELES,SANTA MONICA,-118.48318481445313,34.000587463378906
81981225,2022,2023-01-30,1965,2022-12-27,1210,3984,0B3B,2,5,5,1965,0,0,0,NA,0,B003,16TH ST,SANTA MONICA BLVD,8,N,N,B,-,N,NA,NA,NA,NA,NA,NA,NA,NA,NA,N,4,0,1,2,A,-,11,21950,B,N,G,B,B,A,H,-,A,B,0,Y,NA,NA,NA,Y,NA,N,60,0,0,1,0,1,0,0,0,0,-,-,NA,NA,LOS ANGELES,SANTA MONICA,-118.48383331298828,34.025634765625
81981278,2023,2023-01-30,1955,2023-01-11,1553,42951,1,3,5,6,1955,0,0,0,NA,0,0069,MISSION BLVD,TEMPLE AVE,0,NA,Y,A,-,N,NA,NA,NA,NA,NA,NA,NA,NA,NA,N,3,0,1,2,A,-,10,21950,A,F,H,G,A,A,H,-,A,A,0,NA,Y,NA,NA,Y,NA,A,07,0,1,0,0,0,0,1,0,0,-,-,34.040550231933594,-117.79814910888672,LOS ANGELES,POMONA,-117.7980728149414,34.0405387878418
81981284,2023,2023-01-30,1955,2023-01-12,618,40478,83,4,5,6,1955,0,0,0,NA,0,005,RANCHO VALLEY DR,RIO RANCHO RD,261,N,N,B,-,N,NA,NA,NA,NA,NA,NA,NA,NA,NA,N,4,0,2,3,A,-,03,22350,NA,N,C,C,A,A,H,-,A,A,0,NA,NA,NA,NA,Y,NA,A,07,0,0,2,0,0,0,0,0,0,-,-,34.033199310302734,-117.75649261474608,LOS ANGELES,POMONA,-117.75724029541016,34.033660888671875
81981287,2023,2023-01-30,1955,2023-01-15,1900,42591,4,7,5,6,1955,0,0,0,NA,0,001,GAREY AVE,THIRD STREET,0,NA,Y,C,-,N,NA,NA,NA,NA,NA,NA,NA,NA,NA,N,4,0,1,2,A,-,11,21954,A,N,G,B,B,B,H,-,C,A,0,Y,NA,NA,NA,Y,NA,N,60,0,0,1,0,1,0,0,0,0,-,-,34.05693817138672,-117.7501220703125,LOS ANGELES,POMONA,-117.75013732910156,34.05689239501953
81981288,2023,2023-01-30,1955,2023-01-03,839,42952,4,2,5,6,1955,0,0,0,NA,0,084,GAREY AVE,MARKET PL,765,N,N,C,-,N,NA,NA,NA,NA,NA,NA,NA,NA,NA,Y,4,0,1,3,A,-,12,21453,A,N,A,C,A,B,H,-,A,A,0,NA,NA,NA,NA,Y,NA,A,01,0,0,1,0,0,0,0,0,0,-,-,34.02151107788086,-117.74571228027344,LOS ANGELES,POMONA,-117.74684143066406,34.02261734008789
81981289,2023,2023-01-30,1955,2023-01-11,2130,42254,77,3,5,6,1955,0,0,0,NA,0,001,MISSION BLVD,SB 71 OFF RAMP,0,S,Y,A,-,N,NA,NA,NA,NA,NA,NA,NA,NA,NA,Y,4,0,1,2,A,-,12,21453,A,N,D,C,A,A,H,-,C,A,0,NA,NA,NA,NA,Y,NA,A,01,0,0,1,0,0,0,0,0,0,-,-,NA,NA,LOS ANGELES,POMONA,NA,NA
81981291,2023,2023-01-30,1955,2023-01-15,1620,42469,0005,7,5,6,1955,0,0,0,NA,0,004,GAREY AVE,THIRD AVE,0,NA,Y,C,-,N,NA,NA,NA,NA,NA,NA,NA,NA,NA,Y,4,0,2,2,A,-,01,23152,A,N,D,C,A,B,H,-,A,A,0,NA,NA,NA,NA,Y,Y,A,07,0,0,2,0,0,0,0,0,0,-,-,NA,NA,LOS ANGELES,POMONA,-117.75013732910156,34.05689239501953
81981292,2023,2023-01-30,1955,2023-01-16,436,42811,5,1,5,6,1955,0,0,0,NA,0,004,PALOMARES ST,FOURTH ST,114,N,N,C,-,N,NA,NA,NA,NA,NA,NA,NA,NA,NA,Y,3,0,1,4,A,-,01,23152,A,N,D,E,A,B,H,-,C,A,0,NA,NA,NA,NA,Y,Y,A,01,0,1,0,0,0,0,0,0,0,-,-,NA,NA,LOS ANGELES,POMONA,-117.7457275390625,34.056453704833984
81981384,2023,2023-01-30,1975,2023-01-17,1250,688,WCPD,2,5,6,1975,0,0,0,NA,0,005,AZUSA AV,FRANCISQUITO AV,485,S,N,A,-,Y,NA,NA,NA,NA,NA,NA,NA,NA,NA,Y,4,0,1,2,A,-,08,22107,NA,N,B,C,A,A,H,-,A,D,0,NA,NA,NA,NA,Y,NA,A,01,0,0,1,0,0,0,0,0,0,-,-,34.05025863647461,-117.90796661376952,LOS ANGELES,WEST COVINA,-117.90811157226564,34.04887008666992
81981385,2023,2023-01-30,1975,2023-01-18,1503,467,WCPD,3,5,6,1975,0,0,0,NA,0,002,WORKMAN AV,ARMEL DR,220,W,N,A,-,N,NA,NA,NA,NA,NA,NA,NA,NA,NA,Y,3,0,3,2,A,-,03,22350,NA,N,C,C,A,A,H,-,A,D,0,NA,NA,NA,NA,Y,NA,A,01,0,1,2,0,0,0,0,0,0,-,-,34.079261779785156,-117.93730926513672,LOS ANGELES,WEST COVINA,-117.90277862548828,34.0754508972168
81981403,2022,2023-01-30,1923,2022-12-14,1845,543,E208,3,5,3,1923,0,0,0,NA,0,NA,CENTER ST,MARIPOSA AVE (E),0,NA,Y,A,-,N,NA,NA,NA,NA,NA,NA,NA,NA,NA,N,4,0,1,2,A,-,12,22450,A,N,D,C,A,A,H,-,C,D,0,NA,NA,NA,NA,Y,NA,A,01,0,0,1,0,0,0,0,0,0,-,-,33.92361831665039,-118.40486145019533,LOS ANGELES,EL SEGUNDO,-118.40488433837892,33.92359161376953
81981488,2023,2023-01-30,1955,2023-01-17,1154,42952,58,2,5,6,1955,0,0,0,NA,0,001,MISSION BLVD,HUMANE WAY,0,NA,Y,A,-,N,NA,NA,NA,NA,NA,NA,NA,NA,NA,N,3,0,1,2,A,-,12,21453,A,N,D,C,A,A,H,-,A,A,0,NA,NA,NA,NA,Y,NA,A,01,0,1,0,0,0,0,0,0,0,-,-,34.052330017089844,-117.7895965576172,LOS ANGELES,POMONA,-117.78961944580078,34.052284240722656
81981492,2023,2023-01-30,1955,2023-01-06,7,42758,30,5,5,6,1955,0,0,0,NA,0,002,FOOTHILL BLVD,TOWNE AVE,5,W,N,A,-,N,NA,NA,NA,NA,NA,NA,NA,NA,NA,N,2,0,1,2,A,-,03,22350,NA,F,G,B,B,A,H,-,C,A,0,Y,NA,NA,NA,Y,NA,-,99,1,0,0,0,1,0,0,0,0,-,-,34.10710906982422,-117.73681640625,LOS ANGELES,POMONA,-117.73690795898438,34.10704040527344
81981493,2023,2023-01-30,1955,2023-01-08,1920,42838,6,7,5,6,1955,0,0,0,NA,0,001,HOLT AVE,WISCONSIN ST,0,NA,Y,A,-,N,NA,NA,NA,NA,NA,NA,NA,NA,NA,Y,3,0,1,2,A,-,09,21802,A,N,D,C,A,A,H,-,C,D,0,NA,NA,NA,NA,Y,NA,A,01,0,1,0,0,0,0,0,0,0,-,-,34.062320709228516,-117.7563018798828,LOS ANGELES,POMONA,-117.75631713867188,34.06223678588867
81981494,2023,2023-01-30,1955,2023-01-04,2344,42210,14,3,5,6,1955,0,0,0,NA,0,003,HOLT AVE,SAN ANTONIO AVE,0,NA,Y,C,-,N,NA,NA,NA,NA,NA,NA,NA,NA,NA,N,4,0,1,2,A,-,01,23152,A,N,D,C,A,B,H,-,C,A,0,NA,NA,NA,NA,Y,Y,D,22,0,0,1,0,0,0,0,0,0,-,-,34.062721252441406,-117.73664093017578,LOS ANGELES,POMONA,-117.73664093017578,34.062713623046875
81982501,2023,2023-01-31,1975,2023-01-17,1051,353,WCPD,2,5,6,1975,0,0,0,NA,0,005,AZUSA AV,AMAR RD,0,NA,Y,A,-,N,NA,NA,NA,NA,NA,NA,NA,NA,NA,Y,3,0,1,2,A,-,12,21453,A,N,D,C,A,A,H,-,A,A,0,NA,NA,Y,NA,Y,NA,C,02,0,1,0,0,0,0,0,0,1,-,-,34.03144836425781,-117.91472625732422,LOS ANGELES,WEST COVINA,-117.9148178100586,34.031455993652344