CASE_ID,ACCIDENT_YEAR,PROC_DATE,JURIS,COLLISION_DATE,COLLISION_TIME,OFFICER_ID,REPORTING_DISTRICT,DAY_OF_WEEK,CHP_SHIFT,POPULATION,CNTY_CITY_LOC,SPECIAL_COND,BEAT_TYPE,CHP_BEAT_TYPE,CITY_DIVISION_LAPD,CHP_BEAT_CLASS,BEAT_NUMBER,PRIMARY_RD,SECONDARY_RD,DISTANCE,DIRECTION,INTERSECTION,WEATHER_1,WEATHER_2,STATE_HWY_IND,CALTRANS_COUNTY,CALTRANS_DISTRICT,STATE_ROUTE,ROUTE_SUFFIX,POSTMILE_PREFIX,POSTMILE,LOCATION_TYPE,RAMP_INTERSECTION,SIDE_OF_HWY,TOW_AWAY,COLLISION_SEVERITY,NUMBER_KILLED,NUMBER_INJURED,PARTY_COUNT,PRIMARY_COLL_FACTOR,PCF_CODE_OF_VIOL,PCF_VIOL_CATEGORY,PCF_VIOLATION,PCF_VIOL_SUBSECTION,HIT_AND_RUN,TYPE_OF_COLLISION,MVIW,PED_ACTION,ROAD_SURFACE,ROAD_COND_1,ROAD_COND_2,LIGHTING,CONTROL_DEVICE,CHP_ROAD_TYPE,PEDESTRIAN_ACCIDENT,BICYCLE_ACCIDENT,MOTORCYCLE_ACCIDENT,TRUCK_ACCIDENT,NOT_PRIVATE_PROPERTY,ALCOHOL_INVOLVED,STWD_VEHTYPE_AT_FAULT,CHP_VEHTYPE_AT_FAULT,COUNT_SEVERE_INJ,COUNT_VISIBLE_INJ,COUNT_COMPLAINT_PAIN,COUNT_PED_KILLED,COUNT_PED_INJURED,COUNT_BICYCLIST_KILLED,COUNT_BICYCLIST_INJURED,COUNT_MC_KILLED,COUNT_MC_INJURED,PRIMARY_RAMP,SECONDARY_RAMP,LATITUDE,LONGITUDE,COUNTY,CITY,POINT_X,POINT_Y
82021921,2023,2023-03-20,1947,2023-02-23,1730,1453,NA,4,5,5,1947,0,0,0,NA,0,NA,VIA  CAMPO,GARFIELD AVE,0,NA,Y,B,-,N,NA,NA,NA,NA,NA,NA,NA,NA,NA,N,4,0,1,2,A,-,09,21801,A,N,A,C,A,B,H,-,A,A,0,NA,NA,NA,NA,Y,NA,A,01,0,0,1,0,0,0,0,0,0,-,-,34.03276062011719,-118.12998962402344,LOS ANGELES,MONTEBELLO,-118.12996673583984,34.032745361328125
82021922,2023,2023-03-20,1947,2023-02-25,30,1448,NA,6,5,5,1947,0,0,0,NA,0,00A,2614 W. BEVERLY BLVD,HAY ST,232,E,N,B,C,N,NA,NA,NA,NA,NA,NA,NA,NA,NA,Y,3,0,1,1,A,-,03,22350,NA,N,E,I,A,B,F,-,C,A,0,NA,NA,NA,NA,Y,NA,A,01,0,1,0,0,0,0,0,0,0,-,-,NA,NA,LOS ANGELES,MONTEBELLO,-118.1296844482422,34.02083969116211
82021923,2023,2023-03-20,1947,2023-03-02,1630,1423,NA,4,5,5,1947,0,0,0,NA,0,00E,OAKWOOD ST,GREENWOOD AVE,0,NA,Y,A,-,N,NA,NA,NA,NA,NA,NA,NA,NA,NA,N,4,0,1,2,A,-,10,21950,A,N,G,B,B,A,H,-,A,A,0,Y,NA,NA,NA,Y,NA,A,01,0,0,1,0,1,0,0,0,0,-,-,33.988929748535156,-118.12297821044922,LOS ANGELES,MONTEBELLO,-118.12294769287108,33.98896026611328
82021924,2023,2023-03-20,1947,2023-03-05,40,1431,NA,7,5,5,1947,0,0,0,NA,0,00D,WASHINGTON BLVD,GREENWOOD AVE,10,E,N,A,-,N,NA,NA,NA,NA,NA,NA,NA,NA,NA,Y,4,0,1,2,A,-,01,23152,A,N,C,C,A,A,H,-,C,A,0,NA,NA,NA,NA,Y,Y,A,01,0,0,1,0,0,0,0,0,0,-,-,33.99515151977539,-118.11930084228516,LOS ANGELES,MONTEBELLO,-118.11927795410156,33.9951171875
82023066,2023,2023-03-21,1967,2023-02-27,1442,171,NA,1,5,2,1967,0,0,0,NA,0,NORTH,SPRING,ORANGE AV,0,NA,Y,C,-,N,NA,NA,NA,NA,NA,NA,NA,NA,NA,Y,3,0,1,2,A,-,09,21801,A,N,D,C,A,B,D,-,A,A,0,NA,NA,Y,NA,Y,NA,-,-,0,1,0,0,0,0,0,0,1,-,-,NA,NA,LOS ANGELES,SIGNAL HILL,-118.17630767822266,33.811676025390625
82023069,2023,2023-03-21,1967,2023-02-27,1714,147,NA,1,5,2,1967,0,0,0,NA,0,SOUTH,WILLOW,WALNUT AV,350,W,N,A,-,N,NA,NA,NA,NA,NA,NA,NA,NA,NA,N,4,0,1,2,A,-,03,22350,NA,N,C,C,A,A,H,-,A,D,0,NA,NA,NA,NA,Y,NA,A,01,0,0,1,0,0,0,0,0,0,-,-,NA,NA,LOS ANGELES,SIGNAL HILL,-118.17312622070313,33.804298400878906
82023071,2023,2023-03-21,1967,2023-02-27,1735,163,NA,1,5,2,1967,0,0,0,NA,0,SOUTH,WILLOW,JUNIPERO AV,169,W,N,B,-,N,NA,NA,NA,NA,NA,NA,NA,NA,NA,N,4,0,1,2,D,-,00,NA,NA,F,B,C,A,B,H,-,B,D,0,NA,NA,NA,NA,Y,NA,-,-,0,0,1,0,0,0,0,0,0,-,-,NA,NA,LOS ANGELES,SIGNAL HILL,-118.163818359375,33.804359436035156
82023163,2023,2023-03-21,1933,2023-03-12,2121,1075,17,7,5,6,1933,0,0,0,NA,0,002,LA BREA AV,LA PALMA DR,0,NA,Y,C,-,N,NA,NA,NA,NA,NA,NA,NA,NA,NA,N,3,0,1,4,A,-,08,22107,NA,N,B,C,A,B,H,-,C,A,0,NA,NA,NA,NA,Y,NA,A,01,0,1,0,0,0,0,0,0,0,-,-,33.957000732421875,-118.35211944580078,LOS ANGELES,INGLEWOOD,-118.35211181640624,33.9569091796875
82023167,2023,2023-03-21,1933,2023-03-16,2002,1016,14,4,5,6,1933,0,0,0,NA,0,002,GLASGOW AV,OLIVE ST,0,NA,Y,A,-,N,NA,NA,NA,NA,NA,NA,NA,NA,NA,Y,4,0,2,2,A,-,09,21802,A,N,D,C,A,A,H,-,C,D,0,NA,NA,NA,NA,Y,NA,A,01,0,0,2,0,0,0,0,0,0,-,-,33.96001052856445,-118.37177276611328,LOS ANGELES,INGLEWOOD,-118.37186431884766,33.95991516113281
82023168,2023,2023-03-21,1933,2023-03-19,49,1075,15,7,5,6,1933,0,0,0,NA,0,002,ARBOR VITAE ST,ASH AV (S),40,W,N,A,-,N,NA,NA,NA,NA,NA,NA,NA,NA,NA,N,4,0,1,1,A,-,03,22350,NA,N,E,I,A,A,H,-,C,A,0,NA,NA,Y,NA,Y,NA,C,02,0,0,1,0,0,0,0,0,1,-,-,NA,NA,LOS ANGELES,INGLEWOOD,-118.36830139160156,33.952693939208984
82023169,2023,2023-03-21,1933,2023-03-19,1939,1076,34,7,5,6,1933,0,0,0,NA,0,004,IMPERIAL HWY,PRAIRIE AV,0,NA,Y,C,-,N,NA,NA,NA,NA,NA,NA,NA,NA,NA,Y,4,0,2,2,A,-,03,22350,NA,F,C,C,A,B,H,-,C,A,0,NA,NA,NA,NA,Y,NA,A,01,0,0,2,0,0,0,0,0,0,-,-,33.93098831176758,-118.34390258789064,LOS ANGELES,INGLEWOOD,-118.34389495849608,33.93096160888672
82024558,2023,2023-03-22,1922,2023-02-07,1700,569,NA,2,5,6,1922,0,0,0,NA,0,001,BALDWIN AVE,ROSE AVE,0,NA,Y,A,-,N,NA,NA,NA,NA,NA,NA,NA,NA,NA,Y,3,0,1,2,A,-,10,21950,A,N,G,B,B,A,H,-,A,A,0,Y,NA,NA,NA,Y,NA,A,07,0,1,0,0,1,0,0,0,0,-,-,34.081241607666016,-118.05194854736328,LOS ANGELES,EL MONTE,-118.0519790649414,34.081180572509766
82024559,2023,2023-03-24,1948,2023-02-24,1801,466,1948,5,5,5,1948,0,0,0,NA,0,003,ATLANTIC BLVD,NEWMARK AV,767,S,N,C,-,N,NA,NA,NA,NA,NA,NA,NA,NA,NA,N,4,0,1,2,A,-,10,21952,NA,N,G,B,E,B,H,-,C,D,0,Y,NA,NA,NA,Y,NA,A,01,0,0,1,0,1,0,0,0,0,-,-,NA,NA,LOS ANGELES,MONTEREY PARK,-118.13416290283205,34.0577278137207
82026249,2023,2023-03-23,1975,2023-02-26,1643,485,WCPD,7,5,6,1975,0,0,0,NA,0,003,SUNSET AV,MERCED AV,0,NA,Y,B,-,N,NA,NA,NA,NA,NA,NA,NA,NA,NA,N,4,0,1,2,A,-,12,21453,A,N,D,C,A,A,H,-,A,A,0,NA,NA,Y,NA,Y,NA,A,01,0,0,1,0,0,0,0,0,1,-,-,34.061378479003906,-117.94612121582033,LOS ANGELES,WEST COVINA,-117.94612121582033,34.061317443847656
82026460,2023,2023-03-23,1967,2023-02-21,1031,142,NA,2,5,2,1967,0,0,0,NA,0,SOUTH,WILLOW,ORANGE AV,20,W,N,A,-,N,NA,NA,NA,NA,NA,NA,NA,NA,NA,Y,3,0,4,2,A,-,03,22350,NA,N,C,C,A,A,H,-,A,D,0,NA,NA,NA,NA,Y,NA,A,07,0,1,3,0,0,0,0,0,0,-,-,NA,NA,LOS ANGELES,SIGNAL HILL,-118.17639923095705,33.804298400878906
82026527,2023,2023-03-28,1965,2023-02-13,1717,3553,0B1F,1,5,5,1965,0,0,0,NA,0,B001,NEILSON WAY,OCEAN PARK BLVD,0,NA,Y,A,-,N,NA,NA,NA,NA,NA,NA,NA,NA,NA,N,2,0,1,2,A,-,08,22107,NA,F,G,B,E,A,H,-,A,A,0,Y,NA,NA,NA,Y,NA,D,22,1,0,0,0,1,0,0,0,0,-,-,NA,NA,LOS ANGELES,SANTA MONICA,-118.48446655273438,34.00189971923828
82026528,2023,2023-03-23,1965,2023-02-13,1829,3553,0B2C,1,5,5,1965,0,0,0,NA,0,B002,PICO BLVD,17TH ST,0,NA,Y,A,-,N,NA,NA,NA,NA,NA,NA,NA,NA,NA,N,4,0,2,2,A,-,09,21801,A,N,A,C,A,A,H,-,C,A,0,NA,NA,NA,NA,Y,NA,A,07,0,0,2,0,0,0,0,0,0,-,-,NA,NA,LOS ANGELES,SANTA MONICA,-118.47277069091795,34.017723083496094
82026529,2023,2023-03-27,1965,2023-02-13,2007,4068,0B3D,1,5,5,1965,0,0,0,NA,0,003,11TH ST,PICO BLVD,4,N,N,A,-,N,NA,NA,NA,NA,NA,NA,NA,NA,NA,N,4,0,1,2,A,-,03,22350,NA,N,A,E,A,A,H,-,C,A,0,NA,NA,NA,NA,Y,NA,A,01,0,0,1,0,0,0,0,0,0,-,-,NA,NA,LOS ANGELES,SANTA MONICA,-118.47957611083984,34.01410675048828
82026530,2023,2023-03-23,1965,2023-02-16,1337,3693,0B2A,4,5,5,1965,0,0,0,NA,0,B002,LINCOLN BLVD,NAVY ST,0,NA,Y,A,-,N,NA,NA,NA,NA,NA,NA,NA,NA,NA,Y,3,0,1,2,A,-,12,21453,A,N,D,C,A,A,H,-,A,A,0,NA,NA,NA,NA,Y,NA,A,01,0,1,0,0,0,0,0,0,0,-,-,NA,NA,LOS ANGELES,SANTA MONICA,-118.47116088867188,34.003135681152344
82026531,2023,2023-03-23,1965,2023-02-19,1040,3950,0B3A,7,5,5,1965,0,0,0,NA,0,B003,WILSHIRE BLVD,16TH ST,0,NA,Y,A,-,N,NA,NA,NA,NA,NA,NA,NA,NA,NA,Y,4,0,1,2,A,-,09,21801,A,N,D,C,A,A,H,-,A,D,0,NA,NA,Y,NA,Y,NA,A,01,0,0,1,0,0,0,0,0,1,-,-,NA,NA,LOS ANGELES,SANTA MONICA,-118.48699951171876,34.0283088684082
82026532,2023,2023-03-23,1948,2023-02-10,1908,485,1948,5,5,5,1948,0,0,0,NA,0,002,NEW AV,HELLMAN AV,177,N,N,A,-,N,NA,NA,NA,NA,NA,NA,NA,NA,NA,Y,4,0,3,3,A,-,03,22350,NA,N,C,C,A,A,H,-,C,A,0,NA,NA,NA,NA,Y,NA,A,01,0,0,3,0,0,0,0,0,0,-,-,34.06986999511719,-118.10816955566406,LOS ANGELES,MONTEREY PARK,-118.10814666748048,34.0703239440918
82026533,2023,2023-03-23,1948,2023-02-18,2313,484,1948,6,5,5,1948,0,0,0,NA,0,001,GARVEY AV,ABAJO DR,65,W,N,A,-,N,NA,NA,NA,NA,NA,NA,NA,NA,NA,Y,3,0,2,2,A,-,21,22106,NA,N,B,C,A,A,H,-,C,D,0,NA,NA,NA,NA,Y,NA,A,01,0,1,1,0,0,0,0,0,0,-,-,34.060081481933594,-118.14579010009766,LOS ANGELES,MONTEREY PARK,-118.14588928222656,34.060081481933594
82026535,2023,2023-03-23,1948,2023-03-09,1128,469,1948,4,5,5,1948,0,0,0,NA,0,003,RIGGIN ST,HENDRICKS AV,1,E,N,A,-,N,NA,NA,NA,NA,NA,NA,NA,NA,NA,N,2,0,1,1,A,-,03,22350,NA,N,H,A,A,A,H,-,A,A,0,NA,NA,Y,NA,Y,NA,C,03,1,0,0,0,0,0,0,0,1,-,-,34.036651611328125,-118.1390380859375,LOS ANGELES,MONTEREY PARK,-118.13907623291016,34.03662872314453
82026536,2023,2023-03-23,1948,2023-03-15,1201,356,1948,3,5,5,1948,0,0,0,NA,0,002,GARFIELD AV,GARCELON AV,100,N,N,B,C,N,NA,NA,NA,NA,NA,NA,NA,NA,NA,N,4,0,1,2,A,-,07,21658,A,N,C,C,A,B,H,-,A,D,0,NA,NA,NA,NA,Y,NA,A,01,0,0,1,0,0,0,0,0,0,-,-,34.064979553222656,-118.12287139892578,LOS ANGELES,MONTEREY PARK,-118.12287139892578,34.06519317626953
82026610,2023,2023-03-23,1933,2023-03-16,1935,1016,14,4,5,6,1933,0,0,0,NA,0,001,MANCHESTER BLVD,HINDRY AV,0,NA,Y,A,-,N,NA,NA,NA,NA,NA,NA,NA,NA,NA,N,4,0,1,2,A,-,08,22107,NA,N,E,J,A,A,H,-,C,A,0,NA,NA,Y,NA,Y,NA,A,01,0,0,1,0,0,0,0,0,1,-,-,33.96001052856445,-118.37351989746094,LOS ANGELES,INGLEWOOD,-118.37358856201172,33.95991516113281
82026612,2023,2023-03-23,1933,2023-03-20,418,1077,10,1,5,6,1933,0,0,0,NA,0,001,PRAIRIE AV,MANCHESTER BLVD,0,NA,Y,B,-,N,NA,NA,NA,NA,NA,NA,NA,NA,NA,N,4,0,1,2,A,-,08,22107,NA,F,E,I,A,B,H,-,C,A,0,NA,NA,NA,NA,Y,NA,-,99,0,0,1,0,0,0,0,0,0,-,-,33.959861755371094,-118.34387969970705,LOS ANGELES,INGLEWOOD,-118.34396362304688,33.959842681884766
82026622,2023,2023-03-23,1955,2023-02-28,731,42953,14,2,5,6,1955,0,0,0,NA,0,003,SAN ANTONIO AVE,KINGSLEY AVE,18,S,N,B,-,N,NA,NA,NA,NA,NA,NA,NA,NA,NA,N,4,0,1,2,A,-,10,21950,A,F,G,B,B,B,H,-,A,A,0,Y,NA,NA,NA,Y,NA,A,01,0,0,1,0,1,0,0,0,0,-,-,34.066471099853516,-117.73667907714844,LOS ANGELES,POMONA,-117.73664855957033,34.06639099121094
82027558,2023,2023-03-24,1948,2023-03-15,818,400,1948,3,5,5,1948,0,0,0,NA,0,001,ATLANTIC BLVD,AVENIDA CESAR CHAVEZ,0,NA,Y,C,-,N,NA,NA,NA,NA,NA,NA,NA,NA,NA,Y,4,0,1,2,A,-,08,22107,NA,N,D,C,A,B,H,-,A,A,0,NA,NA,NA,NA,Y,NA,A,01,0,0,1,0,0,0,0,0,0,-,-,34.037479400634766,-118.14644622802734,LOS ANGELES,MONTEREY PARK,-118.1464385986328,34.037513732910156
82027598,2023,2023-03-24,1965,2023-02-15,30,4141,0B1H,3,5,5,1965,0,0,0,NA,0,003,COLORADO AVE,LINCOLN BLVD,18,E,N,A,G,N,NA,NA,NA,NA,NA,NA,NA,NA,NA,Y,4,0,1,1,A,-,01,23152,A,N,E,I,A,A,H,-,C,D,0,NA,NA,NA,NA,Y,Y,A,07,0,0,1,0,0,0,0,0,0,-,-,34.016971588134766,-118.48821258544922,LOS ANGELES,SANTA MONICA,-118.48824310302734,34.01691436767578
82027599,2023,2023-03-24,1965,2023-02-16,1639,4083,0B2C,4,5,5,1965,0,0,0,NA,0,B002,23RD ST,HILL ST,0,NA,Y,A,-,N,NA,NA,NA,NA,NA,NA,NA,NA,NA,N,4,0,1,2,A,-,09,21801,A,N,D,C,A,A,H,-,A,A,0,NA,NA,NA,NA,Y,NA,A,07,0,0,1,0,0,0,0,0,0,-,-,NA,NA,LOS ANGELES,SANTA MONICA,-118.46059417724608,34.01369857788086
82027601,2023,2023-03-24,1965,2023-02-19,2031,3553,0B1F,7,5,5,1965,0,0,0,NA,0,B001,MAIN ST,OCEAN PARK BLVD,320,N,N,A,-,N,NA,NA,NA,NA,NA,NA,NA,NA,NA,N,3,0,1,2,A,-,06,21760,B,N,H,G,A,A,H,-,C,A,0,NA,Y,NA,NA,Y,NA,A,01,0,1,0,0,0,0,1,0,0,-,-,NA,NA,LOS ANGELES,SANTA MONICA,-118.4845962524414,34.00297927856445
82027674,2023,2023-03-24,1933,2023-03-23,1051,884,04,4,5,6,1933,0,0,0,NA,0,001,LA CIENEGA BLVD,GLENWAY DR,100,S,N,A,-,N,NA,NA,NA,NA,NA,NA,NA,NA,NA,N,3,0,4,4,A,-,03,22350,NA,N,C,C,A,A,H,-,A,D,0,NA,NA,NA,NA,Y,NA,A,07,0,1,3,0,0,0,0,0,0,-,-,33.97235870361328,-118.37001037597656,LOS ANGELES,INGLEWOOD,-118.37017822265624,33.9720344543457
82027678,2023,2023-03-24,1955,2023-02-25,10,42612,4,6,5,6,1955,0,0,0,NA,0,001,GAREY AVE,THIRD STREET,0,NA,Y,C,-,N,NA,NA,NA,NA,NA,NA,NA,NA,NA,N,4,0,1,2,A,-,10,21950,A,F,G,B,B,B,H,-,C,A,0,Y,NA,NA,NA,Y,Y,D,22,0,0,1,0,1,0,0,0,0,-,-,34.057029724121094,-117.75009918212892,LOS ANGELES,POMONA,-117.75013732910156,34.05689239501953
82027679,2023,2023-03-24,1955,2023-03-11,1457,42469,0096,6,5,6,1955,0,0,0,NA,0,004,MISSION BLVD,TOWNE AVE,30,E,N,A,-,N,NA,NA,NA,NA,NA,NA,NA,NA,NA,N,3,0,1,3,A,-,03,22350,NA,N,C,C,A,B,H,-,A,D,0,NA,NA,NA,NA,Y,NA,D,22,0,1,0,0,0,0,0,0,0,-,-,34.05535125732422,-117.74131011962892,LOS ANGELES,POMONA,-117.7412338256836,34.05532455444336
82028388,2023,2023-03-27,1922,2023-02-26,220,665,NA,7,5,6,1922,0,0,0,NA,0,001,SANTA ANITA AVE,BROCKWAY ST,0,NA,Y,B,-,N,NA,NA,NA,NA,NA,NA,NA,NA,NA,N,4,0,2,2,A,-,12,21453,A,F,D,C,A,B,H,-,C,A,0,NA,NA,NA,NA,Y,NA,A,01,0,0,2,0,0,0,0,0,0,-,-,34.069190979003906,-118.04215240478516,LOS ANGELES,EL MONTE,-118.04216003417967,34.069122314453125
82028389,2023,2023-03-27,1967,2023-03-08,2103,163,NA,3,5,7,1941,0,0,0,NA,0,SOUTH,SR-1 (PACIFIC COAST HWY),LOMA,0,NA,Y,A,-,Y,NA,NA,NA,NA,NA,NA,NA,NA,NA,N,4,0,1,2,A,-,09,21804,A,N,D,C,A,A,H,-,C,D,0,NA,NA,NA,NA,Y,NA,A,01,0,0,1,0,0,0,0,0,0,-,-,NA,NA,LOS ANGELES,LONG BEACH,-118.15025329589844,33.789859771728516
82028390,2023,2023-03-27,1922,2023-03-04,2253,690,NA,6,5,6,1922,0,0,0,NA,0,001,RANCHITO ST,CEDAR AVE,10,E,N,A,-,N,NA,NA,NA,NA,NA,NA,NA,NA,NA,N,4,0,1,2,A,-,17,21652,NA,F,D,C,A,A,H,-,C,D,0,NA,NA,NA,NA,Y,NA,A,01,0,0,1,0,0,0,0,0,0,-,-,34.090110778808594,-118.02162170410156,LOS ANGELES,EL MONTE,-118.02153778076172,34.09009552001953
82028433,2022,2023-03-27,1965,2022-12-19,2045,4112,0B3A,1,5,5,1965,0,0,0,NA,0,B003,WILSHIRE BLVD,16TH ST,15,E,N,A,-,N,NA,NA,NA,NA,NA,NA,NA,NA,NA,N,4,0,1,2,A,-,00,21960,NA,N,G,B,B,A,H,-,C,D,0,Y,NA,NA,NA,Y,NA,A,01,0,0,1,0,1,0,0,0,0,-,-,34.02846145629883,-118.4869384765625,LOS ANGELES,SANTA MONICA,-118.48696136474608,34.02833938598633
82028435,2023,2023-03-27,1965,2023-02-17,1428,4083,0B3A,5,5,5,1965,0,0,0,NA,0,B003,SANTA MONICA BLVD,STANFORD ST,0,NA,Y,A,-,N,NA,NA,NA,NA,NA,NA,NA,NA,NA,Y,4,0,1,2,A,-,09,21801,A,N,D,C,A,A,H,-,A,A,0,NA,NA,NA,NA,Y,NA,A,01,0,0,1,0,0,0,0,0,0,-,-,NA,NA,LOS ANGELES,SANTA MONICA,-118.47054290771484,34.03631591796875
82028438,2023,2023-03-27,1965,2023-02-21,832,4083,0B3B,2,5,5,1965,0,0,0,NA,0,B003,10TH ST,SANTA MONICA BLVD,178,N,N,A,-,N,NA,NA,NA,NA,NA,NA,NA,NA,NA,Y,3,0,2,3,A,-,03,22350,NA,N,F,C,A,A,H,-,A,A,0,NA,NA,NA,NA,Y,NA,A,07,0,1,1,0,0,0,0,0,0,-,-,NA,NA,LOS ANGELES,SANTA MONICA,-118.48992156982422,34.021358489990234
82028485,2023,2023-03-27,1955,2023-03-02,915,42628,14,4,5,6,1955,0,0,0,NA,0,003,KINGSLEY AVE,INDIAN HILL BLVD,0,NA,Y,-,-,N,NA,NA,NA,NA,NA,NA,NA,NA,NA,N,3,0,1,2,A,-,09,21801,A,F,D,G,A,A,H,-,A,A,0,NA,Y,NA,NA,Y,NA,A,07,0,1,0,0,0,0,1,0,0,-,-,34.066978454589844,-117.71925354003906,LOS ANGELES,POMONA,-117.71920776367188,34.066925048828125
82028490,2023,2024-04-03,1955,2023-03-04,1847,41484,NA,6,5,6,1955,0,0,0,NA,0,004,RESERVOIR ST,MISSION BLVD,0,NA,Y,A,-,N,NA,NA,NA,NA,NA,NA,NA,NA,NA,Y,3,0,2,2,A,-,09,21801,A,N,D,C,A,A,D,E,C,A,0,NA,NA,NA,NA,Y,NA,A,01,0,1,1,0,0,0,0,0,0,-,-,34.055519104003906,-117.73258972167967,LOS ANGELES,POMONA,-117.73261260986328,34.0555419921875
82028626,2023,2023-03-27,1923,2023-03-13,1710,554,NA,1,5,3,1923,0,0,0,NA,0,NA,ROSECRANS AVE,FLOURNOY RD,0,NA,Y,B,-,N,NA,NA,NA,NA,NA,NA,NA,NA,NA,N,4,0,2,2,A,-,09,21801,A,N,D,D,A,A,H,-,A,D,0,NA,NA,NA,NA,Y,NA,A,01,0,0,2,0,0,0,0,0,0,-,-,33.90190124511719,-118.40737152099608,LOS ANGELES,EL SEGUNDO,-118.40723419189452,33.902000427246094
82028703,2023,2023-03-27,1955,2023-03-10,1219,42953,69,5,5,6,1955,0,0,0,NA,0,005,SANTA CLARA DR,CALLE DEL SOL,268,W,N,C,-,N,NA,NA,NA,NA,NA,NA,NA,NA,NA,Y,4,0,1,1,A,-,08,22107,NA,N,E,I,A,B,H,-,A,D,0,NA,NA,NA,NA,Y,NA,A,01,0,0,1,0,0,0,0,0,0,-,-,34.03636169433594,-117.78562927246094,LOS ANGELES,POMONA,-117.7864990234375,34.036460876464844
82028911,2023,2023-03-27,1967,2023-03-09,1110,153,NA,4,5,2,1967,0,0,0,NA,0,SOUTH,CHERRY AV,CRESCENT HEIGHTS,0,NA,Y,C,-,N,NA,NA,NA,NA,NA,NA,NA,NA,NA,N,4,0,2,2,A,-,09,21801,A,N,D,C,A,B,H,-,A,A,0,NA,NA,NA,NA,Y,NA,A,01,0,0,2,0,0,0,0,0,0,-,-,NA,NA,LOS ANGELES,SIGNAL HILL,-118.16769409179688,33.80255889892578
82028912,2023,2023-03-27,1967,2023-03-09,1458,153,NA,4,5,2,1967,0,0,0,NA,0,SOUTH,WILLOW,JUNIPERO AV,0,NA,Y,A,-,N,NA,NA,NA,NA,NA,NA,NA,NA,NA,N,4,0,1,2,A,-,12,21453,A,N,D,C,A,A,H,-,A,A,0,NA,NA,NA,NA,Y,NA,A,07,0,0,1,0,0,0,0,0,0,-,-,NA,NA,LOS ANGELES,SIGNAL HILL,-118.16326141357422,33.804359436035156
82028914,2023,2023-03-27,1967,2023-03-09,1822,159,NA,4,5,2,1967,0,0,0,NA,0,SOUTH,SR-1 (PACIFIC COAST HWY),CORONADO AV,250,E,N,A,-,Y,NA,NA,NA,NA,NA,NA,NA,NA,NA,N,4,0,1,2,A,-,03,22350,NA,N,C,C,A,A,H,-,C,A,0,NA,NA,NA,NA,Y,NA,A,07,0,0,1,0,0,0,0,0,0,-,-,NA,NA,LOS ANGELES,SIGNAL HILL,-118.15220642089844,33.789859771728516
82028915,2023,2023-03-27,1967,2023-03-10,2342,159,NA,5,5,2,1967,0,0,0,NA,0,SOUTH,REDONDO AV,SR-1 (PACIFIC COAST HIGHWAY),0,NA,Y,A,-,Y,NA,NA,NA,NA,NA,NA,NA,NA,NA,Y,4,0,1,2,A,-,09,21801,A,N,D,C,A,B,H,-,C,A,0,NA,NA,NA,NA,Y,NA,A,07,0,0,1,0,0,0,0,0,0,-,-,NA,NA,LOS ANGELES,SIGNAL HILL,-118.1518325805664,33.789859771728516
82028916,2023,2023-03-27,1967,2023-03-13,1046,142,NA,1,5,2,1967,0,0,0,NA,0,NORTH,WILLOW,MYRTLE AV,145,E,N,B,-,N,NA,NA,NA,NA,NA,NA,NA,NA,NA,N,4,0,1,2,A,-,21,22106,NA,N,D,C,A,A,H,-,A,D,0,NA,NA,NA,NA,Y,NA,A,01,0,0,1,0,0,0,0,0,0,-,-,NA,NA,LOS ANGELES,SIGNAL HILL,-118.18133544921876,33.80427932739258
82028917,2023,2023-03-27,1967,2023-03-13,2025,166,NA,1,5,2,1967,0,0,0,NA,0,SOUTH,PACIFIC COAST HWY,REDONDO AVE (E),0,NA,Y,A,-,Y,NA,NA,NA,NA,NA,NA,NA,NA,NA,Y,4,0,2,2,A,-,12,21453,A,N,D,C,A,A,H,-,C,A,0,NA,NA,NA,NA,Y,Y,A,01,0,0,2,0,0,0,0,0,0,-,-,NA,NA,LOS ANGELES,SIGNAL HILL,-118.1518325805664,33.789859771728516
82028921,2023,2023-03-27,1922,2023-03-09,1400,707,1922,4,5,6,1922,0,0,0,NA,0,003,GARVEY AVE,TYLER AVE,300,W,N,A,-,N,NA,NA,NA,NA,NA,NA,NA,NA,NA,N,4,0,1,2,A,-,08,22107,NA,F,B,D,A,A,H,-,A,A,0,NA,NA,NA,NA,Y,NA,-,99,0,0,1,0,0,0,0,0,0,-,-,34.06298828125,-118.0356674194336,LOS ANGELES,EL MONTE,-118.03669738769533,34.06283950805664
82028922,2023,2023-03-27,1922,2023-03-11,129,687,NA,6,5,6,1922,0,0,0,NA,0,001,SANTA ANITA AVE,WEST HONDO PKWY,150,S,N,C,-,N,NA,NA,NA,NA,NA,NA,NA,NA,NA,Y,4,0,1,1,A,-,08,22107,NA,M,E,I,A,B,H,-,C,D,0,NA,NA,NA,NA,Y,NA,A,01,0,0,1,0,0,0,0,0,0,-,-,34.09640121459961,-118.02854919433594,LOS ANGELES,EL MONTE,-118.0282974243164,34.09598922729492
82029989,2023,2023-03-28,1975,2023-02-16,1353,467,WCPD,4,5,6,1975,0,0,0,NA,0,004,CAMERON AV,VALINDA AV,0,NA,Y,A,-,N,NA,NA,NA,NA,NA,NA,NA,NA,NA,Y,4,0,2,2,A,-,12,21453,A,N,D,C,A,A,H,-,A,A,0,NA,NA,NA,NA,Y,NA,A,01,0,0,2,0,0,0,0,0,0,-,-,NA,NA,LOS ANGELES,WEST COVINA,-117.92545318603516,34.061248779296875