CASE_ID,ACCIDENT_YEAR,PROC_DATE,JURIS,COLLISION_DATE,COLLISION_TIME,OFFICER_ID,REPORTING_DISTRICT,DAY_OF_WEEK,CHP_SHIFT,POPULATION,CNTY_CITY_LOC,SPECIAL_COND,BEAT_TYPE,CHP_BEAT_TYPE,CITY_DIVISION_LAPD,CHP_BEAT_CLASS,BEAT_NUMBER,PRIMARY_RD,SECONDARY_RD,DISTANCE,DIRECTION,INTERSECTION,WEATHER_1,WEATHER_2,STATE_HWY_IND,CALTRANS_COUNTY,CALTRANS_DISTRICT,STATE_ROUTE,ROUTE_SUFFIX,POSTMILE_PREFIX,POSTMILE,LOCATION_TYPE,RAMP_INTERSECTION,SIDE_OF_HWY,TOW_AWAY,COLLISION_SEVERITY,NUMBER_KILLED,NUMBER_INJURED,PARTY_COUNT,PRIMARY_COLL_FACTOR,PCF_CODE_OF_VIOL,PCF_VIOL_CATEGORY,PCF_VIOLATION,PCF_VIOL_SUBSECTION,HIT_AND_RUN,TYPE_OF_COLLISION,MVIW,PED_ACTION,ROAD_SURFACE,ROAD_COND_1,ROAD_COND_2,LIGHTING,CONTROL_DEVICE,CHP_ROAD_TYPE,PEDESTRIAN_ACCIDENT,BICYCLE_ACCIDENT,MOTORCYCLE_ACCIDENT,TRUCK_ACCIDENT,NOT_PRIVATE_PROPERTY,ALCOHOL_INVOLVED,STWD_VEHTYPE_AT_FAULT,CHP_VEHTYPE_AT_FAULT,COUNT_SEVERE_INJ,COUNT_VISIBLE_INJ,COUNT_COMPLAINT_PAIN,COUNT_PED_KILLED,COUNT_PED_INJURED,COUNT_BICYCLIST_KILLED,COUNT_BICYCLIST_INJURED,COUNT_MC_KILLED,COUNT_MC_INJURED,PRIMARY_RAMP,SECONDARY_RAMP,LATITUDE,LONGITUDE,COUNTY,CITY,POINT_X,POINT_Y
82046010,2023,2023-04-17,1955,2023-04-04,1950,42555,13,2,5,6,1955,0,0,0,NA,0,003,TOWNE AVE,KINGSLEY AVE,120,N,N,A,-,N,NA,NA,NA,NA,NA,NA,NA,NA,NA,Y,4,0,1,2,A,-,03,22350,NA,N,C,C,A,A,H,-,C,A,0,NA,NA,NA,NA,Y,NA,A,01,0,0,1,0,0,0,0,0,0,-,-,34.066368103027344,-117.74166870117188,LOS ANGELES,POMONA,-117.7417221069336,34.066688537597656
82046181,2023,2023-04-17,1955,2023-03-28,1628,40779,NA,2,5,6,1955,0,0,0,NA,0,NA,TOWNE AVE,HARRISON AVE,0,NA,Y,A,-,N,NA,NA,NA,NA,NA,NA,NA,NA,NA,Y,4,0,2,3,A,-,03,22350,NA,N,C,C,A,A,H,-,A,A,0,NA,NA,NA,NA,Y,NA,A,07,0,0,2,0,0,0,0,0,0,-,-,34.09886932373047,-117.7367706298828,LOS ANGELES,POMONA,-117.73674011230467,34.098838806152344
82047122,2023,2023-04-18,1947,2023-04-05,1906,1452,NA,3,5,5,1947,0,0,0,NA,0,00E,OLYMPIC BLVD,MAPLE AVE,27,W,N,A,-,N,NA,NA,NA,NA,NA,NA,NA,NA,NA,N,4,0,1,2,A,-,03,22350,NA,N,C,C,A,A,H,-,C,A,0,NA,NA,NA,NA,Y,NA,A,01,0,0,1,0,0,0,0,0,0,-,-,34.008399963378906,-118.11768341064452,LOS ANGELES,MONTEBELLO,-118.1177215576172,34.008506774902344
82047124,2023,2023-04-18,1967,2023-04-01,1036,153,NA,6,5,2,1967,0,0,0,NA,0,SOUTH,HILL,OBISPO AV,0,NA,Y,A,-,N,NA,NA,NA,NA,NA,NA,NA,NA,NA,N,4,0,1,2,A,-,09,21802,A,N,D,C,A,A,H,-,A,A,0,NA,NA,NA,NA,Y,NA,A,07,0,0,1,0,0,0,0,0,0,-,-,NA,NA,LOS ANGELES,SIGNAL HILL,-118.15457916259766,33.79707717895508
82047126,2023,2023-04-18,1922,2023-02-20,1357,683,NA,1,5,6,1922,0,0,0,NA,0,004,VALLEY BLVD,DURFEE AVE,250,E,N,A,-,N,NA,NA,NA,NA,NA,NA,NA,NA,NA,Y,3,0,1,2,A,-,08,22107,NA,N,B,C,A,A,H,-,A,D,0,NA,NA,Y,NA,Y,NA,C,03,0,1,0,0,0,0,0,0,1,-,-,34.05978012084961,-118.01329040527344,LOS ANGELES,EL MONTE,-118.01253509521484,34.059383392333984
82047127,2023,2023-04-18,1922,2023-02-21,1849,677,NA,2,5,6,1922,0,0,0,NA,0,004,MAGNOLIA ST,LEAFDALE AVE,20,W,N,A,-,N,NA,NA,NA,NA,NA,NA,NA,NA,NA,N,4,0,1,2,A,-,11,21954,A,N,G,B,E,A,H,-,C,D,0,Y,NA,NA,NA,Y,Y,N,60,0,0,1,0,1,0,0,0,0,-,-,34.058021545410156,-118.0199966430664,LOS ANGELES,EL MONTE,-118.02005767822266,34.05813980102539
82047128,2023,2023-04-18,1922,2023-02-24,1904,709,1922,5,5,6,1922,0,0,0,NA,0,001,PECK RD,BRYANT RD,0,NA,Y,C,-,N,NA,NA,NA,NA,NA,NA,NA,NA,NA,N,4,0,1,2,A,-,04,21703,NA,N,C,C,A,B,H,-,C,A,0,NA,NA,NA,NA,Y,NA,D,22,0,0,1,0,0,0,0,0,0,-,-,34.07857131958008,-118.02057647705078,LOS ANGELES,EL MONTE,-118.02059173583984,34.078670501708984
82047152,2023,2023-04-18,1969,2023-03-03,1912,10145,PATRO,5,5,5,1969,0,0,0,NA,0,001,MISSOURI AV,TRUBA AV,0,NA,Y,A,-,N,NA,NA,NA,NA,NA,NA,NA,NA,NA,Y,3,0,1,2,A,-,01,23152,A,N,D,C,A,A,H,-,C,A,0,NA,NA,NA,NA,Y,Y,A,01,0,1,0,0,0,0,0,0,0,-,-,33.95037078857422,-118.22470855712892,LOS ANGELES,SOUTH GATE,-118.22499084472656,33.94859313964844
82047156,2023,2023-04-18,1969,2023-04-09,2150,10224,TRAFF,7,5,5,1969,0,0,0,NA,0,002,FILESTONE BLVD,DEARBORN AV,15,N,N,A,-,N,NA,NA,NA,NA,NA,NA,NA,NA,NA,Y,3,0,2,3,A,-,08,22107,NA,F,B,C,F,A,H,-,C,D,0,Y,NA,NA,NA,Y,NA,A,01,0,1,1,0,1,0,0,0,0,-,-,33.95473098754883,-118.21102905273438,LOS ANGELES,SOUTH GATE,-118.21105194091795,33.95465087890625
82047228,2023,2023-04-18,1933,2023-04-14,1104,1086,34,5,5,6,1933,0,0,0,NA,0,004,PRAIRIE AVE,111TH PL,0,NA,Y,A,-,N,NA,NA,NA,NA,NA,NA,NA,NA,NA,Y,4,0,2,2,A,-,07,21658,A,N,B,C,A,A,H,-,A,A,0,NA,NA,NA,NA,Y,NA,I,11,0,0,2,0,0,0,0,0,0,-,-,NA,NA,LOS ANGELES,INGLEWOOD,-118.34391021728516,33.933860778808594
82048105,2023,2023-04-19,1975,2023-03-18,1254,485,WCPD,6,5,6,1975,0,0,0,NA,0,005,AMAR RD,LARK ELLEN AV,285,E,N,A,-,N,NA,NA,NA,NA,NA,NA,NA,NA,NA,N,4,0,1,2,A,-,03,22350,NA,F,C,C,A,A,H,-,A,A,0,NA,NA,NA,NA,Y,NA,A,01,0,0,1,0,0,0,0,0,0,-,-,34.035179138183594,-117.91951751708984,LOS ANGELES,WEST COVINA,-117.91857147216795,34.0349006652832
82048107,2023,2023-04-19,1975,2023-04-04,1104,5008,WCPD,2,5,6,1975,0,0,0,NA,0,001,SUNSET AV,GARVEY AV S,0,NA,Y,A,-,N,NA,NA,NA,NA,NA,NA,NA,NA,NA,N,3,0,1,2,A,-,09,21801,A,N,D,C,A,A,H,-,A,A,0,NA,NA,Y,NA,Y,NA,A,01,0,1,0,0,0,0,0,0,1,-,-,34.07217025756836,-117.9363021850586,LOS ANGELES,WEST COVINA,-117.93630981445313,34.072120666503906
82048149,2023,2023-04-19,1967,2023-03-29,1626,153,NA,3,5,2,1967,0,0,0,NA,0,SOUTH,CHERRY AV,WILLOW,0,NA,Y,A,-,N,NA,NA,NA,NA,NA,NA,NA,NA,NA,Y,3,0,4,2,A,-,09,21453,C,N,A,C,A,A,H,-,A,A,0,NA,NA,NA,NA,Y,NA,A,01,0,2,2,0,0,0,0,0,0,-,-,NA,NA,LOS ANGELES,SIGNAL HILL,-118.16769409179688,33.80437088012695
82048152,2023,2023-04-19,1922,2023-03-02,1703,604,NA,4,5,6,1922,0,0,0,NA,0,002,RAMONA BLVD,COGSWELL RD,0,NA,Y,A,-,N,NA,NA,NA,NA,NA,NA,NA,NA,NA,N,4,0,1,2,A,-,09,21800,A,N,D,C,A,A,H,-,A,A,0,NA,NA,NA,NA,Y,NA,A,07,0,0,1,0,0,0,0,0,0,-,-,34.07529830932617,-118.01273345947266,LOS ANGELES,EL MONTE,-118.01268768310548,34.075294494628906
82048154,2023,2023-04-19,1922,2023-03-02,2022,604,NA,4,5,6,1922,0,0,0,NA,0,001,VALLEY BLVD,ROWLAND AVE,0,NA,Y,A,-,N,NA,NA,NA,NA,NA,NA,NA,NA,NA,Y,4,0,1,2,A,-,09,21801,A,N,D,C,A,A,H,-,C,A,0,NA,NA,NA,NA,Y,NA,A,07,0,0,1,0,0,0,0,0,0,-,-,34.07997131347656,-118.05509185791016,LOS ANGELES,EL MONTE,-118.05503082275392,34.0799674987793
82048156,2023,2023-04-19,1922,2023-03-13,1637,700,NA,1,5,6,1922,0,0,0,NA,0,001,BALDWIN AVE,GIDLEY ST,538,S,N,B,-,N,NA,NA,NA,NA,NA,NA,NA,NA,NA,N,3,0,1,1,A,-,08,22107,NA,N,E,J,A,A,H,-,A,A,0,NA,NA,NA,NA,Y,NA,A,01,0,1,0,0,0,0,0,0,0,-,-,34.0853385925293,-118.05094909667967,LOS ANGELES,EL MONTE,-118.05108642578124,34.0838623046875
82048160,2023,2023-04-19,1922,2023-03-21,750,569,NA,2,5,6,1922,0,0,0,NA,0,NA,TYLER AVE,ELLIOTT AVE,0,NA,Y,B,-,Y,NA,NA,NA,NA,NA,NA,NA,NA,NA,N,3,0,1,2,A,-,10,21950,A,N,G,B,B,A,H,-,A,A,0,Y,NA,NA,NA,Y,NA,A,07,0,1,0,0,1,0,0,0,0,-,-,34.058589935302734,-118.03562927246094,LOS ANGELES,EL MONTE,-118.03562927246094,34.05859375
82048163,2023,2023-09-19,1922,2023-03-23,2326,697,NA,4,5,6,1922,0,0,0,NA,0,001,VALLEY BLVD,SANTA ANITA AVE,0,NA,Y,B,-,N,NA,NA,NA,NA,NA,NA,NA,NA,NA,N,4,0,3,2,A,-,12,21453,A,N,D,C,A,A,H,-,C,A,0,NA,NA,NA,NA,Y,NA,A,07,0,0,3,0,0,0,0,0,0,-,-,34.076419830322266,-118.0411376953125,LOS ANGELES,EL MONTE,-118.04109954833984,34.07646560668945
82048166,2023,2023-04-19,1922,2023-03-25,1507,709,1922,6,5,6,1922,0,0,0,NA,0,002,PECK RD,BASYE ST,123,S,N,A,-,N,NA,NA,NA,NA,NA,NA,NA,NA,NA,N,4,0,1,2,A,-,17,22109,NA,N,C,C,A,A,H,-,A,D,0,NA,NA,NA,NA,Y,NA,D,22,0,0,1,0,0,0,0,0,0,-,-,34.080440521240234,-118.01972198486328,LOS ANGELES,EL MONTE,-118.01985931396484,34.08013916015625
82049038,2023,2023-04-20,1947,2023-03-27,1259,1461,NA,1,5,5,1947,0,0,0,NA,0,00A,VIA  SAN CLEMENTE,GARFIELD AVE,0,NA,Y,A,-,N,NA,NA,NA,NA,NA,NA,NA,NA,NA,N,4,0,1,2,A,-,03,22350,NA,N,C,C,A,A,H,-,A,A,0,NA,NA,NA,Y,Y,NA,F,26,0,0,1,0,0,0,0,0,0,-,-,34.031558990478516,-118.12933349609376,LOS ANGELES,MONTEBELLO,-118.1293487548828,34.031593322753906
82049069,2023,2023-04-20,1965,2023-02-28,1518,3553,0B3B,2,5,5,1965,0,0,0,NA,0,B003,20TH ST,SANTA MONICA BLVD,0,NA,Y,B,-,N,NA,NA,NA,NA,NA,NA,NA,NA,NA,N,4,0,1,2,A,-,06,21760,C,F,H,G,A,A,H,-,A,A,0,NA,Y,NA,NA,Y,NA,A,07,0,0,1,0,0,0,1,0,0,-,-,NA,NA,LOS ANGELES,SANTA MONICA,-118.48001098632813,34.02865982055664
82049070,2023,2023-05-03,1965,2023-03-02,806,4142,0B4D,4,5,5,1965,0,0,0,NA,0,004,4TH ST,CALIFORNIA AVE,20,S,N,A,-,N,NA,NA,NA,NA,NA,NA,NA,NA,NA,Y,2,0,1,4,A,-,01,23152,A,N,E,E,A,A,H,-,A,A,0,NA,NA,Y,NA,Y,NA,A,01,1,0,0,0,0,0,0,0,0,-,-,NA,NA,LOS ANGELES,SANTA MONICA,-118.49994659423828,34.0205192565918
82049079,2023,2023-04-20,1965,2023-03-14,2121,3553,0B1G,2,5,5,1965,0,0,0,NA,0,B001,LINCOLN BLVD,OLYMPIC BLVD (E),25,S,N,C,-,N,NA,NA,NA,NA,NA,NA,NA,NA,NA,Y,4,0,1,2,A,-,08,22107,NA,N,E,I,A,B,H,-,C,A,0,NA,NA,NA,NA,Y,NA,A,07,0,0,1,0,0,0,0,0,0,-,-,NA,NA,LOS ANGELES,SANTA MONICA,-118.48548889160156,34.01450729370117
82049080,2023,2023-04-20,1965,2023-03-15,718,4142,0B3C,3,5,5,1965,0,0,0,NA,0,003,OLYMPIC BLVD,20TH ST,0,NA,Y,B,C,N,NA,NA,NA,NA,NA,NA,NA,NA,NA,N,4,0,1,2,A,-,09,21801,A,N,D,D,A,B,H,-,A,A,0,NA,NA,NA,NA,Y,NA,I,11,0,0,1,0,0,0,0,0,0,-,-,NA,NA,LOS ANGELES,SANTA MONICA,-118.47499084472656,34.02437210083008
82049110,2023,2023-04-20,1933,2023-04-14,2157,1025,04,5,5,6,1933,0,0,0,NA,0,001,LA CIENEGA BLVD,KEW ST,0,NA,Y,A,-,N,NA,NA,NA,NA,NA,NA,NA,NA,NA,Y,4,0,1,2,A,-,08,22107,NA,N,D,C,A,A,H,-,C,A,0,NA,NA,NA,NA,Y,NA,A,01,0,0,1,0,0,0,0,0,0,-,-,33.9711799621582,-118.37001800537108,LOS ANGELES,INGLEWOOD,-118.37017059326172,33.9710578918457
82049112,2023,2023-04-20,1933,2023-04-17,1103,869,27,1,5,6,1933,0,0,0,NA,0,002,CENTURY BLVD,PRAIRIE AV,0,NA,Y,A,-,N,NA,NA,NA,NA,NA,NA,NA,NA,NA,Y,4,0,1,3,A,-,12,21453,A,N,D,C,A,A,H,-,A,A,0,NA,NA,NA,NA,Y,NA,A,01,0,0,1,0,0,0,0,0,0,-,-,33.94546890258789,-118.34391784667967,LOS ANGELES,INGLEWOOD,-118.3439483642578,33.94545364379883
82050055,2023,2023-04-21,1922,2023-04-05,1927,635,NA,3,5,6,1922,0,0,0,NA,0,001,LOWER AZUSA RD,SANTA ANITA AVE (W),337,W,N,A,-,N,NA,NA,NA,NA,NA,NA,NA,NA,NA,N,3,0,1,2,A,-,09,21804,A,N,G,B,F,A,H,-,B,D,0,Y,NA,NA,NA,Y,NA,A,07,0,1,0,0,1,0,0,0,0,-,-,34.0921516418457,-118.0264892578125,LOS ANGELES,EL MONTE,-118.02748870849608,34.09222412109375
82050056,2023,2023-04-21,1967,2023-03-30,1759,159,NA,4,5,2,1967,0,0,0,NA,0,SOUTH,CHERRY AV,SKYLINE DR,0,NA,Y,A,-,N,NA,NA,NA,NA,NA,NA,NA,NA,NA,Y,4,0,2,2,D,-,00,NA,NA,N,D,C,A,A,H,-,A,A,0,NA,NA,NA,NA,Y,NA,-,-,0,0,2,0,0,0,0,0,0,-,-,NA,NA,LOS ANGELES,SIGNAL HILL,-118.16754913330078,33.800750732421875
82050057,2023,2023-04-21,1967,2023-04-06,1627,153,NA,4,5,2,1967,0,0,0,NA,0,SOUTH,WILLOW,CHERRY AV,200,W,N,A,-,N,NA,NA,NA,NA,NA,NA,NA,NA,NA,N,4,0,1,2,A,-,03,22350,NA,N,C,C,A,A,H,-,A,D,0,NA,NA,NA,NA,Y,NA,D,22,0,0,1,0,0,0,0,0,0,-,-,NA,NA,LOS ANGELES,SIGNAL HILL,-118.16835021972656,33.80437088012695
82050099,2023,2023-04-24,1965,2023-02-17,1230,3764,0B3A,5,5,5,1965,0,0,0,NA,0,B003,WILSHIRE BLVD,25TH ST,0,E,N,-,-,N,NA,NA,NA,NA,NA,NA,NA,NA,NA,N,4,0,1,2,A,-,00,20015,A,M,-,C,A,-,-,-,-,D,0,NA,NA,NA,NA,Y,NA,-,-,0,0,1,0,0,0,0,0,0,-,-,NA,NA,LOS ANGELES,SANTA MONICA,-118.47830200195313,34.03535461425781
82050158,2023,2023-04-21,1933,2023-04-09,913,812,14,7,5,6,1933,0,0,0,NA,0,002,HINDRY AV,SPRUCE AV,40,N,N,A,-,N,NA,NA,NA,NA,NA,NA,NA,NA,NA,N,4,0,1,2,A,-,21,22106,NA,F,H,C,A,A,H,-,A,D,0,NA,NA,NA,NA,Y,NA,A,01,0,0,1,0,0,0,0,0,0,-,-,33.95547866821289,-118.37351989746094,LOS ANGELES,INGLEWOOD,-118.37358856201172,33.95549011230469
82050159,2023,2023-04-21,1933,2023-04-19,1637,1028,25,3,5,6,1933,0,0,0,NA,0,002,CENTURY BLVD,FREEMAN AV,0,NA,Y,A,-,N,NA,NA,NA,NA,NA,NA,NA,NA,NA,N,4,0,1,2,A,-,21,22106,NA,N,C,C,A,A,H,-,A,A,0,NA,NA,NA,NA,Y,NA,A,01,0,0,1,0,0,0,0,0,0,-,-,33.94548034667969,-118.34828186035156,LOS ANGELES,INGLEWOOD,-118.34830474853516,33.94545364379883
82050170,2023,2023-04-21,1955,2023-04-05,2210,42787,43,3,5,6,1955,0,0,0,NA,0,001,FAIRPLEX DR,AVALON AVE,0,NA,Y,A,-,N,NA,NA,NA,NA,NA,NA,NA,NA,NA,Y,4,0,1,3,A,-,09,21801,A,N,D,C,A,A,H,-,C,A,0,NA,NA,NA,NA,Y,NA,A,07,0,0,1,0,0,0,0,0,0,-,-,34.06705856323242,-117.78774261474608,LOS ANGELES,POMONA,-117.78771209716795,34.06703567504883
82050171,2023,2023-04-21,1955,2023-04-06,827,42314,NA,4,5,6,1955,0,0,0,NA,0,NA,AUGUSTA ST,ACADEMY AVE,0,NA,Y,A,-,N,NA,NA,NA,NA,NA,NA,NA,NA,NA,N,4,0,2,2,A,-,09,21802,A,N,A,C,A,A,H,-,A,A,0,NA,NA,NA,NA,Y,NA,A,01,0,0,2,0,0,0,0,0,0,-,-,34.06821060180664,-117.79625701904295,LOS ANGELES,POMONA,-117.79624176025392,34.06817626953125
82050173,2023,2023-04-21,1955,2023-04-08,1133,42750,0020,6,5,6,1955,0,0,0,NA,0,002,ARROW HWY,YORKSHIRE WAY,78,W,N,A,-,N,NA,NA,NA,NA,NA,NA,NA,NA,NA,Y,3,0,2,2,A,-,09,21804,A,N,D,C,A,A,H,-,A,A,0,NA,NA,NA,NA,Y,NA,A,08,0,1,1,0,0,0,0,0,0,-,-,34.09003829956055,-117.7379913330078,LOS ANGELES,POMONA,-117.7383041381836,34.09008026123047
82050174,2023,2023-04-21,1955,2023-04-10,700,42977,51,1,5,6,1955,0,0,0,NA,0,001,FIRST ST.,HAMILTON BL.,0,NA,Y,A,-,N,NA,NA,NA,NA,NA,NA,NA,NA,NA,N,3,0,1,2,A,-,09,21802,A,F,D,G,A,A,H,-,A,D,0,NA,Y,NA,NA,Y,NA,A,07,0,1,0,0,0,0,1,0,0,-,-,NA,NA,LOS ANGELES,POMONA,-117.76327514648438,34.05837631225586
82050178,2023,2023-04-21,1955,2023-03-29,1420,42830,05,3,5,6,1955,0,0,0,NA,0,004,GAREY AVE,MISSION BLVD,0,NA,Y,B,-,N,NA,NA,NA,NA,NA,NA,NA,NA,NA,Y,4,0,1,2,A,-,03,22350,NA,N,A,C,A,A,H,-,A,A,0,NA,NA,NA,NA,Y,NA,A,01,0,0,1,0,0,0,0,0,0,-,-,34.055118560791016,-117.75005340576172,LOS ANGELES,POMONA,-117.75005340576172,34.05510711669922
82050829,2023,2023-04-24,1922,2023-03-12,1134,714,NA,7,5,6,1922,0,0,0,NA,0,001,VALLEY BLVD,SANTA ANITA AVE,0,NA,Y,A,-,N,NA,NA,NA,NA,NA,NA,NA,NA,NA,Y,4,0,1,2,D,-,00,NA,NA,N,D,C,A,A,H,-,A,A,0,NA,NA,NA,NA,Y,NA,-,-,0,0,1,0,0,0,0,0,0,-,-,34.076480865478516,-118.04116821289064,LOS ANGELES,EL MONTE,-118.04109954833984,34.07646560668945
82050900,2023,2023-04-24,1955,2023-03-28,1426,42977,99,2,5,6,1955,0,0,0,NA,0,003,SAN ANTONIO AVE,FIRST ST,27,E,N,A,-,N,NA,NA,NA,NA,NA,NA,NA,NA,NA,N,4,0,2,2,A,-,08,22107,NA,F,B,C,A,A,H,-,A,A,0,NA,NA,NA,NA,Y,NA,-,99,0,0,2,0,0,0,0,0,0,-,-,34.059051513671875,-117.737060546875,LOS ANGELES,POMONA,-117.73706817626952,34.05902862548828
82050901,2023,2023-04-24,1955,2023-03-31,1609,42977,48,5,5,6,1955,0,0,0,NA,0,001,HOLT AVE,PARK AVE,12,W,N,A,-,N,NA,NA,NA,NA,NA,NA,NA,NA,NA,N,4,0,1,2,A,-,10,21950,A,N,G,B,B,A,H,-,A,A,0,Y,NA,NA,NA,Y,NA,A,01,0,0,1,0,1,0,0,0,0,-,-,NA,NA,LOS ANGELES,POMONA,-117.75469970703124,34.062278747558594
82050902,2023,2023-04-24,1955,2023-04-05,1557,42977,0098,3,5,6,1955,0,0,0,NA,0,003,HOLT AVE,INDIAN HILL BLVD,215,W,N,A,-,N,NA,NA,NA,NA,NA,NA,NA,NA,NA,N,4,0,1,2,A,-,08,22107,NA,F,D,C,A,A,H,-,A,A,0,NA,NA,NA,Y,Y,NA,F,25,0,0,1,0,0,0,0,0,0,-,-,34.06319046020508,-117.71922302246094,LOS ANGELES,POMONA,-117.71990966796876,34.06304931640625
82050904,2023,2023-04-24,1955,2023-04-10,1239,42977,94,1,5,6,1955,0,0,0,NA,0,004,NINTH ST.,ELEANOR ST,87,W,N,A,-,N,NA,NA,NA,NA,NA,NA,NA,NA,NA,Y,4,0,1,2,A,-,08,22107,NA,N,A,E,A,A,H,-,A,D,0,NA,NA,NA,NA,Y,NA,A,08,0,0,1,0,0,0,0,0,0,-,-,NA,NA,LOS ANGELES,POMONA,-117.74365997314452,34.05161666870117
82050906,2023,2023-04-24,1955,2023-03-12,1541,42951,0040,7,5,6,1955,0,0,0,NA,0,002,FAIRPLEX DR,VIA ESTRELLA,165,S,N,A,-,N,NA,NA,NA,NA,NA,NA,NA,NA,NA,Y,3,0,2,2,A,-,07,21658,A,N,A,C,A,A,H,-,A,A,0,NA,NA,NA,NA,Y,NA,A,01,0,1,1,0,0,0,0,0,0,-,-,34.076759338378906,-117.78179168701172,LOS ANGELES,POMONA,-117.78240203857422,34.076568603515625
82051018,2023,2023-04-24,1947,2023-03-22,1601,1423,NA,3,5,5,1947,0,0,0,NA,0,00C,POPLAR AVE,FREMONT SQ (N),0,NA,Y,A,-,N,NA,NA,NA,NA,NA,NA,NA,NA,NA,N,4,0,1,2,A,-,12,22450,A,N,D,C,A,B,H,-,A,D,0,NA,NA,NA,NA,Y,NA,A,07,0,0,1,0,0,0,0,0,0,-,-,34.01110076904297,-118.09886932373048,LOS ANGELES,MONTEBELLO,-118.09890747070313,34.0109748840332
82051020,2023,2023-04-24,1922,2023-03-09,2151,711,1922,4,5,6,1922,0,0,0,NA,0,004,PECK RD,MEEKER AVE,0,NA,Y,B,-,N,NA,NA,NA,NA,NA,NA,NA,NA,NA,N,4,0,2,2,A,-,09,21801,A,N,D,C,A,A,H,-,C,A,0,NA,NA,NA,NA,Y,NA,A,07,0,0,2,0,0,0,0,0,0,-,-,34.0654411315918,-118.03043365478516,LOS ANGELES,EL MONTE,-118.03042602539064,34.065574645996094
82051021,2023,2023-04-27,1922,2023-03-22,851,620,NA,3,5,6,1922,0,0,0,NA,0,002,LA MADERA AVE,RANCHITO ST,0,NA,Y,C,-,N,NA,NA,NA,NA,NA,NA,NA,NA,NA,N,3,0,1,2,A,-,09,21802,A,N,D,G,A,B,H,-,A,A,0,NA,Y,NA,NA,Y,NA,-,-,0,1,0,0,0,0,1,0,0,-,-,34.0873908996582,-118.01036071777344,LOS ANGELES,EL MONTE,-118.01032257080078,34.08723068237305
82051022,2023,2023-04-24,1922,2023-03-26,1250,704,NA,7,5,6,1922,0,0,0,NA,0,003,SANTA ANITA AVE,GARVEY AVE,185,S,N,A,-,N,NA,NA,NA,NA,NA,NA,NA,NA,NA,N,3,0,1,2,A,-,09,21804,A,N,D,C,A,A,H,-,A,D,0,NA,NA,NA,NA,Y,NA,A,01,0,1,0,0,0,0,0,0,0,-,-,34.06269836425781,-118.04254150390624,LOS ANGELES,EL MONTE,-118.0424346923828,34.0622444152832
82051039,2023,2023-04-24,1965,2023-03-20,1713,3553,0B2E,1,5,5,1965,0,0,0,NA,0,B002,24TH ST,PICO BLVD,48,S,N,B,-,N,NA,NA,NA,NA,NA,NA,NA,NA,NA,N,3,0,1,2,A,-,03,22350,NA,N,E,I,A,A,H,-,A,A,0,NA,NA,NA,NA,Y,NA,A,01,0,1,0,0,0,0,0,0,0,-,-,NA,NA,LOS ANGELES,SANTA MONICA,-118.46451568603516,34.02196502685547
82051208,2023,2023-04-24,1947,2023-04-10,1940,1464,NA,1,5,5,1947,0,0,0,NA,0,00F,LINCOLN AVE,AZALEA DR,2282,N,N,A,-,N,NA,NA,NA,NA,NA,NA,NA,NA,NA,Y,4,0,4,2,A,-,03,22350,NA,N,A,C,A,A,H,-,C,D,0,NA,NA,NA,NA,Y,NA,A,01,0,0,4,0,0,0,0,0,0,-,-,34.022911071777344,-118.087890625,LOS ANGELES,MONTEBELLO,-118.08132934570313,34.02574157714844
82051211,2023,2023-04-24,1922,2023-03-24,1457,713,NA,5,5,6,1922,0,0,0,NA,0,NA,BALDWIN AVE,LOFTUS DR,0,NA,Y,A,-,N,NA,NA,NA,NA,NA,NA,NA,NA,NA,N,4,0,1,1,A,-,08,22107,NA,N,E,J,A,A,H,-,A,A,0,NA,NA,NA,NA,Y,NA,A,01,0,0,1,0,0,0,0,0,0,-,-,34.07440948486328,-118.05359649658205,LOS ANGELES,EL MONTE,-118.05364990234376,34.07433319091797
82051212,2023,2023-04-24,1922,2023-03-29,607,701,NA,3,5,6,1922,0,0,0,NA,0,004,DURFEE AVE,ELLIOTT AVE,0,NA,Y,C,-,N,NA,NA,NA,NA,NA,NA,NA,NA,NA,N,4,0,1,2,A,-,12,21453,A,N,D,C,A,B,H,-,A,A,0,NA,NA,NA,NA,Y,Y,A,01,0,0,1,0,0,0,0,0,0,-,-,34.0534782409668,-118.02049255371094,LOS ANGELES,EL MONTE,-118.02051544189452,34.05337142944336
82051213,2023,2023-04-24,1922,2023-04-04,1545,677,NA,2,5,6,1922,0,0,0,NA,0,003,TYLER AVE,GARVEY AVE,100,S,N,A,-,N,NA,NA,NA,NA,NA,NA,NA,NA,NA,Y,3,0,2,3,A,-,01,23152,F,N,C,C,A,A,H,-,A,D,0,NA,NA,NA,NA,Y,NA,A,01,0,1,1,0,0,0,0,0,0,-,-,34.06278991699219,-118.03572082519533,LOS ANGELES,EL MONTE,-118.03571319580078,34.06285095214844