CASE_ID,ACCIDENT_YEAR,PROC_DATE,JURIS,COLLISION_DATE,COLLISION_TIME,OFFICER_ID,REPORTING_DISTRICT,DAY_OF_WEEK,CHP_SHIFT,POPULATION,CNTY_CITY_LOC,SPECIAL_COND,BEAT_TYPE,CHP_BEAT_TYPE,CITY_DIVISION_LAPD,CHP_BEAT_CLASS,BEAT_NUMBER,PRIMARY_RD,SECONDARY_RD,DISTANCE,DIRECTION,INTERSECTION,WEATHER_1,WEATHER_2,STATE_HWY_IND,CALTRANS_COUNTY,CALTRANS_DISTRICT,STATE_ROUTE,ROUTE_SUFFIX,POSTMILE_PREFIX,POSTMILE,LOCATION_TYPE,RAMP_INTERSECTION,SIDE_OF_HWY,TOW_AWAY,COLLISION_SEVERITY,NUMBER_KILLED,NUMBER_INJURED,PARTY_COUNT,PRIMARY_COLL_FACTOR,PCF_CODE_OF_VIOL,PCF_VIOL_CATEGORY,PCF_VIOLATION,PCF_VIOL_SUBSECTION,HIT_AND_RUN,TYPE_OF_COLLISION,MVIW,PED_ACTION,ROAD_SURFACE,ROAD_COND_1,ROAD_COND_2,LIGHTING,CONTROL_DEVICE,CHP_ROAD_TYPE,PEDESTRIAN_ACCIDENT,BICYCLE_ACCIDENT,MOTORCYCLE_ACCIDENT,TRUCK_ACCIDENT,NOT_PRIVATE_PROPERTY,ALCOHOL_INVOLVED,STWD_VEHTYPE_AT_FAULT,CHP_VEHTYPE_AT_FAULT,COUNT_SEVERE_INJ,COUNT_VISIBLE_INJ,COUNT_COMPLAINT_PAIN,COUNT_PED_KILLED,COUNT_PED_INJURED,COUNT_BICYCLIST_KILLED,COUNT_BICYCLIST_INJURED,COUNT_MC_KILLED,COUNT_MC_INJURED,PRIMARY_RAMP,SECONDARY_RAMP,LATITUDE,LONGITUDE,COUNTY,CITY,POINT_X,POINT_Y
82059812,2023,2023-05-03,1933,2023-04-30,548,1067,14,7,5,6,1933,0,0,0,NA,0,002,MANCHESTER BLVD,ISIS AV,0,NA,Y,A,-,N,NA,NA,NA,NA,NA,NA,NA,NA,NA,Y,4,0,2,2,A,-,08,22107,NA,N,B,C,A,A,H,-,A,D,0,NA,NA,NA,NA,Y,NA,A,01,0,0,2,0,0,0,0,0,0,-,-,33.96001052856445,-118.37525939941406,LOS ANGELES,INGLEWOOD,-118.37533569335938,33.95989990234375
82060760,2023,2023-05-04,1922,2023-03-05,1338,688,NA,7,5,6,1922,0,0,0,NA,0,001,SANTA ANITA AVE,MCGIRK AVE,65,N,N,B,-,N,NA,NA,NA,NA,NA,NA,NA,NA,NA,Y,3,0,2,1,A,-,08,22107,NA,N,E,I,A,A,H,-,A,A,0,NA,NA,NA,NA,Y,NA,A,07,0,1,1,0,0,0,0,0,0,-,-,34.08620834350586,-118.02897644042967,LOS ANGELES,EL MONTE,-118.02886962890624,34.08636474609375
82060761,2023,2023-05-04,1922,2023-04-11,2109,716,NA,2,5,6,1922,0,0,0,NA,0,001,VALLEY BLVD,RAMONA BLVD,0,NA,Y,A,-,N,NA,NA,NA,NA,NA,NA,NA,NA,NA,Y,4,0,2,2,A,-,12,21453,A,N,D,C,A,A,H,-,C,A,0,NA,NA,NA,NA,Y,NA,A,01,0,0,2,0,0,0,0,0,0,-,-,34.07268142700195,-118.03247833251952,LOS ANGELES,EL MONTE,-118.03248596191406,34.07261276245117
82060781,2023,2023-05-04,1969,2023-03-12,2157,10165,TRAFF,7,5,5,1969,0,0,0,NA,0,003,FILESTONE BLVD,OTIS ST,0,NA,Y,A,-,N,NA,NA,NA,NA,NA,NA,NA,NA,NA,Y,4,0,4,2,A,-,12,21453,A,N,D,C,A,A,H,-,C,A,0,NA,NA,NA,NA,Y,NA,A,01,0,0,4,0,0,0,0,0,0,-,-,33.9532585144043,-118.19651794433594,LOS ANGELES,SOUTH GATE,-118.196533203125,33.95322036743164
82060784,2023,2023-05-04,1969,2023-04-03,2104,10241,PATRO,1,5,5,1969,0,0,0,NA,0,004,RAYO AV,FIRESTONE BLVD (W),2,N,N,A,-,N,NA,NA,NA,NA,NA,NA,NA,NA,NA,N,4,0,1,2,A,-,17,21228,NA,N,D,C,A,A,H,-,C,A,0,NA,NA,Y,NA,Y,NA,O,05,0,0,1,0,0,0,0,0,1,-,-,33.95048141479492,-118.1758270263672,LOS ANGELES,SOUTH GATE,-118.17576599121094,33.95052719116211
82060785,2023,2023-05-04,1969,2023-04-07,1417,10224,TRAFF,5,5,5,1969,0,0,0,NA,0,004,FILESTONE BLVD,RAYO AV (W),30,W,N,A,-,N,NA,NA,NA,NA,NA,NA,NA,NA,NA,N,4,0,2,2,A,-,03,22350,NA,N,C,C,A,A,H,-,A,A,0,NA,NA,NA,NA,Y,NA,-,31,0,0,2,0,0,0,0,0,0,-,-,33.95050811767578,-118.17581939697266,LOS ANGELES,SOUTH GATE,-118.17586517333984,33.950496673583984
82060787,2023,2023-05-04,1969,2023-04-08,11,10231,PATRO,6,5,5,1969,0,0,0,NA,0,005,PARAMOUNT BLVD,LINCOLN AV,51,S,N,A,-,N,NA,NA,NA,NA,NA,NA,NA,NA,NA,Y,3,0,1,1,A,-,08,22107,NA,N,F,J,A,A,H,-,C,D,0,NA,NA,NA,NA,Y,NA,A,01,0,1,0,0,0,0,0,0,0,-,-,33.91315841674805,-118.15957641601564,LOS ANGELES,SOUTH GATE,-118.15958404541016,33.91301345825195
82060871,2023,2023-05-04,1965,2023-03-29,1220,4148,0B4D,3,5,5,1965,0,0,0,NA,0,B004,4TH ST,CALIFORNIA AVE,14,S,N,A,-,N,NA,NA,NA,NA,NA,NA,NA,NA,NA,Y,3,0,1,2,A,-,09,21801,A,N,A,C,A,A,H,-,A,A,0,NA,NA,NA,NA,Y,NA,A,01,0,1,0,0,0,0,0,0,0,-,-,NA,NA,LOS ANGELES,SANTA MONICA,-118.4999542236328,34.020530700683594
82061843,2023,2023-05-05,1975,2023-03-23,1954,473,WCPD,4,5,6,1975,0,0,0,NA,0,002,GARVEY AV S,CITRUS AV,300,E,N,B,-,N,NA,NA,NA,NA,NA,NA,NA,NA,NA,N,4,0,1,2,A,-,09,21804,A,N,D,C,A,B,H,-,D,A,0,NA,NA,NA,NA,Y,NA,A,07,0,0,1,0,0,0,0,0,0,-,-,34.07202911376953,-117.89008331298828,LOS ANGELES,WEST COVINA,-117.88925170898438,34.07072067260742
82061890,2023,2023-05-05,1922,2023-03-12,1200,669,NA,7,5,6,1922,0,0,0,NA,0,001,BALDWIN AVE,VALLEY BLVD,70,N,N,A,-,N,NA,NA,NA,NA,NA,NA,NA,NA,NA,N,4,0,2,2,A,-,21,22106,NA,N,C,D,A,A,H,-,A,A,0,NA,NA,NA,NA,Y,NA,A,01,0,0,2,0,0,0,0,0,0,-,-,34.079010009765625,-118.05283355712892,LOS ANGELES,EL MONTE,-118.0527572631836,34.079200744628906
82061899,2023,2023-05-05,1948,2023-03-29,1834,467,1948,3,5,5,1948,0,0,0,NA,0,002,GARVEY AV,ALHAMBRA AV,0,NA,Y,A,-,N,NA,NA,NA,NA,NA,NA,NA,NA,NA,N,4,0,1,2,A,-,12,21453,A,N,D,C,A,A,H,-,A,A,0,NA,NA,NA,NA,Y,NA,A,01,0,0,1,0,0,0,0,0,0,-,-,34.062538146972656,-118.11682891845705,LOS ANGELES,MONTEREY PARK,-118.11679840087892,34.062469482421875
82061909,2023,2023-05-05,1969,2023-04-07,1500,10224,TRAFF,5,5,5,1969,0,0,0,NA,0,002,STATE ST,LIBERTY BLVD,0,NA,Y,A,-,N,NA,NA,NA,NA,NA,NA,NA,NA,NA,Y,4,0,2,2,A,-,09,21801,A,N,A,C,A,A,H,-,A,A,0,NA,NA,NA,NA,Y,NA,A,01,0,0,2,0,0,0,0,0,0,-,-,33.960758209228516,-118.21134185791016,LOS ANGELES,SOUTH GATE,-118.21131896972656,33.96072769165039
82061973,2023,2023-05-05,1933,2023-05-03,1305,869,05,3,5,6,1933,0,0,0,NA,0,001,CENTINELA AV,FIELD AV,229,W,N,A,-,N,NA,NA,NA,NA,NA,NA,NA,NA,NA,Y,3,0,1,2,A,-,08,22107,NA,F,B,C,A,A,H,-,A,D,0,NA,NA,NA,NA,Y,NA,A,07,0,1,0,0,0,0,0,0,0,-,-,33.975799560546875,-118.35265350341795,LOS ANGELES,INGLEWOOD,-118.35323333740234,33.97582244873047
82061982,2023,2023-05-05,1955,2023-04-20,1239,42469,0048,4,5,6,1955,0,0,0,NA,0,001,PARK AVE,ORANGE GROVE AVE,34,S,N,A,-,N,NA,NA,NA,NA,NA,NA,NA,NA,NA,N,4,0,1,2,A,-,08,22107,NA,N,B,C,A,A,H,-,A,D,0,NA,NA,NA,NA,Y,NA,A,01,0,0,1,0,0,0,0,0,0,-,-,34.07154846191406,-117.75502014160156,LOS ANGELES,POMONA,-117.75501251220705,34.07135772705078
82061983,2023,2023-05-05,1955,2023-04-23,2012,41949,14,7,5,6,1955,0,0,0,NA,0,003,SAN ANTONIO AVE,KINGSLEY AVE,0,NA,Y,A,-,N,NA,NA,NA,NA,NA,NA,NA,NA,NA,Y,4,0,2,2,A,-,09,21801,A,N,A,C,A,A,H,-,C,A,0,NA,NA,NA,NA,Y,NA,A,01,0,0,2,0,0,0,0,0,0,-,-,34.066471099853516,-117.73667907714844,LOS ANGELES,POMONA,-117.73664855957033,34.06644058227539
82062733,2023,2023-05-08,1975,2023-04-11,1427,353,WCPD,2,5,6,1975,0,0,0,NA,0,002,CAMERON AV,BARRANCA ST,411,W,N,A,-,N,NA,NA,NA,NA,NA,NA,NA,NA,NA,N,4,0,1,2,A,-,03,22350,NA,N,C,C,A,A,H,-,A,D,0,NA,NA,NA,NA,Y,NA,A,01,0,0,1,0,0,0,0,0,0,-,-,34.06087112426758,-117.8813705444336,LOS ANGELES,WEST COVINA,-117.88280487060548,34.060848236083984
82062752,2023,2023-05-08,1947,2023-04-16,2138,1440,NA,7,5,5,1947,0,0,0,NA,0,00D,WASHINGTON BLVD,GREENWOOD AVE,190,E,N,A,-,N,NA,NA,NA,NA,NA,NA,NA,NA,NA,Y,4,0,1,2,A,-,07,21658,A,N,B,C,A,A,H,-,C,D,0,NA,NA,NA,NA,Y,NA,A,01,0,0,1,0,0,0,0,0,0,-,-,33.99515914916992,-118.1193389892578,LOS ANGELES,MONTEBELLO,-118.11874389648438,33.994903564453125
82062754,2023,2023-05-08,1947,2023-04-17,2311,1440,NA,1,5,5,1947,0,0,0,NA,0,00A,BEVERLY BLVD,VIA  SAN CLEMENTE,186,W,N,A,-,N,NA,NA,NA,NA,NA,NA,NA,NA,NA,Y,3,0,2,1,A,-,03,22350,NA,N,E,I,A,A,H,-,C,D,0,NA,NA,NA,NA,Y,NA,A,01,0,1,1,0,0,0,0,0,0,-,-,34.02320861816406,-118.13519287109376,LOS ANGELES,MONTEBELLO,-118.13573455810548,34.023319244384766
82062755,2022,2023-05-08,1909,2022-02-04,1331,602,1909,5,5,4,1909,0,0,0,NA,0,NORTH,5822 GAGE AVE,AJAX AVE,232,E,N,A,-,N,NA,NA,NA,NA,NA,NA,NA,NA,NA,N,4,0,1,2,A,-,08,22107,NA,N,B,C,A,A,H,-,A,A,0,NA,NA,NA,NA,Y,NA,A,01,0,0,1,0,0,0,0,0,0,-,-,NA,NA,LOS ANGELES,BELL GARDENS,-118.16138458251952,33.97526168823242
82062759,2022,2023-05-08,1909,2022-02-14,0954,607,1909,1,5,4,1909,0,0,0,NA,0,NORTH,COLMAR AV,AGRA ST,0,NA,Y,A,-,N,NA,NA,NA,NA,NA,NA,NA,NA,NA,N,3,0,1,2,A,-,03,22350,NA,F,C,C,A,A,H,-,A,A,0,NA,NA,NA,NA,Y,NA,D,22,0,1,0,0,0,0,0,0,0,-,-,33.9758415222168,-118.15682220458984,LOS ANGELES,BELL GARDENS,-118.15682983398438,33.975826263427734
82062760,2023,2023-05-08,1922,2023-03-27,1700,675,NA,1,5,6,1922,0,0,0,NA,0,001,PECK RD,ALLOWAY ST,120,N,N,A,-,N,NA,NA,NA,NA,NA,NA,NA,NA,NA,N,4,0,1,2,A,-,03,22350,NA,F,C,C,A,A,H,-,A,A,0,NA,NA,NA,NA,Y,Y,A,01,0,0,1,0,0,0,0,0,0,-,-,34.07242965698242,-118.02456665039064,LOS ANGELES,EL MONTE,-118.02433013916016,34.07262420654297
82062761,2023,2023-05-08,1922,2023-04-20,28,709,1922,4,5,6,1922,0,0,0,NA,0,002,LAMBERT AVE,FANDON AVE,138,E,N,A,-,N,NA,NA,NA,NA,NA,NA,NA,NA,NA,N,4,0,1,3,A,-,01,23153,A,N,A,C,A,A,H,-,C,D,0,NA,NA,NA,NA,Y,Y,A,01,0,0,1,0,0,0,0,0,0,-,-,34.08176040649414,-118.0173797607422,LOS ANGELES,EL MONTE,-118.01692199707033,34.08161926269531
82062795,2023,2023-05-08,1965,2023-03-30,2010,4070,0B3C,4,5,5,1965,0,0,0,NA,0,B003,COLORADO AVE,16TH ST,20,W,N,A,-,N,NA,NA,NA,NA,NA,NA,NA,NA,NA,N,3,0,1,2,D,-,00,NA,NA,F,G,B,E,A,H,-,C,A,0,Y,NA,NA,NA,Y,NA,-,-,0,1,0,0,1,0,0,0,0,-,-,NA,NA,LOS ANGELES,SANTA MONICA,-118.48079681396484,34.022953033447266
82062837,2023,2023-05-08,1955,2023-03-28,1940,42951,0023,2,5,6,1955,0,0,0,NA,0,002,LA VERNE AVE,STOCKER ST,252,W,N,A,-,N,NA,NA,NA,NA,NA,NA,NA,NA,NA,N,4,0,1,2,A,-,03,22350,NA,F,C,C,A,A,H,-,C,D,0,NA,NA,NA,NA,Y,NA,A,01,0,0,1,0,0,0,0,0,0,-,-,34.08074951171875,-117.74163055419922,LOS ANGELES,POMONA,-117.7423858642578,34.080875396728516
82062840,2023,2023-05-08,1955,2023-04-18,1707,42951,0030,2,5,6,1955,0,0,0,NA,0,002,EDWIN AVE,TOWNE AVE,75,W,N,A,-,N,NA,NA,NA,NA,NA,NA,NA,NA,NA,Y,4,0,1,2,A,-,03,22350,NA,N,D,E,A,A,H,-,A,A,0,NA,NA,NA,NA,Y,NA,A,07,0,0,1,0,0,0,0,0,0,-,-,34.10150146484375,-117.7367935180664,LOS ANGELES,POMONA,-117.73712921142578,34.101478576660156
82063013,2023,2023-05-08,1975,2023-03-07,2207,458,WCPD,2,5,6,1975,0,0,0,NA,0,001,CAMERON AV,TOLUCA AV,0,NA,Y,A,-,N,NA,NA,NA,NA,NA,NA,NA,NA,NA,Y,4,0,1,2,A,-,12,22450,A,N,B,C,A,A,H,-,C,A,0,NA,NA,NA,NA,Y,NA,A,01,0,0,1,0,0,0,0,0,0,-,-,34.06882858276367,-117.94243621826172,LOS ANGELES,WEST COVINA,-117.94243621826172,34.068790435791016
82063186,2023,2023-05-09,1975,2023-03-31,2147,461,WCPD,5,5,6,1975,0,0,0,NA,0,004,LARK ELLEN AV,GARVEY AV S,541,S,N,A,-,Y,NA,NA,NA,NA,NA,NA,NA,NA,NA,N,3,0,1,1,A,-,03,22350,NA,N,E,I,A,A,H,-,B,D,0,NA,NA,NA,NA,Y,NA,A,01,0,1,0,0,0,0,0,0,0,-,-,34.0715217590332,-117.9165496826172,LOS ANGELES,WEST COVINA,-117.91660308837892,34.0699577331543
82064389,2023,2023-05-09,1975,2023-03-18,1150,5009,WCPD,6,5,6,1975,0,0,0,NA,0,002,GARVEY AV N,BARRANCA AV,1350,E,N,A,-,N,NA,NA,NA,NA,NA,NA,NA,NA,NA,N,3,0,1,3,A,-,09,21801,A,N,D,C,A,A,H,-,A,D,0,NA,NA,NA,NA,Y,NA,A,01,0,1,0,0,0,0,0,0,0,-,-,34.07112121582031,-117.88127136230467,LOS ANGELES,WEST COVINA,-117.8769302368164,34.07215881347656
82064390,2023,2023-05-09,1975,2023-03-23,2212,473,WCPD,4,5,6,1975,0,0,0,NA,0,002,AZUSA AV,BADILLO ST,95,S,N,A,-,N,NA,NA,NA,NA,NA,NA,NA,NA,NA,Y,4,0,1,2,A,-,03,22350,NA,N,C,E,A,A,H,-,C,A,0,NA,NA,NA,NA,Y,NA,A,01,0,0,1,0,0,0,0,0,0,-,-,34.08644104003906,-117.9077606201172,LOS ANGELES,WEST COVINA,-117.90771484375,34.0860710144043
82064395,2023,2023-05-09,1975,2023-04-17,1515,353,WCPD,1,5,6,1975,0,0,0,NA,0,001,VINCENT AV,PUENTE AV,0,NA,Y,A,-,N,NA,NA,NA,NA,NA,NA,NA,NA,NA,N,4,0,2,2,A,-,09,21801,A,N,D,C,A,A,H,-,A,A,0,NA,NA,NA,NA,Y,NA,A,01,0,0,2,0,0,0,0,0,0,-,-,34.08277130126953,-117.92565155029295,LOS ANGELES,WEST COVINA,-117.92568969726564,34.08275604248047
82064429,2023,2023-05-10,1922,2023-04-08,1815,699,ELM,6,5,6,1922,0,0,0,NA,0,001,VALLEY BLVD,BALDWIN AVE,0,NA,Y,A,-,N,NA,NA,NA,NA,NA,NA,NA,NA,NA,Y,3,0,2,2,A,-,12,21453,A,N,D,C,A,A,H,-,A,A,0,NA,NA,NA,NA,Y,NA,A,01,0,1,1,0,0,0,0,0,0,-,-,34.079010009765625,-118.05283355712892,LOS ANGELES,EL MONTE,-118.05282592773438,34.07902145385742
82065388,2023,2023-05-10,1975,2023-04-17,2254,371,WCPD,1,5,6,1975,0,0,0,NA,0,NA,AMAR RD,LARK ELLEN AV,0,S,Y,A,-,N,NA,NA,NA,NA,NA,NA,NA,NA,NA,Y,4,0,2,2,A,-,08,22107,NA,N,D,C,A,A,H,-,C,A,0,NA,NA,NA,NA,Y,NA,A,01,0,0,2,0,0,0,0,0,0,-,-,34.035221099853516,-117.91947174072266,LOS ANGELES,WEST COVINA,-117.91943359375,34.03520965576172
82065390,2023,2023-05-10,1975,2023-04-19,2100,431,WCPD,3,5,6,1975,0,0,0,NA,0,004,GLENDORA AV,CAMERON AV,0,NA,Y,A,-,N,NA,NA,NA,NA,NA,NA,NA,NA,NA,N,4,0,2,2,A,-,12,21453,A,N,D,C,A,A,H,-,C,A,0,NA,NA,NA,NA,Y,NA,A,01,0,0,2,0,0,0,0,0,0,-,-,34.06163024902344,-117.93179321289064,LOS ANGELES,WEST COVINA,-117.93181610107422,34.061614990234375
82065443,2023,2023-05-10,1922,2023-04-06,1,650,NA,4,5,6,1922,0,0,0,NA,0,001,BALDWIN AVE,ROSE AVE,0,NA,Y,A,-,N,NA,NA,NA,NA,NA,NA,NA,NA,NA,N,4,0,1,2,D,-,00,NA,NA,N,D,G,A,A,H,-,C,A,0,NA,Y,NA,NA,Y,NA,-,-,0,0,1,0,0,0,1,0,0,-,-,34.081241607666016,-118.05194854736328,LOS ANGELES,EL MONTE,-118.0519790649414,34.081180572509766
82065444,2023,2023-05-10,1922,2023-04-06,1045,569,NA,4,5,6,1922,0,0,0,NA,0,NA,ARDEN DR,ROSE AVE,0,NA,Y,A,-,N,NA,NA,NA,NA,NA,NA,NA,NA,NA,N,3,0,1,2,A,-,10,21950,A,N,G,B,B,A,H,-,A,A,0,Y,NA,NA,NA,Y,NA,A,01,0,1,0,0,1,0,0,0,0,-,-,34.0797004699707,-118.04557800292967,LOS ANGELES,EL MONTE,-118.04560089111328,34.07958984375
82065445,2023,2023-05-10,1922,2023-04-06,1227,712,NA,4,5,6,1922,0,0,0,NA,0,002,PECK RD,RANCHITO ST,0,NA,Y,A,-,N,NA,NA,NA,NA,NA,NA,NA,NA,NA,N,4,0,2,2,A,-,03,22350,NA,N,C,C,A,A,H,-,A,A,0,NA,NA,NA,NA,Y,NA,A,01,0,0,2,0,0,0,0,0,0,-,-,34.0890007019043,-118.01554107666016,LOS ANGELES,EL MONTE,-118.0155029296875,34.089012145996094
82065446,2023,2023-05-10,1922,2023-04-08,2205,569,NA,6,5,6,1922,0,0,0,NA,0,001,VALLEY BLVD,BALDWIN AVE,15,E,N,A,-,Y,NA,NA,NA,NA,NA,NA,NA,NA,NA,Y,4,0,1,2,A,-,01,23152,A,N,C,C,A,A,H,-,C,A,0,NA,NA,NA,NA,Y,Y,A,01,0,0,1,0,0,0,0,0,0,-,-,34.079010009765625,-118.05283355712892,LOS ANGELES,EL MONTE,-118.05278778076172,34.079002380371094
82065473,2023,2023-05-10,1969,2023-04-22,2040,10238,PATRO,6,5,5,1969,0,0,0,NA,0,001,SOUTHERN AV,TRUBA AV,0,NA,Y,A,-,N,NA,NA,NA,NA,NA,NA,NA,NA,NA,Y,4,0,2,2,A,-,09,21801,A,N,A,C,A,A,H,-,C,A,0,NA,NA,NA,NA,Y,NA,A,01,0,0,2,0,0,0,0,0,0,-,-,33.95301818847656,-118.22427368164064,LOS ANGELES,SOUTH GATE,-118.2243194580078,33.95297622680664
82065552,2023,2023-05-10,1933,2023-05-09,817,812,25,2,5,6,1933,0,0,0,NA,0,002,PRAIRIE AV,99TH ST,0,NA,Y,B,-,N,NA,NA,NA,NA,NA,NA,NA,NA,NA,Y,4,0,3,2,A,-,09,21801,A,N,D,C,A,A,H,-,A,A,0,NA,NA,NA,NA,Y,NA,A,01,0,0,3,0,0,0,0,0,0,-,-,33.94668960571289,-118.34391784667967,LOS ANGELES,INGLEWOOD,-118.3439483642578,33.946651458740234
82066229,2023,2023-05-11,1947,2023-04-17,1318,1448,NA,1,5,5,1947,0,0,0,NA,0,00D,WASHINGTON BLVD,BLUFF RD,0,NA,Y,A,-,N,NA,NA,NA,NA,NA,NA,NA,NA,NA,Y,4,0,1,2,A,-,12,21453,A,N,D,C,A,A,H,-,A,A,0,NA,NA,NA,NA,Y,NA,A,01,0,0,1,0,0,0,0,0,0,-,-,33.991790771484375,-118.11168670654295,LOS ANGELES,MONTEBELLO,-118.11160278320313,33.99189376831055
82066232,2023,2023-05-11,1922,2023-04-05,134,716,NA,3,5,6,1922,0,0,0,NA,0,004,TYLER AVE,KLINGERMAN ST,5,N,N,A,-,N,NA,NA,NA,NA,NA,NA,NA,NA,NA,N,4,0,1,2,A,-,12,21453,A,F,D,G,A,A,H,-,C,A,0,NA,Y,NA,NA,Y,NA,A,01,0,0,1,0,0,0,1,0,0,-,-,34.05607986450195,-118.03560638427734,LOS ANGELES,EL MONTE,-118.03565216064452,34.056034088134766
82066251,2023,2023-05-11,1948,2023-04-19,1233,400,1948,3,5,5,1948,0,0,0,NA,0,002,NEW AV,HELLMAN AV,193,S,N,A,-,N,NA,NA,NA,NA,NA,NA,NA,NA,NA,Y,4,0,4,2,A,-,08,22107,NA,N,D,C,A,A,H,-,A,D,0,NA,NA,NA,NA,Y,NA,A,01,0,0,4,0,0,0,0,0,0,-,-,34.06986999511719,-118.10816955566406,LOS ANGELES,MONTEREY PARK,-118.10814666748048,34.06930923461914
82066252,2023,2023-06-27,1948,2023-04-20,656,400,1948,4,5,5,1948,0,0,0,NA,0,002,NEW AVE,HELLMAN AVE,0,NA,Y,A,-,N,NA,NA,NA,NA,NA,NA,NA,NA,NA,N,4,0,1,2,A,-,10,21950,A,N,G,B,B,A,H,-,A,A,0,Y,NA,NA,NA,Y,NA,A,01,0,0,1,0,1,0,0,0,0,-,-,NA,NA,LOS ANGELES,MONTEREY PARK,-118.108154296875,34.06984329223633
82066305,2023,2023-05-11,1933,2023-05-08,133,1069,08,1,5,6,1933,0,0,0,NA,0,001,MANCHESTER BLVD,AVIATION BLVD,317,E,N,A,-,N,NA,NA,NA,NA,NA,NA,NA,NA,NA,Y,4,0,1,2,A,-,03,22350,NA,N,C,E,A,A,H,-,C,D,0,NA,NA,NA,NA,Y,NA,A,01,0,0,1,0,0,0,0,0,0,-,-,33.96001052856445,-118.3769989013672,LOS ANGELES,INGLEWOOD,-118.37601470947266,33.95989990234375
82066306,2023,2023-05-11,1933,2023-05-08,357,1070,04,1,5,6,1933,0,0,0,NA,0,001,LA CIENEGA BLVD,KEW ST,60,S,N,A,-,N,NA,NA,NA,NA,NA,NA,NA,NA,NA,Y,4,0,1,2,A,-,09,21802,A,N,A,C,A,A,H,-,C,A,0,NA,NA,NA,NA,Y,NA,A,01,0,0,1,0,0,0,0,0,0,-,-,33.9711799621582,-118.37001800537108,LOS ANGELES,INGLEWOOD,-118.37017059326172,33.97089385986328
82067286,2023,2023-05-12,1947,2023-04-22,1807,1437,****L,6,5,5,1947,0,0,0,NA,0,00D,BLUFF RD,WASHINGTON BLVD,118,N,N,A,-,N,NA,NA,NA,NA,NA,NA,NA,NA,NA,Y,4,0,1,2,A,-,03,22350,NA,N,C,C,A,A,H,-,A,D,0,NA,NA,NA,NA,Y,NA,A,07,0,0,1,0,0,0,0,0,0,-,-,33.991798400878906,-118.11171722412108,LOS ANGELES,MONTEBELLO,-118.11138916015624,33.99216079711914
82067298,2023,2023-05-15,1948,2023-04-26,2201,467,1948,3,5,5,1948,0,0,0,NA,0,002,ATLANTIC BLVD,HELLMAN AV,0,NA,Y,A,-,N,NA,NA,NA,NA,NA,NA,NA,NA,NA,Y,4,0,1,2,A,-,12,21453,A,N,A,C,A,A,H,-,C,A,0,NA,NA,NA,NA,Y,Y,A,01,0,0,1,0,0,0,0,0,0,-,-,34.069759368896484,-118.13442993164064,LOS ANGELES,MONTEREY PARK,-118.13442230224608,34.069732666015625
82067317,2023,2023-05-12,1969,2023-05-05,1821,10227,PATRO,5,5,5,1969,0,0,0,NA,0,003,TWEEDY BLVD,OTIS ST,0,NA,Y,-,-,N,NA,NA,NA,NA,NA,NA,NA,NA,NA,Y,3,0,3,2,A,-,09,21801,A,N,D,C,A,A,H,-,A,A,0,NA,NA,NA,NA,Y,NA,A,01,0,3,0,0,0,0,0,0,0,-,-,33.943321228027344,-118.19770050048828,LOS ANGELES,SOUTH GATE,-118.19766235351564,33.943328857421875
82067415,2023,2023-05-12,1955,2023-02-28,1816,42085,26,2,5,6,1955,0,0,0,NA,0,002,ARROW HWY,MAPLE AVE,75,E,N,A,-,N,NA,NA,NA,NA,NA,NA,NA,NA,NA,N,4,0,1,2,A,-,08,22107,NA,N,D,C,A,A,H,-,C,D,0,NA,NA,NA,NA,Y,NA,D,22,0,0,1,0,0,0,0,0,0,-,-,34.090030670166016,-117.7461395263672,LOS ANGELES,POMONA,-117.74592590332033,34.09006881713867
82067416,2023,2023-05-12,1955,2023-03-31,1621,42270,52,5,5,6,1955,0,0,0,NA,0,005,WHITE AVE,MISSION BLVD,0,NA,Y,A,-,N,NA,NA,NA,NA,NA,NA,NA,NA,NA,Y,4,0,1,4,A,-,12,21453,A,N,D,C,A,A,H,-,A,A,0,NA,NA,NA,NA,Y,NA,D,22,0,0,1,0,0,0,0,0,0,-,-,34.054908752441406,-117.75879669189452,LOS ANGELES,POMONA,-117.75879669189452,34.054901123046875
82067422,2023,2023-05-12,1955,2023-04-26,1939,42469,0014,3,5,6,1955,0,0,0,NA,0,003,HOLT AVE,EAST END AVE,0,NA,Y,A,-,N,NA,NA,NA,NA,NA,NA,NA,NA,NA,N,3,0,2,2,A,-,12,21453,A,N,D,C,A,A,H,-,B,D,0,NA,NA,NA,NA,Y,NA,-,-,0,1,1,0,0,0,0,0,0,-,-,34.06319046020508,-117.72390747070313,LOS ANGELES,POMONA,-117.72393035888672,34.063018798828125