CASE_ID,ACCIDENT_YEAR,PROC_DATE,JURIS,COLLISION_DATE,COLLISION_TIME,OFFICER_ID,REPORTING_DISTRICT,DAY_OF_WEEK,CHP_SHIFT,POPULATION,CNTY_CITY_LOC,SPECIAL_COND,BEAT_TYPE,CHP_BEAT_TYPE,CITY_DIVISION_LAPD,CHP_BEAT_CLASS,BEAT_NUMBER,PRIMARY_RD,SECONDARY_RD,DISTANCE,DIRECTION,INTERSECTION,WEATHER_1,WEATHER_2,STATE_HWY_IND,CALTRANS_COUNTY,CALTRANS_DISTRICT,STATE_ROUTE,ROUTE_SUFFIX,POSTMILE_PREFIX,POSTMILE,LOCATION_TYPE,RAMP_INTERSECTION,SIDE_OF_HWY,TOW_AWAY,COLLISION_SEVERITY,NUMBER_KILLED,NUMBER_INJURED,PARTY_COUNT,PRIMARY_COLL_FACTOR,PCF_CODE_OF_VIOL,PCF_VIOL_CATEGORY,PCF_VIOLATION,PCF_VIOL_SUBSECTION,HIT_AND_RUN,TYPE_OF_COLLISION,MVIW,PED_ACTION,ROAD_SURFACE,ROAD_COND_1,ROAD_COND_2,LIGHTING,CONTROL_DEVICE,CHP_ROAD_TYPE,PEDESTRIAN_ACCIDENT,BICYCLE_ACCIDENT,MOTORCYCLE_ACCIDENT,TRUCK_ACCIDENT,NOT_PRIVATE_PROPERTY,ALCOHOL_INVOLVED,STWD_VEHTYPE_AT_FAULT,CHP_VEHTYPE_AT_FAULT,COUNT_SEVERE_INJ,COUNT_VISIBLE_INJ,COUNT_COMPLAINT_PAIN,COUNT_PED_KILLED,COUNT_PED_INJURED,COUNT_BICYCLIST_KILLED,COUNT_BICYCLIST_INJURED,COUNT_MC_KILLED,COUNT_MC_INJURED,PRIMARY_RAMP,SECONDARY_RAMP,LATITUDE,LONGITUDE,COUNTY,CITY,POINT_X,POINT_Y
82074822,2023,2023-05-23,1969,2023-04-09,1404,10245,PATRO,7,5,5,1969,0,0,0,NA,0,003,SAN CARLOS AV,TWEEDY BLVD,100,N,N,A,-,N,NA,NA,NA,NA,NA,NA,NA,NA,NA,N,3,0,1,4,A,-,09,21804,A,N,B,E,A,A,H,-,A,D,0,NA,NA,NA,NA,Y,Y,D,72,0,1,0,0,0,0,0,0,0,-,-,33.944190979003906,-118.20536041259766,LOS ANGELES,SOUTH GATE,-118.20531463623048,33.94444274902344
82074825,2023,2023-05-23,1969,2023-04-13,748,10226,TRAFF,4,5,5,1969,0,0,0,NA,0,001,FILESTONE BLVD,BEAUDINE AV,0,NA,Y,B,-,N,NA,NA,NA,NA,NA,NA,NA,NA,NA,N,3,0,1,2,A,-,05,21202,A,N,D,G,A,A,H,-,A,A,0,NA,Y,NA,NA,Y,NA,L,04,0,1,0,0,0,0,1,0,0,-,-,33.95698165893555,-118.22789001464844,LOS ANGELES,SOUTH GATE,-118.22795104980467,33.95685577392578
82074827,2023,2023-05-23,1969,2023-04-15,805,10245,PATRO,6,5,5,1969,0,0,0,NA,0,003,SAN CARLOS AV,FILESTONE BLVD,0,NA,Y,A,-,N,NA,NA,NA,NA,NA,NA,NA,NA,NA,N,4,0,1,2,A,-,05,21650,NA,N,B,G,A,A,H,-,A,D,0,NA,Y,NA,NA,Y,Y,L,04,0,0,1,0,0,0,1,0,0,-,-,33.9539794921875,-118.20369720458984,LOS ANGELES,SOUTH GATE,-118.20374298095705,33.95392990112305
82074829,2023,2023-05-23,1969,2023-04-18,2045,10238,PATRO,2,5,5,1969,0,0,0,NA,0,002,LONG BEACH BLVD,PALM PL (S),0,NA,Y,A,-,N,NA,NA,NA,NA,NA,NA,NA,NA,NA,Y,4,0,1,2,A,-,12,21453,A,F,A,C,A,A,H,-,C,A,0,NA,NA,NA,NA,Y,NA,-,99,0,0,1,0,0,0,0,0,0,-,-,33.964111328125,-118.22521209716795,LOS ANGELES,SOUTH GATE,-118.2252197265625,33.96418380737305
82074831,2023,2023-05-23,1969,2023-04-20,1438,10208,TRAFF,4,5,5,1969,0,0,0,NA,0,002,CALIFORNIA AV,LIBERTY BLVD,455,N,N,A,-,N,NA,NA,NA,NA,NA,NA,NA,NA,NA,N,4,0,4,2,A,-,09,21804,A,N,D,C,A,A,H,-,A,D,0,NA,NA,NA,NA,Y,NA,A,01,0,0,4,0,0,0,0,0,0,-,-,NA,NA,LOS ANGELES,SOUTH GATE,-118.2049560546875,33.96124267578125
82074833,2023,2023-05-23,1969,2023-04-22,1350,10224,TRAFF,6,5,5,1969,0,0,0,NA,0,003,FILESTONE BLVD,SAN MIGUEL AV,45,E,N,A,-,N,NA,NA,NA,NA,NA,NA,NA,NA,NA,N,4,0,2,2,A,-,03,22350,NA,N,B,C,A,A,H,-,A,A,0,NA,NA,NA,NA,Y,NA,A,07,0,0,2,0,0,0,0,0,0,-,-,33.953529357910156,-118.1991729736328,LOS ANGELES,SOUTH GATE,-118.19901275634766,33.95345687866211
82074834,2023,2023-05-23,1969,2023-04-22,1949,10224,TRAFF,6,5,5,1969,0,0,0,NA,0,001,LONG BEACH BLVD,SOUTHERN AV,0,NA,Y,A,-,N,NA,NA,NA,NA,NA,NA,NA,NA,NA,Y,2,0,1,3,A,-,12,21453,A,F,D,C,A,A,H,-,C,D,0,NA,NA,NA,NA,Y,NA,A,01,1,0,0,0,0,0,0,0,0,-,-,33.9523811340332,-118.21836853027344,LOS ANGELES,SOUTH GATE,-118.21833801269533,33.952354431152344
82074837,2023,2023-05-23,1969,2023-04-27,2015,10224,TRAFF,4,5,5,1969,0,0,0,NA,0,001,ALAMEDA ST,WISCONSIN AV,100,S,N,A,-,N,NA,NA,NA,NA,NA,NA,NA,NA,NA,Y,4,0,2,2,A,-,09,21804,A,N,A,C,A,A,H,-,C,D,0,NA,NA,NA,NA,Y,NA,A,01,0,0,2,0,0,0,0,0,0,-,-,33.94498062133789,-118.22830200195313,LOS ANGELES,SOUTH GATE,-118.22772216796876,33.94477081298828
82074841,2023,2023-05-23,1969,2023-04-30,504,10241,PATRO,7,5,5,1969,0,0,0,NA,0,001,LONG BEACH BLVD,SOUTHERN AV,10,W,N,A,-,N,NA,NA,NA,NA,NA,NA,NA,NA,NA,N,4,0,2,2,A,-,12,21453,A,N,D,C,A,A,H,-,C,A,0,NA,NA,NA,NA,Y,NA,A,01,0,0,2,0,0,0,0,0,0,-,-,33.9523811340332,-118.21836853027344,LOS ANGELES,SOUTH GATE,-118.21835327148438,33.95238494873047
82074846,2023,2023-05-23,1969,2023-05-05,1801,10224,TRAFF,5,5,5,1969,0,0,0,NA,0,005,FILESTONE BLVD,GARFIELD AV,500,W,N,A,-,N,NA,NA,NA,NA,NA,NA,NA,NA,NA,Y,4,0,1,3,A,-,03,22350,NA,N,C,C,A,A,H,-,A,D,0,NA,NA,NA,NA,Y,NA,A,01,0,0,1,0,0,0,0,0,0,-,-,33.94916915893555,-118.16519165039064,LOS ANGELES,SOUTH GATE,-118.16687774658205,33.94929885864258
82074849,2023,2023-05-23,1969,2023-05-12,1458,10208,TRAFF,5,5,5,1969,0,0,0,NA,0,002,CALIFORNIA AV,LIBERTY BLVD,328,S,N,A,-,N,NA,NA,NA,NA,NA,NA,NA,NA,NA,N,4,0,1,2,A,-,03,22350,NA,N,C,C,A,A,H,-,A,D,0,NA,NA,NA,NA,Y,NA,A,01,0,0,1,0,0,0,0,0,0,-,-,NA,NA,LOS ANGELES,SOUTH GATE,-118.20526885986328,33.95911407470703
82074850,2023,2023-05-23,1969,2023-05-13,1725,10224,TRAFF,6,5,5,1969,0,0,0,NA,0,004,FILESTONE BLVD,RAYO AV (W),60,E,N,A,-,N,NA,NA,NA,NA,NA,NA,NA,NA,NA,N,4,0,1,2,A,-,03,22350,NA,N,B,C,A,A,H,-,A,A,0,NA,NA,NA,NA,Y,NA,D,22,0,0,1,0,0,0,0,0,0,-,-,33.95048141479492,-118.1758270263672,LOS ANGELES,SOUTH GATE,-118.17557525634766,33.95049285888672
82074851,2023,2023-05-23,1969,2023-05-13,1900,10224,TRAFF,6,5,5,1969,0,0,0,NA,0,002,VIRGINIA AV,DUANE WY,70,N,N,A,-,N,NA,NA,NA,NA,NA,NA,NA,NA,NA,Y,3,0,1,3,A,-,08,22107,NA,N,A,E,A,A,H,-,A,D,0,NA,NA,NA,NA,Y,NA,A,01,0,1,0,0,0,0,0,0,0,-,-,33.948970794677734,-118.20802307128906,LOS ANGELES,SOUTH GATE,-118.20800018310548,33.949119567871094
82074878,2023,2023-05-23,1925,2023-05-04,1329,26161,119,4,5,6,1925,0,0,0,NA,0,005,PENNSYLVANIA AVENUE,MONTROSE AVENUE (N),81,N,N,B,-,N,NA,NA,NA,NA,NA,NA,NA,NA,NA,N,4,0,1,2,A,-,03,22350,NA,M,C,C,A,A,H,-,A,A,0,NA,NA,NA,NA,Y,NA,A,01,0,0,1,0,0,0,0,0,0,-,-,34.22174835205078,-118.24871826171876,LOS ANGELES,GLENDALE,-118.2487335205078,34.221580505371094
82074883,2023,2023-05-23,1925,2023-05-11,1158,21995,164,4,5,6,1925,0,0,0,NA,0,001,BRAND BOULEVARD,GLENOAKS BLVD,9,N,N,A,-,Y,NA,NA,NA,NA,NA,NA,NA,NA,NA,Y,3,0,1,2,A,-,21,22106,NA,N,G,B,B,A,H,-,A,D,0,Y,NA,NA,NA,Y,NA,A,01,0,1,0,0,1,0,0,0,0,-,-,NA,NA,LOS ANGELES,GLENDALE,-118.2551498413086,34.159263610839844
82074886,2023,2023-05-23,1925,2023-05-11,1617,22783,111,4,5,6,1925,0,0,0,NA,0,005,PENNSYLVANIA AVENUE,ORANGE AVENUE,0,NA,Y,A,-,N,NA,NA,NA,NA,NA,NA,NA,NA,NA,N,4,0,1,2,A,-,09,21800,A,N,D,C,A,A,H,-,A,A,0,NA,NA,NA,NA,Y,NA,A,07,0,0,1,0,0,0,0,0,0,-,-,34.238380432128906,-118.24830627441406,LOS ANGELES,GLENDALE,-118.24861145019533,34.23843002319336
82074888,2023,2023-05-23,1925,2023-05-11,1829,21995,248,4,5,6,1925,0,0,0,NA,0,002,COLORADO STREET,BRAND BOULEVARD,168,E,N,A,-,N,NA,NA,NA,NA,NA,NA,NA,NA,NA,N,4,0,1,2,A,-,09,21804,A,N,D,C,A,A,H,-,A,D,0,NA,NA,NA,NA,Y,NA,A,07,0,0,1,0,0,0,0,0,0,-,-,34.142459869384766,-118.25504302978516,LOS ANGELES,GLENDALE,-118.25437927246094,34.142578125
82075797,2023,2023-05-24,1975,2023-03-30,2204,473,WCPD,4,5,6,1975,0,0,0,NA,0,001,AZUSA AV,WORKMAN AV,261,N,N,A,-,N,NA,NA,NA,NA,NA,NA,NA,NA,NA,N,3,0,1,2,A,-,11,21954,A,N,G,B,D,A,H,-,C,A,0,Y,NA,NA,NA,Y,NA,N,60,0,1,0,0,1,0,0,0,0,-,-,34.0755500793457,-117.9076919555664,LOS ANGELES,WEST COVINA,-117.9076690673828,34.076194763183594
82075848,2022,2023-05-24,1909,2022-05-23,1630,607,1909,1,5,4,1909,0,0,0,NA,0,NORHT,GAGE AV,EL SELINDA AV,45,E,N,A,-,N,NA,NA,NA,NA,NA,NA,NA,NA,NA,N,4,0,1,2,A,-,03,22350,NA,N,C,C,A,A,H,-,A,A,0,NA,NA,NA,NA,Y,NA,A,01,0,0,1,0,0,0,0,0,0,-,-,33.975059509277344,-118.15959167480467,LOS ANGELES,BELL GARDENS,-118.15943145751952,33.97505569458008
82075850,2023,2023-05-24,1967,2023-04-30,1545,137,NA,7,5,2,1967,0,0,0,NA,0,SOUTH,WALNUT AV,BURNETT,16,N,N,A,-,N,NA,NA,NA,NA,NA,NA,NA,NA,NA,N,4,0,3,2,A,-,03,22350,NA,N,C,C,A,A,H,-,A,D,0,NA,NA,NA,NA,Y,NA,A,07,0,0,3,0,0,0,0,0,0,-,-,NA,NA,LOS ANGELES,SIGNAL HILL,-118.17198181152344,33.8007926940918
82075851,2022,2023-05-24,1909,2022-05-24,1715,607,1909,2,5,4,1909,0,0,0,NA,0,NORTH,FLORENCE AV,EASTERN AV,79,W,N,A,-,N,NA,NA,NA,NA,NA,NA,NA,NA,NA,N,4,0,1,2,A,-,03,22350,NA,F,C,C,A,A,H,-,A,A,0,NA,NA,NA,NA,Y,NA,D,22,0,0,1,0,0,0,0,0,0,-,-,33.96784973144531,-118.16475677490234,LOS ANGELES,BELL GARDENS,-118.16511535644533,33.96788787841797
82075855,2022,2023-05-24,1909,2022-05-26,1642,613,1909,4,5,4,1909,0,0,0,NA,0,NORTH,5736 GAGE AVENUE,AJAX AV,34,W,N,A,-,N,NA,NA,NA,NA,NA,NA,NA,NA,NA,Y,3,0,2,2,A,-,04,21703,NA,N,C,C,A,A,H,-,A,D,0,NA,NA,NA,NA,Y,NA,A,01,0,1,1,0,0,0,0,0,0,-,-,33.97536087036133,-118.16219329833984,LOS ANGELES,BELL GARDENS,-118.16230010986328,33.97536087036133
82075856,2023,2023-05-25,1922,2023-05-06,1733,707,1922,6,5,6,1922,0,0,0,NA,0,003,GARVEY AVE,SANTA ANITA AVE,0,NA,Y,A,-,N,NA,NA,NA,NA,NA,NA,NA,NA,NA,N,4,0,4,3,A,-,01,23153,A,F,B,C,A,A,H,-,A,A,0,NA,NA,NA,NA,Y,Y,A,08,0,0,4,0,0,0,0,0,0,-,-,34.06269836425781,-118.04254150390624,LOS ANGELES,EL MONTE,-118.0425033569336,34.06275177001953
82075861,2022,2023-05-24,1948,2022-03-16,1801,448,1948,3,5,5,1948,0,0,0,NA,0,003,RIGGIN ST,W/C/L OF WILCOX AVENUE,225,W,N,A,-,N,NA,NA,NA,NA,NA,NA,NA,NA,NA,Y,4,0,5,2,A,-,01,23153,A,F,C,C,A,A,H,-,A,D,0,NA,NA,NA,NA,Y,Y,A,01,0,0,5,0,0,0,0,0,0,-,-,NA,NA,LOS ANGELES,MONTEREY PARK,-118.12620544433594,34.03695297241211
82075863,2022,2023-05-24,1909,2022-05-29,0137,614,1909,7,5,4,1909,0,0,0,NA,0,NORTH,FLORENCE AV,EL SELINDA AV,224,W,N,A,-,Y,NA,NA,NA,NA,NA,NA,NA,NA,NA,N,4,0,1,1,A,-,09,21801,A,N,E,I,A,A,H,-,C,D,0,NA,NA,NA,NA,Y,NA,A,01,0,0,1,0,0,0,0,0,0,-,-,33.967430114746094,-118.16062927246094,LOS ANGELES,BELL GARDENS,-118.1613998413086,33.96744155883789
82075866,2022,2023-05-24,1909,2022-05-30,0900,607,1909,1,5,4,1909,0,0,0,NA,0,SOUTH,FLORENCE AV,EASTERN AV,0,NA,Y,A,-,N,NA,NA,NA,NA,NA,NA,NA,NA,NA,Y,4,0,1,2,A,-,03,22350,NA,N,D,C,A,A,H,-,A,A,0,NA,NA,NA,NA,Y,NA,A,01,0,0,1,0,0,0,0,0,0,-,-,33.96784973144531,-118.16475677490234,LOS ANGELES,BELL GARDENS,-118.16486358642578,33.96786117553711
82075873,2022,2023-05-24,1909,2022-06-09,1707,588,1909,4,5,4,1909,0,0,0,NA,0,NORTH,FOSTER BRIDGE BLVD,OF THE WCL CHALET DRIVE,40,W,N,A,-,N,NA,NA,NA,NA,NA,NA,NA,NA,NA,Y,4,0,1,2,A,-,03,22350,NA,N,C,C,A,A,H,-,A,A,0,NA,NA,NA,NA,Y,NA,A,01,0,0,1,0,0,0,0,0,0,-,-,33.968631744384766,-118.13896942138672,LOS ANGELES,BELL GARDENS,-118.13896942138672,33.96861267089844
82075875,2022,2023-05-24,1909,2022-06-10,1301,602,1909,5,5,4,1909,0,0,0,NA,0,NORTH,GAGE AV,DARWELL AV,0,NA,Y,A,-,N,NA,NA,NA,NA,NA,NA,NA,NA,NA,Y,2,0,2,2,A,-,12,21453,A,N,D,D,A,A,H,-,A,A,0,NA,NA,NA,NA,Y,NA,A,01,1,1,0,0,0,0,0,0,0,-,-,33.974159240722656,-118.1502685546875,LOS ANGELES,BELL GARDENS,-118.15032196044922,33.97413635253906
82075876,2022,2023-05-24,1909,2022-06-10,1522,389,1909,5,5,4,1909,0,0,0,NA,0,SOUTH,TOLER AV,FLORENCE AV,0,NA,Y,A,-,N,NA,NA,NA,NA,NA,NA,NA,NA,NA,Y,4,0,1,2,A,-,09,21801,A,N,D,C,A,A,H,-,A,D,0,NA,NA,NA,NA,Y,NA,A,01,0,0,1,0,0,0,0,0,0,-,-,33.96614074707031,-118.15284729003906,LOS ANGELES,BELL GARDENS,-118.1533432006836,33.966468811035156
82075880,2023,2023-05-24,1948,2023-05-13,1212,2693,1948,6,5,5,1948,0,0,0,NA,0,005,POTRERO GRANDE DR,ARROYO DR,575,W,N,A,-,N,NA,NA,NA,NA,NA,NA,NA,NA,NA,Y,3,0,4,2,A,-,21,22106,NA,N,D,C,A,A,H,-,A,A,0,NA,NA,NA,NA,Y,NA,A,01,0,4,0,0,0,0,0,0,0,-,-,34.0448112487793,-118.10032653808594,LOS ANGELES,MONTEREY PARK,-118.10115051269533,34.04334259033203
82075881,2023,2023-05-24,1948,2023-05-14,1144,475,1948,7,5,5,1948,0,0,0,NA,0,001,ATLANTIC BLVD,BRIGHTWOOD ST,120,S,N,A,-,N,NA,NA,NA,NA,NA,NA,NA,NA,NA,Y,3,0,1,2,A,-,08,22102,NA,N,A,C,A,A,H,-,A,D,0,NA,NA,NA,NA,Y,NA,A,01,0,1,0,0,0,0,0,0,0,-,-,34.04230880737305,-118.14151000976564,LOS ANGELES,MONTEREY PARK,-118.1416015625,34.041988372802734
82075882,2023,2023-05-24,1948,2023-05-16,1240,490,1948,2,5,5,1948,0,0,0,NA,0,002,FLORENCE AV,EMERSON AV,293,S,N,A,-,N,NA,NA,NA,NA,NA,NA,NA,NA,NA,N,3,0,2,2,A,-,21,22106,NA,N,H,C,A,A,H,-,A,D,0,NA,NA,NA,NA,Y,NA,A,01,0,2,0,0,0,0,0,0,0,-,-,34.06623077392578,-118.1106414794922,LOS ANGELES,MONTEREY PARK,-118.11060333251952,34.065406799316406
82075983,2023,2023-05-24,1925,2023-05-09,812,21092,242,2,5,6,1925,0,0,0,NA,0,003,CHEVY CHASE DRIVE,ORANGE GROVE AVENUE,0,NA,Y,B,-,N,NA,NA,NA,NA,NA,NA,NA,NA,NA,Y,4,0,2,3,A,-,09,21802,A,N,D,C,A,A,H,-,A,A,0,NA,NA,NA,NA,Y,NA,A,01,0,0,2,0,0,0,0,0,0,-,-,NA,NA,LOS ANGELES,GLENDALE,-118.23961639404295,34.143516540527344
82075984,2023,2023-05-24,1925,2023-05-10,937,21092,282,3,5,6,1925,0,0,0,NA,0,003,GLENDALE AVENUE,CYPRESS STREET (N),216,N,N,B,-,N,NA,NA,NA,NA,NA,NA,NA,NA,NA,N,4,0,1,2,A,-,08,22107,NA,N,D,C,A,A,H,-,A,D,0,NA,NA,NA,NA,Y,NA,A,01,0,0,1,0,0,0,0,0,0,-,-,NA,NA,LOS ANGELES,GLENDALE,-118.25247955322266,34.13039779663086
82075985,2023,2023-05-24,1925,2023-05-10,1109,22783,274,3,5,6,1925,0,0,0,NA,0,002,SAN FERNANDO ROAD,PALMER AVENUE (S),0,NA,Y,A,-,N,NA,NA,NA,NA,NA,NA,NA,NA,NA,N,4,0,1,2,A,-,09,21802,A,N,D,C,A,A,H,-,A,A,0,NA,NA,NA,NA,Y,NA,A,01,0,0,1,0,0,0,0,0,0,-,-,NA,NA,LOS ANGELES,GLENDALE,-118.2617416381836,34.1320686340332
82076013,2023,2023-05-24,1933,2023-04-19,1624,967,37,3,5,6,1933,0,0,0,NA,0,004,CHERRY AV,118TH ST,20,S,N,A,-,N,NA,NA,NA,NA,NA,NA,NA,NA,NA,N,4,0,1,2,A,-,11,21954,A,N,G,B,D,A,H,-,A,A,0,Y,NA,NA,NA,Y,NA,N,60,0,0,1,0,1,0,0,0,0,-,-,33.92705154418945,-118.33306121826172,LOS ANGELES,INGLEWOOD,-118.33301544189452,33.927024841308594
82076014,2023,2023-05-24,1933,2023-05-05,1642,1077,01,5,5,6,1933,0,0,0,NA,0,001,INGLEWOOD AV,CENTINELA AV,0,NA,Y,A,-,N,NA,NA,NA,NA,NA,NA,NA,NA,NA,N,4,0,1,2,A,-,08,22107,NA,N,D,C,A,A,H,-,A,D,0,NA,NA,NA,NA,Y,NA,A,01,0,0,1,0,0,0,0,0,0,-,-,33.97663879394531,-118.36118316650392,LOS ANGELES,INGLEWOOD,-118.3613510131836,33.976558685302734
82076021,2023,2023-05-24,1933,2023-05-14,1010,1078,24,7,5,6,1933,0,0,0,NA,0,002,INGLEWOOD AV,CENTURY BLVD,0,NA,Y,A,-,N,NA,NA,NA,NA,NA,NA,NA,NA,NA,Y,3,0,1,2,A,-,01,23152,A,N,A,C,A,A,H,-,A,A,0,NA,NA,NA,NA,Y,Y,A,01,0,1,0,0,0,0,0,0,0,-,-,33.945499420166016,-118.36134338378906,LOS ANGELES,INGLEWOOD,-118.3613510131836,33.94544219970703
82076859,2023,2023-05-25,1963,2023-05-07,1913,372,226,7,5,3,1963,0,0,0,NA,0,002,HUNTINGTON DR,SAN MARINO AV,0,NA,Y,A,-,N,NA,NA,NA,NA,NA,NA,NA,NA,NA,N,4,0,2,2,A,-,03,22350,NA,F,C,C,A,A,H,-,A,A,0,NA,NA,NA,NA,Y,NA,A,01,0,0,2,0,0,0,0,0,0,-,-,34.12194061279297,-118.10640716552734,LOS ANGELES,SAN MARINO,-118.10636901855467,34.12193298339844
82076893,2023,2023-05-25,1947,2023-04-22,1718,1458,NA,6,5,5,1947,0,0,0,NA,0,00A,WHITTIER BLVD,GARFIELD AVE,20,W,N,A,-,N,NA,NA,NA,NA,NA,NA,NA,NA,NA,N,4,0,1,2,A,-,09,21804,A,N,D,C,A,A,H,-,A,D,0,NA,NA,NA,NA,Y,NA,A,01,0,0,1,0,0,0,0,0,0,-,-,34.01470184326172,-118.12993621826172,LOS ANGELES,MONTEBELLO,-118.13009643554688,34.01461410522461
82076899,2022,2023-05-25,1909,2022-06-18,1047,613,1909,6,5,4,1909,0,0,0,NA,0,SOUTH,CLARA ST,GARFIELD AV,14,W,N,A,-,N,NA,NA,NA,NA,NA,NA,NA,NA,NA,N,4,0,1,2,A,-,08,22107,NA,F,A,C,A,A,H,-,A,A,0,NA,NA,NA,NA,Y,NA,-,99,0,0,1,0,0,0,0,0,0,-,-,33.961978912353516,-118.15396118164064,LOS ANGELES,BELL GARDENS,-118.1540985107422,33.962013244628906
82076903,2023,2023-05-25,1923,2023-04-15,1711,501,106,6,5,3,1923,0,0,0,NA,0,3L1D,MAIN ST,MARIPOSA AVE,0,NA,Y,A,-,N,NA,NA,NA,NA,NA,NA,NA,NA,NA,N,3,0,2,2,A,-,09,21801,A,N,D,C,A,A,H,-,A,A,0,NA,NA,NA,NA,Y,NA,A,01,0,2,0,0,0,0,0,0,0,-,-,33.92359161376953,-118.41596221923828,LOS ANGELES,EL SEGUNDO,-118.41600036621094,33.92359924316406
82076904,2022,2023-05-25,1909,2022-06-21,1913,606,1909,2,5,4,1909,0,0,0,NA,0,NORTH,LOVELAND ST,SCL OF LOVELAND STREET,0,N,Y,A,-,N,NA,NA,NA,NA,NA,NA,NA,NA,NA,N,4,0,1,2,A,-,05,21651,B,N,B,G,A,A,H,-,A,D,0,NA,Y,NA,NA,Y,NA,L,04,0,0,1,0,0,0,1,0,0,-,-,NA,NA,LOS ANGELES,BELL GARDENS,NA,NA
82076905,2023,2023-05-25,1923,2023-04-29,1657,538,E212,6,5,3,1923,0,0,0,NA,0,3L2D,FRANKLIN AVE,KANSAS ST,0,NA,Y,A,-,N,NA,NA,NA,NA,NA,NA,NA,NA,NA,Y,3,0,2,2,A,-,12,22450,A,N,D,C,A,A,H,-,A,A,0,NA,NA,NA,NA,Y,NA,A,01,0,1,1,0,0,0,0,0,0,-,-,33.91788864135742,-118.40048980712892,LOS ANGELES,EL SEGUNDO,-118.40052032470705,33.917877197265625
82076994,2023,2023-05-25,1933,2023-05-13,2230,1027,35,6,5,6,1933,0,0,0,NA,0,004,109TH ST,YUKON AV,0,NA,Y,A,-,N,NA,NA,NA,NA,NA,NA,NA,NA,NA,N,3,0,1,2,A,-,12,22450,A,N,D,C,A,A,H,-,C,D,0,NA,NA,NA,NA,Y,NA,-,-,0,1,0,0,0,0,0,0,0,-,-,NA,NA,LOS ANGELES,INGLEWOOD,-118.33489227294922,33.93675994873047
82076996,2023,2023-05-25,1933,2023-05-17,1802,852,01,3,5,6,1933,0,0,0,NA,0,001,64TH ST,ACACIA ST,275,E,N,A,-,N,NA,NA,NA,NA,NA,NA,NA,NA,NA,N,4,0,1,1,A,-,03,22350,NA,N,E,I,A,A,H,-,A,D,0,NA,NA,Y,NA,Y,NA,C,02,0,0,1,0,0,0,0,0,1,-,-,33.98133087158203,-118.36367797851564,LOS ANGELES,INGLEWOOD,-118.36295318603516,33.98125457763672
82076997,2023,2023-05-25,1933,2023-05-17,2058,1014,34,3,5,6,1933,0,0,0,NA,0,004,IMPERIAL HWY,DOTY AV,0,NA,Y,A,-,N,NA,NA,NA,NA,NA,NA,NA,NA,NA,Y,4,0,1,2,A,-,12,21453,A,N,D,C,A,A,H,-,C,A,0,NA,NA,NA,NA,Y,NA,-,-,0,0,1,0,0,0,0,0,0,-,-,33.93098831176758,-118.3394775390625,LOS ANGELES,INGLEWOOD,-118.33940887451172,33.93095397949219
82076998,2023,2023-05-25,1933,2023-05-19,750,1082,24,5,5,6,1933,0,0,0,NA,0,002,LA BREA AV,ARBOR VITAE ST,0,NA,Y,B,-,N,NA,NA,NA,NA,NA,NA,NA,NA,NA,Y,4,0,1,3,A,-,08,22107,NA,N,D,C,A,A,H,-,A,A,0,NA,NA,NA,NA,Y,NA,A,01,0,0,1,0,0,0,0,0,0,-,-,33.95273971557617,-118.35262298583984,LOS ANGELES,INGLEWOOD,-118.3527374267578,33.952735900878906
82077002,2023,2023-05-25,1933,2023-05-20,2138,1027,37,6,5,6,1933,0,0,0,NA,0,004,CRENSHAW BLVD,116TH ST (W),0,NA,Y,A,-,N,NA,NA,NA,NA,NA,NA,NA,NA,NA,Y,4,0,2,5,A,-,01,23152,A,F,A,C,A,A,H,-,C,A,0,NA,NA,NA,NA,Y,Y,A,01,0,0,2,0,0,0,0,0,0,-,-,33.9285888671875,-118.32656860351564,LOS ANGELES,INGLEWOOD,-118.32658386230467,33.92861557006836
82077004,2023,2023-05-25,1933,2023-05-20,1435,1083,15,6,5,6,1933,0,0,0,NA,0,002,LA CIENEGA BLVD,ARBOR VITAE ST,0,NA,Y,A,-,N,NA,NA,NA,NA,NA,NA,NA,NA,NA,Y,4,0,1,2,A,-,01,23152,A,N,D,C,A,A,H,-,A,A,0,NA,NA,NA,NA,Y,Y,A,01,0,0,1,0,0,0,0,0,0,-,-,33.952781677246094,-118.37004089355467,LOS ANGELES,INGLEWOOD,-118.3700714111328,33.95269012451172
82077008,2023,2023-05-25,1933,2023-05-22,1625,869,34,1,5,6,1933,0,0,0,NA,0,004,IMPERIAL HWY,PRAIRIE AV,26,W,N,A,-,N,NA,NA,NA,NA,NA,NA,NA,NA,NA,Y,4,0,3,3,A,-,09,21801,A,N,D,C,A,A,H,-,A,A,0,NA,NA,NA,NA,Y,NA,A,07,0,0,3,0,0,0,0,0,0,-,-,33.93098831176758,-118.34390258789064,LOS ANGELES,INGLEWOOD,-118.34398651123048,33.93096160888672