CASE_ID,ACCIDENT_YEAR,PROC_DATE,JURIS,COLLISION_DATE,COLLISION_TIME,OFFICER_ID,REPORTING_DISTRICT,DAY_OF_WEEK,CHP_SHIFT,POPULATION,CNTY_CITY_LOC,SPECIAL_COND,BEAT_TYPE,CHP_BEAT_TYPE,CITY_DIVISION_LAPD,CHP_BEAT_CLASS,BEAT_NUMBER,PRIMARY_RD,SECONDARY_RD,DISTANCE,DIRECTION,INTERSECTION,WEATHER_1,WEATHER_2,STATE_HWY_IND,CALTRANS_COUNTY,CALTRANS_DISTRICT,STATE_ROUTE,ROUTE_SUFFIX,POSTMILE_PREFIX,POSTMILE,LOCATION_TYPE,RAMP_INTERSECTION,SIDE_OF_HWY,TOW_AWAY,COLLISION_SEVERITY,NUMBER_KILLED,NUMBER_INJURED,PARTY_COUNT,PRIMARY_COLL_FACTOR,PCF_CODE_OF_VIOL,PCF_VIOL_CATEGORY,PCF_VIOLATION,PCF_VIOL_SUBSECTION,HIT_AND_RUN,TYPE_OF_COLLISION,MVIW,PED_ACTION,ROAD_SURFACE,ROAD_COND_1,ROAD_COND_2,LIGHTING,CONTROL_DEVICE,CHP_ROAD_TYPE,PEDESTRIAN_ACCIDENT,BICYCLE_ACCIDENT,MOTORCYCLE_ACCIDENT,TRUCK_ACCIDENT,NOT_PRIVATE_PROPERTY,ALCOHOL_INVOLVED,STWD_VEHTYPE_AT_FAULT,CHP_VEHTYPE_AT_FAULT,COUNT_SEVERE_INJ,COUNT_VISIBLE_INJ,COUNT_COMPLAINT_PAIN,COUNT_PED_KILLED,COUNT_PED_INJURED,COUNT_BICYCLIST_KILLED,COUNT_BICYCLIST_INJURED,COUNT_MC_KILLED,COUNT_MC_INJURED,PRIMARY_RAMP,SECONDARY_RAMP,LATITUDE,LONGITUDE,COUNTY,CITY,POINT_X,POINT_Y
82081873,2022,2023-05-31,1909,2022-08-10,1000,607,1909,3,5,4,1909,0,0,0,NA,0,EAST,CRAFTON AVENUE,ACACIA ST,85,N,N,A,-,N,NA,NA,NA,NA,NA,NA,NA,NA,NA,Y,3,0,1,3,A,-,08,22107,NA,N,B,C,A,A,H,-,A,D,0,NA,NA,Y,NA,Y,NA,C,03,0,1,0,0,0,0,0,0,1,-,-,NA,NA,LOS ANGELES,BELL GARDENS,-118.17417144775392,33.97502136230469
82081874,2023,2023-05-31,1948,2023-05-14,1439,475,1948,7,5,5,1948,0,0,0,NA,0,001,MONTEREY PASS RD,VAGABOND RD,0,NA,Y,A,-,N,NA,NA,NA,NA,NA,NA,NA,NA,NA,N,3,0,1,2,A,-,09,21801,A,N,D,C,A,A,H,-,A,A,0,NA,NA,NA,NA,Y,NA,A,01,0,1,0,0,0,0,0,0,0,-,-,34.05329895019531,-118.15097808837892,LOS ANGELES,MONTEREY PARK,-118.1510009765625,34.05331039428711
82081877,2022,2023-05-31,1909,2022-08-10,1719,602,1909,3,5,4,1909,0,0,0,NA,0,SOUTH,6038 PRIORY ST,IRA AVE,407,W,N,A,-,N,NA,NA,NA,NA,NA,NA,NA,NA,NA,N,4,0,1,2,D,-,00,NA,NA,N,E,E,A,A,H,-,A,D,0,NA,NA,NA,NA,Y,Y,-,-,0,0,1,0,0,0,0,0,0,-,-,NA,NA,LOS ANGELES,BELL GARDENS,-118.15770721435548,33.96327590942383
82081880,2022,2023-05-31,1909,2022-08-12,1455,588,1909,5,5,4,1909,0,0,0,NA,0,NORTH,GARFIELD AV,LOVELAND ST,0,NA,Y,A,-,N,NA,NA,NA,NA,NA,NA,NA,NA,NA,N,3,0,1,2,A,-,10,21950,A,N,G,B,B,A,H,-,A,A,0,Y,NA,NA,NA,Y,NA,A,01,0,1,0,0,1,0,0,0,0,-,-,33.9700813293457,-118.14897918701172,LOS ANGELES,BELL GARDENS,-118.14908599853516,33.9701042175293
82081883,2022,2023-05-31,1909,2022-08-15,1609,607,1909,1,5,4,1909,0,0,0,NA,0,NORTH,OTTO ST,EMIL AV,260,E,N,A,-,N,NA,NA,NA,NA,NA,NA,NA,NA,NA,Y,3,0,2,3,A,-,08,22107,NA,N,C,E,A,A,H,-,A,D,0,NA,NA,NA,NA,Y,NA,A,01,0,1,1,0,0,0,0,0,0,-,-,33.963531494140625,-118.14691162109376,LOS ANGELES,BELL GARDENS,-118.14627075195313,33.963130950927734
82081884,2022,2023-05-31,1909,2022-08-16,1517,588,1909,2,5,4,1909,0,0,0,NA,0,SOUTH,BELL GARDENS,NOT STATED,0,NA,-,A,-,N,NA,NA,NA,NA,NA,NA,NA,NA,NA,N,4,0,1,1,D,-,00,NA,NA,N,D,C,A,A,G,-,A,D,0,NA,NA,NA,NA,Y,NA,-,-,0,0,1,0,0,0,0,0,0,-,-,NA,NA,LOS ANGELES,BELL GARDENS,-118.169745,33.960327
82081887,2022,2023-05-31,1909,2022-08-21,1923,614,1909,7,5,4,1909,0,0,0,NA,0,NORTH,FLORENCE AV,AJAX AV,224,E,N,A,-,N,NA,NA,NA,NA,NA,NA,NA,NA,NA,N,4,0,1,2,A,-,05,21650,1,N,D,G,A,A,H,-,A,D,0,NA,Y,NA,NA,Y,NA,L,04,0,0,1,0,0,0,1,0,0,-,-,33.96773147583008,-118.16326904296876,LOS ANGELES,BELL GARDENS,-118.16261291503906,33.967567443847656
82081897,2022,2023-05-31,1909,2022-08-25,0729,607,1909,4,5,4,1909,0,0,0,NA,0,SOUTH,GARFIELD AV,CECILIA ST,41,N,N,A,-,N,NA,NA,NA,NA,NA,NA,NA,NA,NA,N,3,0,1,2,A,-,11,21955,NA,N,G,B,D,A,H,-,A,A,0,Y,NA,NA,NA,Y,Y,N,60,0,1,0,0,1,0,0,0,0,-,-,33.956748962402344,-118.16004180908205,LOS ANGELES,BELL GARDENS,-118.15996551513672,33.95685958862305
82081899,2022,2023-05-31,1909,2022-08-25,1849,599,1909,4,5,4,1909,0,0,0,NA,0,SOUTH,EASTERN AV,FLORENCE AV,34,N,N,A,-,N,NA,NA,NA,NA,NA,NA,NA,NA,NA,N,4,0,2,2,A,-,12,21453,A,N,D,C,A,A,H,-,A,A,0,NA,NA,NA,NA,Y,NA,A,01,0,0,2,0,0,0,0,0,0,-,-,33.96784973144531,-118.16475677490234,LOS ANGELES,BELL GARDENS,-118.16484832763672,33.967952728271484
82081900,2022,2023-06-02,1969,2022-10-12,1942,10224,TRAFF,3,5,5,1969,0,0,0,NA,0,001,TWEEDY BLVD,TRUBA AV,12,W,N,A,-,N,NA,NA,NA,NA,NA,NA,NA,NA,NA,Y,1,1,2,3,A,-,12,21453,A,N,D,C,A,A,H,-,C,A,0,NA,NA,NA,NA,Y,NA,D,22,1,0,1,0,0,0,0,0,0,-,-,33.946380615234375,-118.22535705566406,LOS ANGELES,SOUTH GATE,-118.22541046142578,33.94631576538086
82081902,2022,2023-05-31,1909,2022-08-27,2057,614,1909,6,5,4,1909,0,0,0,NA,0,NORTH,FLORENCE AV,EASTERN AV,126,W,N,A,-,Y,NA,NA,NA,NA,NA,NA,NA,NA,NA,Y,4,0,1,3,A,-,03,22350,NA,N,C,C,A,A,H,-,C,D,0,NA,NA,NA,NA,Y,NA,A,01,0,0,1,0,0,0,0,0,0,-,-,33.96784973144531,-118.16475677490234,LOS ANGELES,BELL GARDENS,-118.16526794433594,33.96790313720703
82081904,2022,2023-05-31,1909,2022-08-28,2059,615,1909,7,5,4,1909,0,0,0,NA,0,SOUTH,7413 JABONERIA ROAD,NCL OF LIVE OAK STREET,110,N,N,A,-,N,NA,NA,NA,NA,NA,NA,NA,NA,NA,N,4,0,1,1,C,-,18,NA,NA,N,E,I,A,A,H,-,D,D,0,NA,NA,NA,NA,Y,NA,-,-,0,0,1,0,0,0,0,0,0,-,-,33.96567916870117,-118.15924835205078,LOS ANGELES,BELL GARDENS,-118.15957641601564,33.9653434753418
82081913,2023,2023-05-31,1969,2023-04-08,2234,10216,PATRO,6,5,5,1969,0,0,0,NA,0,005,GARFIELD AV,IMPERIAL HWY,200,S,N,A,-,Y,NA,NA,NA,NA,NA,NA,NA,NA,NA,N,4,0,2,2,A,-,09,21804,A,N,D,C,A,A,H,-,C,D,0,NA,NA,NA,NA,Y,Y,A,01,0,0,2,0,0,0,0,0,0,-,-,33.92988967895508,-118.16815185546876,LOS ANGELES,SOUTH GATE,-118.16835021972656,33.92938232421875
82081919,2023,2023-05-31,1969,2023-04-17,1445,10165,TRAFF,1,5,5,1969,0,0,0,NA,0,004,TWEEDY BLVD,HILDRETH AV (W),25,W,N,A,-,N,NA,NA,NA,NA,NA,NA,NA,NA,NA,N,4,0,1,2,A,-,03,22350,NA,N,C,C,A,A,H,-,A,D,0,NA,NA,NA,NA,Y,NA,A,01,0,0,1,0,0,0,0,0,0,-,-,33.94234085083008,-118.18882751464844,LOS ANGELES,SOUTH GATE,-118.18888092041016,33.9423713684082
82081930,2023,2023-05-31,1969,2023-05-05,2255,10216,PATRO,5,5,5,1969,0,0,0,NA,0,005,PARAMOUNT BLVD,SOMERSET RANCH RD N,30,N,N,A,-,Y,NA,NA,NA,NA,NA,NA,NA,NA,NA,N,4,0,1,2,A,-,03,22350,NA,M,C,C,A,A,H,-,C,A,0,NA,NA,NA,NA,Y,NA,A,07,0,0,1,0,0,0,0,0,0,-,-,33.91250991821289,-118.15985107421876,LOS ANGELES,SOUTH GATE,-118.15972900390624,33.912559509277344
82081933,2023,2023-05-31,1969,2023-05-07,1734,10239,PATRO,7,5,5,1969,0,0,0,NA,0,005,FILESTONE BLVD,NATIONAL AV,825,W,N,A,-,N,NA,NA,NA,NA,NA,NA,NA,NA,NA,Y,3,0,2,2,A,-,03,22350,NA,N,C,C,A,B,H,-,A,D,0,NA,NA,NA,NA,Y,NA,A,07,0,1,1,0,0,0,0,0,0,-,-,33.94942855834961,-118.16754150390624,LOS ANGELES,SOUTH GATE,-118.16567993164064,33.94914245605469
82081936,2023,2023-05-31,1969,2023-05-09,842,10226,TRAFF,2,5,5,1969,0,0,0,NA,0,005,PARAMOUNT BLVD,MAIN ST,0,NA,Y,A,-,N,NA,NA,NA,NA,NA,NA,NA,NA,NA,N,4,0,2,2,A,-,12,21453,A,N,D,C,A,A,H,-,A,A,0,NA,NA,NA,NA,Y,NA,A,08,0,0,2,0,0,0,0,0,0,-,-,33.91456985473633,-118.15899658203124,LOS ANGELES,SOUTH GATE,-118.1588897705078,33.91464614868164
82081939,2023,2023-05-31,1969,2023-05-22,631,10208,TRAFF,1,5,5,1969,0,0,0,NA,0,002,STATE ST,ILLINOIS AV,390,N,N,B,-,N,NA,NA,NA,NA,NA,NA,NA,NA,NA,N,4,0,1,2,A,-,09,21801,A,N,D,C,A,A,H,-,A,D,0,NA,NA,NA,NA,Y,NA,A,01,0,0,1,0,0,0,0,0,0,-,-,NA,NA,LOS ANGELES,SOUTH GATE,-118.21278381347656,33.9510498046875
82081940,2023,2023-05-31,1969,2023-05-29,11,10242,PATRO,1,5,5,1969,0,0,0,NA,0,003,SAN JUAN AV,SOUTHERN AV,66,N,N,A,-,N,NA,NA,NA,NA,NA,NA,NA,NA,NA,Y,4,0,1,2,A,-,01,23152,A,N,D,E,A,A,H,-,C,A,0,NA,NA,NA,NA,Y,Y,A,01,0,0,1,0,0,0,0,0,0,-,-,33.950618743896484,-118.20198822021484,LOS ANGELES,SOUTH GATE,-118.2021026611328,33.95063018798828
82081973,2023,2023-05-31,1925,2023-05-11,909,29326,214,4,5,6,1925,0,0,0,NA,0,001,PACIFIC AVENUE,ARDEN AVENUE (N),0,NA,Y,A,-,N,NA,NA,NA,NA,NA,NA,NA,NA,NA,N,4,0,1,2,A,-,12,21453,A,N,D,C,A,A,H,-,A,A,0,NA,NA,NA,NA,Y,NA,D,22,0,0,1,0,0,0,0,0,0,-,-,NA,NA,LOS ANGELES,GLENDALE,-118.26406097412108,34.15825653076172
82081974,2023,2023-05-31,1925,2023-05-14,1700,25163,257,7,5,6,1925,0,0,0,NA,0,002,COLORADO STREET,GALLERIA WAY,0,NA,Y,A,-,N,NA,NA,NA,NA,NA,NA,NA,NA,NA,Y,4,0,1,2,A,-,08,22107,NA,N,D,C,A,A,H,-,A,A,0,NA,NA,Y,NA,Y,NA,C,06,0,0,1,0,0,0,0,0,0,-,-,NA,NA,LOS ANGELES,GLENDALE,-118.25917053222656,34.14255142211914
82082910,2022,2023-06-01,1909,2022-09-15,0626,608,1909,4,5,4,1909,0,0,0,NA,0,NORTH,GAGE AV,SCL OF GAGE AVE.,22,N,N,A,-,N,NA,NA,NA,NA,NA,NA,NA,NA,NA,Y,4,0,2,2,A,-,09,21804,A,N,D,C,A,A,H,-,A,D,0,NA,NA,NA,NA,Y,NA,A,01,0,0,2,0,0,0,0,0,0,-,-,NA,NA,LOS ANGELES,BELL GARDENS,-118.150390625,33.974151611328125
82082917,2022,2023-06-01,1909,2022-09-20,1324,607,1909,2,5,4,1909,0,0,0,NA,0,SOUTH,EASTERN AV,CECILIA ST,0,NA,Y,A,-,N,NA,NA,NA,NA,NA,NA,NA,NA,NA,Y,3,0,3,2,A,-,09,21801,A,N,D,C,A,A,H,-,A,D,0,NA,NA,NA,NA,Y,NA,A,01,0,2,1,0,0,0,0,0,0,-,-,33.95722961425781,-118.16442108154295,LOS ANGELES,BELL GARDENS,-118.16446685791016,33.95721435546875
82082918,2022,2023-06-01,1909,2022-09-20,1827,615,1909,2,5,4,1909,0,0,0,NA,0,EAST,SCOUT AV,SCL OF FLORENCE PLACE,8,N,N,A,-,N,NA,NA,NA,NA,NA,NA,NA,NA,NA,Y,4,0,2,2,A,-,09,21801,A,N,D,C,A,A,H,-,A,D,0,NA,NA,NA,NA,Y,NA,A,01,0,0,2,0,0,0,0,0,0,-,-,33.96514892578125,-118.13899993896484,LOS ANGELES,BELL GARDENS,-118.13997650146484,33.9652099609375
82082919,2022,2023-06-01,1909,2022-09-20,2006,608,1909,2,5,4,1909,0,0,0,NA,0,SOUTH,JABONERIA RD,ECL OF JABONERIA ROAD,4,W,N,A,-,N,NA,NA,NA,NA,NA,NA,NA,NA,NA,Y,4,0,1,2,A,-,08,22107,NA,N,B,E,A,A,H,-,C,A,0,NA,NA,NA,NA,Y,NA,A,01,0,0,1,0,0,0,0,0,0,-,-,NA,NA,LOS ANGELES,BELL GARDENS,NA,NA
82082921,2022,2023-06-01,1909,2022-09-22,0745,588,1909,4,5,4,1909,0,0,0,NA,0,SOUTH,GARFIELD AV,THE SCL FLORENCE AVENUE,23,S,N,A,-,N,NA,NA,NA,NA,NA,NA,NA,NA,NA,N,3,0,2,2,A,-,03,22350,NA,N,C,C,A,A,H,-,A,A,0,NA,NA,NA,NA,Y,NA,A,01,0,1,1,0,0,0,0,0,0,-,-,33.965240478515625,-118.15158081054688,LOS ANGELES,BELL GARDENS,-118.1517333984375,33.96527099609375
82082926,2022,2023-06-01,1909,2022-09-25,1047,587,1909,7,5,4,1909,0,0,0,NA,0,SOUTH,JABONERIA RD,CECILIA ST,0,NA,Y,A,-,N,NA,NA,NA,NA,NA,NA,NA,NA,NA,N,3,0,1,2,A,-,05,21650,1,N,G,G,A,A,H,-,A,D,0,NA,Y,NA,NA,Y,NA,L,04,0,1,0,0,0,0,1,0,0,-,-,33.95722961425781,-118.16832733154295,LOS ANGELES,BELL GARDENS,-118.16836547851564,33.95717239379883
82082931,2022,2023-06-01,1909,2022-09-28,0546,587,1909,3,5,4,1909,0,0,0,NA,0,EAST,FLORENCE AV,EMIL AV,0,NA,Y,A,-,N,NA,NA,NA,NA,NA,NA,NA,NA,NA,N,4,0,1,2,A,-,10,21950,A,F,G,B,B,A,H,-,C,A,0,Y,NA,NA,NA,Y,NA,-,99,0,0,1,0,1,0,0,0,0,-,-,33.96281814575195,-118.14768981933594,LOS ANGELES,BELL GARDENS,-118.1477279663086,33.96277618408203
82082936,2022,2023-06-01,1909,2022-09-29,0831,588,1909,4,5,4,1909,0,0,0,NA,0,NORTH,LUBEC ST,EL SELINDA AV,0,NA,Y,A,-,N,NA,NA,NA,NA,NA,NA,NA,NA,NA,N,3,0,1,2,A,-,12,22450,A,N,D,C,A,A,H,-,A,A,0,NA,NA,NA,NA,Y,NA,A,01,0,1,0,0,0,0,0,0,0,-,-,33.97114181518555,-118.1601104736328,LOS ANGELES,BELL GARDENS,-118.16015625,33.97113037109375
82082944,2022,2023-06-01,1909,2022-09-28,2100,588,1909,3,5,4,1909,0,0,0,NA,0,SOUTH,EASTERN AV,FLORENCE AV,0,NA,Y,F,-,N,NA,NA,NA,NA,NA,NA,NA,NA,NA,N,4,0,1,2,A,-,10,21950,A,F,G,B,B,A,G,-,C,A,0,Y,NA,NA,NA,Y,NA,A,01,0,0,1,0,1,0,0,0,0,-,-,33.96784973144531,-118.16475677490234,LOS ANGELES,BELL GARDENS,-118.16486358642578,33.96786117553711
82082948,2023,2023-06-01,1969,2023-03-28,813,20226,TRAFF,2,5,5,1969,0,0,0,NA,0,003,OTIS ST,SOUTHERN AV,185,S,N,A,-,N,NA,NA,NA,NA,NA,NA,NA,NA,NA,Y,4,0,1,3,A,-,08,22107,NA,N,B,E,A,A,H,-,A,A,0,NA,NA,NA,NA,Y,NA,A,01,0,0,1,0,0,0,0,0,0,-,-,33.9500617980957,-118.19686126708984,LOS ANGELES,SOUTH GATE,-118.19676971435548,33.94955825805664
82082952,2023,2023-06-01,1969,2023-05-01,836,10226,TRAFF,1,5,5,1969,0,0,0,NA,0,004,PINEHURST AV,TWEEDY BLVD,197,S,N,A,-,N,NA,NA,NA,NA,NA,NA,NA,NA,NA,N,4,0,1,2,A,-,08,22107,NA,N,C,E,A,A,H,-,A,D,0,NA,NA,NA,NA,Y,NA,A,01,0,0,1,0,0,0,0,0,0,-,-,NA,NA,LOS ANGELES,SOUTH GATE,-118.18296051025392,33.94171142578125
82082958,2023,2023-06-01,1969,2023-05-08,1330,10226,TRAFF,1,5,5,1969,0,0,0,NA,0,004,FILESTONE BLVD,RHEEM AV,0,NA,Y,A,-,N,NA,NA,NA,NA,NA,NA,NA,NA,NA,N,4,0,1,2,A,-,09,21801,A,N,D,C,A,A,H,-,A,A,0,NA,NA,NA,NA,Y,NA,A,01,0,0,1,0,0,0,0,0,0,-,-,33.952911376953125,-118.19338989257813,LOS ANGELES,SOUTH GATE,-118.19339752197266,33.95288848876953
82082960,2023,2023-06-01,1969,2023-05-09,723,10226,TRAFF,2,5,5,1969,0,0,0,NA,0,004,WRIGHT RD,ABBOTT RD,180,S,N,A,-,N,NA,NA,NA,NA,NA,NA,NA,NA,NA,N,3,0,4,2,D,-,00,NA,NA,N,D,C,A,A,H,-,A,D,0,NA,NA,NA,NA,Y,NA,-,-,0,2,2,0,0,0,0,0,0,-,-,33.9338493347168,-118.18055725097656,LOS ANGELES,SOUTH GATE,-118.18056488037108,33.933319091796875
82082962,2023,2023-06-01,1969,2023-05-11,1320,10224,TRAFF,4,5,5,1969,0,0,0,NA,0,003,MALLISON AV,SOUTHERN AV,200,S,N,A,-,N,NA,NA,NA,NA,NA,NA,NA,NA,NA,N,3,0,1,3,A,-,17,22517,NA,N,C,G,A,A,H,-,A,D,0,NA,Y,NA,NA,Y,NA,A,01,0,1,0,0,0,0,1,0,0,-,-,33.95018005371094,-118.1977996826172,LOS ANGELES,SOUTH GATE,-118.19783020019533,33.949615478515625
82082971,2023,2023-06-01,1965,2023-04-08,314,4131,OB1F,6,5,5,1965,0,0,0,NA,0,001,BAY ST,NOT STATED,0,NA,-,A,-,N,NA,NA,NA,NA,NA,NA,NA,NA,NA,N,4,0,1,1,A,-,21,22106,NA,N,E,J,A,A,H,-,C,D,0,NA,NA,NA,NA,Y,Y,A,01,0,0,1,0,0,0,0,0,0,-,-,NA,NA,LOS ANGELES,SANTA MONICA,NA,NA
82082972,2023,2023-06-01,1965,2023-04-09,1037,3944,0B4F,7,5,5,1965,0,0,0,NA,0,B004,MONTANA AVE,26TH ST,0,NA,Y,A,-,N,NA,NA,NA,NA,NA,NA,NA,NA,NA,Y,3,0,1,2,D,-,00,NA,NA,N,D,C,A,A,H,-,A,A,0,NA,NA,NA,NA,Y,NA,-,-,0,1,0,0,0,0,0,0,0,-,-,NA,NA,LOS ANGELES,SANTA MONICA,-118.48379516601564,34.041419982910156
82082980,2023,2023-06-01,1965,2023-04-24,1240,3553,0B4A,1,5,5,1965,0,0,0,NA,0,B004,SAN VICENTE BLVD,21ST ST,16,E,N,A,-,N,NA,NA,NA,NA,NA,NA,NA,NA,NA,N,3,0,1,2,A,-,03,22350,NA,N,H,E,A,A,H,-,A,A,0,NA,Y,NA,Y,Y,NA,L,04,0,1,0,0,0,0,1,0,0,-,-,NA,NA,LOS ANGELES,SANTA MONICA,-118.49755096435548,34.0446891784668
82082982,2023,2023-06-01,1965,2023-04-24,1332,3553,0B4E,1,5,5,1965,0,0,0,NA,0,B004,16TH ST,IDAHO AVE,0,NA,Y,A,-,N,NA,NA,NA,NA,NA,NA,NA,NA,NA,N,3,0,1,2,A,-,09,21802,A,N,D,C,A,A,H,-,A,A,0,NA,NA,NA,NA,Y,NA,A,07,0,1,0,0,0,0,0,0,0,-,-,NA,NA,LOS ANGELES,SANTA MONICA,-118.49176788330078,34.03239440917969
82082984,2023,2023-06-01,1965,2023-04-24,1530,3553,0B3D,1,5,5,1965,0,0,0,NA,0,B003,MICHIGAN AVE,17TH CT,0,NA,Y,A,-,N,NA,NA,NA,NA,NA,NA,NA,NA,NA,N,4,0,3,2,A,-,09,21804,A,N,D,C,A,A,H,-,A,D,0,NA,NA,NA,NA,Y,NA,A,07,0,0,3,0,0,0,0,0,0,-,-,NA,NA,LOS ANGELES,SANTA MONICA,-118.47628784179688,34.020721435546875
82082986,2023,2023-06-01,1965,2023-04-24,1603,3553,0B1G,1,5,5,1965,0,0,0,NA,0,B001,4TH ST,OLYMPIC DR,73,S,N,A,-,N,NA,NA,NA,NA,NA,NA,NA,NA,NA,N,4,0,1,2,A,-,03,22350,NA,N,C,C,A,A,H,-,A,A,0,NA,NA,NA,NA,Y,NA,A,01,0,0,1,0,0,0,0,0,0,-,-,NA,NA,LOS ANGELES,SANTA MONICA,-118.48986053466795,34.011905670166016
82082991,2023,2023-06-01,1965,2023-04-30,1335,3950,0B1F,7,5,5,1965,0,0,0,NA,0,B001,HART AVE,BARNARD WAY,0,NA,Y,B,-,N,NA,NA,NA,NA,NA,NA,NA,NA,NA,Y,3,0,1,1,A,-,08,22107,NA,N,A,I,A,A,H,-,A,D,0,NA,NA,NA,NA,Y,NA,A,01,0,1,0,0,0,0,0,0,0,-,-,NA,NA,LOS ANGELES,SANTA MONICA,-118.4868392944336,34.001983642578125
82083158,2023,2023-06-01,1933,2023-05-25,812,1082,08,4,5,6,1933,0,0,0,NA,0,002,ASH AV,MANCHESTER BLVD,75,N,N,B,-,N,NA,NA,NA,NA,NA,NA,NA,NA,NA,N,3,0,2,2,A,-,06,21751,NA,N,D,C,A,A,H,-,A,A,0,NA,NA,NA,NA,Y,NA,A,01,0,1,1,0,0,0,0,0,0,-,-,33.96168899536133,-118.36814880371094,LOS ANGELES,INGLEWOOD,-118.36824798583984,33.961814880371094
82083160,2023,2023-06-01,1933,2023-05-27,1036,1008,35,6,5,6,1933,0,0,0,NA,0,004,CRENSHAW BLVD,109TH ST,0,NA,Y,A,-,N,NA,NA,NA,NA,NA,NA,NA,NA,NA,N,4,0,1,2,A,-,12,21453,A,N,D,G,A,A,H,-,A,A,0,NA,Y,NA,NA,Y,NA,L,04,0,0,1,0,0,0,1,0,0,-,-,33.936771392822266,-118.32646942138672,LOS ANGELES,INGLEWOOD,-118.32656097412108,33.93677520751953
82083162,2023,2023-06-01,1933,2023-05-27,1526,835,36,6,5,6,1933,0,0,0,NA,0,004,VAN NESS AV,111TH ST,0,NA,Y,A,-,Y,NA,NA,NA,NA,NA,NA,NA,NA,NA,Y,4,0,1,2,A,-,12,22450,A,F,D,C,A,A,H,-,A,D,0,NA,NA,NA,NA,Y,NA,A,01,0,0,1,0,0,0,0,0,0,-,-,33.933441162109375,-118.31781005859376,LOS ANGELES,INGLEWOOD,-118.31777954101564,33.93349075317383
82083163,2023,2023-06-01,1933,2023-05-27,1750,1035,25,6,5,6,1933,0,0,0,NA,0,002,CENTURY BLVD,MYRTLE AV,0,NA,Y,A,-,N,NA,NA,NA,NA,NA,NA,NA,NA,NA,N,4,0,1,2,A,-,08,22107,NA,N,A,C,A,A,H,-,A,A,0,NA,NA,NA,NA,Y,NA,A,01,0,0,1,0,0,0,0,0,0,-,-,33.94548034667969,-118.34915924072266,LOS ANGELES,INGLEWOOD,-118.34918975830078,33.94545364379883
82084067,2023,2023-06-02,1975,2023-04-03,733,488,WCPD,1,5,6,1975,0,0,0,NA,0,001,VINCENT AV,RT 10 WB ONRAMP (N),180,S,N,A,-,Y,NA,NA,NA,NA,NA,NA,NA,NA,NA,Y,3,0,2,2,A,-,05,21650,NA,N,B,C,A,A,H,-,A,D,0,NA,NA,NA,NA,Y,NA,A,01,0,1,1,0,0,0,0,0,0,-,-,34.07400894165039,-117.92645263671876,LOS ANGELES,WEST COVINA,NA,NA
82084073,2023,2023-06-02,1975,2023-05-11,750,353,NA,4,5,6,1975,0,0,0,NA,0,001,LARK ELLEN AV,ROWLAND AV,265,S,N,A,-,N,NA,NA,NA,NA,NA,NA,NA,NA,NA,Y,4,0,1,2,A,-,08,22107,NA,N,C,E,A,A,H,-,A,D,0,NA,NA,NA,NA,Y,NA,A,01,0,0,1,0,0,0,0,0,0,-,-,34.079200744628906,-117.91658782958984,LOS ANGELES,WEST COVINA,-117.91658020019533,34.078392028808594
82084074,2023,2023-06-02,1975,2023-05-11,1250,456,WCPD,4,5,6,1975,0,0,0,NA,0,002,CAMERON AV,INMAN RD,140,E,N,A,-,N,NA,NA,NA,NA,NA,NA,NA,NA,NA,N,4,0,1,1,A,-,08,22103,NA,N,E,I,A,A,H,-,A,A,0,NA,NA,NA,NA,Y,NA,A,01,0,0,1,0,0,0,0,0,0,-,-,34.0609016418457,-117.8864288330078,LOS ANGELES,WEST COVINA,-117.88594818115234,34.06087875366211
82084076,2023,2023-06-02,1975,2023-05-15,1312,353,NA,1,5,6,1975,0,0,0,NA,0,003,WEST COVINA PKWY,CALIFORNIA AV,75,E,N,A,-,N,NA,NA,NA,NA,NA,NA,NA,NA,NA,Y,4,0,2,2,A,-,09,21804,A,N,D,C,A,A,H,-,A,D,0,NA,NA,NA,NA,Y,NA,A,07,0,0,2,0,0,0,0,0,0,-,-,34.06864929199219,-117.9302215576172,LOS ANGELES,WEST COVINA,-117.93001556396484,34.06855010986328
82084115,2022,2023-06-02,1909,2022-09-22,0805,588,1909,4,5,4,1909,0,0,0,NA,0,NORTH,COLMAR AV,LOVELAND ST,0,NA,Y,A,-,N,NA,NA,NA,NA,NA,NA,NA,NA,NA,N,4,0,1,2,A,-,10,21950,A,F,G,B,B,A,G,-,A,A,0,Y,NA,NA,NA,Y,NA,-,99,0,0,1,0,1,0,0,0,0,-,-,33.97357177734375,-118.15715026855467,LOS ANGELES,BELL GARDENS,-118.1571807861328,33.973567962646484
82084118,2022,2023-06-02,1909,2022-10-03,0818,607,1909,1,5,4,1909,0,0,0,NA,0,NORTH,GAGE AV,EL SELINDA AV,0,NA,Y,A,-,N,NA,NA,NA,NA,NA,NA,NA,NA,NA,N,4,0,3,2,A,-,12,21453,A,N,D,C,A,A,H,-,A,A,0,NA,NA,NA,NA,Y,NA,A,01,0,0,3,0,0,0,0,0,0,-,-,33.975059509277344,-118.15959167480467,LOS ANGELES,BELL GARDENS,-118.15957641601564,33.97507095336914