CASE_ID,ACCIDENT_YEAR,PROC_DATE,JURIS,COLLISION_DATE,COLLISION_TIME,OFFICER_ID,REPORTING_DISTRICT,DAY_OF_WEEK,CHP_SHIFT,POPULATION,CNTY_CITY_LOC,SPECIAL_COND,BEAT_TYPE,CHP_BEAT_TYPE,CITY_DIVISION_LAPD,CHP_BEAT_CLASS,BEAT_NUMBER,PRIMARY_RD,SECONDARY_RD,DISTANCE,DIRECTION,INTERSECTION,WEATHER_1,WEATHER_2,STATE_HWY_IND,CALTRANS_COUNTY,CALTRANS_DISTRICT,STATE_ROUTE,ROUTE_SUFFIX,POSTMILE_PREFIX,POSTMILE,LOCATION_TYPE,RAMP_INTERSECTION,SIDE_OF_HWY,TOW_AWAY,COLLISION_SEVERITY,NUMBER_KILLED,NUMBER_INJURED,PARTY_COUNT,PRIMARY_COLL_FACTOR,PCF_CODE_OF_VIOL,PCF_VIOL_CATEGORY,PCF_VIOLATION,PCF_VIOL_SUBSECTION,HIT_AND_RUN,TYPE_OF_COLLISION,MVIW,PED_ACTION,ROAD_SURFACE,ROAD_COND_1,ROAD_COND_2,LIGHTING,CONTROL_DEVICE,CHP_ROAD_TYPE,PEDESTRIAN_ACCIDENT,BICYCLE_ACCIDENT,MOTORCYCLE_ACCIDENT,TRUCK_ACCIDENT,NOT_PRIVATE_PROPERTY,ALCOHOL_INVOLVED,STWD_VEHTYPE_AT_FAULT,CHP_VEHTYPE_AT_FAULT,COUNT_SEVERE_INJ,COUNT_VISIBLE_INJ,COUNT_COMPLAINT_PAIN,COUNT_PED_KILLED,COUNT_PED_INJURED,COUNT_BICYCLIST_KILLED,COUNT_BICYCLIST_INJURED,COUNT_MC_KILLED,COUNT_MC_INJURED,PRIMARY_RAMP,SECONDARY_RAMP,LATITUDE,LONGITUDE,COUNTY,CITY,POINT_X,POINT_Y
82101375,2023,2023-06-26,1947,2023-05-22,1600,1462,NA,1,5,5,1947,0,0,0,NA,0,NA,BEVERLY BLVD,N. SPRUCE,0,NA,Y,A,-,N,NA,NA,NA,NA,NA,NA,NA,NA,NA,Y,4,0,1,2,A,-,08,22101,D,N,D,C,A,A,H,-,A,D,0,NA,NA,NA,NA,Y,NA,-,-,0,0,1,0,0,0,0,0,0,-,-,NA,NA,LOS ANGELES,MONTEBELLO,-118.10755157470705,34.01751708984375
82101376,2023,2023-06-26,1967,2023-06-11,1920,163,NA,7,5,2,1967,0,0,0,NA,0,NORTH,WILLOW,CALIFORNIA AV,0,NA,Y,B,-,N,NA,NA,NA,NA,NA,NA,NA,NA,NA,N,3,0,1,2,A,-,09,21801,A,N,D,C,A,A,H,-,B,A,0,NA,NA,NA,NA,Y,NA,A,08,0,1,0,0,0,0,0,0,0,-,-,NA,NA,LOS ANGELES,SIGNAL HILL,-118.1807098388672,33.80427932739258
82101377,2023,2023-06-26,1967,2023-06-12,958,172,NA,1,5,2,1967,0,0,0,NA,0,SOUTH,SR-1 (PACIFIC COAST HWY),REDONDO AV,0,NA,Y,B,-,Y,NA,NA,NA,NA,NA,NA,NA,NA,NA,Y,4,0,1,2,A,-,12,21453,A,N,D,C,A,A,H,-,A,C,0,NA,NA,NA,NA,Y,NA,A,01,0,0,1,0,0,0,0,0,0,-,-,NA,NA,LOS ANGELES,SIGNAL HILL,-118.1518325805664,33.789859771728516
82101381,2023,2023-06-26,1947,2023-06-12,219,1435,NA,1,5,5,1947,0,0,0,NA,0,00B,BEVERLY BLVD,21ST ST,120,E,N,A,-,N,NA,NA,NA,NA,NA,NA,NA,NA,NA,Y,4,0,1,1,A,-,01,23152,A,N,E,I,A,A,H,-,C,D,0,NA,NA,NA,NA,Y,Y,A,01,0,0,1,0,0,0,0,0,0,-,-,34.02043914794922,-118.12140655517578,LOS ANGELES,MONTEBELLO,-118.12102508544922,34.02033615112305
82101382,2023,2023-06-26,1922,2023-05-12,1500,701,NA,5,5,6,1922,0,0,0,NA,0,001,BROCKWAY ST,SANTA ANITA AVE,0,NA,Y,A,-,N,NA,NA,NA,NA,NA,NA,NA,NA,NA,N,4,0,1,2,A,-,12,21453,A,N,D,C,A,A,H,-,A,A,0,NA,NA,NA,NA,Y,NA,A,01,0,0,1,0,0,0,0,0,0,-,-,34.069190979003906,-118.04215240478516,LOS ANGELES,EL MONTE,-118.04216003417967,34.069122314453125
82101383,2023,2023-06-26,1909,2023-05-08,1142,602,1909,1,5,4,1909,0,0,0,NA,0,SOUTH,GARFIELD AV,EASTERN AV,0,NA,Y,A,-,N,NA,NA,NA,NA,NA,NA,NA,NA,NA,N,4,0,1,2,A,-,08,22107,NA,N,C,C,A,A,H,-,A,A,0,NA,NA,NA,NA,Y,NA,A,01,0,0,1,0,0,0,0,0,0,-,-,33.95355987548828,-118.1639404296875,LOS ANGELES,BELL GARDENS,-118.16388702392578,33.95350646972656
82101384,2023,2023-06-26,1909,2023-05-09,1419,588,1909,2,5,4,1909,0,0,0,NA,0,NORTH,GAGE AV,THE ECL SPECHT AV,160,E,N,B,-,N,NA,NA,NA,NA,NA,NA,NA,NA,NA,N,4,0,2,2,A,-,21,22106,NA,N,C,C,A,A,H,-,A,A,0,NA,NA,NA,NA,Y,NA,A,01,0,0,2,0,0,0,0,0,0,-,-,33.975521087646484,-118.1645736694336,LOS ANGELES,BELL GARDENS,-118.16458892822266,33.9755973815918
82101424,2023,2023-06-26,1965,2023-05-18,1009,4083,0B3A,4,5,5,1965,0,0,0,NA,0,B003,11TH ST,WILSHIRE BLVD,0,NA,Y,A,-,N,NA,NA,NA,NA,NA,NA,NA,NA,NA,N,4,0,1,2,A,-,00,21960,NA,N,G,B,B,A,H,-,A,A,0,Y,NA,NA,NA,Y,NA,A,01,0,0,1,0,1,0,0,0,0,-,-,NA,NA,LOS ANGELES,SANTA MONICA,-118.4917221069336,34.02448272705078
82101427,2023,2023-06-26,1965,2023-05-18,2251,4146,0B3C,4,5,5,1965,0,0,0,NA,0,003,LINCOLN BLVD,BROADWAY,235,S,N,A,-,N,NA,NA,NA,NA,NA,NA,NA,NA,NA,Y,4,0,2,3,A,-,22,23123,A,N,C,C,A,A,H,-,C,A,0,NA,NA,NA,NA,Y,NA,A,01,0,0,2,0,0,0,0,0,0,-,-,NA,NA,LOS ANGELES,SANTA MONICA,-118.48928833007813,34.0177116394043
82101431,2023,2023-06-26,1965,2023-05-24,923,3843,0B3A,3,5,5,1965,0,0,0,NA,0,003,14TH ST,WILSHIRE BLVD,34,S,N,A,-,N,NA,NA,NA,NA,NA,NA,NA,NA,NA,Y,4,0,1,2,A,-,03,22350,NA,F,C,C,A,A,H,-,A,A,0,NA,NA,NA,NA,Y,NA,A,01,0,0,1,0,0,0,0,0,0,-,-,NA,NA,LOS ANGELES,SANTA MONICA,-118.48880004882813,34.02672576904297
82101590,2023,2023-06-26,1909,2023-05-13,2034,623,1909,6,5,4,1909,0,0,0,NA,0,SOUTH,FLORENCE AV,SCOUT AV,118,W,N,A,-,N,NA,NA,NA,NA,NA,NA,NA,NA,NA,Y,4,0,1,2,A,-,04,21703,NA,N,C,C,A,A,H,-,C,A,0,NA,NA,NA,NA,Y,NA,A,01,0,0,1,0,0,0,0,0,0,-,-,33.961578369140625,-118.14557647705078,LOS ANGELES,BELL GARDENS,-118.14596557617188,33.961734771728516
82101591,2023,2023-06-26,1909,2023-05-14,2051,614,1909,7,5,4,1909,0,0,0,NA,0,NA,FLORENCE AV,IRA AV,0,NA,Y,A,-,N,NA,NA,NA,NA,NA,NA,NA,NA,NA,N,2,0,1,2,A,-,09,21801,A,N,D,C,A,A,H,-,A,A,0,NA,NA,Y,NA,Y,NA,A,08,1,0,0,0,0,0,0,0,1,-,-,33.9669303894043,-118.15592193603516,LOS ANGELES,BELL GARDENS,-118.15596771240234,33.966880798339844
82101595,2023,2023-06-26,1909,2023-05-17,800,588,1909,3,5,4,1909,0,0,0,NA,0,SOUTH,EASTERN AV (WEST ALLEY),THE SCL CLARA ST,75,S,N,B,-,N,NA,NA,NA,NA,NA,NA,NA,NA,NA,Y,4,0,1,2,A,-,03,22350,NA,N,C,C,A,A,H,-,A,D,0,NA,NA,NA,NA,Y,NA,A,01,0,0,1,0,0,0,0,0,0,-,-,33.96297073364258,-118.16594696044922,LOS ANGELES,BELL GARDENS,-118.1654815673828,33.962974548339844
82101598,2023,2023-06-26,1909,2023-05-18,753,588,1909,4,5,4,1909,0,0,0,NA,0,SOUTH,JABONERIA RD,THE NCL LIVE OAK ST,340,N,N,B,-,N,NA,NA,NA,NA,NA,NA,NA,NA,NA,N,3,0,2,3,A,-,07,21658,A,N,C,E,A,A,H,-,A,D,0,NA,NA,NA,NA,Y,NA,A,01,0,1,1,0,0,0,0,0,0,-,-,33.9658317565918,-118.15899658203124,LOS ANGELES,BELL GARDENS,-118.15907287597656,33.965816497802734
82101599,2023,2023-06-26,1909,2023-05-18,1538,588,1909,4,5,4,1909,0,0,0,NA,0,SOUTH,EASTERN AV,THE SCL CLARA ST,450,S,N,A,-,N,NA,NA,NA,NA,NA,NA,NA,NA,NA,N,4,0,1,2,A,-,21,22106,NA,N,C,C,A,A,H,-,A,D,0,NA,NA,NA,NA,Y,NA,A,01,0,0,1,0,0,0,0,0,0,-,-,33.961849212646484,-118.16546630859376,LOS ANGELES,BELL GARDENS,-118.16561889648438,33.96195602416992
82101600,2023,2023-06-26,1909,2023-05-18,2120,586,1909,4,5,4,1909,0,0,0,NA,0,001,FLORENCE PL,SCOUT AV,0,NA,Y,A,-,Y,NA,NA,NA,NA,NA,NA,NA,NA,NA,N,2,0,1,2,A,-,12,22450,A,F,D,G,A,A,H,-,C,A,0,NA,Y,NA,NA,Y,NA,A,01,1,0,0,0,0,0,1,0,0,-,-,33.9652099609375,-118.13996124267578,LOS ANGELES,BELL GARDENS,-118.13998413085938,33.965206146240234
82101629,2023,2023-06-26,1925,2023-06-14,1755,29217,223,3,5,6,1925,0,0,0,NA,0,002,SANCHEZ DRIVE,BRAND BOULEVARD,0,NA,Y,A,-,N,NA,NA,NA,NA,NA,NA,NA,NA,NA,N,4,0,1,2,A,-,10,21950,A,N,G,B,B,A,H,-,A,A,0,Y,NA,NA,NA,Y,NA,A,01,0,0,1,0,1,0,0,0,0,-,-,34.15584945678711,-118.25507354736328,LOS ANGELES,GLENDALE,-118.25514221191406,34.15593719482422
82102760,2023,2023-06-27,1925,2023-06-01,1637,22783,279,4,5,6,1925,0,0,0,NA,0,003,GLENDALE AVENUE,ACACIA AVENUE (S),0,NA,Y,A,-,N,NA,NA,NA,NA,NA,NA,NA,NA,NA,Y,4,0,1,5,A,-,12,21453,A,N,D,C,A,A,H,-,A,A,0,NA,NA,NA,NA,Y,NA,A,01,0,0,1,0,0,0,0,0,0,-,-,34.13478088378906,-118.25177764892578,LOS ANGELES,GLENDALE,-118.25179290771484,34.13475036621094
82102769,2023,2023-06-27,1925,2023-05-29,1940,22783,239,1,5,6,1925,0,0,0,NA,0,003,BROADWAY,ADAMS STREET,198,W,N,A,-,N,NA,NA,NA,NA,NA,NA,NA,NA,NA,N,4,0,1,2,A,-,11,21954,A,M,G,B,E,A,H,-,A,D,0,Y,NA,NA,NA,Y,NA,N,60,0,0,1,0,1,0,0,0,0,-,-,34.14609909057617,-118.24183654785156,LOS ANGELES,GLENDALE,-118.24246978759766,34.14625930786133
82102770,2023,2023-06-27,1925,2023-06-07,2042,22783,244,3,5,6,1925,0,0,0,NA,0,003,COLORADO STREET,EAGLEDALE AVENUE,215,W,N,A,-,N,NA,NA,NA,NA,NA,NA,NA,NA,NA,N,3,0,1,2,A,-,11,21954,A,N,G,B,D,A,H,-,C,D,0,Y,NA,NA,NA,Y,NA,N,60,0,1,0,0,1,0,0,0,0,-,-,34.142730712890625,-118.22812652587892,LOS ANGELES,GLENDALE,-118.22840881347656,34.142765045166016
82102776,2023,2023-06-27,1925,2023-06-08,1626,22783,163,4,5,6,1925,0,0,0,NA,0,004,JACKSON STREET,MONTEREY ROAD,0,NA,Y,A,-,N,NA,NA,NA,NA,NA,NA,NA,NA,NA,Y,4,0,1,2,A,-,12,21453,A,N,D,C,A,A,H,-,A,A,0,NA,NA,NA,NA,Y,NA,A,01,0,0,1,0,0,0,0,0,0,-,-,NA,NA,LOS ANGELES,GLENDALE,-118.25025177001952,34.157493591308594
82102786,2023,2023-06-27,1925,2023-06-14,1549,26161,124,3,5,6,1925,0,0,0,NA,0,005,LA CRESCENTA AVENUE,HONOLULU AVENUE,0,NA,Y,A,B,N,NA,NA,NA,NA,NA,NA,NA,NA,NA,Y,4,0,2,2,A,-,09,21801,A,N,D,C,A,A,H,-,A,A,0,NA,NA,NA,NA,Y,NA,A,01,0,0,2,0,0,0,0,0,0,-,-,NA,NA,LOS ANGELES,GLENDALE,-118.24000549316406,34.211456298828125
82102787,2023,2023-06-27,1925,2023-06-15,116,29405,275,4,5,6,1925,0,0,0,NA,0,002,LOS FELIZ ROAD,CENTRAL AVENUE,0,NA,Y,A,-,N,NA,NA,NA,NA,NA,NA,NA,NA,NA,N,4,0,1,2,A,-,09,21801,A,F,A,C,A,A,H,-,C,A,0,NA,NA,NA,NA,Y,NA,A,01,0,0,1,0,0,0,0,0,0,-,-,34.12868118286133,-118.25779724121094,LOS ANGELES,GLENDALE,-118.25780487060548,34.12864685058594
82103670,2023,2023-06-28,1975,2023-06-13,1340,480,WCPD,2,5,6,1975,0,0,0,NA,0,005,AMAR RD,AZUSA AV,20,W,N,A,-,N,NA,NA,NA,NA,NA,NA,NA,NA,NA,N,4,0,1,2,A,-,03,22350,NA,N,C,C,A,A,H,-,A,A,0,NA,NA,NA,NA,Y,NA,A,01,0,0,1,0,0,0,0,0,0,-,-,34.03139877319336,-117.9147720336914,LOS ANGELES,WEST COVINA,-117.91486358642578,34.031497955322266
82103754,2023,2023-06-28,1909,2023-05-23,1123,588,1909,2,5,4,1909,0,0,0,NA,0,NORTH,FLORENCE PL,GARFIELD AV,0,NA,Y,B,-,N,NA,NA,NA,NA,NA,NA,NA,NA,NA,Y,4,0,1,2,A,-,12,21453,A,N,D,C,A,A,H,-,A,A,0,NA,NA,NA,NA,Y,NA,A,01,0,0,1,0,0,0,0,0,0,-,-,33.96638107299805,-118.1510772705078,LOS ANGELES,BELL GARDENS,-118.15110778808594,33.96641540527344
82103759,2023,2023-06-28,1909,2023-05-27,1013,622,1909,6,5,4,1909,0,0,0,NA,0,SOUTH,FLORENCE AV,AJAX AV,57,W,N,B,-,Y,NA,NA,NA,NA,NA,NA,NA,NA,NA,N,4,0,1,2,A,-,04,21703,NA,F,C,C,A,A,H,-,A,A,0,NA,NA,NA,NA,Y,NA,A,01,0,0,1,0,0,0,0,0,0,-,-,33.96773147583008,-118.16326904296876,LOS ANGELES,BELL GARDENS,-118.1635284423828,33.96767044067383
82103760,2023,2023-06-28,1909,2023-05-27,1649,622,1909,6,5,4,1909,0,0,0,NA,0,NORTH,FLORENCE AV,IRA AV,0,NA,Y,A,-,Y,NA,NA,NA,NA,NA,NA,NA,NA,NA,N,3,0,2,2,A,-,09,21804,A,N,D,C,A,A,H,-,A,A,0,NA,NA,NA,NA,Y,NA,A,01,0,1,1,0,0,0,0,0,0,-,-,33.96691131591797,-118.15595245361328,LOS ANGELES,BELL GARDENS,-118.15596771240234,33.966880798339844
82103761,2023,2023-06-28,1909,2023-05-27,1948,623,1909,6,5,4,1909,0,0,0,NA,0,NORTH,FLORENCE AV,JABONERIA RD,130,W,N,A,-,N,NA,NA,NA,NA,NA,NA,NA,NA,NA,Y,4,0,1,2,A,-,08,22107,NA,N,D,C,A,A,H,-,A,D,0,NA,NA,NA,NA,Y,NA,A,01,0,0,1,0,0,0,0,0,0,-,-,33.96712112426758,-118.15767669677734,LOS ANGELES,BELL GARDENS,-118.158203125,33.96711730957031
82103875,2023,2023-06-28,1933,2023-06-15,1344,869,25,4,5,6,1933,0,0,0,NA,0,002,LA BREA AV,94TH ST,172,S,N,A,-,N,NA,NA,NA,NA,NA,NA,NA,NA,NA,Y,2,0,1,2,A,-,03,22350,NA,N,C,G,A,A,H,-,A,D,0,NA,Y,NA,NA,Y,NA,A,01,1,0,0,0,0,0,1,0,0,-,-,33.95087814331055,-118.35262298583984,LOS ANGELES,INGLEWOOD,-118.3527374267578,33.95036697387695
82103877,2023,2023-06-28,1933,2023-06-18,1043,1037,27,7,5,6,1933,0,0,0,NA,0,003,CENTURY BLVD,PRAIRIE AV,0,NA,Y,A,-,N,NA,NA,NA,NA,NA,NA,NA,NA,NA,N,4,0,1,2,A,-,03,22350,NA,N,C,C,A,A,H,-,A,A,0,NA,NA,NA,NA,Y,NA,A,01,0,0,1,0,0,0,0,0,0,-,-,33.94546890258789,-118.34391784667967,LOS ANGELES,INGLEWOOD,-118.3439483642578,33.94545364379883
82104694,2023,2023-06-29,1975,2023-06-10,2210,483,WCPD,6,5,6,1975,0,0,0,NA,0,003,SUNSET AV,RANDALL WY,204,N,N,A,-,N,NA,NA,NA,NA,NA,NA,NA,NA,NA,N,3,0,1,1,A,-,03,22350,NA,N,E,I,A,A,H,-,C,D,0,NA,NA,NA,NA,Y,NA,A,01,0,1,0,0,0,0,0,0,0,-,-,34.05516815185547,-117.9526824951172,LOS ANGELES,WEST COVINA,-117.95232391357422,34.055599212646484
82104713,2023,2023-06-29,1947,2023-06-02,1434,1453,NA,5,5,5,1947,0,0,0,NA,0,NA,GREENWOOD AVE,DATE ST,0,NA,Y,A,-,N,NA,NA,NA,NA,NA,NA,NA,NA,NA,N,3,0,4,5,A,-,06,21755,NA,N,G,B,F,A,H,-,A,A,0,Y,NA,NA,Y,Y,NA,A,01,0,4,0,0,3,0,0,0,0,-,-,33.9909782409668,-118.12177276611328,LOS ANGELES,MONTEBELLO,-118.12174987792967,33.99101257324219
82104714,2023,2023-06-29,1947,2023-06-17,511,1368,NA,6,5,5,1947,0,0,0,NA,0,00E,GREENWOOD AVE,ELM ST,108,N,N,A,-,N,NA,NA,NA,NA,NA,NA,NA,NA,NA,Y,3,0,1,4,A,-,08,22107,NA,M,A,E,A,A,H,-,C,A,0,NA,NA,NA,NA,Y,NA,A,07,0,1,0,0,0,0,0,0,0,-,-,33.98686981201172,-118.12419891357422,LOS ANGELES,MONTEBELLO,-118.12403106689452,33.987152099609375
82104715,2023,2023-06-29,1947,2023-06-17,1918,1452,NA,6,5,5,1947,0,0,0,NA,0,00E,MAPLE AVE,OLYMPIC BLVD,84,N,N,A,-,N,NA,NA,NA,NA,NA,NA,NA,NA,NA,N,4,0,1,2,A,-,09,21804,A,N,B,C,A,A,H,-,A,D,0,NA,NA,NA,NA,Y,NA,A,07,0,0,1,0,0,0,0,0,0,-,-,34.00843048095703,-118.11763763427734,LOS ANGELES,MONTEBELLO,-118.11758422851564,34.00868225097656
82104718,2023,2023-06-29,1909,2023-06-01,239,608,1909,4,5,4,1909,0,0,0,NA,0,NORTH,LOVELAND ST,S/NCL OF LOVELAND STREET,5,S,N,A,-,N,NA,NA,NA,NA,NA,NA,NA,NA,NA,Y,3,0,1,3,A,-,08,22107,NA,N,B,E,A,A,H,-,C,D,0,NA,NA,NA,NA,Y,Y,A,01,0,1,0,0,0,0,0,0,0,-,-,NA,NA,LOS ANGELES,BELL GARDENS,NA,NA
82104724,2023,2023-06-29,1948,2023-06-16,1220,469,NA,5,5,5,1948,0,0,0,NA,0,NA,RAMONA BLVD,CORPORATE CENTER DR,0,NA,Y,A,-,N,NA,NA,NA,NA,NA,NA,NA,NA,NA,N,4,0,1,2,A,-,12,21453,A,M,D,C,A,A,H,-,A,A,0,NA,NA,NA,NA,Y,NA,A,07,0,0,1,0,0,0,0,0,0,-,-,34.05982971191406,-118.16429901123048,LOS ANGELES,MONTEREY PARK,-118.16436004638672,34.05976104736328
82104725,2023,2023-06-29,1909,2023-06-03,2246,614,1909,6,5,4,1909,0,0,0,NA,0,SOUTH,EASTERN AV,NCL OF PRIORY STREET,188,N,N,A,-,N,NA,NA,NA,NA,NA,NA,NA,NA,NA,N,4,0,1,2,A,-,03,22350,NA,N,C,C,A,A,H,-,C,D,0,NA,NA,NA,NA,Y,NA,A,01,0,0,1,0,0,0,0,0,0,-,-,NA,NA,LOS ANGELES,BELL GARDENS,-118.1652603149414,33.96474075317383
82104785,2023,2023-06-30,1965,2023-05-12,2107,4112,0B2A,5,5,5,1965,0,0,0,NA,0,B002,LINCOLN BLVD,MARINE ST (E),50,N,N,A,-,N,NA,NA,NA,NA,NA,NA,NA,NA,NA,N,2,0,1,2,A,-,11,21954,A,N,G,B,D,A,H,-,C,D,0,Y,NA,NA,NA,Y,NA,A,01,1,0,0,0,1,0,0,0,0,-,-,34.003318786621094,-118.47135162353516,LOS ANGELES,SANTA MONICA,-118.47185516357422,34.003631591796875
82104786,2023,2023-06-29,1965,2023-05-19,1508,3952,0B3G,5,5,5,1965,0,0,0,NA,0,003,26TH ST,BROADWAY,0,NA,Y,A,-,N,NA,NA,NA,NA,NA,NA,NA,NA,NA,N,4,0,1,2,A,-,17,21209,A,N,B,C,A,A,H,-,A,A,0,NA,NA,Y,NA,Y,NA,C,03,0,0,1,0,0,0,0,0,1,-,-,NA,NA,LOS ANGELES,SANTA MONICA,-118.47274017333984,34.0319709777832
82104788,2023,2023-06-30,1965,2023-05-24,1258,4142,0B1B,3,5,5,1965,0,0,0,NA,0,001,800 BLOCK PACIFIC COAST HIGHWAY,CALIFORNIA INCLINE,400,N,N,A,-,Y,NA,NA,NA,NA,NA,NA,NA,NA,NA,Y,3,0,2,3,A,-,03,22350,NA,N,D,C,A,A,H,-,A,A,0,NA,NA,NA,NA,Y,NA,A,01,0,2,0,0,0,0,0,0,0,-,-,NA,NA,LOS ANGELES,SANTA MONICA,-118.50769805908205,34.02104949951172
82104789,2023,2023-06-30,1965,2023-05-27,800,3944,NA,6,5,5,1965,0,0,0,NA,0,NA,SANTA MONICA BLVD,18TH ST,0,NA,Y,A,-,N,NA,NA,NA,NA,NA,NA,NA,NA,NA,Y,2,0,2,2,A,-,09,21802,A,N,D,C,A,A,H,-,A,A,0,NA,NA,Y,NA,Y,NA,A,01,1,0,1,0,0,0,0,0,1,-,-,NA,NA,LOS ANGELES,SANTA MONICA,-118.4819107055664,34.027164459228516
82104790,2023,2023-06-30,1965,2023-05-28,1715,3951,NA,7,5,5,1965,0,0,0,NA,0,NA,PICO BLVD,4TH ST,0,NA,Y,A,-,N,NA,NA,NA,NA,NA,NA,NA,NA,NA,N,3,0,1,2,A,-,09,21804,A,N,H,G,A,A,H,-,A,A,0,NA,Y,NA,NA,Y,NA,L,04,0,1,0,0,0,0,1,0,0,-,-,NA,NA,LOS ANGELES,SANTA MONICA,-118.4872817993164,34.009639739990234
82104791,2023,2023-06-29,1965,2023-05-27,1330,3764,0B4E,6,5,5,1965,0,0,0,NA,0,B004,14TH ST,MONTANA AVE,0,S,N,-,-,N,NA,NA,NA,NA,NA,NA,NA,NA,NA,N,4,0,1,2,D,-,00,NA,NA,N,-,C,A,-,H,-,-,D,0,NA,NA,NA,NA,Y,NA,-,-,0,0,1,0,0,0,0,0,0,-,-,NA,NA,LOS ANGELES,SANTA MONICA,-118.49518585205078,34.03218460083008
82104840,2023,2023-06-29,1933,2023-06-21,1312,869,29,3,5,6,1933,0,0,0,NA,0,003,CENTURY BLVD,VILLAGE DR,178,W,N,A,-,N,NA,NA,NA,NA,NA,NA,NA,NA,NA,Y,4,0,3,2,A,-,09,21801,A,N,D,C,A,A,H,-,A,A,0,NA,NA,NA,NA,Y,NA,A,01,0,0,3,0,0,0,0,0,0,-,-,33.945499420166016,-118.32920837402344,LOS ANGELES,INGLEWOOD,-118.329833984375,33.94546890258789
82104841,2023,2023-06-29,1933,2023-06-23,1420,1080,14,5,5,6,1933,0,0,0,NA,0,002,AVIATION BLVD,HILLCREST BLVD,540,S,N,A,-,N,NA,NA,NA,NA,NA,NA,NA,NA,NA,N,4,0,1,2,A,-,09,21804,A,N,D,G,A,A,H,-,A,D,0,NA,Y,NA,NA,Y,NA,L,04,0,0,1,0,0,0,1,0,0,-,-,NA,NA,LOS ANGELES,INGLEWOOD,-118.37705993652344,33.954769134521484
82104843,2023,2023-06-29,1933,2023-06-27,1135,812,30,2,5,6,1933,0,0,0,NA,0,004,105TH ST,EAST ALLEY OF PRAIRIE AVE.,0,NA,Y,A,-,N,NA,NA,NA,NA,NA,NA,NA,NA,NA,N,4,0,1,2,A,-,09,21804,A,N,D,G,A,A,H,-,A,D,0,NA,Y,NA,NA,Y,NA,L,04,0,0,1,0,0,0,1,0,0,-,-,33.9409294128418,-118.34393310546876,LOS ANGELES,INGLEWOOD,NA,NA
82106686,2023,2023-06-30,1975,2023-06-10,2309,467,WCPD,6,5,6,1975,0,0,0,NA,0,001,SUNSET AV,PUENTE AV,0,NA,Y,A,-,N,NA,NA,NA,NA,NA,NA,NA,NA,NA,Y,4,0,2,2,A,-,12,21453,A,N,D,C,A,A,H,-,C,A,0,NA,NA,NA,NA,Y,NA,A,01,0,0,2,0,0,0,0,0,0,-,-,34.08280944824219,-117.93453979492188,LOS ANGELES,WEST COVINA,-117.93460845947266,34.08280944824219
82106733,2022,2023-07-03,1948,2022-07-15,1627,459,1948,5,5,5,1948,0,0,0,NA,0,001,ATLANTIC BLVD,HARDING AV,214,N,N,A,-,N,NA,NA,NA,NA,NA,NA,NA,NA,NA,N,4,0,1,2,A,-,09,21804,A,M,B,C,A,A,H,-,A,D,0,NA,NA,NA,NA,Y,NA,A,01,0,0,1,0,0,0,0,0,0,-,-,34.056461334228516,-118.13478088378906,LOS ANGELES,MONTEREY PARK,-118.13441467285156,34.057003021240234
82106738,2023,2023-06-30,1923,2023-06-04,1829,552,E211,7,5,3,1923,0,0,0,NA,0,ES2,GRAND AVE,CENTER ST,0,NA,Y,B,-,N,NA,NA,NA,NA,NA,NA,NA,NA,NA,N,3,0,1,2,A,-,12,22450,A,N,D,G,A,A,H,-,A,D,0,NA,Y,NA,NA,Y,NA,L,04,0,1,0,0,0,0,1,0,0,-,-,33.91939926147461,-118.4049072265625,LOS ANGELES,EL SEGUNDO,-118.40486907958984,33.91944122314453
82106741,2023,2023-06-30,1948,2023-04-24,1117,492,1948,1,5,5,1948,0,0,0,NA,0,002,ATLANTIC BLVD,EMERSON AV,0,W,Y,B,-,N,NA,NA,NA,NA,NA,NA,NA,NA,NA,Y,4,0,2,2,A,-,12,21453,A,N,D,C,A,A,H,-,A,A,0,NA,NA,NA,NA,Y,NA,-,-,0,0,2,0,0,0,0,0,0,-,-,34.066139221191406,-118.13433837890624,LOS ANGELES,MONTEREY PARK,-118.13433074951172,34.06610870361328
82106742,2023,2023-06-30,1948,2023-05-22,1925,485,1948,1,5,5,1948,0,0,0,NA,0,002,CHANDLER AV,GARVEY AV,0,N,Y,A,-,N,NA,NA,NA,NA,NA,NA,NA,NA,NA,N,3,0,1,2,A,-,12,21453,A,N,D,G,A,A,H,-,C,A,0,NA,Y,NA,NA,Y,NA,A,01,0,1,0,0,0,0,1,0,0,-,-,34.06248092651367,-118.132080078125,LOS ANGELES,MONTEREY PARK,-118.1320343017578,34.0623893737793
82106744,2023,2023-06-30,1948,2023-06-08,1300,493,1948,4,5,5,1948,0,0,0,NA,0,003,YNEZ AV,NEWMARK AV,107,S,N,A,-,N,NA,NA,NA,NA,NA,NA,NA,NA,NA,N,4,0,1,2,A,-,05,21650,NA,N,B,C,A,A,H,-,A,D,0,NA,NA,NA,NA,Y,NA,A,01,0,0,1,0,0,0,0,0,0,-,-,34.059810638427734,-118.12911224365234,LOS ANGELES,MONTEREY PARK,-118.12911224365234,34.05947494506836