CASE_ID,ACCIDENT_YEAR,PROC_DATE,JURIS,COLLISION_DATE,COLLISION_TIME,OFFICER_ID,REPORTING_DISTRICT,DAY_OF_WEEK,CHP_SHIFT,POPULATION,CNTY_CITY_LOC,SPECIAL_COND,BEAT_TYPE,CHP_BEAT_TYPE,CITY_DIVISION_LAPD,CHP_BEAT_CLASS,BEAT_NUMBER,PRIMARY_RD,SECONDARY_RD,DISTANCE,DIRECTION,INTERSECTION,WEATHER_1,WEATHER_2,STATE_HWY_IND,CALTRANS_COUNTY,CALTRANS_DISTRICT,STATE_ROUTE,ROUTE_SUFFIX,POSTMILE_PREFIX,POSTMILE,LOCATION_TYPE,RAMP_INTERSECTION,SIDE_OF_HWY,TOW_AWAY,COLLISION_SEVERITY,NUMBER_KILLED,NUMBER_INJURED,PARTY_COUNT,PRIMARY_COLL_FACTOR,PCF_CODE_OF_VIOL,PCF_VIOL_CATEGORY,PCF_VIOLATION,PCF_VIOL_SUBSECTION,HIT_AND_RUN,TYPE_OF_COLLISION,MVIW,PED_ACTION,ROAD_SURFACE,ROAD_COND_1,ROAD_COND_2,LIGHTING,CONTROL_DEVICE,CHP_ROAD_TYPE,PEDESTRIAN_ACCIDENT,BICYCLE_ACCIDENT,MOTORCYCLE_ACCIDENT,TRUCK_ACCIDENT,NOT_PRIVATE_PROPERTY,ALCOHOL_INVOLVED,STWD_VEHTYPE_AT_FAULT,CHP_VEHTYPE_AT_FAULT,COUNT_SEVERE_INJ,COUNT_VISIBLE_INJ,COUNT_COMPLAINT_PAIN,COUNT_PED_KILLED,COUNT_PED_INJURED,COUNT_BICYCLIST_KILLED,COUNT_BICYCLIST_INJURED,COUNT_MC_KILLED,COUNT_MC_INJURED,PRIMARY_RAMP,SECONDARY_RAMP,LATITUDE,LONGITUDE,COUNTY,CITY,POINT_X,POINT_Y
82145905,2023,2023-08-17,1922,2023-06-30,1648,682,NA,5,5,6,1922,0,0,0,NA,0,003,GARVEY AVE,SASTRE AVE,200,E,N,A,-,N,NA,NA,NA,NA,NA,NA,NA,NA,NA,N,4,0,1,2,A,-,05,21202,A,N,D,G,A,A,H,-,A,D,0,NA,Y,NA,NA,Y,NA,L,04,0,0,1,0,0,0,1,0,0,-,-,34.06264877319336,-118.05438232421876,LOS ANGELES,EL MONTE,-118.0536880493164,34.062740325927734
82145906,2023,2023-08-18,1922,2023-07-01,1720,707,1922,6,5,6,1922,0,0,0,NA,0,004,GARVEY AVE,DURFEE AVE,82,W,N,A,-,N,NA,NA,NA,NA,NA,NA,NA,NA,NA,Y,3,0,1,1,A,-,00,21720,NA,N,E,I,A,A,H,-,A,A,0,NA,NA,NA,NA,Y,NA,M,95,0,1,0,0,0,0,0,0,0,-,-,34.063758850097656,-118.01161193847656,LOS ANGELES,EL MONTE,-118.01184844970705,34.06360626220703
82145907,2023,2023-08-17,1922,2023-07-05,2056,674,NA,3,5,6,1922,0,0,0,NA,0,NA,DURFEE AVE,ELLIOTT AVE,0,NA,Y,A,-,N,NA,NA,NA,NA,NA,NA,NA,NA,NA,N,3,0,1,2,A,-,10,21950,A,N,G,B,B,A,H,-,C,A,0,Y,NA,NA,NA,Y,NA,A,01,0,1,0,0,1,0,0,0,0,-,-,34.05337905883789,-118.02056884765624,LOS ANGELES,EL MONTE,-118.02051544189452,34.05337142944336
82145931,2023,2023-08-17,1969,2023-07-24,1630,10260,PATRO,1,5,5,1969,0,0,0,NA,0,002,STATE ST,POST ST,0,NA,Y,A,-,N,NA,NA,NA,NA,NA,NA,NA,NA,NA,N,4,0,2,3,A,-,03,22350,NA,N,C,C,A,A,H,-,A,D,0,NA,NA,NA,NA,Y,NA,A,01,0,0,2,0,0,0,0,0,0,-,-,33.95988845825195,-118.21144104003906,LOS ANGELES,SOUTH GATE,-118.2114486694336,33.959869384765625
82145978,2023,2023-08-17,1965,2023-07-15,505,4118,0B1L,6,5,5,1965,0,0,0,NA,0,00B1,OCEAN AVE,BROADWAY,115,N,N,A,-,N,NA,NA,NA,NA,NA,NA,NA,NA,NA,N,2,0,1,2,A,-,11,21954,A,N,G,B,D,A,H,-,C,A,0,Y,NA,NA,NA,Y,NA,N,60,1,0,0,0,1,0,0,0,0,-,-,34.013118743896484,-118.4968490600586,LOS ANGELES,SANTA MONICA,-118.49675750732422,34.012943267822266
82146043,2023,2023-08-17,1933,2023-08-12,1643,1075,27,6,5,6,1933,0,0,0,NA,0,002,102ND ST,PRAIRIE AV,20,N,N,A,-,N,NA,NA,NA,NA,NA,NA,NA,NA,NA,N,4,0,1,2,A,-,03,22350,NA,N,A,E,A,A,H,-,A,A,0,NA,NA,NA,NA,Y,NA,A,01,0,0,1,0,0,0,0,0,0,-,-,NA,NA,LOS ANGELES,INGLEWOOD,-118.3439483642578,33.94363021850586
82146048,2023,2023-08-17,1933,2023-08-13,9,1082,22,7,5,6,1933,0,0,0,NA,0,003,MANCHESTER BLVD,KAREEM CT,508,W,N,A,-,N,NA,NA,NA,NA,NA,NA,NA,NA,NA,Y,3,0,3,2,A,-,03,22350,NA,N,C,C,A,A,H,-,C,D,0,NA,NA,NA,NA,Y,NA,A,07,0,1,2,0,0,0,0,0,0,-,-,33.95996856689453,-118.34014129638672,LOS ANGELES,INGLEWOOD,-118.34190368652344,33.95991134643555
82146672,2023,2023-08-17,1973,2023-07-17,1650,660,1973,1,5,1,1973,0,0,0,NA,0,003,DISTRICT BLVD,E 50TH ST,0,NA,Y,A,-,N,NA,NA,NA,NA,NA,NA,NA,NA,NA,N,4,0,2,2,A,-,08,22107,NA,N,D,C,A,A,H,-,A,A,0,NA,NA,NA,NA,Y,NA,A,01,0,0,2,0,0,0,0,0,0,-,-,33.99592971801758,-118.18663024902344,LOS ANGELES,VERNON,-118.18682098388672,33.99595260620117
82146673,2023,2023-08-17,1973,2023-07-27,1305,646,1973,4,5,1,1973,0,0,0,NA,0,001,S SANTA FE AVE,E 27TH ST,0,S,Y,A,-,N,NA,NA,NA,NA,NA,NA,NA,NA,NA,N,3,0,1,2,D,-,00,NA,NA,N,D,C,A,A,H,-,A,A,0,NA,NA,NA,NA,Y,NA,-,-,0,1,0,0,0,0,0,0,0,-,-,NA,NA,LOS ANGELES,VERNON,-118.23031616210938,34.01279830932617
82146674,2023,2023-08-17,1973,2023-07-28,2013,636,1973,5,5,1,1973,0,0,0,NA,0,002,S DOWNEY RD,BANDINI BLVD,287,N,N,A,-,N,NA,NA,NA,NA,NA,NA,NA,NA,NA,Y,3,0,2,2,-,-,-,NA,NA,F,C,C,A,A,H,-,C,A,0,NA,NA,NA,NA,Y,Y,-,-,0,1,1,0,0,0,0,0,0,-,-,34.00873947143555,-118.20494842529295,LOS ANGELES,VERNON,-118.2051010131836,34.00940704345703
82146676,2023,2023-08-17,1973,2023-07-30,704,660,1973,7,5,1,1973,0,0,0,NA,0,003,DISTRICT BLVD,S ATLANTIC BLVD,1013,E,N,A,-,N,NA,NA,NA,NA,NA,NA,NA,NA,NA,N,4,0,2,2,A,-,09,21804,A,N,D,C,A,A,H,-,A,D,0,NA,NA,NA,NA,Y,NA,A,01,0,0,2,0,0,0,0,0,0,-,-,33.99378967285156,-118.18296051025392,LOS ANGELES,VERNON,-118.1799087524414,33.992645263671875
82146969,2023,2023-08-18,1975,2023-07-08,1550,488,WCPD,6,5,6,1975,0,0,0,NA,0,004,BAINBRIDGE AV,BELMONT AV,214,W,N,A,-,N,NA,NA,NA,NA,NA,NA,NA,NA,NA,Y,4,0,1,1,A,-,03,22350,NA,N,E,I,A,A,H,-,A,D,0,NA,NA,NA,NA,Y,NA,-,-,0,0,1,0,0,0,0,0,0,-,-,34.05514907836914,-117.94687652587892,LOS ANGELES,WEST COVINA,-117.947509765625,34.05534744262695
82146971,2023,2023-08-18,1975,2023-08-07,703,353,WCPD,1,5,6,1975,0,0,0,NA,0,003,VINCENT AV,LAKES DR,0,NA,Y,A,-,N,NA,NA,NA,NA,NA,NA,NA,NA,NA,Y,4,0,2,2,A,-,12,21453,A,N,D,C,A,A,H,-,A,A,0,NA,NA,NA,NA,Y,NA,A,01,0,0,2,0,0,0,0,0,0,-,-,34.06978988647461,-117.92684936523438,LOS ANGELES,WEST COVINA,-117.9267578125,34.06971740722656
82146995,2023,2023-08-21,1947,2023-05-27,2120,1464,****L,6,5,5,1947,0,0,0,NA,0,00D,BLUFF RD,BEACH ST,120,S,N,A,-,N,NA,NA,NA,NA,NA,NA,NA,NA,NA,N,2,0,1,2,A,-,03,22350,NA,F,C,G,A,A,H,-,C,D,0,NA,Y,NA,NA,Y,NA,-,99,1,0,0,0,0,0,1,0,0,-,-,33.99586868286133,-118.10887145996094,LOS ANGELES,MONTEBELLO,-118.10899353027344,33.995628356933594
82146998,2023,2023-08-18,1947,2023-07-15,1207,1459,NA,6,5,5,1947,0,0,0,NA,0,00D,4TH ST,WHITTIER BLVD,220,S,N,A,-,N,NA,NA,NA,NA,NA,NA,NA,NA,NA,N,4,0,1,2,A,-,08,22107,NA,N,B,E,A,A,H,-,A,D,0,NA,NA,NA,NA,Y,NA,A,01,0,0,1,0,0,0,0,0,0,-,-,34.00910186767578,-118.10397338867188,LOS ANGELES,MONTEBELLO,-118.10391998291016,34.009159088134766
82147000,2023,2023-08-18,1947,2023-07-19,1823,1411,1947,3,5,5,1947,0,0,0,NA,0,00D,SLAUSON AVE,TELEGRAPH RD,260,N,N,A,-,N,NA,NA,NA,NA,NA,NA,NA,NA,NA,N,4,0,1,2,A,-,08,22107,NA,M,B,C,A,A,H,-,A,A,0,NA,NA,Y,NA,Y,NA,-,99,0,0,1,0,0,0,0,0,1,-,-,33.975189208984375,-118.1238021850586,LOS ANGELES,MONTEBELLO,-118.12286376953124,33.97536849975586
82147006,2023,2023-08-18,1922,2023-07-01,1230,675,NA,6,5,6,1922,0,0,0,NA,0,001,LOWER AZUSA RD (11100 BLOCK),CEDAR AVE,860,W,N,A,-,Y,NA,NA,NA,NA,NA,NA,NA,NA,NA,Y,4,0,2,5,A,-,09,21804,A,N,D,D,A,A,H,-,A,D,0,NA,NA,NA,NA,Y,NA,A,01,0,0,2,0,0,0,0,0,0,-,-,NA,NA,LOS ANGELES,EL MONTE,-118.02393341064452,34.09185791015625
82147007,2023,2023-08-18,1922,2023-07-20,1410,569,NA,4,5,6,1922,0,0,0,NA,0,NA,GARVEY AVE,CENTRAL AVE,300,W,N,A,-,Y,NA,NA,NA,NA,NA,NA,NA,NA,NA,N,4,0,1,2,A,-,10,21950,A,N,G,B,E,A,D,-,A,D,0,Y,NA,NA,NA,Y,NA,I,11,0,0,1,0,1,0,0,0,0,-,-,34.062679290771484,-118.04694366455078,LOS ANGELES,EL MONTE,-118.04790496826172,34.06272888183594
82147008,2023,2023-08-18,1922,2023-07-21,1528,712,NA,5,5,6,1922,0,0,0,NA,0,004,DURFEE AVE,POINSETTIA AVE,8,S,N,A,-,N,NA,NA,NA,NA,NA,NA,NA,NA,NA,N,3,0,1,2,A,-,05,21651,B,N,D,G,A,A,H,-,A,A,0,NA,Y,NA,NA,Y,NA,L,04,0,1,0,0,0,0,1,0,0,-,-,34.054630279541016,-118.0190200805664,LOS ANGELES,EL MONTE,-118.01898956298828,34.05463409423828
82147009,2023,2023-08-18,1922,2023-07-25,1542,698,NA,2,5,6,1922,0,0,0,NA,0,004,VALLEY BLVD,LA MADERA AVE,120,E,N,A,-,N,NA,NA,NA,NA,NA,NA,NA,NA,NA,Y,4,0,1,2,A,-,09,21804,A,N,D,C,A,A,H,-,A,D,0,NA,NA,NA,NA,Y,NA,A,01,0,0,1,0,0,0,0,0,0,-,-,34.06563186645508,-118.02359771728516,LOS ANGELES,EL MONTE,-118.02324676513672,34.065467834472656
82147012,2023,2023-08-18,1923,2023-07-14,1457,530,E303,5,5,3,1923,0,0,0,NA,0,3L3D,DOUGLAS ST,MAPLE AVE,41,S,N,A,-,N,NA,NA,NA,NA,NA,NA,NA,NA,NA,N,4,0,1,2,A,-,03,22350,NA,N,C,C,A,A,H,-,A,A,0,NA,NA,NA,Y,Y,Y,A,01,0,0,1,0,0,0,0,0,0,-,-,33.92710876464844,-118.38323211669922,LOS ANGELES,EL SEGUNDO,-118.38318634033205,33.92696762084961
82147024,2023,2023-08-18,1969,2023-06-26,2000,10165,TRAFF,1,5,5,1969,0,0,0,NA,0,005,PARAMOUNT BLVD,SOMERSET RANCH RD N,0,NA,Y,A,-,N,NA,NA,NA,NA,NA,NA,NA,NA,NA,Y,4,0,1,2,D,-,00,NA,NA,N,D,C,A,A,H,-,C,A,0,NA,NA,NA,NA,Y,NA,-,-,0,0,1,0,0,0,0,0,0,-,-,33.91250991821289,-118.15985107421876,LOS ANGELES,SOUTH GATE,-118.15975189208984,33.9124755859375
82147026,2023,2023-08-18,1969,2023-08-15,953,10165,NA,2,5,5,1969,0,0,0,NA,0,NA,TWEEDY BLVD,PINEHURST AV (E),75,E,N,A,-,N,NA,NA,NA,NA,NA,NA,NA,NA,NA,Y,4,0,1,2,A,-,09,21804,A,N,D,D,A,A,H,-,A,D,0,NA,NA,NA,NA,Y,NA,A,01,0,0,1,0,0,0,0,0,0,-,-,33.941680908203125,-118.18260955810548,LOS ANGELES,SOUTH GATE,-118.18271636962892,33.941680908203125
82147027,2023,2023-08-18,1969,2023-08-15,1100,10165,TRAFF,2,5,5,1969,0,0,0,NA,0,005,GARFIELD AV,SOUTHERN AV,20,N,N,A,-,N,NA,NA,NA,NA,NA,NA,NA,NA,NA,N,4,0,1,2,A,-,03,22350,NA,N,C,C,A,A,H,-,A,A,0,NA,NA,NA,NA,Y,NA,A,07,0,0,1,0,0,0,0,0,0,-,-,33.94451904296875,-118.1662826538086,LOS ANGELES,SOUTH GATE,-118.16622924804688,33.944549560546875
82147028,2023,2023-08-18,1969,2023-08-16,1857,10165,TRAFF,3,5,5,1969,0,0,0,NA,0,003,FILESTONE BLVD,SAN ANTONIO AV,34,W,N,A,-,N,NA,NA,NA,NA,NA,NA,NA,NA,NA,Y,3,0,2,2,A,-,08,22102,NA,N,D,C,A,A,H,-,A,D,0,NA,NA,Y,NA,Y,NA,A,08,0,1,1,0,0,0,0,0,1,-,-,33.9540901184082,-118.20482635498048,LOS ANGELES,SOUTH GATE,-118.20500183105467,33.954071044921875
82147084,2023,2023-08-18,1965,2023-07-07,1400,4083,0B4E,5,5,5,1965,0,0,0,NA,0,B004,16TH ST,IDAHO AVE,0,NA,Y,A,-,N,NA,NA,NA,NA,NA,NA,NA,NA,NA,Y,3,0,2,2,A,-,09,21804,NA,N,D,C,A,A,H,-,A,A,0,NA,NA,NA,NA,Y,NA,A,07,0,1,1,0,0,0,0,0,0,-,-,NA,NA,LOS ANGELES,SANTA MONICA,-118.49176788330078,34.03239440917969
82147085,2023,2023-08-21,1965,2023-07-12,748,4164,0B2E,3,5,5,1965,0,0,0,NA,0,B002,CLOVERFIELD BLVD,PICO BLVD,0,NA,Y,A,-,N,NA,NA,NA,NA,NA,NA,NA,NA,NA,Y,4,0,1,2,A,-,09,21801,B,N,F,C,A,A,H,-,A,A,0,NA,NA,NA,NA,Y,NA,A,01,0,0,1,0,0,0,0,0,0,-,-,NA,NA,LOS ANGELES,SANTA MONICA,-118.46566009521484,34.021522521972656
82147086,2023,2023-08-18,1965,2023-07-16,1045,4114,0B1L,7,5,5,1965,0,0,0,NA,0,B001,OCEAN AVE,ARIZONA AVE,294,S,N,A,-,N,NA,NA,NA,NA,NA,NA,NA,NA,NA,N,3,0,3,3,A,-,08,22107,NA,N,A,G,A,A,H,-,A,D,0,NA,Y,NA,NA,Y,NA,M,94,0,3,0,0,0,0,2,0,0,-,-,NA,NA,LOS ANGELES,SANTA MONICA,-118.4989776611328,34.014854431152344
82147099,2023,2023-08-18,1925,2023-07-30,1629,21055,246,7,5,6,1925,0,0,0,NA,0,003,MAPLE STREET,FISCHER STREET,28,E,N,A,-,N,NA,NA,NA,NA,NA,NA,NA,NA,NA,Y,4,0,3,2,A,-,03,22350,NA,N,C,C,A,A,H,-,A,A,0,NA,NA,NA,NA,Y,NA,A,01,0,0,3,0,0,0,0,0,0,-,-,34.139259338378906,-118.23613739013672,LOS ANGELES,GLENDALE,-118.23603057861328,34.1392936706543
82147101,2023,2023-08-18,1925,2023-08-04,1901,29440,213,5,5,6,1925,0,0,0,NA,0,001,SAN FERNANDO ROAD,FAIRMONT AVENUE,0,NA,Y,A,-,N,NA,NA,NA,NA,NA,NA,NA,NA,NA,N,3,0,2,3,A,-,04,21703,NA,N,C,C,A,A,H,-,A,A,0,NA,NA,NA,NA,Y,NA,I,11,0,2,0,0,0,0,0,0,0,-,-,34.154640197753906,-118.27594757080078,LOS ANGELES,GLENDALE,-118.27598571777344,34.154693603515625
82147103,2023,2023-08-18,1925,2023-08-06,1328,21055,167,7,5,6,1925,0,0,0,NA,0,001,N CENTRAL AVE,W DRYDEN ST,200,N,N,A,-,N,NA,NA,NA,NA,NA,NA,NA,NA,NA,N,4,0,3,2,A,-,09,21804,A,N,D,C,A,A,H,-,A,D,0,NA,NA,NA,NA,Y,NA,A,01,0,0,3,0,0,0,0,0,0,-,-,NA,NA,LOS ANGELES,GLENDALE,-118.25688934326172,34.162017822265625
82147892,2023,2023-08-21,1947,2023-05-10,1555,1459,NA,3,5,5,1947,0,0,0,NA,0,00E,PICKERING WY,MALDEN DR,25,W,N,A,-,N,NA,NA,NA,NA,NA,NA,NA,NA,NA,N,2,0,1,2,A,-,03,22350,NA,N,B,E,A,A,H,-,A,D,0,NA,Y,NA,NA,Y,NA,M,91,1,0,0,0,0,0,1,0,0,-,-,34.00825881958008,-118.122802734375,LOS ANGELES,MONTEBELLO,-118.12278747558594,34.008331298828125
82147893,2023,2023-08-21,1947,2023-07-08,1730,1428,NA,6,5,5,1947,0,0,0,NA,0,00A,GARFIELD AVE,MADISON AVE,347,S,N,A,-,N,NA,NA,NA,NA,NA,NA,NA,NA,NA,N,4,0,1,2,A,-,08,22107,NA,N,D,E,A,A,H,-,A,A,0,NA,NA,Y,NA,Y,NA,C,02,0,0,1,0,0,0,0,0,1,-,-,NA,NA,LOS ANGELES,MONTEBELLO,-118.12953186035156,34.01705551147461
82147894,2023,2023-08-21,1947,2023-08-02,1224,1352,NA,3,5,5,1947,0,0,0,NA,0,00C,MADISON AVE,4TH ST,0,NA,Y,A,-,N,NA,NA,NA,NA,NA,NA,NA,NA,NA,N,4,0,2,2,A,-,03,22350,NA,N,C,C,A,A,H,-,A,A,0,NA,NA,NA,NA,Y,NA,A,01,0,0,2,0,0,0,0,0,0,-,-,34.012779235839844,-118.10285949707033,LOS ANGELES,MONTEBELLO,-118.10282135009766,34.01279067993164
82147896,2023,2023-08-21,1922,2023-06-17,1332,700,NA,6,5,6,1922,0,0,0,NA,0,001,VALLEY BLVD,SANTA ANITA AVE,0,NA,Y,A,-,N,NA,NA,NA,NA,NA,NA,NA,NA,NA,N,3,0,1,2,A,-,05,21650,1,N,D,G,A,A,H,-,A,A,0,NA,Y,NA,NA,Y,NA,L,04,0,1,0,0,0,0,1,0,0,-,-,34.076480865478516,-118.04116821289064,LOS ANGELES,EL MONTE,-118.04109954833984,34.07646560668945
82147897,2023,2023-08-21,1922,2023-07-01,1820,701,NA,6,5,6,1922,0,0,0,NA,0,NA,CYPRESS AVE,MCGIRK AVE,175,S,N,A,-,N,NA,NA,NA,NA,NA,NA,NA,NA,NA,N,2,0,1,1,A,-,03,22350,NA,N,H,A,A,A,H,-,A,D,0,NA,NA,Y,NA,Y,NA,C,03,1,0,0,0,0,0,0,0,1,-,-,34.085750579833984,-118.0261001586914,LOS ANGELES,EL MONTE,-118.02618408203124,34.085174560546875
82147898,2023,2023-08-21,1922,2023-07-07,2351,713,NA,5,5,6,1922,0,0,0,NA,0,001,BALDWIN AVE,CEDAR LN,150,N,N,A,-,N,NA,NA,NA,NA,NA,NA,NA,NA,NA,Y,2,0,4,3,A,-,01,23153,A,N,D,C,A,A,H,-,C,D,0,NA,NA,NA,NA,Y,Y,A,01,1,0,3,0,0,0,0,0,0,-,-,34.07674026489258,-118.0535888671875,LOS ANGELES,EL MONTE,-118.0535125732422,34.077049255371094
82147900,2023,2023-08-21,1922,2023-07-08,1002,651,NA,6,5,6,1922,0,0,0,NA,0,001,VALLEY BLVD,TYLER AVE,0,NA,Y,A,-,N,NA,NA,NA,NA,NA,NA,NA,NA,NA,Y,4,0,4,2,A,-,09,21801,A,N,D,C,A,A,H,-,A,A,0,NA,NA,NA,NA,Y,NA,A,07,0,0,4,0,0,0,0,0,0,-,-,34.07489013671875,-118.03507232666016,LOS ANGELES,EL MONTE,-118.03505706787108,34.07490158081055
82147901,2023,2023-08-21,1922,2023-07-25,1840,605,NA,2,5,6,1922,0,0,0,NA,0,NA,MONTECITO DR,TYLER AVE,100,E,N,A,-,N,NA,NA,NA,NA,NA,NA,NA,NA,NA,N,4,0,1,2,A,-,09,21804,A,F,H,G,A,A,H,-,A,D,0,NA,Y,NA,NA,Y,NA,D,22,0,0,1,0,0,0,1,0,0,-,-,34.0784912109375,-118.03337097167967,LOS ANGELES,EL MONTE,-118.03306579589844,34.078285217285156
82147902,2023,2023-08-21,1922,2023-08-02,803,620,NA,3,5,6,1922,0,0,0,NA,0,003,GARVEY AVE,TYLER AVE,0,NA,Y,A,-,N,NA,NA,NA,NA,NA,NA,NA,NA,NA,N,4,0,1,4,A,-,12,21453,A,N,D,C,A,A,H,-,A,A,0,NA,NA,NA,NA,Y,NA,A,01,0,0,1,0,0,0,0,0,0,-,-,34.06278991699219,-118.03572082519533,LOS ANGELES,EL MONTE,-118.03571319580078,34.06284713745117
82147903,2023,2023-08-21,1922,2023-08-02,1332,620,NA,3,5,6,1922,0,0,0,NA,0,004,MAXSON RD,KLINGERMAN ST,0,NA,Y,A,-,N,NA,NA,NA,NA,NA,NA,NA,NA,NA,N,4,0,1,3,A,-,12,22450,A,N,D,C,A,A,H,-,A,A,0,NA,NA,NA,NA,Y,NA,A,01,0,0,1,0,0,0,0,0,0,-,-,34.05210876464844,-118.0251922607422,LOS ANGELES,EL MONTE,-118.02516174316406,34.05207443237305
82147957,2023,2023-08-21,1925,2023-08-05,1824,28134,244,6,5,6,1925,0,0,0,NA,0,003,COLORADO STREET,LINCOLN AVENUE,46,W,N,A,-,N,NA,NA,NA,NA,NA,NA,NA,NA,NA,Y,4,0,1,2,A,-,09,21801,A,N,B,C,A,A,H,-,A,A,0,NA,NA,NA,NA,Y,NA,A,01,0,0,1,0,0,0,0,0,0,-,-,34.142601013183594,-118.22955322265624,LOS ANGELES,GLENDALE,-118.22967529296876,34.14276123046875
82148101,2023,2023-08-21,1975,2023-07-21,1326,446,WCPD,5,5,6,1975,0,0,0,NA,0,003,VINCENT AV,PLAZA DR,862,N,N,A,-,N,NA,NA,NA,NA,NA,NA,NA,NA,NA,Y,4,0,1,1,A,-,03,22350,NA,N,E,I,A,A,H,-,A,D,0,NA,NA,NA,NA,Y,NA,A,01,0,0,1,0,0,0,0,0,0,-,-,34.06978988647461,-117.92684936523438,LOS ANGELES,WEST COVINA,-117.92681121826172,34.07208251953125
82148102,2023,2023-08-21,1975,2023-07-24,1327,487,WCPD,1,5,6,1975,0,0,0,NA,0,002,AZUSA AV,I10 WEST OFFRAMP,43,S,N,A,-,N,NA,NA,NA,NA,NA,NA,NA,NA,NA,Y,4,0,2,2,A,-,12,21453,A,N,D,C,A,A,H,-,A,A,0,NA,NA,NA,NA,Y,NA,-,-,0,0,2,0,0,0,0,0,0,-,-,NA,NA,LOS ANGELES,WEST COVINA,-117.94279479980467,34.07220458984375
82148103,2023,2023-08-21,1975,2023-07-27,1601,446,WCPD,4,5,6,1975,0,0,0,NA,0,001,BADILLO ST,VINCENT AV,205,W,N,A,-,N,NA,NA,NA,NA,NA,NA,NA,NA,NA,Y,4,0,1,3,A,-,03,22350,NA,N,C,C,A,A,H,-,A,A,0,NA,NA,NA,NA,Y,NA,A,07,0,0,1,0,0,0,0,0,0,-,-,34.08652877807617,-117.92543792724608,LOS ANGELES,WEST COVINA,-117.92617797851564,34.086456298828125
82148104,2023,2023-08-21,1975,2023-08-01,2100,456,WCPD,2,5,6,1975,0,0,0,NA,0,002,CITRUS AV,NORMA PL,248,E,N,A,-,N,NA,NA,NA,NA,NA,NA,NA,NA,NA,N,2,0,1,2,A,-,11,21954,A,N,G,B,D,A,H,-,C,A,0,Y,NA,NA,NA,Y,Y,N,60,1,0,0,0,1,0,0,0,0,-,-,NA,NA,LOS ANGELES,WEST COVINA,-117.89008331298828,34.07111358642578
82148105,2023,2023-08-21,1975,2023-08-02,1000,1010,WCPD,3,5,6,1975,0,0,0,NA,0,002,GRAND AV,RT 10 WB ONRAMP,95,S,N,A,-,N,NA,NA,NA,NA,NA,NA,NA,NA,NA,N,4,0,1,2,A,-,03,22350,NA,N,C,C,A,A,H,-,A,A,0,NA,NA,NA,NA,Y,NA,D,22,0,0,1,0,0,0,0,0,0,-,-,34.07147979736328,-117.8724365234375,LOS ANGELES,WEST COVINA,NA,NA
82148107,2023,2023-08-21,1975,2023-08-07,742,353,NA,1,5,6,1975,0,0,0,NA,0,001,VINCENT AV,ROWLAND AV,0,NA,Y,A,-,N,NA,NA,NA,NA,NA,NA,NA,NA,NA,Y,3,0,2,3,A,-,12,21453,A,N,D,C,A,A,H,-,A,A,0,NA,NA,NA,NA,Y,NA,B,01,0,1,1,0,0,0,0,0,0,-,-,34.07915115356445,-117.92591857910156,LOS ANGELES,WEST COVINA,-117.926025390625,34.07912063598633
82148108,2023,2023-08-21,1975,2023-08-07,1645,487,WCPD,1,5,6,1975,0,0,0,NA,0,002,GARVEY AV S,BARRANCA ST,0,NA,Y,A,-,N,NA,NA,NA,NA,NA,NA,NA,NA,NA,Y,4,0,2,2,A,-,09,21801,A,N,D,C,A,A,H,-,A,A,0,NA,NA,NA,NA,Y,NA,A,01,0,0,2,0,0,0,0,0,0,-,-,34.06953048706055,-117.88126373291016,LOS ANGELES,WEST COVINA,-117.88129425048828,34.07109451293945
82148109,2023,2023-08-21,1975,2023-08-08,1440,436,WCPD,2,5,6,1975,0,0,0,NA,0,004,VALINDA AV,MERCED AV,0,NA,Y,A,-,N,NA,NA,NA,NA,NA,NA,NA,NA,NA,Y,4,0,2,2,A,-,12,21453,A,F,D,C,A,A,H,-,A,A,0,NA,NA,NA,NA,Y,NA,D,22,0,0,2,0,0,0,0,0,0,-,-,34.054019927978516,-117.925537109375,LOS ANGELES,WEST COVINA,-117.92554473876952,34.053993225097656
82148110,2023,2023-08-21,1975,2023-08-08,1738,446,WCPD,2,5,6,1975,0,0,0,NA,0,004,VALINDA AV,SERVICE AV,0,NA,Y,A,-,N,NA,NA,NA,NA,NA,NA,NA,NA,NA,N,4,0,2,2,A,-,09,21801,A,N,D,C,A,A,H,-,A,A,0,NA,NA,NA,NA,Y,NA,A,07,0,0,2,0,0,0,0,0,0,-,-,34.0649299621582,-117.92540740966795,LOS ANGELES,WEST COVINA,-117.92536163330078,34.06489181518555
82148111,2023,2023-08-21,1975,2023-08-09,1110,1010,WCPD,3,5,6,1975,0,0,0,NA,0,001,ROWLAND AV,LARK ELLEN AV,0,NA,Y,A,-,N,NA,NA,NA,NA,NA,NA,NA,NA,NA,Y,3,0,2,3,A,-,12,21453,A,N,D,C,A,A,H,-,A,A,0,NA,NA,NA,NA,Y,NA,D,22,0,1,1,0,0,0,0,0,0,-,-,34.079200744628906,-117.91658782958984,LOS ANGELES,WEST COVINA,-117.91658782958984,34.07912063598633