CASE_ID,ACCIDENT_YEAR,PROC_DATE,JURIS,COLLISION_DATE,COLLISION_TIME,OFFICER_ID,REPORTING_DISTRICT,DAY_OF_WEEK,CHP_SHIFT,POPULATION,CNTY_CITY_LOC,SPECIAL_COND,BEAT_TYPE,CHP_BEAT_TYPE,CITY_DIVISION_LAPD,CHP_BEAT_CLASS,BEAT_NUMBER,PRIMARY_RD,SECONDARY_RD,DISTANCE,DIRECTION,INTERSECTION,WEATHER_1,WEATHER_2,STATE_HWY_IND,CALTRANS_COUNTY,CALTRANS_DISTRICT,STATE_ROUTE,ROUTE_SUFFIX,POSTMILE_PREFIX,POSTMILE,LOCATION_TYPE,RAMP_INTERSECTION,SIDE_OF_HWY,TOW_AWAY,COLLISION_SEVERITY,NUMBER_KILLED,NUMBER_INJURED,PARTY_COUNT,PRIMARY_COLL_FACTOR,PCF_CODE_OF_VIOL,PCF_VIOL_CATEGORY,PCF_VIOLATION,PCF_VIOL_SUBSECTION,HIT_AND_RUN,TYPE_OF_COLLISION,MVIW,PED_ACTION,ROAD_SURFACE,ROAD_COND_1,ROAD_COND_2,LIGHTING,CONTROL_DEVICE,CHP_ROAD_TYPE,PEDESTRIAN_ACCIDENT,BICYCLE_ACCIDENT,MOTORCYCLE_ACCIDENT,TRUCK_ACCIDENT,NOT_PRIVATE_PROPERTY,ALCOHOL_INVOLVED,STWD_VEHTYPE_AT_FAULT,CHP_VEHTYPE_AT_FAULT,COUNT_SEVERE_INJ,COUNT_VISIBLE_INJ,COUNT_COMPLAINT_PAIN,COUNT_PED_KILLED,COUNT_PED_INJURED,COUNT_BICYCLIST_KILLED,COUNT_BICYCLIST_INJURED,COUNT_MC_KILLED,COUNT_MC_INJURED,PRIMARY_RAMP,SECONDARY_RAMP,LATITUDE,LONGITUDE,COUNTY,CITY,POINT_X,POINT_Y
82155069,2023,2023-08-28,1965,2023-07-06,526,4036,0B3A,4,5,5,1965,0,0,0,NA,0,003,26TH ST,SANTA MONICA BLVD,10,N,N,A,-,N,NA,NA,NA,NA,NA,NA,NA,NA,NA,N,4,0,1,2,A,-,10,21950,A,N,G,B,B,A,H,-,B,A,0,Y,NA,NA,NA,Y,NA,A,01,0,0,1,0,1,0,0,0,0,-,-,NA,NA,LOS ANGELES,SANTA MONICA,-118.4743194580078,34.033321380615234
82155073,2023,2023-08-28,1925,2023-08-15,930,21092,268,2,5,6,1925,0,0,0,NA,0,002,CENTRAL AVENUE,COLORADO STREET,65,S,N,A,-,N,NA,NA,NA,NA,NA,NA,NA,NA,NA,N,4,0,1,2,A,-,03,22350,NA,N,C,C,A,A,H,-,A,D,0,NA,NA,NA,NA,Y,NA,A,07,0,0,1,0,0,0,0,0,0,-,-,NA,NA,LOS ANGELES,GLENDALE,-118.2578582763672,34.14236068725586
82155209,2023,2023-08-28,1975,2023-05-06,1600,491,WCPD,6,5,6,1975,0,0,0,NA,0,004,AZUSA AV,FRANCISQUITO AV,400,N,N,A,-,N,NA,NA,NA,NA,NA,NA,NA,NA,NA,N,3,0,2,4,A,-,03,22350,NA,F,C,C,A,A,H,-,A,A,0,NA,NA,NA,NA,Y,NA,A,01,0,2,0,0,0,0,0,0,0,-,-,34.05022048950195,-117.90805053710938,LOS ANGELES,WEST COVINA,-117.90807342529295,34.05129623413086
82155235,2023,2023-08-28,1965,2023-07-21,1451,4164,0B3C,5,5,5,1965,0,0,0,NA,0,B003,20TH ST,OLYMPIC BLVD,0,NA,Y,A,-,N,NA,NA,NA,NA,NA,NA,NA,NA,NA,N,4,0,1,2,A,-,03,22350,NA,N,C,C,A,A,H,-,A,A,0,NA,NA,NA,NA,Y,NA,-,-,0,0,1,0,0,0,0,0,0,-,-,NA,NA,LOS ANGELES,SANTA MONICA,-118.47499084472656,34.02437210083008
82155236,2023,2023-08-29,1965,2023-07-22,1306,4164,0B3F,6,5,5,1965,0,0,0,NA,0,B003,OLYMPIC BLVD,CLOVERFIELD BLVD,27,E,N,A,-,N,NA,NA,NA,NA,NA,NA,NA,NA,NA,Y,4,0,6,4,A,-,03,22350,NA,N,-,C,A,A,H,-,A,A,0,NA,NA,NA,NA,Y,NA,A,01,0,0,6,0,0,0,0,0,0,-,-,NA,NA,LOS ANGELES,SANTA MONICA,-118.4722900390625,34.0272331237793
82155238,2023,2023-08-28,1965,2023-07-26,931,4164,0B1H,3,5,5,1965,0,0,0,NA,0,B001,5TH ST,COLORADO AVE,160,N,N,A,-,N,NA,NA,NA,NA,NA,NA,NA,NA,NA,N,3,0,1,2,A,-,17,22517,NA,N,B,G,A,A,H,-,A,D,0,NA,Y,NA,NA,Y,NA,A,01,0,1,0,0,0,0,1,0,0,-,-,NA,NA,LOS ANGELES,SANTA MONICA,-118.49149322509766,34.01485061645508
82155257,2023,2023-08-28,1925,2023-07-29,2342,21975,NA,6,5,6,1925,0,0,0,NA,0,NA,STOCKER STREET,LOUISE STREET,7,W,N,A,-,N,NA,NA,NA,NA,NA,NA,NA,NA,NA,N,3,0,1,2,A,-,11,21950,B,N,G,B,B,A,H,-,B,D,0,Y,NA,NA,NA,Y,NA,A,01,0,1,0,0,1,0,0,0,0,-,-,NA,NA,LOS ANGELES,GLENDALE,-118.25276184082033,34.16366958618164
82155262,2023,2023-08-31,1925,2023-08-13,2143,27016,199,7,5,6,1925,0,0,0,NA,0,001,SAN FERNANDO ROAD,SONORA AVENUE,20,S,N,A,-,N,NA,NA,NA,NA,NA,NA,NA,NA,NA,N,3,0,1,2,A,-,12,21453,A,N,D,C,A,A,H,-,C,A,0,NA,NA,Y,NA,Y,NA,C,03,0,1,0,0,0,0,0,0,1,-,-,34.165958404541016,-118.28826904296876,LOS ANGELES,GLENDALE,-118.28824615478516,34.165924072265625
82155263,2023,2023-08-28,1925,2023-08-15,1500,28595,267,2,5,6,1925,0,0,0,NA,0,002,COLORADO STREET,COLUMBUS AVENUE,410,W,N,A,-,N,NA,NA,NA,NA,NA,NA,NA,NA,NA,Y,3,0,4,2,A,-,03,22350,NA,N,C,C,A,A,H,-,A,D,0,NA,NA,NA,NA,Y,NA,A,07,0,1,3,0,0,0,0,0,0,-,-,34.14255142211914,-118.26087951660156,LOS ANGELES,GLENDALE,-118.2622528076172,34.142520904541016
82155266,2023,2023-08-28,1925,2023-08-16,1505,21092,241,3,5,6,1925,0,0,0,NA,0,003,BROADWAY,MAYNARD STREET,293,W,N,A,-,N,NA,NA,NA,NA,NA,NA,NA,NA,NA,N,3,0,1,2,A,-,05,21650,1,M,D,G,A,A,H,-,A,C,0,NA,Y,NA,NA,Y,NA,L,04,0,1,0,0,0,0,1,0,0,-,-,NA,NA,LOS ANGELES,GLENDALE,-118.2314453125,34.14617919921875
82155268,2023,2023-08-28,1925,2023-08-16,1722,21092,167,3,5,6,1925,0,0,0,NA,0,001,DRYDEN STREET,CENTRAL AVENUE,0,NA,Y,A,-,N,NA,NA,NA,NA,NA,NA,NA,NA,NA,N,3,0,1,3,A,-,10,21950,A,N,G,B,B,A,H,-,A,A,0,Y,NA,NA,NA,Y,NA,A,07,0,1,0,0,1,0,0,0,0,-,-,34.16135025024414,-118.25685119628906,LOS ANGELES,GLENDALE,-118.25688934326172,34.16147232055664
82156498,2023,2023-08-29,1975,2023-08-13,2130,485,WCPD,7,5,6,1975,0,0,0,NA,0,002,CORTEZ ST,HOLLENBECK AVENUE,15,E,N,A,-,N,NA,NA,NA,NA,NA,NA,NA,NA,NA,N,4,0,1,2,A,-,08,22107,NA,F,B,C,A,A,H,-,C,A,0,NA,NA,NA,NA,Y,NA,A,01,0,0,1,0,0,0,0,0,0,-,-,34.0647087097168,-117.8989715576172,LOS ANGELES,WEST COVINA,-117.89897918701172,34.06462860107422
82156500,2023,2023-08-29,1975,2023-08-16,1407,459,WCPD,3,5,6,1975,0,0,0,NA,0,006,VALLEY BLVD,NOGALES ST,150,W,N,A,-,N,NA,NA,NA,NA,NA,NA,NA,NA,NA,Y,3,0,1,2,A,-,03,22350,NA,N,C,C,A,A,H,-,A,A,0,NA,NA,NA,Y,Y,NA,A,01,0,1,0,0,0,0,0,0,0,-,-,34.00307083129883,-117.88760375976564,LOS ANGELES,WEST COVINA,-117.88816833496094,34.00314712524414
82156501,2023,2023-08-29,1975,2023-08-17,738,353,WCPD,4,5,6,1975,0,0,0,NA,0,004,CAMERON AV,LARK ELLEN AV,0,NA,Y,A,-,N,NA,NA,NA,NA,NA,NA,NA,NA,NA,Y,3,0,1,2,A,-,12,21453,A,N,D,C,A,A,H,-,A,A,0,NA,NA,NA,NA,Y,NA,-,-,0,1,0,0,0,0,0,0,0,-,-,34.06122970581055,-117.91667175292967,LOS ANGELES,WEST COVINA,-117.91673278808594,34.06116485595703
82156762,2023,2023-08-29,1967,2023-08-03,800,136,NA,4,5,2,1967,0,0,0,NA,0,SOUTH,SR-1 (E PACIFIC COAST HWY),REDONDO AV,10,W,N,A,-,Y,NA,NA,NA,NA,NA,NA,NA,NA,NA,N,4,0,1,2,A,-,03,22350,NA,N,C,C,A,A,H,-,A,A,0,NA,NA,NA,NA,Y,NA,A,01,0,0,1,0,0,0,0,0,0,-,-,NA,NA,LOS ANGELES,SIGNAL HILL,-118.15186309814452,33.789859771728516
82156764,2023,2023-08-29,1967,2023-08-05,1302,168,NA,6,5,2,1967,0,0,0,NA,0,SOUTH,CHERRY AV,BURNETT ST,0,NA,Y,A,-,N,NA,NA,NA,NA,NA,NA,NA,NA,NA,Y,4,0,2,3,A,-,12,21453,A,N,D,C,A,A,H,-,A,A,0,NA,NA,NA,NA,Y,NA,A,01,0,0,2,0,0,0,0,0,0,-,-,NA,NA,LOS ANGELES,SIGNAL HILL,-118.1677017211914,33.800750732421875
82156765,2023,2023-08-29,1967,2023-08-13,950,136,NA,7,5,2,1967,0,0,0,NA,0,SOUTH,WILLOW,CALIFORNIA AV,0,NA,Y,A,-,N,NA,NA,NA,NA,NA,NA,NA,NA,NA,Y,3,0,5,4,A,-,12,21453,A,N,D,C,A,A,H,-,A,A,0,NA,NA,NA,NA,Y,NA,A,01,0,1,4,0,0,0,0,0,0,-,-,NA,NA,LOS ANGELES,SIGNAL HILL,-118.1807098388672,33.80427932739258
82156920,2023,2023-08-29,1933,2023-08-08,928,812,13,2,5,6,1933,0,0,0,NA,0,003,MANCHESTER BLVD,CRENSHAW BLVD,0,NA,Y,A,-,N,NA,NA,NA,NA,NA,NA,NA,NA,NA,Y,3,0,2,3,D,-,00,NA,NA,N,D,C,F,A,H,-,A,A,0,Y,NA,NA,NA,Y,NA,-,-,0,2,0,0,1,0,0,0,0,-,-,33.95994186401367,-118.3264389038086,LOS ANGELES,INGLEWOOD,-118.32649993896484,33.95990753173828
82156925,2023,2023-08-29,1933,2023-08-19,2127,1071,25,6,5,6,1933,0,0,0,NA,0,002,HAWTHORNE BLVD,102ND ST,0,NA,Y,A,-,N,NA,NA,NA,NA,NA,NA,NA,NA,NA,N,4,0,1,3,A,-,09,21802,A,N,D,C,A,A,H,-,C,D,0,NA,NA,NA,NA,Y,NA,A,01,0,0,1,0,0,0,0,0,0,-,-,33.943660736083984,-118.35263824462892,LOS ANGELES,INGLEWOOD,-118.35272979736328,33.94361877441406
82156926,2023,2023-08-29,1933,2023-08-25,2219,1065,27,5,5,6,1933,0,0,0,NA,0,002,PRAIRIE AV,CENTURY BLVD,172,N,N,A,-,N,NA,NA,NA,NA,NA,NA,NA,NA,NA,Y,4,0,1,2,A,-,01,23152,A,F,D,C,A,A,H,-,C,D,0,NA,NA,NA,NA,Y,Y,A,01,0,0,1,0,0,0,0,0,0,-,-,33.94546890258789,-118.34391784667967,LOS ANGELES,INGLEWOOD,-118.3439483642578,33.9459228515625
82157938,2023,2023-08-30,1967,2023-07-24,413,142,NA,1,5,2,1967,0,0,0,NA,0,NORTH,CHERRY AV,28TH,0,NA,Y,A,-,N,NA,NA,NA,NA,NA,NA,NA,NA,NA,Y,4,0,2,2,A,-,12,21453,A,N,D,C,A,A,H,-,C,A,0,NA,NA,NA,NA,Y,NA,A,01,0,0,2,0,0,0,0,0,0,-,-,NA,NA,LOS ANGELES,SIGNAL HILL,-118.16762542724608,33.808048248291016
82157942,2023,2023-08-30,1967,2023-08-06,724,153,NA,7,5,2,1967,0,0,0,NA,0,NORTH,WALNUT AV,SPRING,0,NA,Y,A,-,N,NA,NA,NA,NA,NA,NA,NA,NA,NA,Y,2,0,2,2,A,-,12,21453,A,N,D,C,A,A,H,-,A,A,0,NA,NA,Y,NA,Y,NA,C,02,1,1,0,0,0,0,0,0,1,-,-,NA,NA,LOS ANGELES,SIGNAL HILL,-118.17195892333984,33.811668395996094
82157945,2023,2023-08-30,1967,2023-08-10,631,153,NA,4,5,2,1967,0,0,0,NA,0,SOUTH,CHERRY AV,CRESCENT HEIGHTS,0,NA,Y,-,-,N,NA,NA,NA,NA,NA,NA,NA,NA,NA,N,4,0,1,2,D,-,00,NA,NA,F,D,C,A,A,H,-,A,A,0,NA,NA,NA,NA,Y,NA,-,-,0,0,1,0,0,0,0,0,0,-,-,NA,NA,LOS ANGELES,SIGNAL HILL,-118.16769409179688,33.80255889892578
82157946,2023,2023-08-30,1967,2023-08-11,1145,153,NA,5,5,2,1967,0,0,0,NA,0,SOUTH,SR-1 (PACIFIC COAST HWY),CORONADO AV,8,W,N,A,-,N,NA,NA,NA,NA,NA,NA,NA,NA,NA,Y,4,0,1,2,D,-,00,NA,NA,N,C,C,A,A,H,-,A,A,0,NA,NA,NA,NA,Y,NA,-,-,0,0,1,0,0,0,0,0,0,-,-,NA,NA,LOS ANGELES,SIGNAL HILL,-118.1530532836914,33.789859771728516
82157947,2023,2023-08-30,1967,2023-08-14,1743,142,NA,1,5,2,1967,0,0,0,NA,0,NORTH,WILLOW,ORANGE AV,30,E,N,A,-,N,NA,NA,NA,NA,NA,NA,NA,NA,NA,Y,4,0,2,2,A,-,03,22350,NA,N,C,C,A,A,H,-,A,D,0,NA,NA,NA,NA,Y,NA,A,01,0,0,2,0,0,0,0,0,0,-,-,NA,NA,LOS ANGELES,SIGNAL HILL,-118.17623138427734,33.804298400878906
82157948,2023,2023-08-30,1922,2023-07-10,1631,682,NA,1,5,6,1922,0,0,0,NA,0,002,LOWER AZUSA RD,COGSWELL RD,0,NA,Y,A,-,N,NA,NA,NA,NA,NA,NA,NA,NA,NA,N,4,0,1,2,A,-,12,21453,A,N,D,C,A,A,H,-,A,A,0,NA,NA,NA,NA,Y,NA,A,01,0,0,1,0,0,0,0,0,0,-,-,34.08789825439453,-118.00657653808594,LOS ANGELES,EL MONTE,-118.00655364990234,34.087867736816406
82157949,2023,2023-08-30,1922,2023-07-29,309,716,NA,6,5,6,1922,0,0,0,NA,0,NA,10224 OLNEY ST,BEUVILLE AVE,100,W,N,A,-,N,NA,NA,NA,NA,NA,NA,NA,NA,NA,Y,4,0,1,5,A,-,01,23152,A,N,B,E,A,A,H,-,C,D,0,NA,NA,NA,NA,Y,Y,A,01,0,0,1,0,0,0,0,0,0,-,-,NA,NA,LOS ANGELES,EL MONTE,-118.04866790771484,34.073421478271484
82157952,2023,2023-08-30,1948,2023-08-06,1137,484,1948,7,5,5,1948,0,0,0,NA,0,002,GARVEY AV,RURAL DR (E),13,E,N,A,-,N,NA,NA,NA,NA,NA,NA,NA,NA,NA,N,4,0,1,2,A,-,11,21954,A,N,G,B,D,A,H,-,A,D,0,Y,NA,NA,NA,Y,NA,N,60,0,0,1,0,1,0,0,0,0,-,-,34.0624885559082,-118.11348724365234,LOS ANGELES,MONTEREY PARK,-118.11404418945313,34.06248092651367
82158072,2023,2023-08-30,1933,2023-08-19,933,1037,33,6,5,6,1933,0,0,0,NA,0,004,CRENSHAW BLVD,104TH ST,163,S,N,A,-,N,NA,NA,NA,NA,NA,NA,NA,NA,NA,N,3,0,1,2,C,-,18,NA,NA,N,D,C,A,A,H,-,A,A,0,NA,NA,NA,NA,Y,NA,-,-,0,1,0,0,0,0,0,0,0,-,-,33.94186019897461,-118.32649230957033,LOS ANGELES,INGLEWOOD,-118.3267059326172,33.94137191772461
82158081,2023,2023-08-30,1933,2023-08-23,740,1080,34,3,5,6,1933,0,0,0,NA,0,004,112TH ST,DOTY AV,0,NA,Y,A,-,N,NA,NA,NA,NA,NA,NA,NA,NA,NA,N,3,0,2,3,A,-,12,22450,A,F,G,B,B,A,H,-,A,A,0,Y,NA,NA,NA,Y,NA,A,01,0,1,1,0,2,0,0,0,0,-,-,33.932899475097656,-118.33941650390624,LOS ANGELES,INGLEWOOD,-118.33938598632813,33.932899475097656
82158086,2023,2023-08-30,1933,2023-08-25,2019,1031,10,5,5,6,1933,0,0,0,NA,0,001,PRAIRIE AV,HOWLAND DR,0,NA,Y,A,-,N,NA,NA,NA,NA,NA,NA,NA,NA,NA,Y,2,0,1,2,A,-,09,21801,A,N,D,C,A,A,H,-,C,D,0,NA,NA,NA,NA,Y,NA,A,01,1,0,0,0,0,0,0,0,0,-,-,33.965511322021484,-118.34396362304688,LOS ANGELES,INGLEWOOD,-118.3439712524414,33.96546173095703
82158091,2023,2023-08-30,1933,2023-08-26,2323,1082,08,6,5,6,1933,0,0,0,NA,0,001,MANCHESTER BLVD,EUCALYPTUS AV,142,E,N,A,-,N,NA,NA,NA,NA,NA,NA,NA,NA,NA,Y,4,0,2,2,A,-,08,22107,NA,N,A,C,A,A,H,-,C,A,0,NA,NA,NA,NA,Y,NA,A,07,0,0,2,0,0,0,0,0,0,-,-,33.961761474609375,-118.35946655273438,LOS ANGELES,INGLEWOOD,-118.35906982421876,33.961639404296875
82159078,2023,2023-08-31,1922,2023-07-19,1229,713,NA,3,5,6,1922,0,0,0,NA,0,NA,PECK RD,RAMONA BLVD,124,S,N,A,-,N,NA,NA,NA,NA,NA,NA,NA,NA,NA,N,4,0,2,2,A,-,03,22350,NA,F,C,C,A,A,D,-,A,D,0,NA,NA,NA,NA,Y,NA,D,82,0,0,2,0,0,0,0,0,0,-,-,34.07413101196289,-118.02287292480467,LOS ANGELES,EL MONTE,-118.02308654785156,34.073787689208984
82159079,2023,2023-08-31,1922,2023-07-24,1926,719,NA,1,5,6,1922,0,0,0,NA,0,004,VALLEY BLVD,COGSWELL RD,0,NA,Y,A,-,N,NA,NA,NA,NA,NA,NA,NA,NA,NA,N,3,0,1,2,A,-,09,21801,A,N,D,C,A,A,H,-,A,A,0,NA,NA,NA,NA,Y,NA,A,01,0,1,0,0,0,0,0,0,0,-,-,34.062049865722656,-118.01795196533205,LOS ANGELES,EL MONTE,-118.01795959472656,34.062137603759766
82159080,2023,2023-08-31,1922,2023-07-26,1547,707,1922,3,5,6,1922,0,0,0,NA,0,003,ASHER ST,MEEKER AVE,173,W,N,A,-,N,NA,NA,NA,NA,NA,NA,NA,NA,NA,N,4,0,1,2,A,-,08,22107,NA,N,B,C,A,A,H,-,A,D,0,NA,NA,NA,NA,Y,NA,A,01,0,0,1,0,0,0,0,0,0,-,-,34.06745147705078,-118.03072357177734,LOS ANGELES,EL MONTE,-118.03121948242188,34.067569732666016
82159082,2023,2023-08-31,1922,2023-07-29,1429,683,NA,6,5,6,1922,0,0,0,NA,0,001,SANTA ANITA AVE,LOWER AZUSA RD (W),150,S,N,A,-,N,NA,NA,NA,NA,NA,NA,NA,NA,NA,Y,4,0,1,2,A,-,03,22350,NA,N,C,C,A,A,H,-,A,A,0,NA,NA,NA,NA,Y,NA,A,07,0,0,1,0,0,0,0,0,0,-,-,34.0921516418457,-118.0264892578125,LOS ANGELES,EL MONTE,-118.02642822265624,34.091705322265625
82159083,2023,2023-08-31,1922,2023-07-29,1733,717,EL MO,6,5,6,1922,0,0,0,NA,0,004,DURFEE AVE,GARVEY AVE,65,N,N,A,-,N,NA,NA,NA,NA,NA,NA,NA,NA,NA,N,4,0,1,2,A,-,03,22350,NA,F,C,C,A,A,H,-,A,D,0,NA,NA,NA,NA,Y,NA,A,01,0,0,1,0,0,0,0,0,0,-,-,34.063758850097656,-118.01161193847656,LOS ANGELES,EL MONTE,-118.01148986816406,34.06379318237305
82159084,2023,2023-09-25,1948,2023-07-19,2233,409,1948,3,5,5,1948,0,0,0,NA,0,002,ORANGE AV,NEWMARK AVENUE,0,NA,Y,A,-,N,NA,NA,NA,NA,NA,NA,NA,NA,NA,N,4,0,1,2,D,-,00,NA,NA,N,G,B,B,A,H,-,C,A,0,Y,NA,NA,NA,Y,NA,-,-,0,0,1,0,1,0,0,0,0,-,-,34.059898376464844,-118.11245727539064,LOS ANGELES,MONTEREY PARK,-118.11243438720705,34.05984115600586
82159085,2023,2023-08-31,1922,2023-07-30,1048,714,NA,7,5,6,1922,0,0,0,NA,0,001,LOWER AZUSA RD,SANTA ANITA AVE (W),100,E,N,A,-,N,NA,NA,NA,NA,NA,NA,NA,NA,NA,Y,3,0,1,4,A,-,08,22107,NA,N,B,E,A,A,H,-,A,A,0,NA,NA,NA,NA,Y,NA,A,01,0,1,0,0,0,0,0,0,0,-,-,34.0921516418457,-118.0264892578125,LOS ANGELES,EL MONTE,-118.02606201171876,34.09207534790039
82159086,2023,2023-09-01,1922,2023-07-30,1757,698,NA,7,5,6,1922,0,0,0,NA,0,003,SANTA ANITA AVE,ASHER ST,0,NA,Y,A,-,N,NA,NA,NA,NA,NA,NA,NA,NA,NA,Y,4,0,1,2,A,-,12,21453,A,N,D,C,A,A,H,-,A,A,0,NA,NA,NA,NA,Y,NA,A,01,0,0,1,0,0,0,0,0,0,-,-,34.0682487487793,-118.04232025146484,LOS ANGELES,EL MONTE,-118.04229736328124,34.067989349365234
82159087,2023,2023-08-31,1948,2023-07-23,1455,480,1948,7,5,5,1948,0,0,0,NA,0,002,NEW AV,HELLMAN AV,12,S,N,A,-,N,NA,NA,NA,NA,NA,NA,NA,NA,NA,Y,3,0,2,3,A,-,08,22107,NA,N,D,D,A,A,H,-,A,A,0,NA,NA,NA,NA,Y,NA,A,01,0,2,0,0,0,0,0,0,0,-,-,34.069801330566406,-118.1081314086914,LOS ANGELES,MONTEREY PARK,-118.10814666748048,34.06980895996094
82159088,2023,2023-08-31,1922,2023-07-31,221,712,NA,1,5,6,1922,0,0,0,NA,0,001,PECK RD,MCGIRK AVE,104,S,N,A,-,N,NA,NA,NA,NA,NA,NA,NA,NA,NA,Y,4,0,1,1,A,-,22,23123,NA,N,E,I,A,A,H,-,C,D,0,NA,NA,NA,NA,Y,NA,A,01,0,0,1,0,0,0,0,0,0,-,-,34.084388732910156,-118.0177764892578,LOS ANGELES,EL MONTE,-118.01792144775392,34.08408737182617
82159089,2023,2023-08-31,1948,2023-07-24,2007,467,1948,1,5,5,1948,0,0,0,NA,0,002,ATLANTIC BLVD,GARVEY AV,0,NA,Y,A,-,N,NA,NA,NA,NA,NA,NA,NA,NA,NA,N,3,0,1,2,A,-,10,21950,A,F,G,B,B,A,H,-,A,A,0,Y,NA,NA,NA,Y,NA,A,01,0,1,0,0,1,0,0,0,0,-,-,34.06243133544922,-118.13419342041016,LOS ANGELES,MONTEREY PARK,-118.1342315673828,34.0623893737793
82159090,2023,2023-08-31,1922,2023-07-31,1813,698,NA,1,5,6,1922,0,0,0,NA,0,002,RAMONA BLVD,FERRIS RD,425,E,N,A,-,N,NA,NA,NA,NA,NA,NA,NA,NA,NA,Y,3,0,2,2,A,-,09,21804,A,N,A,C,A,A,H,-,A,D,0,NA,NA,NA,NA,Y,NA,A,01,0,1,1,0,0,0,0,0,0,-,-,34.0743408203125,-118.022216796875,LOS ANGELES,EL MONTE,-118.02063751220705,34.07434844970703
82159092,2023,2023-08-31,1922,2023-08-01,1001,700,NA,2,5,6,1922,0,0,0,NA,0,002,RAMONA BLVD,MAXSON RD,42,W,N,A,-,N,NA,NA,NA,NA,NA,NA,NA,NA,NA,Y,4,0,1,2,A,-,01,23152,A,N,C,C,A,A,H,-,A,A,0,NA,NA,NA,NA,Y,Y,A,01,0,0,1,0,0,0,0,0,0,-,-,34.075931549072266,-118.0076904296875,LOS ANGELES,EL MONTE,-118.00779724121094,34.07589340209961
82159093,2023,2023-08-31,1922,2023-08-04,1455,624,NA,5,5,6,1922,0,0,0,NA,0,NA,LOWER AZUSA RD,DALEVIEW AVE,0,NA,Y,A,-,N,NA,NA,NA,NA,NA,NA,NA,NA,NA,Y,3,0,3,2,A,-,12,21453,A,N,D,C,A,A,H,-,A,A,0,NA,NA,NA,NA,Y,NA,D,22,0,1,2,0,0,0,0,0,0,-,-,34.092681884765625,-118.03214263916016,LOS ANGELES,EL MONTE,-118.03215789794922,34.09268569946289
82159094,2023,2023-08-31,1922,2023-08-06,2004,707,1922,7,5,6,1922,0,0,0,NA,0,003,GARVEY AVE,CENTRAL AVE,55,E,N,A,-,N,NA,NA,NA,NA,NA,NA,NA,NA,NA,Y,4,0,2,2,A,-,08,22107,NA,N,D,C,A,A,H,-,C,A,0,NA,NA,NA,NA,Y,NA,A,01,0,0,2,0,0,0,0,0,0,-,-,34.062679290771484,-118.04694366455078,LOS ANGELES,EL MONTE,-118.04673767089844,34.06272888183594
82159096,2023,2023-08-31,1922,2023-08-07,1513,646,NA,1,5,6,1922,0,0,0,NA,0,001,BALDWIN AVE,CEDAR LN,114,N,N,A,-,Y,NA,NA,NA,NA,NA,NA,NA,NA,NA,N,3,0,1,2,A,-,09,21804,A,N,D,C,A,A,H,-,A,D,0,NA,NA,NA,NA,Y,NA,A,01,0,1,0,0,0,0,0,0,0,-,-,34.07674026489258,-118.0535888671875,LOS ANGELES,EL MONTE,-118.05355072021484,34.07695388793945
82159097,2023,2023-08-31,1922,2023-08-09,1419,620,NA,3,5,6,1922,0,0,0,NA,0,003,SANTA ANITA AVE,ASHER ST (N),0,NA,Y,A,B,N,NA,NA,NA,NA,NA,NA,NA,NA,NA,N,3,0,3,2,A,-,12,21453,A,N,D,C,A,A,H,-,A,A,0,NA,NA,NA,NA,Y,NA,A,01,0,1,2,0,0,0,0,0,0,-,-,34.06840896606445,-118.042236328125,LOS ANGELES,EL MONTE,-118.04229736328124,34.067989349365234
82159099,2023,2023-08-31,1922,2023-08-09,1616,604,NA,3,5,6,1922,0,0,0,NA,0,001,VALLEY BLVD,ARDEN DR,100,W,N,B,-,N,NA,NA,NA,NA,NA,NA,NA,NA,NA,N,4,0,1,2,A,-,03,22350,NA,N,C,C,A,A,H,-,A,A,0,NA,NA,NA,NA,Y,NA,D,22,0,0,1,0,0,0,0,0,0,-,-,34.07651901245117,-118.04621124267578,LOS ANGELES,EL MONTE,-118.04654693603516,34.07665252685547
82159153,2023,2023-08-31,1965,2023-07-18,1615,3158,0B3F,2,5,5,1965,0,0,0,NA,0,B003,CLOVERFIELD BLVD,OLYMPIC BLVD,270,N,N,A,-,N,NA,NA,NA,NA,NA,NA,NA,NA,NA,Y,3,0,2,2,A,-,09,21801,A,N,D,C,A,A,H,-,A,D,0,NA,NA,NA,NA,Y,NA,A,01,0,1,1,0,0,0,0,0,0,-,-,NA,NA,LOS ANGELES,SANTA MONICA,-118.47298431396484,34.02773666381836
82159154,2023,2024-04-17,1965,2023-07-24,1025,4114,0B2C,1,5,5,1965,0,0,0,NA,0,B002,PICO BLVD,21ST ST (W),37,W,N,A,-,N,NA,NA,NA,NA,NA,NA,NA,NA,NA,Y,3,0,1,2,A,-,08,22107,NA,N,B,E,A,A,H,-,A,D,0,NA,NA,NA,NA,Y,NA,A,01,0,1,0,0,0,0,0,0,0,-,-,NA,NA,LOS ANGELES,SANTA MONICA,-118.46862030029295,34.01991653442383