CASE_ID,ACCIDENT_YEAR,PROC_DATE,JURIS,COLLISION_DATE,COLLISION_TIME,OFFICER_ID,REPORTING_DISTRICT,DAY_OF_WEEK,CHP_SHIFT,POPULATION,CNTY_CITY_LOC,SPECIAL_COND,BEAT_TYPE,CHP_BEAT_TYPE,CITY_DIVISION_LAPD,CHP_BEAT_CLASS,BEAT_NUMBER,PRIMARY_RD,SECONDARY_RD,DISTANCE,DIRECTION,INTERSECTION,WEATHER_1,WEATHER_2,STATE_HWY_IND,CALTRANS_COUNTY,CALTRANS_DISTRICT,STATE_ROUTE,ROUTE_SUFFIX,POSTMILE_PREFIX,POSTMILE,LOCATION_TYPE,RAMP_INTERSECTION,SIDE_OF_HWY,TOW_AWAY,COLLISION_SEVERITY,NUMBER_KILLED,NUMBER_INJURED,PARTY_COUNT,PRIMARY_COLL_FACTOR,PCF_CODE_OF_VIOL,PCF_VIOL_CATEGORY,PCF_VIOLATION,PCF_VIOL_SUBSECTION,HIT_AND_RUN,TYPE_OF_COLLISION,MVIW,PED_ACTION,ROAD_SURFACE,ROAD_COND_1,ROAD_COND_2,LIGHTING,CONTROL_DEVICE,CHP_ROAD_TYPE,PEDESTRIAN_ACCIDENT,BICYCLE_ACCIDENT,MOTORCYCLE_ACCIDENT,TRUCK_ACCIDENT,NOT_PRIVATE_PROPERTY,ALCOHOL_INVOLVED,STWD_VEHTYPE_AT_FAULT,CHP_VEHTYPE_AT_FAULT,COUNT_SEVERE_INJ,COUNT_VISIBLE_INJ,COUNT_COMPLAINT_PAIN,COUNT_PED_KILLED,COUNT_PED_INJURED,COUNT_BICYCLIST_KILLED,COUNT_BICYCLIST_INJURED,COUNT_MC_KILLED,COUNT_MC_INJURED,PRIMARY_RAMP,SECONDARY_RAMP,LATITUDE,LONGITUDE,COUNTY,CITY,POINT_X,POINT_Y
82173821,2023,2023-09-19,1947,2023-08-16,754,1464,1947,3,5,5,1947,0,0,0,NA,0,00B,BEVERLY BLVD,18TH ST,0,NA,Y,A,-,N,NA,NA,NA,NA,NA,NA,NA,NA,NA,Y,4,0,1,2,A,-,09,21801,A,N,D,C,A,A,H,-,A,A,0,NA,NA,NA,NA,Y,NA,A,01,0,0,1,0,0,0,0,0,0,-,-,34.01976013183594,-118.11815643310548,LOS ANGELES,MONTEBELLO,-118.11817169189452,34.01969528198242
82173824,2023,2023-09-19,1947,2023-08-27,1431,1464,1947,7,5,5,1947,0,0,0,NA,0,00A,BEVERLY BLVD,GARFIELD AVE,50,E,N,A,-,N,NA,NA,NA,NA,NA,NA,NA,NA,NA,N,3,0,1,2,A,-,08,22107,NA,N,A,C,A,A,H,-,A,D,0,NA,NA,Y,NA,Y,NA,O,05,0,1,0,0,0,0,0,0,1,-,-,34.02254104614258,-118.13404083251952,LOS ANGELES,MONTEBELLO,-118.13389587402344,34.022315979003906
82173825,2023,2023-09-19,1947,2023-08-27,1954,1460,NA,7,5,5,1947,0,0,0,NA,0,00C,BEVERLY BLVD,POPLAR AVE,0,NA,Y,A,-,N,NA,NA,NA,NA,NA,NA,NA,NA,NA,N,3,0,1,2,A,-,10,21950,A,M,G,B,B,A,H,-,B,A,0,Y,NA,NA,NA,Y,NA,-,99,0,1,0,0,1,0,0,0,0,-,-,34.015411376953125,-118.09755706787108,LOS ANGELES,MONTEBELLO,-118.09755706787108,34.015411376953125
82173826,2023,2023-09-19,1947,2023-08-29,836,1464,1947,2,5,5,1947,0,0,0,NA,0,00C,BEVERLY BLVD,4TH ST,0,NA,Y,A,-,N,NA,NA,NA,NA,NA,NA,NA,NA,NA,N,4,0,1,2,A,-,03,22350,NA,N,C,C,A,A,H,-,A,A,0,NA,NA,NA,NA,Y,NA,A,01,0,0,1,0,0,0,0,0,0,-,-,34.016300201416016,-118.1018295288086,LOS ANGELES,MONTEBELLO,-118.10173797607422,34.016300201416016
82173829,2023,2023-09-19,1947,2023-08-31,527,1440,NA,4,5,5,1947,0,0,0,NA,0,00B,WHITTIER BLVD,MONTEBELLO BLVD,0,NA,Y,A,-,N,NA,NA,NA,NA,NA,NA,NA,NA,NA,N,2,0,1,2,A,-,12,21453,A,F,D,G,A,A,H,-,C,A,0,NA,Y,NA,NA,Y,NA,D,22,1,0,0,0,0,0,1,0,0,-,-,34.0100212097168,-118.10826110839844,LOS ANGELES,MONTEBELLO,-118.10825347900392,34.01008224487305
82173832,2023,2023-09-19,1947,2023-08-30,1742,1452,NA,3,5,5,1947,0,0,0,NA,0,NA,GARFIELD AVE,BEVERLY BLVD,19,S,N,A,-,N,NA,NA,NA,NA,NA,NA,NA,NA,NA,N,4,0,2,3,A,-,12,21453,A,N,D,C,A,A,H,-,A,A,0,NA,NA,NA,NA,Y,NA,A,07,0,0,2,0,0,0,0,0,0,-,-,34.02254104614258,-118.13404083251952,LOS ANGELES,MONTEBELLO,-118.13404846191406,34.0223503112793
82174194,2023,2023-09-20,1909,2023-08-09,1708,623,1909,3,5,4,1909,0,0,0,NA,0,NORTH,AJAX AV,LUBEC ST,70,N,N,A,-,N,NA,NA,NA,NA,NA,NA,NA,NA,NA,N,2,0,1,2,A,-,03,22350,NA,N,D,C,A,A,H,-,A,D,0,NA,NA,NA,NA,Y,NA,M,94,1,0,0,0,0,0,0,0,0,-,-,33.97140884399414,-118.16272735595705,LOS ANGELES,BELL GARDENS,-118.16277313232422,33.97161865234375
82174196,2023,2023-09-20,1909,2023-08-10,1651,615,NA,4,5,4,1909,0,0,0,NA,0,NA,7410 SCOUT AVENUE,ECL OF SCOUT AVENUE,18,E,N,A,-,N,NA,NA,NA,NA,NA,NA,NA,NA,NA,N,4,0,2,2,A,-,09,21804,A,N,D,C,A,A,H,-,A,A,0,NA,NA,NA,NA,Y,NA,A,01,0,0,2,0,0,0,0,0,0,-,-,33.9630012512207,-118.14199829101564,LOS ANGELES,BELL GARDENS,-118.15192413330078,33.959190368652344
82174198,2023,2023-09-20,1948,2023-08-06,201,483,1948,7,5,5,1948,0,0,0,NA,0,002,GARVEY AV,MOORE AV,80,W,N,A,-,N,NA,NA,NA,NA,NA,NA,NA,NA,NA,N,3,0,1,2,C,-,18,NA,NA,N,B,G,A,A,H,-,C,D,0,NA,Y,NA,NA,Y,NA,-,-,0,1,0,0,0,0,1,0,0,-,-,NA,NA,LOS ANGELES,MONTEREY PARK,-118.13087463378906,34.06240463256836
82174205,2023,2023-09-20,1909,2023-08-12,936,622,1909,6,5,4,1909,0,0,0,NA,0,NORTH,EL SELINDA AV,GAGE AV,155,N,N,A,-,N,NA,NA,NA,NA,NA,NA,NA,NA,NA,N,3,0,1,2,A,-,09,21804,A,N,D,G,A,A,H,-,A,D,0,NA,Y,NA,NA,Y,NA,L,04,0,1,0,0,0,0,1,0,0,-,-,33.975059509277344,-118.15959167480467,LOS ANGELES,BELL GARDENS,-118.15951538085938,33.97549057006836
82174207,2023,2023-09-20,1948,2023-09-17,1901,423,1948,7,5,5,1948,0,0,0,NA,0,005,POTRERO GRANDE DR,MARKET PLACE DR,0,NA,Y,B,-,Y,NA,NA,NA,NA,NA,NA,NA,NA,NA,Y,2,0,1,2,A,-,01,23153,A,F,D,C,A,A,H,-,B,A,0,NA,NA,NA,NA,Y,Y,A,01,1,0,0,0,0,0,0,0,0,-,-,34.03955841064453,-118.10832214355467,LOS ANGELES,MONTEREY PARK,NA,NA
82174211,2023,2023-09-20,1909,2023-08-17,815,622,1909,4,5,4,1909,0,0,0,NA,0,NORTH,JABONERIA RD,LOVELAND ST,101,S,N,A,-,N,NA,NA,NA,NA,NA,NA,NA,NA,NA,N,3,0,1,2,A,-,08,22107,NA,N,B,E,A,A,H,-,A,D,0,NA,NA,NA,NA,Y,NA,A,01,0,1,0,0,0,0,0,0,0,-,-,33.97312927246094,-118.15350341796876,LOS ANGELES,BELL GARDENS,-118.15365600585938,33.97291946411133
82174302,2023,2023-09-20,1925,2023-09-08,2000,29405,235,5,5,6,1925,0,0,0,NA,0,004,EAST WILSON AVE,KENWOOD ST,136,W,N,A,-,N,NA,NA,NA,NA,NA,NA,NA,NA,NA,N,4,0,1,2,A,-,09,21804,A,N,G,B,F,A,H,-,C,D,0,Y,NA,NA,NA,Y,NA,A,01,0,0,1,0,1,0,0,0,0,-,-,NA,NA,LOS ANGELES,GLENDALE,-118.25186920166016,34.148170471191406
82174304,2023,2023-09-22,1925,2023-09-08,2258,28418,164,5,5,6,1925,0,0,0,NA,0,004,BRAND BOULEVARD,GLENOAKS BOULEVARD,0,NA,Y,A,-,N,NA,NA,NA,NA,NA,NA,NA,NA,NA,Y,3,0,1,2,A,-,01,23152,A,N,D,C,A,A,H,-,C,A,0,NA,NA,NA,NA,Y,Y,A,08,0,1,0,0,0,0,0,0,0,-,-,34.159271240234375,-118.25505828857422,LOS ANGELES,GLENDALE,-118.2551498413086,34.15924072265625
82174520,2023,2023-09-20,1933,2023-09-18,828,1081,03,1,5,6,1933,0,0,0,NA,0,001,FLORENCE AV,HIGH ST,50,W,N,A,-,N,NA,NA,NA,NA,NA,NA,NA,NA,NA,Y,3,0,1,2,C,-,18,NA,NA,N,A,C,A,A,H,-,A,A,0,NA,NA,NA,Y,Y,NA,-,-,0,1,0,0,0,0,0,0,0,-,-,NA,NA,LOS ANGELES,INGLEWOOD,-118.33853912353516,33.97416687011719
82174522,2023,2023-09-20,1933,2023-09-18,1547,869,04,1,5,6,1933,0,0,0,NA,0,001,INGLEWOOD AV,HYDE PARK BLVD,7,S,N,A,-,N,NA,NA,NA,NA,NA,NA,NA,NA,NA,Y,4,0,1,2,A,-,12,22450,A,N,D,C,A,A,H,-,A,A,0,NA,NA,NA,NA,Y,NA,A,01,0,0,1,0,0,0,0,0,0,-,-,33.97121810913086,-118.36100006103516,LOS ANGELES,INGLEWOOD,-118.36112213134766,33.97114181518555
82174523,2023,2023-09-20,1933,2023-09-19,1206,1081,01,2,5,6,1933,0,0,0,NA,0,001,PLYMOUTH ST,INGLEWOOD AV,130,E,N,A,-,N,NA,NA,NA,NA,NA,NA,NA,NA,NA,N,4,0,1,2,A,-,09,21801,A,N,A,C,A,A,H,-,A,D,0,NA,NA,NA,NA,Y,NA,A,01,0,0,1,0,0,0,0,0,0,-,-,33.97460174560547,-118.36116027832033,LOS ANGELES,INGLEWOOD,-118.36087036132813,33.97455596923828
82175528,2023,2023-09-21,1909,2023-08-27,1847,607,1909,7,5,4,1909,0,0,0,NA,0,SOUTH,PARK LN,GILLILAND AV,112,W,N,A,-,N,NA,NA,NA,NA,NA,NA,NA,NA,NA,N,3,0,3,2,A,-,09,21804,A,N,C,C,A,A,H,-,A,D,0,NA,NA,NA,NA,Y,NA,A,01,0,1,2,0,0,0,0,0,0,-,-,33.959259033203125,-118.15473175048828,LOS ANGELES,BELL GARDENS,-118.1550750732422,33.95929718017578
82175530,2023,2023-09-22,1922,2023-08-30,2228,680,NA,3,5,6,1922,0,0,0,NA,0,NA,LAMBERT AVE,CROSSVALE AVE,300,W,N,A,-,N,NA,NA,NA,NA,NA,NA,NA,NA,NA,Y,4,0,4,4,A,-,08,22107,NA,F,B,E,A,A,H,-,C,D,0,NA,NA,NA,NA,Y,NA,A,01,0,0,4,0,0,0,0,0,0,-,-,34.082618713378906,-118.02104949951172,LOS ANGELES,EL MONTE,-118.02198028564452,34.08281707763672
82175532,2023,2023-09-21,1909,2023-08-30,2045,602,1909,3,5,4,1909,0,0,0,NA,0,NORTH,GAGE AV,EL SELINDA AV,0,NA,Y,A,-,N,NA,NA,NA,NA,NA,NA,NA,NA,NA,Y,4,0,1,2,A,-,12,21453,A,N,D,C,A,A,H,-,C,A,0,NA,NA,NA,NA,Y,NA,A,01,0,0,1,0,0,0,0,0,0,-,-,33.975059509277344,-118.15959167480467,LOS ANGELES,BELL GARDENS,-118.15957641601564,33.97507095336914
82175537,2023,2023-09-21,1909,2023-09-05,2125,622,1909,2,5,4,1909,0,0,0,NA,0,SOUTH,FLORENCE AV,EASTERN AV,0,NA,Y,A,-,N,NA,NA,NA,NA,NA,NA,NA,NA,NA,N,4,0,1,2,A,-,21,22106,NA,N,G,B,B,A,H,-,C,A,0,Y,NA,NA,NA,Y,NA,A,01,0,0,1,0,1,0,0,0,0,-,-,33.96786880493164,-118.16472625732422,LOS ANGELES,BELL GARDENS,-118.16486358642578,33.96786117553711
82175539,2023,2023-09-21,1909,2023-09-08,1430,588,1909,5,5,4,1909,0,0,0,NA,0,NORTH,FLORENCE AV,IRA AV,0,NA,Y,A,-,N,NA,NA,NA,NA,NA,NA,NA,NA,NA,Y,3,0,2,2,A,-,12,21453,A,N,D,C,A,A,H,-,A,A,0,NA,NA,NA,NA,Y,NA,A,01,0,1,1,0,0,0,0,0,0,-,-,33.96691131591797,-118.15595245361328,LOS ANGELES,BELL GARDENS,-118.15596771240234,33.966880798339844
82175540,2023,2023-09-21,1909,2023-09-09,840,606,1909,6,5,4,1909,0,0,0,NA,0,NORTH,5500 GAGE AVE,WCL OF SPECHT AVE,574,W,N,A,-,N,NA,NA,NA,NA,NA,NA,NA,NA,NA,Y,4,0,2,2,A,-,07,21658,A,N,D,C,A,A,H,-,A,D,0,NA,NA,NA,NA,Y,NA,A,01,0,0,2,0,0,0,0,0,0,-,-,NA,NA,LOS ANGELES,BELL GARDENS,-118.16683959960938,33.97602081298828
82175541,2023,2023-09-21,1909,2023-09-13,1231,560,1909,3,5,4,1909,0,0,0,NA,0,NA,FLORENCE AV,ECL SCOUT AV,105,E,N,A,-,N,NA,NA,NA,NA,NA,NA,NA,NA,NA,N,4,0,1,2,A,-,03,22350,NA,N,C,C,A,A,H,-,A,A,0,NA,NA,NA,NA,Y,NA,D,22,0,0,1,0,0,0,0,0,0,-,-,33.96160125732422,-118.14559936523438,LOS ANGELES,BELL GARDENS,-118.14536285400392,33.961387634277344
82175546,2023,2023-09-21,1947,2023-09-06,2120,1431,NA,3,5,5,1947,0,0,0,NA,0,00E,OLYMPIC BLVD,VAIL AVE,100,E,N,A,-,N,NA,NA,NA,NA,NA,NA,NA,NA,NA,Y,3,0,1,3,A,-,01,23152,A,N,B,E,A,A,H,-,C,A,0,NA,NA,NA,NA,Y,Y,A,01,0,1,0,0,0,0,0,0,0,-,-,34.009830474853516,-118.12003326416016,LOS ANGELES,MONTEBELLO,-118.11972808837892,34.00970458984375
82175548,2023,2023-09-21,1947,2023-09-11,1614,1452,NA,1,5,5,1947,0,0,0,NA,0,00C,BEVERLY BLVD,4TH ST,0,NA,Y,A,-,N,NA,NA,NA,NA,NA,NA,NA,NA,NA,N,3,0,2,2,A,-,09,21801,A,N,D,C,A,A,H,-,A,A,0,NA,NA,NA,NA,Y,NA,A,07,0,1,1,0,0,0,0,0,0,-,-,34.016300201416016,-118.1018295288086,LOS ANGELES,MONTEBELLO,-118.10173797607422,34.016300201416016
82175578,2023,2023-09-22,1965,2023-08-15,1340,3158,0B2A,2,5,5,1965,0,0,0,NA,0,B002,OCEAN PARK BLVD,7TH ST (E),0,NA,Y,A,-,N,NA,NA,NA,NA,NA,NA,NA,NA,NA,N,2,0,1,2,A,-,21,22106,NA,N,H,G,A,A,C,-,A,D,0,NA,Y,NA,NA,Y,NA,A,01,1,0,0,0,0,0,1,0,0,-,-,NA,NA,LOS ANGELES,SANTA MONICA,-118.47805786132813,34.0059700012207
82175580,2023,2024-04-11,1965,2023-08-17,654,4083,0B3C,4,5,5,1965,0,0,0,NA,0,B003,LINCOLN BLVD,OLYMPIC BLVD (W),0,NA,Y,A,-,N,NA,NA,NA,NA,NA,NA,NA,NA,NA,N,4,0,1,2,A,-,12,21453,A,N,D,C,A,A,H,-,A,A,0,NA,NA,NA,NA,Y,NA,A,01,0,0,1,0,0,0,0,0,0,-,-,NA,NA,LOS ANGELES,SANTA MONICA,-118.48554229736328,34.014564514160156
82175581,2023,2023-09-22,1965,2023-08-17,1207,4053,0B2C,4,5,5,1965,0,0,0,NA,0,B002,OCEAN PARK BLVD,17TH ST,149,W,N,A,-,N,NA,NA,NA,NA,NA,NA,NA,NA,NA,N,3,0,1,2,A,-,03,22350,NA,N,C,C,A,A,H,-,A,A,0,NA,NA,NA,NA,Y,NA,A,01,0,1,0,0,0,0,0,0,0,-,-,NA,NA,LOS ANGELES,SANTA MONICA,-118.46728515625,34.012210845947266
82175583,2023,2023-09-21,1965,2023-08-17,1630,3158,0B2C,4,5,5,1965,0,0,0,NA,0,B002,23RD ST,OAK ST,0,NA,Y,A,-,N,NA,NA,NA,NA,NA,NA,NA,NA,NA,Y,4,0,1,2,A,-,09,21802,A,N,D,C,A,A,H,-,A,D,0,NA,NA,NA,NA,Y,NA,A,01,0,0,1,0,0,0,0,0,0,-,-,NA,NA,LOS ANGELES,SANTA MONICA,-118.46127319335938,34.01448440551758
82175585,2023,2023-09-22,1965,2023-08-18,2239,4142,0B3A,5,5,5,1965,0,0,0,NA,0,003,WILSHIRE BLVD,14TH ST,0,NA,Y,A,-,N,NA,NA,NA,NA,NA,NA,NA,NA,NA,N,4,0,1,2,A,-,17,21451,A,N,D,C,A,A,H,-,C,A,0,NA,NA,NA,NA,Y,NA,A,01,0,0,1,0,0,0,0,0,0,-,-,NA,NA,LOS ANGELES,SANTA MONICA,-118.48887634277344,34.02678680419922
82175587,2023,2023-09-22,1925,2023-08-11,2048,29405,196,5,5,6,1925,0,0,0,NA,0,001,SAN FERNANDO BOULEVARD,JUSTIN,0,NA,Y,A,-,N,NA,NA,NA,NA,NA,NA,NA,NA,NA,Y,4,0,1,2,A,-,09,21801,A,N,D,C,A,A,H,-,C,A,0,NA,NA,Y,NA,Y,NA,A,07,0,0,1,0,0,0,0,0,1,-,-,NA,NA,LOS ANGELES,GLENDALE,-118.2902603149414,34.16740036010742
82175589,2023,2023-09-21,1925,2023-09-09,1640,28644,265,6,5,6,1925,0,0,0,NA,0,002,CENTRAL AVENUE,BROADWAY,523,S,N,A,-,N,NA,NA,NA,NA,NA,NA,NA,NA,NA,N,3,0,1,2,A,-,12,21453,A,N,D,C,A,A,H,-,A,A,0,NA,NA,NA,NA,Y,NA,A,01,0,1,0,0,0,0,0,0,0,-,-,34.146728515625,-118.25791931152344,LOS ANGELES,GLENDALE,-118.25791168212892,34.14686965942383
82175624,2023,2023-09-21,1933,2023-09-16,1937,1027,34,6,5,6,1933,0,0,0,NA,0,004,IMPERIAL HWY,PRAIRIE AV,165,E,N,A,-,N,NA,NA,NA,NA,NA,NA,NA,NA,NA,N,4,0,3,3,A,-,03,22350,NA,N,C,C,A,A,H,-,C,A,0,NA,NA,NA,NA,Y,NA,A,01,0,0,3,0,0,0,0,0,0,-,-,33.93096923828125,-118.3439483642578,LOS ANGELES,INGLEWOOD,-118.34336090087892,33.93095016479492
82175631,2023,2023-09-21,1933,2023-09-17,1524,1077,34,7,5,6,1933,0,0,0,NA,0,004,110TH ST,PRAIRIE AV,110,N,N,A,-,N,NA,NA,NA,NA,NA,NA,NA,NA,NA,N,3,0,1,2,A,-,11,21954,A,N,G,B,E,A,H,-,A,D,0,Y,NA,NA,NA,Y,NA,N,60,0,1,0,0,1,0,0,0,0,-,-,NA,NA,LOS ANGELES,INGLEWOOD,-118.34391021728516,33.935791015625
82175636,2023,2023-09-21,1933,2023-09-18,1837,1073,10,1,5,6,1933,0,0,0,NA,0,001,MANCHESTER BLVD,LOCUST ST,0,NA,Y,A,-,N,NA,NA,NA,NA,NA,NA,NA,NA,NA,N,3,0,1,2,A,-,11,21955,NA,N,G,B,B,A,H,-,A,A,0,Y,NA,NA,NA,Y,NA,N,60,0,1,0,0,1,0,0,0,0,-,-,33.961830139160156,-118.35030364990234,LOS ANGELES,INGLEWOOD,-118.35037994384766,33.961795806884766
82176631,2023,2023-09-22,1975,2023-09-05,2300,431,WCPD,2,5,6,1975,0,0,0,NA,0,004,AZUSA AV,WALNUT CREEK PKWY (S),0,NA,Y,A,-,N,NA,NA,NA,NA,NA,NA,NA,NA,NA,Y,4,0,3,2,A,-,09,21801,A,N,A,C,A,A,H,-,C,D,0,NA,NA,NA,NA,Y,NA,A,01,0,0,3,0,0,0,0,0,0,-,-,34.06599044799805,-117.90779876708984,LOS ANGELES,WEST COVINA,-117.90786743164064,34.06591033935547
82176650,2023,2023-10-04,1923,2023-08-18,1825,538,E310,5,5,3,1923,0,0,0,NA,0,3L7M,MARIPOSA AVE,NASH ST,0,NA,Y,A,-,N,NA,NA,NA,NA,NA,NA,NA,NA,NA,Y,3,0,4,2,D,-,00,NA,NA,N,D,C,A,A,H,-,A,A,0,NA,NA,NA,NA,Y,NA,-,-,0,1,3,0,0,0,0,0,0,-,-,33.92361068725586,-118.38755035400392,LOS ANGELES,EL SEGUNDO,-118.3874053955078,33.92359924316406
82176662,2023,2023-09-22,1909,2023-08-17,1658,588,1909,4,5,4,1909,0,0,0,NA,0,NORTH,EASTERN AV,MARKETPLACE,0,NA,Y,A,-,N,NA,NA,NA,NA,NA,NA,NA,NA,NA,N,4,0,2,2,A,-,09,21453,C,N,D,C,A,A,H,-,A,A,0,NA,NA,NA,NA,Y,NA,A,01,0,0,2,0,0,0,0,0,0,-,-,33.96976089477539,-118.16451263427734,LOS ANGELES,BELL GARDENS,-118.16456604003906,33.9698600769043
82176730,2023,2023-09-25,1925,2023-09-10,1107,21055,220,7,5,6,1925,0,0,0,NA,0,004,BRAND BOULEVARD,GOODE AVENUE,0,NA,Y,A,-,N,NA,NA,NA,NA,NA,NA,NA,NA,NA,Y,3,0,3,2,A,-,12,21453,A,N,D,C,A,A,H,-,A,A,0,NA,NA,NA,NA,Y,NA,A,07,0,3,0,0,0,0,0,0,0,-,-,NA,NA,LOS ANGELES,GLENDALE,-118.2551498413086,34.15676498413086
82176781,2023,2023-09-22,1933,2023-09-08,800,1084,34,5,5,6,1933,0,0,0,NA,0,004,108TH ST,YUKON AV,0,NA,Y,A,-,N,NA,NA,NA,NA,NA,NA,NA,NA,NA,N,4,0,1,2,A,-,08,22107,NA,N,H,G,A,A,H,-,A,D,0,NA,Y,NA,NA,Y,NA,A,01,0,0,1,0,0,0,1,0,0,-,-,33.93775177001953,-118.33487701416016,LOS ANGELES,INGLEWOOD,-118.33489990234376,33.937721252441406
82176785,2023,2023-09-22,1933,2023-09-21,932,1083,35,4,5,6,1933,0,0,0,NA,0,004,LEMOLI AV,111TH ST,0,NA,Y,B,-,N,NA,NA,NA,NA,NA,NA,NA,NA,NA,Y,4,0,1,2,A,-,12,22450,A,N,D,C,A,A,H,-,A,A,0,NA,NA,NA,NA,Y,NA,A,01,0,0,1,0,0,0,0,0,0,-,-,33.934818267822266,-118.33045196533205,LOS ANGELES,INGLEWOOD,-118.33042907714844,33.93483352661133
82177613,2023,2023-09-25,1947,2023-08-10,1648,1447,NA,4,5,5,1947,0,0,0,NA,0,NA,BEVERLY BLVD,10TH ST,0,NA,Y,A,-,N,NA,NA,NA,NA,NA,NA,NA,NA,NA,N,4,0,1,3,A,-,17,21461,A,N,D,C,A,A,H,-,A,D,0,NA,NA,NA,NA,Y,NA,A,01,0,0,1,0,0,0,0,0,0,-,-,34.017799377441406,-118.10865020751952,LOS ANGELES,MONTEBELLO,-118.10860443115234,34.01774978637695
82177616,2023,2023-09-25,1947,2023-08-23,751,1459,NA,3,5,5,1947,0,0,0,NA,0,00D,GREENWOOD AVE,MINES AVE,0,NA,Y,A,-,N,NA,NA,NA,NA,NA,NA,NA,NA,NA,N,3,0,1,2,A,-,09,21801,A,N,H,G,A,A,H,-,A,A,0,NA,Y,NA,NA,Y,NA,A,01,0,1,0,0,0,0,1,0,0,-,-,34.003379821777344,-118.11447143554688,LOS ANGELES,MONTEBELLO,-118.11448669433594,34.003360748291016
82177619,2023,2023-09-25,1947,2023-08-10,1739,1462,NA,4,5,5,1947,0,0,0,NA,0,00C,HARDING AVE,7TH ST,75,E,N,A,-,N,NA,NA,NA,NA,NA,NA,NA,NA,NA,N,4,0,1,2,A,-,21,22106,NA,N,D,C,A,A,H,-,A,D,0,NA,NA,NA,NA,Y,NA,-,-,0,0,1,0,0,0,0,0,0,-,-,34.01520919799805,-118.10550689697266,LOS ANGELES,MONTEBELLO,-118.10520935058594,34.01515579223633
82177620,2023,2023-09-25,1947,2023-08-13,1008,1406,NA,7,5,5,1947,0,0,0,NA,0,NA,GARFIELD AVE,VIA CAMPO,0,NA,Y,A,-,N,NA,NA,NA,NA,NA,NA,NA,NA,NA,Y,4,0,2,3,A,-,12,21453,A,N,D,C,A,A,H,-,A,A,0,NA,NA,NA,NA,Y,NA,A,01,0,0,2,0,0,0,0,0,0,-,-,34.03276062011719,-118.12998962402344,LOS ANGELES,MONTEBELLO,-118.12996673583984,34.032745361328125
82177631,2023,2023-09-25,1925,2023-09-11,1900,28134,243,1,5,6,1925,0,0,0,NA,0,003,COLORADO STREET,VERDUGO ROAD,0,NA,Y,A,-,N,NA,NA,NA,NA,NA,NA,NA,NA,NA,Y,4,0,1,2,A,-,01,23152,A,N,C,C,A,A,H,-,A,A,0,NA,NA,NA,NA,Y,Y,-,-,0,0,1,0,0,0,0,0,0,-,-,34.142730712890625,-118.23410034179688,LOS ANGELES,GLENDALE,-118.23406982421876,34.14274978637695
82177736,2023,2023-09-25,1975,2023-08-23,1255,353,WCPD,3,5,6,1975,0,0,0,NA,0,004,VALINDA AV,MERCED AV,0,NA,Y,A,-,N,NA,NA,NA,NA,NA,NA,NA,NA,NA,Y,4,0,2,2,A,-,09,21801,A,N,D,C,A,A,H,-,A,A,0,NA,NA,NA,NA,Y,NA,A,07,0,0,2,0,0,0,0,0,0,-,-,34.05403137207031,-117.9254913330078,LOS ANGELES,WEST COVINA,-117.92554473876952,34.053993225097656
82177739,2023,2023-09-25,1975,2023-09-06,1637,459,WCPD,3,5,6,1975,0,0,0,NA,0,005,AMAR RD,VANDERWELL AV,75,E,N,A,-,N,NA,NA,NA,NA,NA,NA,NA,NA,NA,Y,4,0,3,1,A,-,03,22350,NA,N,E,I,A,A,H,-,A,D,0,NA,NA,NA,NA,Y,NA,A,01,0,0,3,0,0,0,0,0,0,-,-,34.035579681396484,-117.9244384765625,LOS ANGELES,WEST COVINA,-117.92420959472656,34.03562545776367
82177753,2023,2023-09-25,1948,2023-09-21,2309,490,1948,4,5,5,1948,0,0,0,NA,0,001,RAMONA BLVD,CORPORATE CENTER DR,19,E,N,A,-,N,NA,NA,NA,NA,NA,NA,NA,NA,NA,Y,3,0,2,2,A,-,03,22350,NA,N,D,C,A,A,H,-,C,A,0,NA,NA,NA,NA,Y,NA,A,01,0,2,0,0,0,0,0,0,0,-,-,34.05984878540039,-118.1643295288086,LOS ANGELES,MONTEREY PARK,-118.164306640625,34.05978775024414
82177762,2023,2023-09-25,1965,2023-08-03,2156,4101,0B3E,4,5,5,1965,0,0,0,NA,0,003,PICO BLVD,STEWART ST,24,S,N,A,-,N,NA,NA,NA,NA,NA,NA,NA,NA,NA,N,3,0,1,2,D,-,00,NA,NA,N,G,B,B,A,H,-,C,A,0,Y,NA,NA,NA,Y,NA,-,-,0,1,0,0,1,0,0,0,0,-,-,NA,NA,LOS ANGELES,SANTA MONICA,-118.46058654785156,34.02421569824219
82177765,2023,2023-09-25,1965,2023-08-15,2055,3158,0B2D,2,5,5,1965,0,0,0,NA,0,B002,OCEAN PARK BLVD,CENTINELA AVE,0,NA,Y,A,-,N,NA,NA,NA,NA,NA,NA,NA,NA,NA,Y,3,0,2,2,A,-,09,21801,A,N,D,C,A,A,H,-,C,A,0,NA,NA,NA,NA,Y,NA,A,01,0,1,1,0,0,0,0,0,0,-,-,NA,NA,LOS ANGELES,SANTA MONICA,-118.4487762451172,34.02313232421875