CASE_ID,ACCIDENT_YEAR,PROC_DATE,JURIS,COLLISION_DATE,COLLISION_TIME,OFFICER_ID,REPORTING_DISTRICT,DAY_OF_WEEK,CHP_SHIFT,POPULATION,CNTY_CITY_LOC,SPECIAL_COND,BEAT_TYPE,CHP_BEAT_TYPE,CITY_DIVISION_LAPD,CHP_BEAT_CLASS,BEAT_NUMBER,PRIMARY_RD,SECONDARY_RD,DISTANCE,DIRECTION,INTERSECTION,WEATHER_1,WEATHER_2,STATE_HWY_IND,CALTRANS_COUNTY,CALTRANS_DISTRICT,STATE_ROUTE,ROUTE_SUFFIX,POSTMILE_PREFIX,POSTMILE,LOCATION_TYPE,RAMP_INTERSECTION,SIDE_OF_HWY,TOW_AWAY,COLLISION_SEVERITY,NUMBER_KILLED,NUMBER_INJURED,PARTY_COUNT,PRIMARY_COLL_FACTOR,PCF_CODE_OF_VIOL,PCF_VIOL_CATEGORY,PCF_VIOLATION,PCF_VIOL_SUBSECTION,HIT_AND_RUN,TYPE_OF_COLLISION,MVIW,PED_ACTION,ROAD_SURFACE,ROAD_COND_1,ROAD_COND_2,LIGHTING,CONTROL_DEVICE,CHP_ROAD_TYPE,PEDESTRIAN_ACCIDENT,BICYCLE_ACCIDENT,MOTORCYCLE_ACCIDENT,TRUCK_ACCIDENT,NOT_PRIVATE_PROPERTY,ALCOHOL_INVOLVED,STWD_VEHTYPE_AT_FAULT,CHP_VEHTYPE_AT_FAULT,COUNT_SEVERE_INJ,COUNT_VISIBLE_INJ,COUNT_COMPLAINT_PAIN,COUNT_PED_KILLED,COUNT_PED_INJURED,COUNT_BICYCLIST_KILLED,COUNT_BICYCLIST_INJURED,COUNT_MC_KILLED,COUNT_MC_INJURED,PRIMARY_RAMP,SECONDARY_RAMP,LATITUDE,LONGITUDE,COUNTY,CITY,POINT_X,POINT_Y
82177770,2023,2023-09-25,1925,2023-09-11,1328,27629,251,1,5,6,1925,0,0,0,NA,0,003,GLENDALE AVENUE,COLORADO STREET,154,N,N,B,-,N,NA,NA,NA,NA,NA,NA,NA,NA,NA,N,4,0,1,3,A,-,03,22350,NA,N,C,E,A,A,H,-,A,D,0,NA,NA,NA,NA,Y,NA,A,07,0,0,1,0,0,0,0,0,0,-,-,34.14250946044922,-118.24935150146484,LOS ANGELES,GLENDALE,-118.24901580810548,34.14302444458008
82177878,2023,2023-09-25,1975,2023-07-19,1707,486,WCPD,3,5,6,1975,0,0,0,NA,0,004,MERCED AV,SANDY HOOK ST,0,E,Y,A,-,N,NA,NA,NA,NA,NA,NA,NA,NA,NA,N,4,0,1,3,A,-,03,22350,NA,N,C,C,A,A,H,-,A,D,0,NA,NA,NA,NA,Y,Y,A,07,0,0,1,0,0,0,0,0,0,-,-,34.05678176879883,-117.93995666503906,LOS ANGELES,WEST COVINA,-117.93995666503906,34.05675506591797
82177881,2023,2023-09-25,1975,2023-09-06,1807,494,WCPD,3,5,6,1975,0,0,0,NA,0,005,AZUSA AV,AMAR RD,0,NA,Y,A,-,N,NA,NA,NA,NA,NA,NA,NA,NA,NA,Y,4,0,1,2,A,-,09,21453,C,N,D,C,A,A,H,-,A,A,0,NA,NA,NA,NA,Y,NA,A,01,0,0,1,0,0,0,0,0,0,-,-,34.03144836425781,-117.91472625732422,LOS ANGELES,WEST COVINA,-117.9148178100586,34.031455993652344
82177917,2023,2023-09-25,1947,2023-09-16,1402,1415,NA,6,5,5,1947,0,0,0,NA,0,00F,PARAMOUNT BLVD,TOWN CENTER DR,0,NA,Y,A,-,N,NA,NA,NA,NA,NA,NA,NA,NA,NA,N,4,0,2,2,A,-,03,22350,NA,N,C,C,A,A,H,-,A,A,0,NA,NA,NA,NA,Y,NA,A,07,0,0,2,0,0,0,0,0,0,-,-,34.03511047363281,-118.09205627441406,LOS ANGELES,MONTEBELLO,-118.09210968017578,34.03520202636719
82177943,2023,2023-09-25,1947,2023-08-26,652,1459,NA,6,5,5,1947,0,0,0,NA,0,00D,GREENWOOD AVE,OAKWOOD ST,0,NA,Y,A,-,N,NA,NA,NA,NA,NA,NA,NA,NA,NA,N,3,0,1,2,A,-,10,21950,A,N,G,B,B,A,H,-,A,D,0,Y,NA,NA,NA,Y,NA,A,01,0,1,0,0,1,0,0,0,0,-,-,33.988929748535156,-118.12297821044922,LOS ANGELES,MONTEBELLO,-118.12294769287108,33.98896026611328
82179308,2023,2023-09-26,1948,2023-09-10,2227,490,1948,7,5,5,1948,0,0,0,NA,0,002,GARFIELD AV,GARVEY AV,188,S,N,A,-,N,NA,NA,NA,NA,NA,NA,NA,NA,NA,Y,4,0,1,2,A,-,03,22350,NA,N,C,C,A,A,H,-,C,A,0,NA,NA,NA,NA,Y,NA,A,01,0,0,1,0,0,0,0,0,0,-,-,34.062530517578125,-118.12284088134766,LOS ANGELES,MONTEREY PARK,-118.12281036376952,34.06193542480469
82179355,2023,2023-09-26,1925,2023-09-07,1037,27016,128,4,5,6,1925,0,0,0,NA,0,005,HONOLULU AVENUE,ORANGEDALE AVENUE,0,NA,Y,A,-,N,NA,NA,NA,NA,NA,NA,NA,NA,NA,N,3,0,2,2,A,-,09,21802,A,N,D,C,A,A,H,-,A,A,0,NA,NA,NA,NA,Y,NA,A,07,0,2,0,0,0,0,0,0,0,-,-,NA,NA,LOS ANGELES,GLENDALE,-118.232421875,34.20707321166992
82179357,2023,2023-09-26,1925,2023-09-13,1510,28644,273,3,5,6,1925,0,0,0,NA,0,002,CENTRAL AVENUE,GARFIELD AVENUE,0,NA,Y,A,-,N,NA,NA,NA,NA,NA,NA,NA,NA,NA,Y,3,0,2,2,A,-,09,21800,A,N,D,C,A,A,H,-,A,A,0,NA,NA,NA,NA,Y,NA,A,01,0,2,0,0,0,0,0,0,0,-,-,34.135780334472656,-118.25785064697266,LOS ANGELES,GLENDALE,-118.25787353515624,34.13575744628906
82179358,2023,2023-09-26,1925,2023-09-14,1604,21092,NA,4,5,6,1925,0,0,0,NA,0,001,GRANDVIEW AVENUE,GLENOAKS BOULEVARD,0,NA,Y,A,-,N,NA,NA,NA,NA,NA,NA,NA,NA,NA,Y,3,0,4,2,A,-,09,21801,A,N,A,C,A,A,H,-,A,A,0,NA,NA,NA,NA,Y,NA,A,01,0,1,3,0,0,0,0,0,0,-,-,NA,NA,LOS ANGELES,GLENDALE,-118.28138732910156,34.16497039794922
82180939,2023,2023-09-27,1933,2023-09-18,1918,1074,02,1,5,6,1933,0,0,0,NA,0,001,LA BREA AV,64TH ST,0,NA,Y,A,-,N,NA,NA,NA,NA,NA,NA,NA,NA,NA,N,4,0,1,2,A,-,12,21453,A,F,B,D,A,A,H,-,C,D,0,NA,NA,NA,NA,Y,NA,A,01,0,0,1,0,0,0,0,0,0,-,-,33.9810905456543,-118.35825347900392,LOS ANGELES,INGLEWOOD,-118.35841369628906,33.981056213378906
82180940,2023,2023-09-27,1933,2023-09-19,1613,869,02,2,5,6,1933,0,0,0,NA,0,001,LA BREA AV,HILLSDALE ST,94,N,N,A,-,N,NA,NA,NA,NA,NA,NA,NA,NA,NA,N,4,0,2,3,A,-,03,22350,NA,N,C,C,A,A,H,-,A,A,0,NA,NA,NA,NA,Y,NA,A,01,0,0,2,0,0,0,0,0,0,-,-,33.97753143310547,-118.35732269287108,LOS ANGELES,INGLEWOOD,-118.35753631591795,33.97775650024414
82180941,2023,2023-09-27,1933,2023-09-21,1230,1081,02,4,5,6,1933,0,0,0,NA,0,001,CENTINELA AV,FIELD AV,275,W,N,A,-,N,NA,NA,NA,NA,NA,NA,NA,NA,NA,N,4,0,1,3,A,-,03,22350,NA,N,C,C,A,A,H,-,A,A,0,NA,NA,NA,NA,Y,NA,A,01,0,0,1,0,0,0,0,0,0,-,-,33.975799560546875,-118.35265350341795,LOS ANGELES,INGLEWOOD,-118.35338592529295,33.97583770751953
82180943,2023,2023-09-27,1933,2023-09-21,1855,1080,05,4,5,6,1933,0,0,0,NA,0,001,HYDE PARK BLVD,MARKET ST,100,E,N,A,-,N,NA,NA,NA,NA,NA,NA,NA,NA,NA,N,3,0,2,2,A,-,01,23152,A,N,C,E,A,A,H,-,B,A,0,NA,NA,NA,NA,Y,Y,A,01,0,1,1,0,0,0,0,0,0,-,-,33.97208023071289,-118.35588836669922,LOS ANGELES,INGLEWOOD,-118.35572052001952,33.97214126586914
82180944,2023,2023-09-27,1933,2023-09-22,2305,1067,17,5,5,6,1933,0,0,0,NA,0,002,GREVILLEA AV,ARBOR VITAE ST,200,E,N,A,-,N,NA,NA,NA,NA,NA,NA,NA,NA,NA,Y,3,0,1,2,A,-,03,22350,NA,N,A,E,A,A,H,-,C,D,0,NA,NA,NA,NA,Y,NA,A,01,0,1,0,0,0,0,0,0,0,-,-,33.95273971557617,-118.3548583984375,LOS ANGELES,INGLEWOOD,-118.3548583984375,33.95323181152344
82180946,2023,2023-09-27,1933,2023-09-24,12,1053,22,7,5,6,1933,0,0,0,NA,0,003,90TH ST,5TH AV,0,E,Y,A,-,N,NA,NA,NA,NA,NA,NA,NA,NA,NA,Y,4,0,2,2,A,-,12,22450,A,N,D,C,A,A,H,-,C,A,0,NA,NA,NA,NA,Y,NA,-,-,0,0,2,0,0,0,0,0,0,-,-,NA,NA,LOS ANGELES,INGLEWOOD,-118.3221435546875,33.95634460449219
82180947,2023,2023-09-27,1933,2023-09-23,2354,1069,02,6,5,6,1933,0,0,0,NA,0,001,HYDE PARK PL,FIELD AV,196,E,N,A,-,N,NA,NA,NA,NA,NA,NA,NA,NA,NA,Y,4,0,3,2,A,-,03,22350,NA,N,B,E,A,A,H,-,C,D,0,NA,NA,NA,NA,Y,NA,A,01,0,0,3,0,0,0,0,0,0,-,-,33.975990295410156,-118.35263824462892,LOS ANGELES,INGLEWOOD,-118.3520050048828,33.975929260253906
82180950,2023,2023-09-27,1933,2023-09-25,1136,1081,31,1,5,6,1933,0,0,0,NA,0,004,104TH ST,YUKON AV,0,NA,Y,A,-,N,NA,NA,NA,NA,NA,NA,NA,NA,NA,N,4,0,1,2,A,-,03,22350,NA,N,C,C,A,A,H,-,A,A,0,NA,NA,NA,NA,Y,NA,A,01,0,0,1,0,0,0,0,0,0,-,-,33.94184112548828,-118.33512878417967,LOS ANGELES,INGLEWOOD,-118.33518981933594,33.94180679321289
82180952,2023,2023-09-27,1933,2023-09-25,1232,1081,21,1,5,6,1933,0,0,0,NA,0,003,PINCAY DR,RENAISSANCE WY,0,NA,Y,A,-,N,NA,NA,NA,NA,NA,NA,NA,NA,NA,N,3,0,3,2,A,-,09,21801,A,N,D,D,A,A,H,-,A,A,0,NA,NA,NA,NA,Y,NA,A,01,0,2,1,0,0,0,0,0,0,-,-,33.95623016357422,-118.3323974609375,LOS ANGELES,INGLEWOOD,-118.33236694335938,33.956199645996094
82181918,2023,2023-09-28,1975,2023-09-05,1248,353,WCPD,2,5,6,1975,0,0,0,NA,0,001,ORANGE AV,GROVECENTER ST (1),0,NA,Y,A,-,N,NA,NA,NA,NA,NA,NA,NA,NA,NA,Y,3,0,1,3,A,-,08,22107,NA,N,C,E,A,A,H,-,A,D,0,NA,NA,NA,NA,Y,NA,A,01,0,1,0,0,0,0,0,0,0,-,-,34.08184051513672,-117.90737152099608,LOS ANGELES,WEST COVINA,-117.94198608398438,34.085880279541016
82182087,2023,2023-09-28,1922,2023-09-04,2223,712,NA,1,5,6,1922,0,0,0,NA,0,004,VALLEY BLVD,MAXSON RD (W),0,NA,Y,A,-,N,NA,NA,NA,NA,NA,NA,NA,NA,NA,N,4,0,1,2,A,-,05,21650,1,N,B,G,A,A,H,-,C,A,0,NA,Y,NA,NA,Y,NA,L,04,0,0,1,0,0,0,1,0,0,-,-,34.06084060668945,-118.015380859375,LOS ANGELES,EL MONTE,-118.01538848876952,34.06083297729492
82182088,2023,2023-09-28,1922,2023-09-11,357,707,NA,1,5,6,1922,0,0,0,NA,0,003,SANTA ANITA AVE,MILDRED ST,25,N,N,A,-,N,NA,NA,NA,NA,NA,NA,NA,NA,NA,N,4,0,1,2,A,-,03,22350,NA,N,C,C,A,A,H,-,C,A,0,NA,NA,NA,NA,Y,NA,A,01,0,0,1,0,0,0,0,0,0,-,-,34.06700134277344,-118.0425033569336,LOS ANGELES,EL MONTE,-118.04241943359376,34.067176818847656
82185225,2023,2023-10-02,1922,2023-09-12,1639,463,1,2,5,6,1922,0,0,0,NA,0,NA,BALDWIN AVE,GIDLEY ST,100,N,N,A,-,N,NA,NA,NA,NA,NA,NA,NA,NA,NA,Y,3,0,3,4,A,-,03,22350,NA,N,C,C,A,A,H,-,A,A,0,NA,NA,NA,Y,Y,NA,F,26,0,1,2,0,0,0,0,0,0,-,-,34.0853385925293,-118.05094909667967,LOS ANGELES,EL MONTE,-118.05081939697266,34.0855827331543
82186492,2022,2023-10-02,1912,2022-10-16,1751,15509,NA,7,5,6,1912,0,0,0,NA,0,NA,VICTORY BOULEVARD,VERDUGO AVENUE,0,NA,Y,A,-,N,NA,NA,NA,NA,NA,NA,NA,NA,NA,N,4,0,3,2,A,-,09,21801,A,N,D,C,A,A,H,-,B,A,0,NA,NA,NA,NA,Y,NA,A,01,0,0,3,0,0,0,0,0,0,-,-,34.17055892944336,-118.31504058837892,LOS ANGELES,BURBANK,-118.31507873535156,34.170570373535156
82186497,2022,2023-10-02,1912,2022-01-12,1910,15454,NA,3,5,6,1912,0,0,0,NA,0,NA,HOLLYWOOD WAY,VICTORY BOULEVARD,30,N,N,A,-,N,NA,NA,NA,NA,NA,NA,NA,NA,NA,N,4,0,1,2,A,-,03,22350,NA,N,C,C,A,A,H,-,C,D,0,NA,NA,NA,NA,Y,NA,A,01,0,0,1,0,0,0,0,0,0,-,-,34.184730529785156,-118.34915924072266,LOS ANGELES,BURBANK,-118.34915924072266,34.1848030090332
82186499,2022,2023-10-02,1912,2022-01-04,1205,9542,NA,2,5,6,1912,0,0,0,NA,0,NA,OLIVE AVENUE,FAIRVIEW STREET,0,NA,Y,A,-,N,NA,NA,NA,NA,NA,NA,NA,NA,NA,Y,4,0,2,2,A,-,09,21802,A,N,D,C,A,A,H,-,A,A,0,NA,NA,NA,NA,Y,NA,A,01,0,0,2,0,0,0,0,0,0,-,-,34.15650177001953,-118.33441925048828,LOS ANGELES,BURBANK,-118.33438873291016,34.15652847290039
82186500,2022,2023-10-02,1912,2022-01-04,1231,11832,NA,2,5,6,1912,0,0,0,NA,0,NA,ALAMEDA AVENUE,GATEWAY,15,W,N,A,-,N,NA,NA,NA,NA,NA,NA,NA,NA,NA,Y,4,0,1,1,A,-,08,22107,NA,N,E,I,A,A,H,-,A,A,0,NA,NA,NA,NA,Y,NA,A,08,0,0,1,0,0,0,0,0,0,-,-,NA,NA,LOS ANGELES,BURBANK,-118.30091,34.173323
82186503,2022,2023-10-02,1912,2022-02-03,1205,13377,NA,4,5,6,1912,0,0,0,NA,0,NA,HOLLYWOOD WAY,RIVERSIDE DRIVE,0,NA,Y,A,-,N,NA,NA,NA,NA,NA,NA,NA,NA,NA,Y,3,0,1,4,A,-,09,21801,A,N,D,C,A,A,H,-,A,A,0,NA,NA,NA,NA,Y,NA,A,01,0,1,0,0,0,0,0,0,0,-,-,NA,NA,LOS ANGELES,BURBANK,-118.33979034423828,34.15300369262695
82186504,2022,2023-10-02,1912,2022-02-03,1543,12451,NA,4,5,6,1912,0,0,0,NA,0,NA,ALAMEDA AVENUE,FREDERIC STREET,15,W,N,A,-,N,NA,NA,NA,NA,NA,NA,NA,NA,NA,N,4,0,1,2,A,-,08,22107,NA,N,B,C,A,A,H,-,A,A,0,NA,NA,NA,NA,Y,NA,-,-,0,0,1,0,0,0,0,0,0,-,-,34.157779693603516,-118.3293228149414,LOS ANGELES,BURBANK,-118.32918548583984,34.157875061035156
82186506,2022,2023-10-02,1912,2022-02-04,1534,9589,NA,5,5,6,1912,0,0,0,NA,0,NA,KEYSTONE STREET,CHANDLER BOULEVARD,0,NA,Y,A,-,N,NA,NA,NA,NA,NA,NA,NA,NA,NA,N,4,0,1,2,A,-,09,21802,A,N,D,C,A,A,H,-,A,A,0,NA,NA,NA,NA,Y,NA,A,01,0,0,1,0,0,0,0,0,0,-,-,NA,NA,LOS ANGELES,BURBANK,-118.33234405517578,34.17685317993164
82186507,2022,2023-10-02,1912,2022-02-05,0800,15490,1912,6,5,6,1912,0,0,0,NA,0,NA,GLENOAKS BOULEVARD,ANGELENO AVENUE,0,NA,Y,A,-,Y,NA,NA,NA,NA,NA,NA,NA,NA,NA,Y,4,0,1,2,A,-,09,21801,A,N,A,C,A,A,H,-,A,A,0,NA,NA,NA,NA,Y,NA,A,01,0,0,1,0,0,0,0,0,0,-,-,34.182430267333984,-118.3052215576172,LOS ANGELES,BURBANK,-118.30521392822266,34.18244934082031
82186508,2022,2023-10-02,1912,2022-02-05,1349,15508,1912,6,5,6,1912,0,0,0,NA,0,NA,AMHERST DRIVE,3RD STREET,99,E,N,A,-,Y,NA,NA,NA,NA,NA,NA,NA,NA,NA,Y,4,0,3,2,A,-,09,21804,A,N,D,C,A,A,H,-,A,A,0,NA,NA,NA,NA,Y,NA,A,01,0,0,3,0,0,0,0,0,0,-,-,34.19110870361328,-118.31999206542967,LOS ANGELES,BURBANK,-118.31971740722656,34.191307067871094
82186509,2022,2023-10-02,1912,2022-02-06,1107,11822,BURBA,7,5,6,1912,0,0,0,NA,0,NA,MARIPOSA STREET,BURBANK BOULEVARD (W),0,NA,Y,A,-,N,NA,NA,NA,NA,NA,NA,NA,NA,NA,Y,3,0,3,3,A,-,09,21801,A,N,D,C,A,A,H,-,A,A,0,NA,NA,NA,NA,Y,NA,A,07,0,1,2,0,0,0,0,0,0,-,-,34.182918548583984,-118.32582092285156,LOS ANGELES,BURBANK,-118.32582092285156,34.182838439941406
82186510,2022,2023-10-03,1912,2022-01-04,1934,9393,NA,2,5,6,1912,0,0,0,NA,0,NA,ALAMEDA AVENUE,CORDOVA STREET,87,E,N,A,-,Y,NA,NA,NA,NA,NA,NA,NA,NA,NA,Y,2,0,1,2,A,-,09,21801,A,N,D,C,A,A,H,-,C,A,0,NA,NA,Y,NA,Y,NA,A,01,1,0,0,0,0,0,0,0,1,-,-,34.154388427734375,-118.33956146240234,LOS ANGELES,BURBANK,-118.3390884399414,34.154563903808594
82186511,2022,2023-10-02,1912,2022-02-07,1352,13850,NA,1,5,6,1912,0,0,0,NA,0,NA,MAGNOLIA BOULEVARD,BEACHWOOD DRIVE,0,NA,Y,A,-,N,NA,NA,NA,NA,NA,NA,NA,NA,NA,Y,4,0,1,2,A,-,12,22450,A,M,B,C,A,A,H,-,A,A,0,NA,NA,NA,NA,Y,NA,A,01,0,0,1,0,0,0,0,0,0,-,-,NA,NA,LOS ANGELES,BURBANK,-118.3245849609375,34.17542266845703
82186513,2022,2023-10-02,1912,2022-02-07,1438,9542,NA,1,5,6,1912,0,0,0,NA,0,NA,GLENOAKS BOULEVARD,CYPRESS AVENUE,0,NA,Y,A,-,N,NA,NA,NA,NA,NA,NA,NA,NA,NA,Y,3,0,3,2,A,-,12,21453,A,N,D,C,A,A,H,-,A,A,0,NA,NA,NA,NA,Y,NA,A,01,0,1,2,0,0,0,0,0,0,-,-,34.18661117553711,-118.31121063232422,LOS ANGELES,BURBANK,-118.31114959716795,34.1867790222168
82186514,2022,2023-10-02,1912,2022-02-07,1723,13387,NA,1,5,6,1912,0,0,0,NA,0,NA,OLIVE AVENUE,LAKESIDE DRIVE,0,NA,Y,A,-,N,NA,NA,NA,NA,NA,NA,NA,NA,NA,Y,4,0,1,2,A,-,09,21801,A,N,D,C,A,A,H,-,B,A,0,NA,NA,NA,NA,Y,NA,A,01,0,0,1,0,0,0,0,0,0,-,-,34.14598083496094,-118.34107208251952,LOS ANGELES,BURBANK,-118.34114074707033,34.14591979980469
82186515,2022,2023-10-02,1912,2022-02-07,1731,13850,NA,1,5,6,1912,0,0,0,NA,0,NA,KENNETH ROAD,STANFORD ROAD,0,NA,Y,A,-,N,NA,NA,NA,NA,NA,NA,NA,NA,NA,N,3,0,1,2,A,-,09,21802,A,N,F,A,A,A,H,-,B,A,0,NA,NA,Y,NA,Y,NA,A,01,0,1,0,0,0,0,0,0,1,-,-,NA,NA,LOS ANGELES,BURBANK,-118.32099151611328,34.202178955078125
82186516,2022,2023-10-02,1912,2022-02-08,1125,13850,NA,2,5,6,1912,0,0,0,NA,0,NA,FORD STREET,MAGNOLIA BOULEVARD,0,NA,Y,A,-,N,NA,NA,NA,NA,NA,NA,NA,NA,NA,N,4,0,1,2,A,-,11,21954,A,N,G,B,E,A,H,-,A,A,0,Y,NA,NA,NA,Y,NA,N,60,0,0,1,0,1,0,0,0,0,-,-,NA,NA,LOS ANGELES,BURBANK,-118.35607147216795,34.1649169921875
82186519,2022,2023-10-02,1912,2022-02-10,0655,9589,NA,4,5,6,1912,0,0,0,NA,0,NA,GLENOAKS BOULEVARD,ALLEY NORTH OF MAGNOLIA BOULEVARD,168,N,N,A,-,N,NA,NA,NA,NA,NA,NA,NA,NA,NA,N,3,0,1,2,A,-,09,21804,A,F,D,C,A,A,H,-,A,D,0,NA,NA,Y,NA,Y,NA,A,01,0,1,0,0,0,0,0,0,1,-,-,NA,NA,LOS ANGELES,BURBANK,-118.29401397705078,34.17416763305664
82186520,2022,2023-10-03,1912,2022-01-10,1659,9589,NA,1,5,6,1912,0,0,0,NA,0,NA,KEYSTONE STREET,OLIVE AVENUE,0,NA,Y,A,-,N,NA,NA,NA,NA,NA,NA,NA,NA,NA,N,4,0,1,2,A,-,10,21950,A,F,G,B,B,A,H,-,A,A,0,Y,NA,NA,NA,Y,NA,A,01,0,0,1,0,1,0,0,0,0,-,-,34.16426086425781,-118.3262176513672,LOS ANGELES,BURBANK,-118.32627105712892,34.16432571411133
82186521,2022,2023-10-02,1912,2022-02-10,2240,15407,NA,4,5,6,1912,0,0,0,NA,0,NA,SAN FERNANDO BOULEVARD,VERDUGO AVENUE,0,NA,Y,A,-,N,NA,NA,NA,NA,NA,NA,NA,NA,NA,Y,4,0,3,2,A,-,12,21453,A,N,D,C,A,A,H,-,C,A,0,NA,NA,NA,NA,Y,NA,A,01,0,0,3,0,0,0,0,0,0,-,-,34.17845916748047,-118.30580139160156,LOS ANGELES,BURBANK,-118.3057098388672,34.178707122802734
82186522,2022,2023-10-02,1912,2022-02-11,1443,9589,NA,5,5,6,1912,0,0,0,NA,0,NA,ALAMEDA AVENUE,REESE PLACE,20,W,N,A,-,N,NA,NA,NA,NA,NA,NA,NA,NA,NA,N,4,0,2,2,A,-,03,22350,NA,N,C,C,A,A,H,-,A,A,0,NA,NA,NA,NA,Y,NA,A,01,0,0,2,0,0,0,0,0,0,-,-,NA,NA,LOS ANGELES,BURBANK,-118.32003021240234,34.16093063354492
82186523,2022,2023-10-02,1912,2022-02-11,1510,15454,NA,5,5,6,1912,0,0,0,NA,0,NA,BOB HOPE DRIVE,ALAMEDA AVENUE,50,S,N,A,-,N,NA,NA,NA,NA,NA,NA,NA,NA,NA,Y,4,0,3,3,A,-,03,22350,NA,N,C,C,A,A,H,-,A,D,0,NA,NA,NA,NA,Y,NA,A,01,0,0,3,0,0,0,0,0,0,-,-,34.15684127807617,-118.33219909667967,LOS ANGELES,BURBANK,-118.33219909667967,34.156734466552734
82186525,2022,2023-10-02,1912,2022-02-13,1510,14768,1912,7,5,6,1912,0,0,0,NA,0,00G,RIVERSIDE DRIVE,ROSE STREET,0,NA,Y,A,-,N,NA,NA,NA,NA,NA,NA,NA,NA,NA,N,3,0,1,2,A,-,10,21950,C,N,G,B,B,A,H,-,A,A,0,Y,NA,NA,NA,Y,NA,A,07,0,1,0,0,1,0,0,0,0,-,-,34.1522102355957,-118.34647369384766,LOS ANGELES,BURBANK,-118.34647369384766,34.15222930908203
82186526,2022,2023-10-02,1912,2022-02-14,1207,9542,NA,1,5,6,1912,0,0,0,NA,0,NA,VERDUGO AVENUE,PASS AVENUE,0,NA,Y,A,-,Y,NA,NA,NA,NA,NA,NA,NA,NA,NA,Y,3,0,2,3,A,-,12,21453,A,N,D,C,A,A,H,-,A,A,0,NA,NA,NA,NA,Y,NA,A,01,0,2,0,0,0,0,0,0,0,-,-,34.15959930419922,-118.34786987304688,LOS ANGELES,BURBANK,-118.3476791381836,34.15966033935547
82186527,2022,2023-10-02,1912,2022-02-14,1331,15509,NA,1,5,6,1912,0,0,0,NA,0,NA,CEDAR AVENUE,VICTORY BOULEVARD (W),337,E,N,A,-,N,NA,NA,NA,NA,NA,NA,NA,NA,NA,N,3,0,1,2,A,-,11,21954,A,N,G,B,D,A,H,-,A,D,0,Y,NA,NA,NA,Y,NA,N,60,0,1,0,0,1,0,0,0,0,-,-,34.16904830932617,-118.31101989746094,LOS ANGELES,BURBANK,-118.31029510498048,34.16971969604492
82186528,2022,2023-10-02,1912,2022-02-15,1342,13850,NA,2,5,6,1912,0,0,0,NA,0,NA,OLIVE AVENUE,BEACHWOOD DRIVE,0,NA,Y,B,-,N,NA,NA,NA,NA,NA,NA,NA,NA,NA,Y,4,0,1,2,A,-,09,21802,A,N,D,C,A,A,H,-,A,A,0,NA,NA,NA,NA,Y,NA,A,01,0,0,1,0,0,0,0,0,0,-,-,34.16889953613281,-118.32137298583984,LOS ANGELES,BURBANK,-118.32142639160156,34.168914794921875
82186530,2022,2023-10-02,1912,2022-02-16,0817,13850,NA,3,5,6,1912,0,0,0,NA,0,NA,VICTORY BOULEVARD,PALM AVENUE,88,N,N,A,-,N,NA,NA,NA,NA,NA,NA,NA,NA,NA,N,4,0,1,2,A,-,17,22517,NA,N,B,G,A,A,H,-,A,D,0,NA,Y,NA,NA,Y,NA,A,01,0,0,1,0,0,0,1,0,0,-,-,34.17578887939453,-118.31755065917967,LOS ANGELES,BURBANK,-118.31768798828124,34.17597579956055
82186532,2022,2023-10-02,1912,2022-02-17,1135,9393,NA,4,5,6,1912,0,0,0,NA,0,NA,GLENOAKS BOULEVARD,BUENA VISTA STREET,0,NA,Y,A,-,N,NA,NA,NA,NA,NA,NA,NA,NA,NA,Y,4,0,1,1,A,-,03,22350,NA,N,E,I,A,A,H,-,A,A,0,NA,NA,NA,NA,Y,NA,A,01,0,0,1,0,0,0,0,0,0,-,-,NA,NA,LOS ANGELES,BURBANK,-118.33768463134766,34.20494079589844
82186533,2022,2023-10-02,1912,2022-01-05,1737,11832,NA,3,5,6,1912,0,0,0,NA,0,NA,EMPIRE AVENUE,KEYSTONE STREET,0,NA,Y,A,-,N,NA,NA,NA,NA,NA,NA,NA,NA,NA,N,4,0,1,3,A,-,03,22350,NA,N,C,C,A,A,H,-,C,A,0,NA,NA,NA,NA,Y,NA,A,01,0,0,1,0,0,0,0,0,0,-,-,NA,NA,LOS ANGELES,BURBANK,-118.33411407470705,34.19184494018555
82186534,2022,2023-10-02,1912,2022-02-18,0745,9393,NA,5,5,6,1912,0,0,0,NA,0,NA,VICTORY BOULEVARD,MAGNOLIA BOULEVARD,0,NA,Y,A,-,N,NA,NA,NA,NA,NA,NA,NA,NA,NA,N,3,0,1,2,A,-,10,21950,A,N,G,B,B,A,H,-,A,A,0,Y,NA,NA,NA,Y,NA,A,01,0,1,0,0,1,0,0,0,0,-,-,NA,NA,LOS ANGELES,BURBANK,-118.31842041015624,34.17748260498047
82186535,2022,2023-10-02,1912,2022-01-01,1748,14527,NA,6,5,6,1912,0,0,0,NA,0,NA,MAGNOLIA BOULEVARD,EVERGREEN STREET,0,NA,Y,-,-,N,NA,NA,NA,NA,NA,NA,NA,NA,NA,Y,4,0,1,2,A,-,09,21801,A,N,D,C,A,A,H,-,C,D,0,NA,NA,NA,NA,Y,NA,A,01,0,0,1,0,0,0,0,0,0,-,-,34.16613006591797,-118.35205841064452,LOS ANGELES,BURBANK,-118.35210418701172,34.16617965698242