CASE_ID,ACCIDENT_YEAR,PROC_DATE,JURIS,COLLISION_DATE,COLLISION_TIME,OFFICER_ID,REPORTING_DISTRICT,DAY_OF_WEEK,CHP_SHIFT,POPULATION,CNTY_CITY_LOC,SPECIAL_COND,BEAT_TYPE,CHP_BEAT_TYPE,CITY_DIVISION_LAPD,CHP_BEAT_CLASS,BEAT_NUMBER,PRIMARY_RD,SECONDARY_RD,DISTANCE,DIRECTION,INTERSECTION,WEATHER_1,WEATHER_2,STATE_HWY_IND,CALTRANS_COUNTY,CALTRANS_DISTRICT,STATE_ROUTE,ROUTE_SUFFIX,POSTMILE_PREFIX,POSTMILE,LOCATION_TYPE,RAMP_INTERSECTION,SIDE_OF_HWY,TOW_AWAY,COLLISION_SEVERITY,NUMBER_KILLED,NUMBER_INJURED,PARTY_COUNT,PRIMARY_COLL_FACTOR,PCF_CODE_OF_VIOL,PCF_VIOL_CATEGORY,PCF_VIOLATION,PCF_VIOL_SUBSECTION,HIT_AND_RUN,TYPE_OF_COLLISION,MVIW,PED_ACTION,ROAD_SURFACE,ROAD_COND_1,ROAD_COND_2,LIGHTING,CONTROL_DEVICE,CHP_ROAD_TYPE,PEDESTRIAN_ACCIDENT,BICYCLE_ACCIDENT,MOTORCYCLE_ACCIDENT,TRUCK_ACCIDENT,NOT_PRIVATE_PROPERTY,ALCOHOL_INVOLVED,STWD_VEHTYPE_AT_FAULT,CHP_VEHTYPE_AT_FAULT,COUNT_SEVERE_INJ,COUNT_VISIBLE_INJ,COUNT_COMPLAINT_PAIN,COUNT_PED_KILLED,COUNT_PED_INJURED,COUNT_BICYCLIST_KILLED,COUNT_BICYCLIST_INJURED,COUNT_MC_KILLED,COUNT_MC_INJURED,PRIMARY_RAMP,SECONDARY_RAMP,LATITUDE,LONGITUDE,COUNTY,CITY,POINT_X,POINT_Y
82189754,2022,2023-10-05,1912,2022-12-31,1950,13377,NA,6,5,6,1912,0,0,0,NA,0,NA,ORANGE GROVE AVENUE,6TH STREET,0,W,Y,B,C,N,NA,NA,NA,NA,NA,NA,NA,NA,NA,N,4,0,2,2,A,-,12,22450,A,M,D,C,A,B,H,-,C,A,0,NA,NA,NA,NA,Y,NA,-,99,0,0,2,0,0,0,0,0,0,-,-,34.18608093261719,-118.3049087524414,LOS ANGELES,BURBANK,-118.30484008789064,34.186248779296875
82189760,2023,2023-10-05,1912,2023-01-12,1744,13813,NA,4,5,6,1912,0,0,0,NA,0,NA,AMHERST DRIVE,3RD STREET,77,E,N,B,-,N,NA,NA,NA,NA,NA,NA,NA,NA,NA,N,2,0,2,3,A,-,06,21951,NA,N,G,B,B,A,H,-,C,D,0,Y,NA,Y,NA,Y,NA,C,02,1,1,0,0,1,0,0,0,1,-,-,34.19110870361328,-118.31999206542967,LOS ANGELES,BURBANK,-118.31977081298828,34.191261291503906
82189765,2023,2023-10-04,1912,2023-01-15,1720,9980,NA,7,5,6,1912,0,0,0,NA,0,NA,OLIVE AVENUE,LAKE STREET,100,E,N,C,-,N,NA,NA,NA,NA,NA,NA,NA,NA,NA,N,4,0,1,3,A,-,01,23152,A,N,C,E,A,B,H,-,C,A,0,NA,NA,NA,NA,Y,Y,A,01,0,0,1,0,0,0,0,0,0,-,-,34.17557144165039,-118.31433868408205,LOS ANGELES,BURBANK,-118.31414031982422,34.17576599121094
82189766,2023,2023-10-04,1912,2023-01-15,2158,14609,1912,7,5,6,1912,0,0,0,NA,0,00J,HOLLYWOOD WAY,AVON STREET,3,S,N,C,-,N,NA,NA,NA,NA,NA,NA,NA,NA,NA,Y,3,0,1,1,A,-,01,23152,A,N,E,I,A,B,H,-,C,A,0,NA,NA,NA,NA,Y,Y,A,01,0,1,0,0,0,0,0,0,0,-,-,34.19321060180664,-118.34890747070313,LOS ANGELES,BURBANK,-118.34893035888672,34.19353103637695
82189767,2023,2023-10-04,1912,2023-01-03,1313,13850,NA,2,5,6,1912,0,0,0,NA,0,NA,GLENOAKS BOULEVARD,MAGNOLIA BOULEVARD,210,S,N,B,-,N,NA,NA,NA,NA,NA,NA,NA,NA,NA,Y,4,0,1,2,A,-,08,22107,NA,N,B,E,A,A,H,-,A,D,0,NA,NA,NA,NA,Y,NA,A,07,0,0,1,0,0,0,0,0,0,-,-,NA,NA,LOS ANGELES,BURBANK,-118.30869293212892,34.18500518798828
82189768,2023,2023-10-04,1912,2023-01-16,2155,15509,NA,1,5,6,1912,0,0,0,NA,0,NA,BURBANK BOULEVARD,EDISON BOULEVARD,0,NA,Y,A,-,N,NA,NA,NA,NA,NA,NA,NA,NA,NA,N,4,0,2,2,A,-,08,22107,NA,N,D,C,A,A,H,-,C,A,0,NA,NA,NA,NA,Y,NA,A,01,0,0,2,0,0,0,0,0,0,-,-,34.174720764160156,-118.35011291503906,LOS ANGELES,BURBANK,-118.35025024414064,34.1746826171875
82189771,2023,2023-10-04,1912,2023-01-19,1723,14849,NA,4,5,6,1912,0,0,0,NA,0,NA,THORNTON AVENUE,NAOMI STREET,0,NA,Y,C,-,N,NA,NA,NA,NA,NA,NA,NA,NA,NA,N,4,0,1,2,A,-,09,21804,A,N,D,C,A,B,H,-,C,A,0,NA,NA,NA,NA,Y,NA,A,01,0,0,1,0,0,0,0,0,0,-,-,34.19546127319336,-118.34014892578124,LOS ANGELES,BURBANK,-118.3401336669922,34.195552825927734
82189772,2023,2023-10-04,1912,2023-01-20,717,11832,NA,5,5,6,1912,0,0,0,NA,0,NA,VERDUGO AVENUE,FLORENCE STREET,0,NA,Y,A,-,N,NA,NA,NA,NA,NA,NA,NA,NA,NA,N,3,0,2,2,A,-,09,21802,A,N,D,C,A,A,H,-,A,A,0,NA,NA,NA,NA,Y,NA,A,01,0,1,1,0,0,0,0,0,0,-,-,NA,NA,LOS ANGELES,BURBANK,-118.33456420898438,34.16402816772461
82189773,2023,2023-10-05,1912,2023-01-20,807,11832,NA,5,5,6,1912,0,0,0,NA,0,NA,HOLLYWOOD WAY,CHANDLER BOULEVARD,550,N,N,A,-,N,NA,NA,NA,NA,NA,NA,NA,NA,NA,N,3,0,2,2,C,-,18,NA,NA,N,A,C,A,A,H,-,A,D,0,NA,NA,NA,NA,Y,NA,-,-,0,1,1,0,0,0,0,0,0,-,-,NA,NA,LOS ANGELES,BURBANK,-118.349365234375,34.17280578613281
82189774,2023,2023-10-04,1912,2023-01-20,1355,15454,NA,5,5,6,1912,0,0,0,NA,0,NA,FRONT STREET,BURBANK BOULEVARD,630,S,N,A,-,N,NA,NA,NA,NA,NA,NA,NA,NA,NA,N,4,0,1,2,A,-,03,22350,NA,N,C,C,A,A,H,-,A,D,0,NA,NA,NA,NA,Y,NA,A,07,0,0,1,0,0,0,0,0,0,-,-,34.185298919677734,-118.31865692138672,LOS ANGELES,BURBANK,-118.3178939819336,34.18372344970703
82189775,2023,2023-10-04,1912,2023-01-20,1811,13813,NA,5,5,6,1912,0,0,0,NA,0,NA,BUENA VISTA STREET,CHANDLER BOULEVARD,0,NA,Y,A,-,N,NA,NA,NA,NA,NA,NA,NA,NA,NA,N,3,0,1,2,A,-,03,22350,NA,N,D,G,A,A,H,-,C,A,0,NA,Y,NA,NA,Y,NA,L,04,0,1,0,0,0,0,1,0,0,-,-,34.175498962402344,-118.33647918701172,LOS ANGELES,BURBANK,-118.33645629882813,34.17546463012695
82189776,2023,2023-10-04,1912,2023-01-04,1728,12451,NA,3,5,6,1912,0,0,0,NA,0,NA,BUENA VISTA STREET,EMPIRE AVENUE,131,N,N,C,-,N,NA,NA,NA,NA,NA,NA,NA,NA,NA,Y,4,0,1,2,A,-,09,21804,A,N,D,C,A,B,H,-,C,D,0,NA,NA,NA,NA,Y,NA,A,01,0,0,1,0,0,0,0,0,0,-,-,34.19184875488281,-118.33802795410156,LOS ANGELES,BURBANK,-118.33799743652344,34.192176818847656
82189777,2023,2023-10-04,1912,2023-01-04,1830,15454,NA,3,5,6,1912,0,0,0,NA,0,NA,SAN FERNANDO BOULEVARD,BETHANY ROAD,45,S,Y,C,-,N,NA,NA,NA,NA,NA,NA,NA,NA,NA,N,4,0,1,2,A,-,08,22100,B,N,D,C,A,A,H,-,C,D,0,NA,NA,NA,NA,Y,NA,A,01,0,0,1,0,0,0,0,0,0,-,-,34.18914031982422,-118.3202667236328,LOS ANGELES,BURBANK,-118.32012939453124,34.189178466796875
82189778,2023,2023-10-11,1912,2023-01-05,845,12451,NA,4,5,6,1912,0,0,0,NA,0,NA,OAK STREET,PASS AVENUE,156,W,N,B,C,N,NA,NA,NA,NA,NA,NA,NA,NA,NA,N,2,0,1,2,A,-,09,21804,A,N,G,B,D,B,H,-,A,D,0,Y,NA,NA,NA,Y,NA,A,07,1,0,0,0,1,0,0,0,0,-,-,34.1561393737793,-118.34628295898438,LOS ANGELES,BURBANK,-118.34657287597656,34.15604782104492
82189779,2023,2023-10-04,1912,2023-01-05,1125,15454,NA,4,5,6,1912,0,0,0,NA,0,NA,VICTORY BOULEVARD,CHANDLER BOULEVARD,0,NA,Y,A,-,N,NA,NA,NA,NA,NA,NA,NA,NA,NA,N,3,0,3,2,A,-,09,21801,A,N,D,C,A,A,H,-,A,A,0,NA,NA,NA,NA,Y,NA,A,07,0,3,0,0,0,0,0,0,0,-,-,34.18075942993164,-118.32016754150392,LOS ANGELES,BURBANK,-118.3200225830078,34.180747985839844
82189881,2023,2023-10-04,1933,2023-09-17,2036,1082,08,7,5,6,1933,0,0,0,NA,0,001,FLORENCE AV,OAK ST,309,W,N,A,-,N,NA,NA,NA,NA,NA,NA,NA,NA,NA,Y,3,0,1,2,A,-,08,22107,NA,F,H,C,A,A,H,-,C,D,0,NA,NA,Y,NA,Y,NA,-,99,0,1,0,0,0,0,0,0,1,-,-,33.96516036987305,-118.36614990234376,LOS ANGELES,INGLEWOOD,-118.3672332763672,33.96477127075195
82189882,2023,2023-10-04,1933,2023-09-27,1501,1081,35,3,5,6,1933,0,0,0,NA,0,001,IMPERIAL HWY,YUKON AV,100,E,N,A,-,N,NA,NA,NA,NA,NA,NA,NA,NA,NA,N,4,0,2,2,A,-,08,22107,NA,N,B,D,A,A,H,-,A,A,0,NA,NA,NA,NA,Y,NA,A,01,0,0,2,0,0,0,0,0,0,-,-,33.93098068237305,-118.3351593017578,LOS ANGELES,INGLEWOOD,-118.3348388671875,33.93096923828125
82189883,2023,2023-10-04,1933,2023-10-02,807,812,34,1,5,6,1933,0,0,0,NA,0,004,IMPERIAL HWY,DOTY AV,195,E,N,A,-,N,NA,NA,NA,NA,NA,NA,NA,NA,NA,N,4,0,1,2,D,-,00,NA,NA,N,D,G,A,A,H,-,A,D,0,NA,Y,NA,NA,Y,NA,-,-,0,0,1,0,0,0,1,0,0,-,-,33.93098831176758,-118.3394775390625,LOS ANGELES,INGLEWOOD,-118.33876800537108,33.93095016479492
82189884,2023,2023-10-04,1933,2023-10-02,1005,812,29,1,5,6,1933,0,0,0,NA,0,003,CRENSHAW BLVD,ARBOR VITAE ST (N),118,N,N,A,-,N,NA,NA,NA,NA,NA,NA,NA,NA,NA,Y,4,0,1,3,A,-,03,22350,NA,N,C,C,A,A,H,-,A,A,0,NA,NA,NA,NA,Y,NA,D,22,0,0,1,0,0,0,0,0,0,-,-,33.95275115966797,-118.3264617919922,LOS ANGELES,INGLEWOOD,-118.32672882080078,33.95266342163086
82191384,2023,2023-10-06,1912,2023-02-08,2249,15482,NA,3,5,6,1912,0,0,0,NA,0,NA,SAN FERNANDO BOULEVARD,BUENA VISTA STREET,0,NA,Y,A,-,N,NA,NA,NA,NA,NA,NA,NA,NA,NA,Y,4,0,1,2,D,-,00,NA,NA,N,D,C,A,A,H,-,C,A,0,NA,NA,NA,NA,Y,NA,-,-,0,0,1,0,0,0,0,0,0,-,-,34.19784927368164,-118.33789825439452,LOS ANGELES,BURBANK,-118.337890625,34.19790267944336
82191385,2023,2023-10-05,1912,2023-02-09,741,13387,NA,4,5,6,1912,0,0,0,NA,0,NA,HOLLYWOOD WAY,TULARE AVENUE,160,S,N,A,-,N,NA,NA,NA,NA,NA,NA,NA,NA,NA,Y,4,0,2,3,A,-,09,21453,B,N,B,C,A,A,H,-,A,A,0,NA,NA,NA,NA,Y,NA,D,22,0,0,2,0,0,0,0,0,0,-,-,34.20301055908203,-118.34874725341795,LOS ANGELES,BURBANK,-118.34879302978516,34.202510833740234
82191386,2023,2023-10-05,1912,2023-02-09,753,13813,NA,4,5,6,1912,0,0,0,NA,0,NA,PASS AVENUE,MAGNOLIA BOULEVARD,0,NA,Y,A,-,N,NA,NA,NA,NA,NA,NA,NA,NA,NA,N,4,0,1,2,A,-,10,21950,A,N,G,B,B,A,H,-,A,A,0,Y,NA,NA,NA,Y,NA,A,01,0,0,1,0,1,0,0,0,0,-,-,34.16645812988281,-118.35104370117188,LOS ANGELES,BURBANK,-118.35102081298828,34.16651916503906
82191388,2023,2023-10-05,1912,2023-02-10,836,13813,NA,5,5,6,1912,0,0,0,NA,0,NA,OLIVE AVENUE,HOLLYWOOD WAY,0,NA,Y,A,-,N,NA,NA,NA,NA,NA,NA,NA,NA,NA,N,3,0,2,2,A,-,09,21801,A,N,D,C,A,A,H,-,A,A,0,NA,NA,NA,NA,Y,NA,A,01,0,1,1,0,0,0,0,0,0,-,-,34.15193176269531,-118.33925628662108,LOS ANGELES,BURBANK,-118.3393325805664,34.1519775390625
82191390,2023,2023-10-06,1912,2023-02-10,1605,12451,NA,5,5,6,1912,0,0,0,NA,0,NA,VANOWEN STREET,VALLEY STREET,150,E,N,A,-,N,NA,NA,NA,NA,NA,NA,NA,NA,NA,Y,4,0,1,2,A,-,06,21755,A,N,B,C,A,A,H,-,A,D,0,NA,NA,Y,NA,Y,NA,C,02,0,0,1,0,0,0,0,0,1,-,-,NA,NA,LOS ANGELES,BURBANK,-118.35731506347656,34.193458557128906
82191391,2023,2023-10-05,1912,2023-02-12,820,15506,NA,7,5,6,1912,0,0,0,NA,0,NA,GLENOAKS BOULEVARD,PALM AVENUE,0,NA,Y,A,-,N,NA,NA,NA,NA,NA,NA,NA,NA,NA,N,4,0,1,2,A,-,08,22107,NA,N,D,G,A,A,H,-,A,D,0,NA,Y,NA,NA,Y,NA,A,01,0,0,1,0,0,0,1,0,0,-,-,34.18449020385742,-118.30834197998048,LOS ANGELES,BURBANK,-118.30824279785156,34.18467330932617
82191392,2023,2023-10-06,1912,2023-02-13,929,13387,NA,1,5,6,1912,0,0,0,NA,0,NA,BUENA VISTA STREET,ALAMEDA AVENUE,0,NA,Y,A,-,N,NA,NA,NA,NA,NA,NA,NA,NA,NA,Y,4,0,2,3,A,-,09,21801,A,M,D,C,A,A,H,-,A,A,0,NA,NA,NA,NA,Y,NA,A,07,0,0,2,0,0,0,0,0,0,-,-,NA,NA,LOS ANGELES,BURBANK,-118.32810974121094,34.1582145690918
82191393,2023,2023-10-05,1912,2023-02-13,1350,13387,NA,1,5,6,1912,0,0,0,NA,0,NA,ALAMEDA AVENUE,FLOWER STREET,150,W,N,A,-,N,NA,NA,NA,NA,NA,NA,NA,NA,NA,N,4,0,1,2,A,-,21,22106,NA,N,C,C,A,A,H,-,A,D,0,NA,NA,NA,NA,Y,NA,A,01,0,0,1,0,0,0,0,0,0,-,-,34.17121124267578,-118.3031768798828,LOS ANGELES,BURBANK,-118.30338287353516,34.17110824584961
82191394,2023,2023-10-05,1912,2023-02-13,2309,14527,NA,1,5,6,1912,0,0,0,NA,0,NA,BEL AIRE DRIVE,ELMWOOD AVENUE (E),0,NA,Y,A,-,N,NA,NA,NA,NA,NA,NA,NA,NA,NA,Y,2,0,2,2,A,-,03,22350,NA,N,D,C,A,A,H,-,C,A,0,NA,NA,NA,NA,Y,NA,A,01,1,0,1,0,0,0,0,0,0,-,-,34.18511962890625,-118.29206848144533,LOS ANGELES,BURBANK,-118.2922134399414,34.18525695800781
82191395,2023,2023-10-05,1912,2023-02-14,1206,11832,NA,2,5,6,1912,0,0,0,NA,0,NA,MAGNOLIA BOULEVARD,3RD STREET,0,NA,Y,B,-,N,NA,NA,NA,NA,NA,NA,NA,NA,NA,Y,4,0,2,2,A,-,09,21801,A,N,D,C,A,A,H,-,A,A,0,NA,NA,NA,NA,Y,NA,A,07,0,0,2,0,0,0,0,0,0,-,-,NA,NA,LOS ANGELES,BURBANK,-118.3105010986328,34.1842155456543
82191396,2023,2023-10-05,1912,2023-02-14,1614,13208,NA,2,5,6,1912,0,0,0,NA,0,NA,KENMERE AVENUE,LINCOLN STREET,62,E,N,B,-,N,NA,NA,NA,NA,NA,NA,NA,NA,NA,N,4,0,1,4,A,-,09,21802,A,N,A,E,A,A,H,-,B,A,0,NA,NA,NA,NA,Y,NA,I,11,0,0,1,0,0,0,0,0,0,-,-,34.193729400634766,-118.33577728271484,LOS ANGELES,BURBANK,-118.33556365966795,34.1937255859375
82191397,2023,2023-10-05,1912,2023-02-15,830,9393,NA,3,5,6,1912,0,0,0,NA,0,NA,GLENOAKS BOULEVARD,REESE PLACE,40,S,N,A,-,N,NA,NA,NA,NA,NA,NA,NA,NA,NA,Y,4,0,1,3,A,-,03,22350,NA,N,C,C,A,A,H,-,A,D,0,NA,NA,NA,NA,Y,NA,A,01,0,0,1,0,0,0,0,0,0,-,-,NA,NA,LOS ANGELES,BURBANK,-118.32940673828124,34.19999313354492
82191398,2023,2023-10-05,1912,2023-02-15,956,9393,NA,3,5,6,1912,0,0,0,NA,0,NA,BUENA VISTA STREET,ALAMEDA AVENUE,905,S,N,B,-,N,NA,NA,NA,NA,NA,NA,NA,NA,NA,Y,4,0,1,2,A,-,12,21455,NA,N,D,C,A,A,H,-,A,A,0,NA,NA,NA,NA,Y,NA,A,07,0,0,1,0,0,0,0,0,0,-,-,34.15821075439453,-118.32811737060548,LOS ANGELES,BURBANK,-118.32701110839844,34.15590286254883
82191399,2023,2023-10-05,1912,2023-02-15,1334,13850,NA,3,5,6,1912,0,0,0,NA,0,NA,ALAMEDA AVENUE,FLOWER STREET,0,NA,Y,A,-,N,NA,NA,NA,NA,NA,NA,NA,NA,NA,Y,4,0,1,3,A,-,09,21801,A,N,D,C,A,A,H,-,A,A,0,NA,NA,NA,NA,Y,NA,A,01,0,0,1,0,0,0,0,0,0,-,-,NA,NA,LOS ANGELES,BURBANK,-118.30301666259766,34.171390533447266
82191400,2023,2023-10-06,1912,2023-02-15,1712,12451,NA,3,5,6,1912,0,0,0,NA,0,NA,BUENA VISTA STREET,MAGNOLIA BOULEVARD,260,N,N,A,-,N,NA,NA,NA,NA,NA,NA,NA,NA,NA,N,3,0,1,2,A,-,03,22350,NA,F,C,C,A,A,H,-,B,A,0,NA,NA,NA,NA,Y,NA,A,01,0,1,0,0,0,0,0,0,0,-,-,NA,NA,LOS ANGELES,BURBANK,-118.3350830078125,34.172630310058594
82191401,2023,2023-10-05,1912,2023-02-18,1929,14849,NA,6,5,6,1912,0,0,0,NA,0,NA,ALAMEDA AVENUE,LAKE STREET,0,NA,Y,A,-,N,NA,NA,NA,NA,NA,NA,NA,NA,NA,N,4,0,1,2,A,-,10,21950,A,N,G,B,B,A,H,-,C,A,0,Y,NA,NA,NA,Y,NA,A,01,0,0,1,0,1,0,0,0,0,-,-,34.16910171508789,-118.30548858642578,LOS ANGELES,BURBANK,-118.30551147460938,34.16910171508789
82191402,2023,2023-10-06,1912,2023-02-19,1504,13345,NA,7,5,6,1912,0,0,0,NA,0,NA,ALAMEDA AVENUE,MAIN STREET,0,NA,Y,A,-,N,NA,NA,NA,NA,NA,NA,NA,NA,NA,N,4,0,1,2,A,-,12,21453,A,N,D,C,A,A,H,-,A,A,0,NA,NA,NA,NA,Y,NA,A,01,0,0,1,0,0,0,0,0,0,-,-,34.16373062133789,-118.31175994873048,LOS ANGELES,BURBANK,-118.3117446899414,34.163692474365234
82191404,2023,2023-10-05,1912,2023-02-20,1217,13387,NA,1,5,6,1912,0,0,0,NA,0,NA,SAN FERNANDO BOULEVARD,FREDERIC STREET,80,S,N,A,-,N,NA,NA,NA,NA,NA,NA,NA,NA,NA,N,4,0,3,2,A,-,05,21651,B,N,D,C,A,A,H,-,A,D,0,NA,NA,NA,NA,Y,NA,A,07,0,0,3,0,0,0,0,0,0,-,-,34.198421478271484,-118.33872985839844,LOS ANGELES,BURBANK,-118.33847045898438,34.19828796386719
82191405,2023,2023-10-05,1912,2023-02-20,2221,15642,NA,1,5,6,1912,0,0,0,NA,0,NA,ALAMEDA AVENUE,GATEWAY,0,NA,Y,A,-,N,NA,NA,NA,NA,NA,NA,NA,NA,NA,N,4,0,1,2,A,-,09,21801,A,N,A,D,A,A,H,-,C,A,0,NA,NA,NA,NA,Y,NA,A,01,0,0,1,0,0,0,0,0,0,-,-,34.17351150512695,-118.3007583618164,LOS ANGELES,BURBANK,NA,NA
82191406,2023,2023-10-05,1912,2023-02-21,1022,9393,NA,2,5,6,1912,0,0,0,NA,0,NA,GLENOAKS BOULEVARD,SCOTT ROAD,20,N,N,B,-,N,NA,NA,NA,NA,NA,NA,NA,NA,NA,Y,4,0,2,2,A,-,09,21801,A,N,A,C,A,A,H,-,A,A,0,NA,NA,NA,NA,Y,NA,A,01,0,0,2,0,0,0,0,0,0,-,-,NA,NA,LOS ANGELES,BURBANK,-118.32476043701172,34.19671630859375
82191407,2023,2023-10-05,1912,2023-02-21,1146,13850,NA,2,5,6,1912,0,0,0,NA,0,NA,BUENA VISTA STREET,CLARK AVENUE,50,S,N,A,-,N,NA,NA,NA,NA,NA,NA,NA,NA,NA,N,4,0,1,3,A,-,02,22400,A,N,C,C,A,A,H,-,A,A,0,NA,NA,NA,NA,Y,NA,D,22,0,0,1,0,0,0,0,0,0,-,-,NA,NA,LOS ANGELES,BURBANK,-118.33300018310548,34.16836166381836
82191408,2023,2023-10-06,1912,2023-02-23,1248,13813,NA,4,5,6,1912,0,0,0,NA,0,NA,VICTORY BOULEVARD,NAOMI STREET,27,W,N,B,-,N,NA,NA,NA,NA,NA,NA,NA,NA,NA,N,3,0,2,3,A,-,08,22107,NA,F,H,E,A,A,H,-,A,D,0,NA,NA,NA,NA,Y,NA,-,99,0,1,1,0,0,0,0,0,0,-,-,34.1845817565918,-118.34047698974608,LOS ANGELES,BURBANK,-118.3406219482422,34.18462371826172
82191409,2023,2023-10-05,1912,2023-02-23,1751,15490,NA,4,5,6,1912,0,0,0,NA,0,NA,EMPIRE AVENUE,AIRPORT RD,0,NA,Y,B,-,N,NA,NA,NA,NA,NA,NA,NA,NA,NA,Y,4,0,1,3,A,-,09,21801,A,N,D,C,A,A,H,-,A,A,0,NA,NA,NA,NA,Y,NA,A,07,0,0,1,0,0,0,0,0,0,-,-,34.19321060180664,-118.3542022705078,LOS ANGELES,BURBANK,NA,NA
82191410,2023,2023-10-05,1912,2023-02-24,715,12451,NA,5,5,6,1912,0,0,0,NA,0,NA,6TH STREET,ELMWOOD AVENUE,0,NA,Y,B,C,N,NA,NA,NA,NA,NA,NA,NA,NA,NA,N,4,0,1,2,A,-,09,21802,A,N,D,C,A,B,H,-,A,A,0,NA,NA,NA,NA,Y,NA,A,01,0,0,1,0,0,0,0,0,0,-,-,NA,NA,LOS ANGELES,BURBANK,-118.2968978881836,34.180477142333984
82191411,2023,2023-10-05,1912,2023-02-24,1302,13850,NA,5,5,6,1912,0,0,0,NA,0,NA,GLENOAKS BOULEVARD,TUJUNGA AVENUE,0,NA,Y,C,-,N,NA,NA,NA,NA,NA,NA,NA,NA,NA,Y,3,0,1,2,A,-,09,21802,B,N,D,C,A,B,H,-,A,A,0,NA,NA,NA,Y,Y,NA,A,01,0,1,0,0,0,0,0,0,0,-,-,34.181549072265625,-118.30432891845705,LOS ANGELES,BURBANK,-118.3042221069336,34.18174743652344
82191412,2023,2023-10-06,1912,2023-02-24,1754,15454,NA,5,5,6,1912,0,0,0,NA,0,NA,ALAMEDA AVENUE,FLOWER STREET,0,NA,Y,C,-,N,NA,NA,NA,NA,NA,NA,NA,NA,NA,Y,4,0,1,2,A,-,09,21801,A,M,A,C,A,B,H,-,C,A,0,NA,NA,NA,NA,Y,NA,D,22,0,0,1,0,0,0,0,0,0,-,-,34.17121124267578,-118.3031768798828,LOS ANGELES,BURBANK,-118.30301666259766,34.171390533447266
82191413,2023,2023-10-06,1912,2023-02-24,2312,15490,NA,5,5,6,1912,0,0,0,NA,0,NA,6TH STREET,ELMWOOD AVENUE,0,NA,Y,C,-,N,NA,NA,NA,NA,NA,NA,NA,NA,NA,N,4,0,1,2,A,-,03,22350,NA,M,C,C,A,B,H,-,D,A,0,NA,NA,NA,NA,Y,Y,A,07,0,0,1,0,0,0,0,0,0,-,-,34.18048095703125,-118.2968978881836,LOS ANGELES,BURBANK,-118.2968978881836,34.180477142333984
82191416,2023,2023-10-06,1912,2023-02-28,1201,13387,NA,2,5,6,1912,0,0,0,NA,0,NA,EMPIRE AVENUE,VALPREDA STREET,500,E,N,B,-,N,NA,NA,NA,NA,NA,NA,NA,NA,NA,N,4,0,2,2,A,-,08,22107,NA,M,B,C,A,A,H,-,A,D,0,NA,NA,NA,NA,Y,NA,A,07,0,0,2,0,0,0,0,0,0,-,-,NA,NA,LOS ANGELES,BURBANK,-118.33141326904295,34.191741943359375
82191417,2023,2023-10-05,1912,2023-03-01,1358,13208,NA,3,5,6,1912,0,0,0,NA,0,NA,BUENA VISTA STREET,WINONA AVENUE,15,N,N,B,-,N,NA,NA,NA,NA,NA,NA,NA,NA,NA,Y,4,0,1,2,A,-,08,22107,NA,N,A,C,A,A,H,-,A,A,0,NA,NA,NA,NA,Y,NA,A,01,0,0,1,0,0,0,0,0,0,-,-,34.19955825805664,-118.33786010742188,LOS ANGELES,BURBANK,-118.33783721923828,34.19968032836914
82191418,2023,2023-10-05,1912,2023-03-02,1408,13387,NA,4,5,6,1912,0,0,0,NA,0,NA,VICTORY BOULEVARD,ORCHARD DRIVE,8,E,N,A,-,N,NA,NA,NA,NA,NA,NA,NA,NA,NA,Y,4,0,1,2,A,-,09,21802,A,N,D,C,A,A,H,-,A,A,0,NA,NA,NA,NA,Y,NA,A,01,0,0,1,0,0,0,0,0,0,-,-,34.18428039550781,-118.33065032958984,LOS ANGELES,BURBANK,-118.33057403564452,34.184471130371094
82191419,2023,2023-10-05,1912,2023-03-03,555,15508,NA,5,5,6,1912,0,0,0,NA,0,NA,ORANGE GROVE AVENUE,VICTORY BOULEVARD,9,E,N,A,-,N,NA,NA,NA,NA,NA,NA,NA,NA,NA,N,3,0,1,2,A,-,10,21950,A,N,G,B,B,A,H,-,C,D,0,Y,NA,NA,NA,Y,NA,A,01,0,1,0,0,1,0,0,0,0,-,-,34.17490005493164,-118.317138671875,LOS ANGELES,BURBANK,-118.31712341308594,34.17485809326172
82191420,2023,2023-10-05,1912,2023-03-03,1020,13813,NA,5,5,6,1912,0,0,0,NA,0,NA,BUENA VISTA STREET,VERDUGO AVENUE,0,NA,Y,A,-,N,NA,NA,NA,NA,NA,NA,NA,NA,NA,N,3,0,1,2,A,-,12,21453,A,N,D,C,A,A,H,-,A,D,0,NA,NA,NA,NA,Y,NA,A,01,0,1,0,0,0,0,0,0,0,-,-,NA,NA,LOS ANGELES,BURBANK,-118.33145141601564,34.165069580078125
82191421,2023,2023-10-05,1912,2023-03-03,1407,15454,NA,5,5,6,1912,0,0,0,NA,0,NA,GLENOAKS BOULEVARD,WINONA AVENUE,0,NA,Y,A,-,N,NA,NA,NA,NA,NA,NA,NA,NA,NA,Y,3,0,1,2,A,-,09,21801,A,N,E,I,A,A,H,-,A,A,0,NA,NA,Y,NA,Y,NA,A,07,0,1,0,0,0,0,0,0,1,-,-,34.19892120361328,-118.32801818847656,LOS ANGELES,BURBANK,-118.32798004150392,34.19906234741211