CASE_ID,ACCIDENT_YEAR,PROC_DATE,JURIS,COLLISION_DATE,COLLISION_TIME,OFFICER_ID,REPORTING_DISTRICT,DAY_OF_WEEK,CHP_SHIFT,POPULATION,CNTY_CITY_LOC,SPECIAL_COND,BEAT_TYPE,CHP_BEAT_TYPE,CITY_DIVISION_LAPD,CHP_BEAT_CLASS,BEAT_NUMBER,PRIMARY_RD,SECONDARY_RD,DISTANCE,DIRECTION,INTERSECTION,WEATHER_1,WEATHER_2,STATE_HWY_IND,CALTRANS_COUNTY,CALTRANS_DISTRICT,STATE_ROUTE,ROUTE_SUFFIX,POSTMILE_PREFIX,POSTMILE,LOCATION_TYPE,RAMP_INTERSECTION,SIDE_OF_HWY,TOW_AWAY,COLLISION_SEVERITY,NUMBER_KILLED,NUMBER_INJURED,PARTY_COUNT,PRIMARY_COLL_FACTOR,PCF_CODE_OF_VIOL,PCF_VIOL_CATEGORY,PCF_VIOLATION,PCF_VIOL_SUBSECTION,HIT_AND_RUN,TYPE_OF_COLLISION,MVIW,PED_ACTION,ROAD_SURFACE,ROAD_COND_1,ROAD_COND_2,LIGHTING,CONTROL_DEVICE,CHP_ROAD_TYPE,PEDESTRIAN_ACCIDENT,BICYCLE_ACCIDENT,MOTORCYCLE_ACCIDENT,TRUCK_ACCIDENT,NOT_PRIVATE_PROPERTY,ALCOHOL_INVOLVED,STWD_VEHTYPE_AT_FAULT,CHP_VEHTYPE_AT_FAULT,COUNT_SEVERE_INJ,COUNT_VISIBLE_INJ,COUNT_COMPLAINT_PAIN,COUNT_PED_KILLED,COUNT_PED_INJURED,COUNT_BICYCLIST_KILLED,COUNT_BICYCLIST_INJURED,COUNT_MC_KILLED,COUNT_MC_INJURED,PRIMARY_RAMP,SECONDARY_RAMP,LATITUDE,LONGITUDE,COUNTY,CITY,POINT_X,POINT_Y
82191422,2023,2023-10-05,1912,2023-03-04,23,15490,NA,6,5,6,1912,0,0,0,NA,0,NA,OLIVE AVENUE,PASS AVENUE,0,NA,Y,A,-,N,NA,NA,NA,NA,NA,NA,NA,NA,NA,Y,4,0,1,2,A,-,01,23152,F,N,C,C,A,A,H,-,C,A,0,NA,NA,NA,NA,Y,NA,A,07,0,0,1,0,0,0,0,0,0,-,-,NA,NA,LOS ANGELES,BURBANK,-118.3423080444336,34.148826599121094
82191423,2023,2023-10-05,1912,2023-03-04,1001,15508,NA,6,5,6,1912,0,0,0,NA,0,NA,ALAMEDA AVENUE,FLOWER STREET,0,NA,Y,A,-,N,NA,NA,NA,NA,NA,NA,NA,NA,NA,Y,4,0,1,4,A,-,09,21801,A,N,A,C,A,A,H,-,A,A,0,NA,NA,NA,NA,Y,NA,A,01,0,0,1,0,0,0,0,0,0,-,-,34.17142868041992,-118.30303955078124,LOS ANGELES,BURBANK,-118.30301666259766,34.171390533447266
82191424,2023,2023-10-05,1912,2023-03-04,1224,15508,NA,6,5,6,1912,0,0,0,NA,0,NA,OLIVE AVENUE,BEACHWOOD DRIVE,4,W,N,A,-,N,NA,NA,NA,NA,NA,NA,NA,NA,NA,N,4,0,1,3,A,-,09,21802,A,N,D,C,A,A,H,-,A,D,0,NA,NA,NA,NA,Y,NA,A,01,0,0,1,0,0,0,0,0,0,-,-,34.168758392333984,-118.32154846191406,LOS ANGELES,BURBANK,-118.32144165039064,34.16890335083008
82191425,2023,2023-10-05,1912,2023-03-06,1532,15728,1912,1,5,6,1912,0,0,0,NA,0,00E,NORTH VICTORY BOULEVARD,NORTH CURB LINE OF CYPRESS AVENUE,244,N,N,A,-,N,NA,NA,NA,NA,NA,NA,NA,NA,NA,N,4,0,1,2,A,-,03,22350,NA,N,C,C,A,A,H,-,A,D,0,NA,NA,NA,NA,Y,NA,A,01,0,0,1,0,0,0,0,0,0,-,-,NA,NA,LOS ANGELES,BURBANK,-118.3195343017578,34.179771423339844
82191426,2023,2023-10-05,1912,2023-03-07,1546,15728,1912,2,5,6,1912,0,0,0,NA,0,00I,VICTORY BOULEVARD,MARIPOSA STREET,0,NA,Y,A,-,N,NA,NA,NA,NA,NA,NA,NA,NA,NA,Y,3,0,2,2,A,-,09,21802,A,N,D,C,A,A,H,-,A,A,0,NA,NA,NA,NA,Y,NA,D,22,0,1,1,0,0,0,0,0,0,-,-,34.18436050415039,-118.32521057128906,LOS ANGELES,BURBANK,-118.32521057128906,34.184349060058594
82191429,2023,2023-10-05,1912,2023-03-08,848,15728,1912,3,5,6,1912,0,0,0,NA,0,00G,BUENA VISTA STREET,RIVERSIDE DRIVE,0,NA,Y,A,-,N,NA,NA,NA,NA,NA,NA,NA,NA,NA,N,4,0,1,2,A,-,08,22101,D,N,B,C,A,A,H,-,A,A,0,NA,NA,NA,NA,Y,NA,A,01,0,0,1,0,0,0,0,0,0,-,-,34.15412139892578,-118.326171875,LOS ANGELES,BURBANK,-118.32617950439452,34.15415573120117
82191430,2023,2023-10-05,1912,2023-03-08,1115,15728,1912,3,5,6,1912,0,0,0,NA,0,00J,VANOWEN STREET,HOLLYWOOD WAY,233,W,N,A,-,N,NA,NA,NA,NA,NA,NA,NA,NA,NA,N,4,0,2,2,A,-,07,21658,A,N,B,C,A,A,H,-,A,D,0,NA,NA,NA,NA,Y,NA,A,01,0,0,2,0,0,0,0,0,0,-,-,34.19178009033203,-118.3489227294922,LOS ANGELES,BURBANK,-118.34969329833984,34.19192886352539
82191432,2023,2023-10-06,1912,2023-03-09,1001,13850,NA,4,5,6,1912,0,0,0,NA,0,NA,MAGNOLIA BOULEVARD,VICTORY BOULEVARD,0,NA,Y,A,-,N,NA,NA,NA,NA,NA,NA,NA,NA,NA,N,3,0,1,2,A,-,09,21804,A,F,D,G,A,A,H,-,A,A,0,NA,Y,NA,NA,Y,NA,L,04,0,1,0,0,0,0,1,0,0,-,-,NA,NA,LOS ANGELES,BURBANK,-118.31842041015624,34.17748260498047
82191433,2023,2023-10-06,1912,2023-03-09,1233,13208,NA,4,5,6,1912,0,0,0,NA,0,NA,TUJUNGA AVENUE,SUNSET CANYON DRIVE,0,NA,Y,A,-,N,NA,NA,NA,NA,NA,NA,NA,NA,NA,N,3,0,2,3,A,-,10,21950,A,N,G,B,B,A,H,-,A,A,0,Y,NA,NA,NA,Y,NA,A,01,0,1,1,0,2,0,0,0,0,-,-,34.190738677978516,-118.29450988769533,LOS ANGELES,BURBANK,-118.29444885253906,34.190982818603516
82191434,2023,2023-10-05,1912,2023-03-09,1233,15454,NA,4,5,6,1912,0,0,0,NA,0,NA,MAGNOLIA BOULEVARD,1ST STREET,25,W,N,A,-,N,NA,NA,NA,NA,NA,NA,NA,NA,NA,N,4,0,1,2,A,-,03,22350,NA,N,C,C,A,A,H,-,A,D,0,NA,NA,NA,NA,Y,NA,A,01,0,0,1,0,0,0,0,0,0,-,-,34.18190002441406,-118.3130111694336,LOS ANGELES,BURBANK,-118.31305694580078,34.181827545166016
82191435,2023,2023-10-05,1912,2023-03-10,1515,15454,NA,5,5,6,1912,0,0,0,NA,0,NA,MAGNOLIA BOULEVARD,CATALINA STREET,0,NA,Y,C,-,N,NA,NA,NA,NA,NA,NA,NA,NA,NA,N,4,0,1,2,A,-,10,21950,A,N,G,B,B,B,H,-,A,A,0,Y,NA,NA,NA,Y,NA,A,01,0,0,1,0,1,0,0,0,0,-,-,34.17055892944336,-118.3388671875,LOS ANGELES,BURBANK,-118.3389129638672,34.17057800292969
82191437,2023,2023-10-06,1912,2023-03-11,1232,14333,NA,6,5,6,1912,0,0,0,NA,0,NA,LAKE STREET,ALAMEDA AVENUE,0,NA,Y,B,-,N,NA,NA,NA,NA,NA,NA,NA,NA,NA,N,4,0,1,2,A,-,08,22107,NA,F,B,C,A,B,H,-,A,A,0,NA,NA,NA,Y,Y,Y,F,86,0,0,1,0,0,0,0,0,0,-,-,34.16910171508789,-118.30548858642578,LOS ANGELES,BURBANK,-118.30551147460938,34.16910171508789
82191438,2023,2023-10-05,1912,2023-03-11,1809,15490,NA,6,5,6,1912,0,0,0,NA,0,NA,CYPRESS AVENUE,6TH STREET,107,E,N,A,-,N,NA,NA,NA,NA,NA,NA,NA,NA,NA,N,4,0,1,2,A,-,09,21804,A,N,D,C,A,A,H,-,B,D,0,NA,NA,NA,NA,Y,NA,A,01,0,0,1,0,0,0,0,0,0,-,-,34.188899993896484,-118.30876922607422,LOS ANGELES,BURBANK,-118.30849456787108,34.18928909301758
82191439,2023,2023-10-05,1912,2023-03-13,1525,11832,NA,1,5,6,1912,0,0,0,NA,0,NA,VERDUGO AVENUE,MYERS STREET,20,W,N,A,-,N,NA,NA,NA,NA,NA,NA,NA,NA,NA,N,4,0,1,2,A,-,03,22350,NA,N,C,C,A,A,H,-,A,A,0,NA,NA,NA,NA,Y,NA,A,01,0,0,1,0,0,0,0,0,0,-,-,NA,NA,LOS ANGELES,BURBANK,-118.328369140625,34.16613006591797
82191440,2023,2023-10-05,1912,2023-03-14,1305,15454,NA,2,5,6,1912,0,0,0,NA,0,NA,CLARK AVENUE,VALLEY STREET,0,NA,Y,C,-,N,NA,NA,NA,NA,NA,NA,NA,NA,NA,Y,4,0,1,2,A,-,09,21802,A,N,D,C,A,B,H,-,A,A,0,NA,NA,NA,NA,Y,NA,A,01,0,0,1,0,0,0,0,0,0,-,-,34.16204071044922,-118.35253143310548,LOS ANGELES,BURBANK,-118.35244750976564,34.16202926635742
82191441,2023,2023-10-05,1912,2023-03-14,1444,13377,NA,2,5,6,1912,0,0,0,NA,0,NA,CLARK AVENUE,EVERGREEN STREET,0,NA,Y,B,C,N,NA,NA,NA,NA,NA,NA,NA,NA,NA,N,4,0,2,2,A,-,09,21802,A,N,D,C,A,B,H,-,A,A,0,NA,NA,NA,NA,Y,NA,A,01,0,0,2,0,0,0,0,0,0,-,-,NA,NA,LOS ANGELES,BURBANK,-118.35037231445313,34.1627311706543
82191442,2023,2023-10-05,1912,2023-03-15,1046,13813,NA,3,5,6,1912,0,0,0,NA,0,NA,VICTORY BOULEVARD,MAPLE STREET,0,NA,Y,C,-,N,NA,NA,NA,NA,NA,NA,NA,NA,NA,N,3,0,5,2,A,-,12,21453,A,N,D,C,A,B,H,-,A,A,0,NA,NA,NA,NA,Y,NA,A,01,0,2,3,0,0,0,0,0,0,-,-,34.18473815917969,-118.35362243652344,LOS ANGELES,BURBANK,-118.3535614013672,34.18479919433594
82191443,2023,2023-10-05,1912,2023-03-15,1113,11832,NA,3,5,6,1912,0,0,0,NA,0,NA,OLIVE AVENUE,GRIFFITH PARK DRIVE,0,NA,Y,B,C,N,NA,NA,NA,NA,NA,NA,NA,NA,NA,N,4,0,1,3,A,-,09,21802,A,N,D,C,A,B,H,-,A,A,0,NA,NA,NA,NA,Y,NA,A,07,0,0,1,0,0,0,0,0,0,-,-,NA,NA,LOS ANGELES,BURBANK,-118.32066345214844,34.16964340209961
82191444,2023,2023-10-05,1912,2023-03-15,1256,13850,NA,3,5,6,1912,0,0,0,NA,0,NA,BURBANK BOULEVARD,VICTORY PLACE,50,E,N,B,-,N,NA,NA,NA,NA,NA,NA,NA,NA,NA,N,3,0,1,2,A,-,08,22107,NA,N,B,C,A,B,H,-,A,D,0,NA,NA,NA,NA,Y,NA,A,01,0,1,0,0,0,0,0,0,0,-,-,NA,NA,LOS ANGELES,BURBANK,-118.3215560913086,34.1843376159668
82191446,2023,2023-10-05,1912,2023-03-17,1539,14849,NA,5,5,6,1912,0,0,0,NA,0,NA,FLOWER STREET,VERDUGO AVENUE,80,N,N,A,-,N,NA,NA,NA,NA,NA,NA,NA,NA,NA,N,4,0,1,2,A,-,17,22517,NA,N,H,G,A,A,H,-,A,D,0,NA,Y,NA,NA,Y,NA,A,01,0,0,1,0,0,0,1,0,0,-,-,34.17544937133789,-118.3091278076172,LOS ANGELES,BURBANK,-118.30935668945313,34.17558670043945
82191447,2023,2023-10-05,1912,2023-03-17,2033,15454,NA,5,5,6,1912,0,0,0,NA,0,NA,CLARK AVENUE,EVERGREEN STREET,0,NA,Y,A,-,N,NA,NA,NA,NA,NA,NA,NA,NA,NA,Y,2,0,1,3,A,-,01,23152,A,F,G,B,F,A,H,-,C,A,0,Y,NA,NA,NA,Y,Y,D,22,1,0,0,0,1,0,0,0,0,-,-,34.162689208984375,-118.35054779052734,LOS ANGELES,BURBANK,-118.35037231445313,34.1627311706543
82191449,2023,2023-10-05,1912,2023-03-19,936,13850,NA,7,5,6,1912,0,0,0,NA,0,NA,VICTORY BOULEVARD,ALAMEDA AVENUE,100,S,N,B,-,N,NA,NA,NA,NA,NA,NA,NA,NA,NA,Y,2,0,1,1,A,-,03,22350,NA,N,E,I,A,A,H,-,A,A,0,NA,NA,Y,NA,Y,NA,C,03,1,0,0,0,0,0,0,0,1,-,-,NA,NA,LOS ANGELES,BURBANK,-118.30770111083984,34.16659927368164
82191450,2023,2023-10-05,1912,2023-03-19,1419,14329,NA,7,5,6,1912,0,0,0,NA,0,NA,PARISH PLACE,ORCHID LANE,50,S,N,C,-,N,NA,NA,NA,NA,NA,NA,NA,NA,NA,Y,3,0,1,4,A,-,21,22106,NA,N,B,E,A,B,H,-,A,D,0,NA,NA,NA,NA,Y,NA,A,01,0,1,0,0,0,0,0,0,0,-,-,34.20537185668945,-118.33122253417967,LOS ANGELES,BURBANK,-118.33141326904295,34.18099594116211
82191451,2023,2023-10-05,1912,2023-03-19,1754,13345,NA,7,5,6,1912,0,0,0,NA,0,NA,VICTORY PLACE,EMPIRE AVENUE,160,S,N,A,-,N,NA,NA,NA,NA,NA,NA,NA,NA,NA,N,3,0,2,2,A,-,03,22350,NA,N,C,C,A,A,H,-,A,A,0,NA,NA,NA,NA,Y,NA,A,01,0,1,1,0,0,0,0,0,0,-,-,34.19200134277344,-118.3293228149414,LOS ANGELES,BURBANK,-118.32888793945313,34.19179916381836
82191452,2023,2023-10-05,1912,2023-03-22,557,13387,NA,3,5,6,1912,0,0,0,NA,0,NA,EMPIRE AVENUE,AVENUE A,280,W,N,B,C,N,NA,NA,NA,NA,NA,NA,NA,NA,NA,Y,3,0,1,2,A,-,03,22350,NA,N,C,C,A,B,H,-,C,A,0,NA,NA,NA,NA,Y,NA,A,01,0,1,0,0,0,0,0,0,0,-,-,34.19327926635742,-118.35414123535156,LOS ANGELES,BURBANK,-120.5407485961914,38.229351043701165
82191453,2023,2023-10-05,1912,2023-03-22,839,13813,NA,3,5,6,1912,0,0,0,NA,0,NA,BUENA VISTA STREET,MAGNOLIA BOULEVARD,0,NA,Y,C,-,N,NA,NA,NA,NA,NA,NA,NA,NA,NA,N,4,0,1,2,A,-,09,21801,A,N,A,C,A,B,H,-,A,A,0,NA,NA,NA,NA,Y,NA,A,01,0,0,1,0,0,0,0,0,0,-,-,34.17185974121094,-118.33489990234376,LOS ANGELES,BURBANK,-118.33475494384766,34.171974182128906
82191454,2023,2023-10-05,1912,2023-03-24,1626,12451,NA,5,5,6,1912,0,0,0,NA,0,NA,3RD STREET,SAN JOSE AVENUE,0,NA,Y,A,-,N,NA,NA,NA,NA,NA,NA,NA,NA,NA,Y,3,0,1,3,A,-,09,21804,A,N,B,C,A,A,H,-,A,A,0,NA,NA,NA,NA,Y,NA,A,01,0,1,0,0,0,0,0,0,0,-,-,NA,NA,LOS ANGELES,BURBANK,-118.31142425537108,34.18494415283203
82191456,2023,2023-10-06,1912,2023-03-26,2320,15633,1912,7,5,6,1912,0,0,0,NA,0,00G,PASS AVENUE,ALAMEDA AVENUE,255,N,N,A,-,N,NA,NA,NA,NA,NA,NA,NA,NA,NA,Y,4,0,1,2,A,-,08,22107,NA,F,B,C,A,A,H,-,C,A,0,NA,NA,NA,NA,Y,NA,A,01,0,0,1,0,0,0,0,0,0,-,-,34.15277099609375,-118.34438323974608,LOS ANGELES,BURBANK,-118.34471893310548,34.15341567993164
82191457,2023,2023-10-05,1912,2023-03-27,1322,13387,NA,1,5,6,1912,0,0,0,NA,0,NA,ANGELENO AVENUE,1ST STREET,0,NA,Y,A,-,N,NA,NA,NA,NA,NA,NA,NA,NA,NA,Y,4,0,2,2,A,-,12,21453,A,N,D,C,A,A,H,-,A,A,0,NA,NA,NA,NA,Y,NA,A,01,0,0,2,0,0,0,0,0,0,-,-,34.178741455078125,-118.3090591430664,LOS ANGELES,BURBANK,-118.30895233154295,34.17891311645508
82191458,2023,2023-10-05,1912,2023-03-28,822,12451,NA,2,5,6,1912,0,0,0,NA,0,NA,BURBANK BOULEVARD,EDISON BOULEVARD,0,NA,Y,A,-,N,NA,NA,NA,NA,NA,NA,NA,NA,NA,Y,3,0,2,2,A,-,12,21453,A,N,F,C,A,A,H,-,A,A,0,NA,NA,NA,NA,Y,NA,A,01,0,2,0,0,0,0,0,0,0,-,-,NA,NA,LOS ANGELES,BURBANK,-118.35025024414064,34.1746826171875
82191460,2023,2023-10-05,1912,2023-01-23,1521,11832,NA,1,5,6,1912,0,0,0,NA,0,NA,RIVERSIDE DRIVE,KEYSTONE STREET,560,W,N,A,-,N,NA,NA,NA,NA,NA,NA,NA,NA,NA,Y,4,0,1,2,A,-,03,22350,NA,N,C,C,A,A,H,-,A,A,0,NA,NA,NA,NA,Y,NA,A,08,0,0,1,0,0,0,0,0,0,-,-,NA,NA,LOS ANGELES,BURBANK,-118.32406616210938,34.155601501464844
82191461,2023,2023-10-05,1912,2023-01-24,1112,9393,NA,2,5,6,1912,0,0,0,NA,0,NA,GLENOAKS BOULEVARD,SANTA ANITA AVENUE,0,NA,Y,A,-,N,NA,NA,NA,NA,NA,NA,NA,NA,NA,N,3,0,1,2,A,-,09,21801,A,N,D,C,A,A,H,-,A,D,0,NA,NA,NA,NA,Y,NA,A,01,0,1,0,0,0,0,0,0,0,-,-,NA,NA,LOS ANGELES,BURBANK,-118.3022918701172,34.18031692504883
82191462,2023,2023-10-05,1912,2023-01-24,1730,13208,1912,2,5,6,1912,0,0,0,NA,0,NA,RIVERSIDE DRIVE,SPARKS STREET,21,E,N,A,-,N,NA,NA,NA,NA,NA,NA,NA,NA,NA,N,3,0,1,1,A,-,03,22350,NA,N,E,J,A,A,B,-,C,D,0,NA,Y,NA,NA,Y,NA,L,04,0,1,0,0,0,0,1,0,0,-,-,34.157501220703125,-118.3170928955078,LOS ANGELES,BURBANK,-118.31707763671876,34.15758514404297
82191463,2023,2023-10-05,1912,2023-01-25,836,13850,NA,3,5,6,1912,0,0,0,NA,0,NA,MAGNOLIA BOULEVARD,MARIPOSA STREET,50,W,N,A,-,N,NA,NA,NA,NA,NA,NA,NA,NA,NA,N,4,0,1,2,A,-,03,22350,NA,N,C,C,A,A,H,-,A,A,0,NA,NA,NA,NA,Y,NA,A,07,0,0,1,0,0,0,0,0,0,-,-,NA,NA,LOS ANGELES,BURBANK,-118.32270050048828,34.17601776123047
82191465,2023,2023-10-05,1912,2023-01-25,1815,13377,NA,3,5,6,1912,0,0,0,NA,0,NA,BURBANK BOULEVARD,BRIGHTON STREET (W),0,NA,Y,A,-,N,NA,NA,NA,NA,NA,NA,NA,NA,NA,Y,4,0,1,2,A,-,12,22450,A,N,D,C,A,A,H,-,A,D,0,NA,NA,NA,NA,Y,NA,A,01,0,0,1,0,0,0,0,0,0,-,-,NA,NA,LOS ANGELES,BURBANK,-118.33721923828124,34.179039001464844
82191466,2023,2023-10-05,1912,2023-01-26,1144,13387,NA,4,5,6,1912,0,0,0,NA,0,NA,OLIVE AVENUE,GLENOAKS BOULEVARD,0,NA,Y,A,-,N,NA,NA,NA,NA,NA,NA,NA,NA,NA,Y,3,0,3,2,A,-,12,21453,A,N,D,C,A,A,H,-,A,A,0,NA,NA,NA,NA,Y,NA,A,07,0,1,2,0,0,0,0,0,0,-,-,34.18301010131836,-118.30632019042967,LOS ANGELES,BURBANK,-118.30626678466795,34.183223724365234
82191467,2023,2023-10-05,1912,2023-01-26,1401,13850,NA,4,5,6,1912,0,0,0,NA,0,NA,RIVERSIDE DRIVE,KENWOOD STREET,0,NA,Y,A,-,N,NA,NA,NA,NA,NA,NA,NA,NA,NA,N,3,0,1,2,A,-,09,21801,A,N,A,C,A,A,H,-,A,A,0,NA,NA,Y,NA,Y,NA,D,22,0,1,0,0,0,0,0,0,1,-,-,34.15232849121094,-118.34178924560548,LOS ANGELES,BURBANK,-118.34185791015624,34.15233612060547
82191468,2023,2023-10-05,1912,2023-01-26,1533,13377,NA,4,5,6,1912,0,0,0,NA,0,NA,BUENA VISTA STREET,OLIVE AVENUE,130,S,N,A,-,N,NA,NA,NA,NA,NA,NA,NA,NA,NA,Y,4,0,4,2,A,-,09,21804,A,N,D,C,A,A,H,-,A,D,0,NA,NA,NA,NA,Y,NA,A,01,0,0,4,0,0,0,0,0,0,-,-,NA,NA,LOS ANGELES,BURBANK,-118.32939910888672,34.16082000732422
82191470,2023,2023-10-05,1912,2023-01-27,1655,15454,NA,5,5,6,1912,0,0,0,NA,0,NA,DELAWARE ROAD,3RD STREET,0,NA,Y,A,-,N,NA,NA,NA,NA,NA,NA,NA,NA,NA,N,4,0,1,2,A,-,12,22450,A,N,D,C,A,A,H,-,A,A,0,NA,NA,NA,NA,Y,NA,-,-,0,0,1,0,0,0,0,0,0,-,-,34.189151763916016,-118.31728363037108,LOS ANGELES,BURBANK,-118.31724548339844,34.189109802246094
82191471,2023,2023-10-05,1912,2023-01-28,1030,15407,NA,6,5,6,1912,0,0,0,NA,0,NA,VERDUGO AVENUE,SCREENLAND DRIVE,0,NA,Y,A,-,N,NA,NA,NA,NA,NA,NA,NA,NA,NA,N,4,0,1,2,A,-,06,21755,A,N,D,C,A,A,H,-,A,D,0,NA,NA,NA,NA,Y,NA,A,01,0,0,1,0,0,0,0,0,0,-,-,34.16067886352539,-118.34464263916016,LOS ANGELES,BURBANK,-118.34469604492188,34.16065216064453
82191474,2023,2023-10-05,1912,2023-01-30,959,13208,1912,1,5,6,1912,0,0,0,NA,0,NA,HOLLYWOOD WAY,MAGNOLIA BOULEVARD,0,NA,Y,B,-,N,NA,NA,NA,NA,NA,NA,NA,NA,NA,N,4,0,1,2,A,-,03,22350,NA,N,C,C,A,B,H,-,A,A,0,NA,NA,NA,NA,Y,NA,A,01,0,0,1,0,0,0,0,0,0,-,-,34.16780090332031,-118.34713745117188,LOS ANGELES,BURBANK,-118.34701538085938,34.167869567871094
82191476,2023,2023-10-05,1912,2023-01-30,1341,11832,NA,1,5,6,1912,0,0,0,NA,0,NA,VICTORY BOULEVARD,OLIVE AVENUE,50,N,N,B,-,N,NA,NA,NA,NA,NA,NA,NA,NA,NA,N,4,0,3,2,A,-,03,22350,NA,N,C,C,A,A,H,-,A,A,0,NA,NA,NA,NA,Y,NA,D,22,0,0,3,0,0,0,0,0,0,-,-,NA,NA,LOS ANGELES,BURBANK,-118.31652069091795,34.17353057861328
82191478,2023,2023-10-05,1912,2023-01-30,1515,13208,NA,1,5,6,1912,0,0,0,NA,0,NA,HOLLYWOOD WAY,VALHALLA DRIVE,120,N,N,B,-,N,NA,NA,NA,NA,NA,NA,NA,NA,NA,N,3,0,2,2,A,-,07,21658,A,N,B,C,A,B,H,-,A,A,0,NA,NA,NA,NA,Y,NA,A,01,0,1,1,0,0,0,0,0,0,-,-,34.19021987915039,-118.34902954101564,LOS ANGELES,BURBANK,-118.3489990234375,34.19050979614258
82191479,2023,2023-10-05,1912,2023-01-30,1532,13387,NA,1,5,6,1912,0,0,0,NA,0,NA,BURBANK BOULEVARD,EDISON BOULEVARD,0,NA,Y,B,-,N,NA,NA,NA,NA,NA,NA,NA,NA,NA,N,4,0,1,2,A,-,12,21453,A,N,D,C,A,A,H,-,A,A,0,NA,NA,NA,NA,Y,NA,A,01,0,0,1,0,0,0,0,0,0,-,-,NA,NA,LOS ANGELES,BURBANK,-118.35025024414064,34.1746826171875
82191481,2023,2023-10-05,1912,2023-01-31,1017,11832,NA,2,5,6,1912,0,0,0,NA,0,NA,RIVERSIDE DRIVE,ROSE STREET,96,E,N,A,-,N,NA,NA,NA,NA,NA,NA,NA,NA,NA,N,3,0,1,1,A,-,03,22350,NA,N,F,A,A,A,H,-,A,A,0,NA,NA,Y,NA,Y,NA,C,02,0,1,0,0,0,0,0,0,1,-,-,NA,NA,LOS ANGELES,BURBANK,-118.34615325927734,34.15222930908203
82191482,2023,2023-10-05,1912,2023-01-31,1504,13208,NA,2,5,6,1912,0,0,0,NA,0,NA,MAGNOLIA BOULEVARD,NAOMI STREET,25,W,N,A,-,N,NA,NA,NA,NA,NA,NA,NA,NA,NA,N,3,0,3,2,A,-,03,22350,NA,N,C,C,A,A,H,-,A,D,0,NA,NA,NA,NA,Y,NA,A,01,0,1,2,0,0,0,0,0,0,-,-,34.17123031616211,-118.33683776855467,LOS ANGELES,BURBANK,-118.33692932128906,34.17124557495117
82191483,2023,2023-10-05,1912,2023-01-31,2255,15259,NA,2,5,6,1912,0,0,0,NA,0,NA,CHANDLER BOULEVARD,MARIPOSA STREET,7,E,N,A,-,N,NA,NA,NA,NA,NA,NA,NA,NA,NA,Y,4,0,1,1,C,-,18,NA,NA,N,E,I,A,A,H,-,C,A,0,NA,NA,NA,NA,Y,NA,-,-,0,0,1,0,0,0,0,0,0,-,-,34.179649353027344,-118.3242416381836,LOS ANGELES,BURBANK,-118.3242416381836,34.179561614990234
82191486,2023,2023-10-05,1912,2023-02-01,1040,13813,NA,3,5,6,1912,0,0,0,NA,0,NA,1ST STREET,MAGNOLIA BOULEVARD,3,S,N,A,-,N,NA,NA,NA,NA,NA,NA,NA,NA,NA,N,2,0,1,2,A,-,11,21451,C,N,G,B,B,A,H,-,A,A,0,Y,NA,NA,NA,Y,NA,N,60,1,0,0,0,1,0,0,0,0,-,-,34.18190002441406,-118.3130111694336,LOS ANGELES,BURBANK,-118.31299591064452,34.1818733215332
82191487,2023,2023-10-05,1912,2023-02-01,1139,13850,NA,3,5,6,1912,0,0,0,NA,0,NA,ALAMEDA AVENUE,LAMER STREET,0,NA,Y,A,-,N,NA,NA,NA,NA,NA,NA,NA,NA,NA,Y,4,0,1,2,A,-,09,21802,A,N,D,C,A,A,H,-,A,A,0,NA,NA,NA,NA,Y,NA,A,07,0,0,1,0,0,0,0,0,0,-,-,NA,NA,LOS ANGELES,BURBANK,-118.32298278808594,34.159942626953125
82191489,2023,2023-10-05,1912,2023-02-01,1600,11832,NA,3,5,6,1912,0,0,0,NA,0,NA,GLENWOOD PLACE,MAGNOLIA BOULEVARD,272,S,N,A,-,N,NA,NA,NA,NA,NA,NA,NA,NA,NA,Y,3,0,1,2,A,-,01,23152,A,N,B,E,A,A,H,-,A,D,0,NA,NA,NA,NA,Y,Y,A,01,0,1,0,0,0,0,0,0,0,-,-,NA,NA,LOS ANGELES,BURBANK,-118.31918334960938,34.17639923095703
82191492,2023,2023-10-05,1912,2023-02-04,2000,14849,NA,6,5,6,1912,0,0,0,NA,0,NA,VICTORY BOULEVARD,ISABEL STREET,0,NA,Y,A,-,N,NA,NA,NA,NA,NA,NA,NA,NA,NA,Y,4,0,1,2,A,-,09,21801,A,N,D,C,A,A,H,-,C,D,0,NA,NA,Y,NA,Y,NA,A,01,0,0,1,0,0,0,0,0,1,-,-,34.183170318603516,-118.32115936279295,LOS ANGELES,BURBANK,-118.3211669921875,34.18313217163086
82191508,2023,2023-10-06,1922,2023-09-17,1650,646,NA,7,5,6,1922,0,0,0,NA,0,003,ASHER ST,MEEKER AVE,5,W,N,A,-,Y,NA,NA,NA,NA,NA,NA,NA,NA,NA,Y,4,0,1,2,A,-,01,23152,A,F,C,C,A,A,H,-,A,D,0,NA,NA,NA,NA,Y,Y,D,22,0,0,1,0,0,0,0,0,0,-,-,34.06745147705078,-118.03072357177734,LOS ANGELES,EL MONTE,-118.03067016601564,34.067562103271484