CASE_ID,ACCIDENT_YEAR,PROC_DATE,JURIS,COLLISION_DATE,COLLISION_TIME,OFFICER_ID,REPORTING_DISTRICT,DAY_OF_WEEK,CHP_SHIFT,POPULATION,CNTY_CITY_LOC,SPECIAL_COND,BEAT_TYPE,CHP_BEAT_TYPE,CITY_DIVISION_LAPD,CHP_BEAT_CLASS,BEAT_NUMBER,PRIMARY_RD,SECONDARY_RD,DISTANCE,DIRECTION,INTERSECTION,WEATHER_1,WEATHER_2,STATE_HWY_IND,CALTRANS_COUNTY,CALTRANS_DISTRICT,STATE_ROUTE,ROUTE_SUFFIX,POSTMILE_PREFIX,POSTMILE,LOCATION_TYPE,RAMP_INTERSECTION,SIDE_OF_HWY,TOW_AWAY,COLLISION_SEVERITY,NUMBER_KILLED,NUMBER_INJURED,PARTY_COUNT,PRIMARY_COLL_FACTOR,PCF_CODE_OF_VIOL,PCF_VIOL_CATEGORY,PCF_VIOLATION,PCF_VIOL_SUBSECTION,HIT_AND_RUN,TYPE_OF_COLLISION,MVIW,PED_ACTION,ROAD_SURFACE,ROAD_COND_1,ROAD_COND_2,LIGHTING,CONTROL_DEVICE,CHP_ROAD_TYPE,PEDESTRIAN_ACCIDENT,BICYCLE_ACCIDENT,MOTORCYCLE_ACCIDENT,TRUCK_ACCIDENT,NOT_PRIVATE_PROPERTY,ALCOHOL_INVOLVED,STWD_VEHTYPE_AT_FAULT,CHP_VEHTYPE_AT_FAULT,COUNT_SEVERE_INJ,COUNT_VISIBLE_INJ,COUNT_COMPLAINT_PAIN,COUNT_PED_KILLED,COUNT_PED_INJURED,COUNT_BICYCLIST_KILLED,COUNT_BICYCLIST_INJURED,COUNT_MC_KILLED,COUNT_MC_INJURED,PRIMARY_RAMP,SECONDARY_RAMP,LATITUDE,LONGITUDE,COUNTY,CITY,POINT_X,POINT_Y
82235189,2023,2023-11-14,1969,2023-10-09,1355,10226,TRAFF,1,5,5,1969,0,0,0,NA,0,003,OTIS ST,MISSOURI AV,0,NA,Y,A,-,N,NA,NA,NA,NA,NA,NA,NA,NA,NA,N,3,0,2,2,A,-,09,21804,A,N,D,C,A,A,H,-,A,D,0,NA,NA,NA,NA,Y,NA,A,01,0,2,0,0,0,0,0,0,0,-,-,33.94554138183594,-118.19734191894533,LOS ANGELES,SOUTH GATE,-118.19734954833984,33.94550704956055
82235199,2023,2023-11-14,1969,2023-10-25,810,10255,NA,3,5,5,1969,0,0,0,NA,0,NA,FILESTONE BLVD,GARFIELD AV,73,W,N,A,-,N,NA,NA,NA,NA,NA,NA,NA,NA,NA,N,3,0,2,2,A,-,04,21703,NA,N,C,C,A,A,H,-,A,D,0,NA,NA,NA,Y,Y,NA,F,85,0,2,0,0,0,0,0,0,0,-,-,33.94916915893555,-118.16519165039064,LOS ANGELES,SOUTH GATE,-118.16548919677734,33.949119567871094
82235201,2023,2023-11-14,1969,2023-10-27,2321,10255,NA,5,5,5,1969,0,0,0,NA,0,NA,SANTA ANA AV,CYPRESS AV,135,E,N,A,-,N,NA,NA,NA,NA,NA,NA,NA,NA,NA,N,2,0,2,4,A,-,03,22350,NA,N,C,C,A,A,H,-,C,D,0,NA,NA,NA,NA,Y,NA,A,01,1,1,0,0,0,0,0,0,0,-,-,33.96403884887695,-118.21556854248048,LOS ANGELES,SOUTH GATE,-118.21511840820313,33.96394348144531
82235207,2023,2023-11-14,1969,2023-11-03,2256,10145,PATRO,5,5,5,1969,0,0,0,NA,0,005,KARMONT AV,GARFIELD AV (N),1000,N,N,B,-,N,NA,NA,NA,NA,NA,NA,NA,NA,NA,N,2,0,1,2,A,-,10,21950,A,F,G,B,D,A,H,-,C,D,0,Y,NA,NA,NA,Y,NA,-,99,1,0,0,0,1,0,0,0,0,-,-,33.938499450683594,-118.16744995117188,LOS ANGELES,SOUTH GATE,-118.16519165039064,33.94041442871094
82235222,2023,2023-11-14,1972,2023-10-30,1235,18263,NA,1,5,6,1972,0,0,0,NA,0,NA,CARSON ST,HAWTHORNE BLVD,334,W,N,A,-,N,NA,NA,NA,NA,NA,NA,NA,NA,NA,Y,4,0,2,2,A,-,09,21804,A,N,D,C,A,A,H,-,A,D,0,NA,NA,NA,NA,Y,NA,A,01,0,0,2,0,0,0,0,0,0,-,-,33.83143997192383,-118.352783203125,LOS ANGELES,TORRANCE,-118.35381317138672,33.83137893676758
82235227,2023,2023-11-14,1972,2023-11-03,803,15555,NA,5,5,6,1972,0,0,0,NA,0,NA,YUKON AVE,182ND ST,300,S,N,A,-,N,NA,NA,NA,NA,NA,NA,NA,NA,NA,N,3,0,1,2,A,-,11,21955,NA,N,G,B,D,A,H,-,A,A,0,Y,NA,NA,NA,Y,NA,N,60,0,1,0,0,1,0,0,0,0,-,-,33.86545181274414,-118.33515167236328,LOS ANGELES,TORRANCE,-118.33519744873048,33.8647575378418
82235228,2023,2023-11-14,1925,2023-11-02,1318,29635,226,4,5,6,1925,0,0,0,NA,0,002,WILSON AVENUE,ORANGE STREET,7,E,N,A,-,N,NA,NA,NA,NA,NA,NA,NA,NA,NA,N,3,0,1,2,A,-,10,21950,A,N,G,B,B,A,H,-,A,A,0,Y,NA,NA,NA,Y,NA,A,01,0,1,0,0,1,0,0,0,0,-,-,34.14809036254883,-118.2563934326172,LOS ANGELES,GLENDALE,-118.25642395019533,34.14811706542969
82236185,2023,2023-11-15,1912,2023-10-14,842,11822,BURBA,6,5,6,1912,0,0,0,NA,0,NA,ALAMEDA AVENUE,SAN FERNANDO BOULEVARD,0,NA,Y,A,-,N,NA,NA,NA,NA,NA,NA,NA,NA,NA,N,3,0,1,2,A,-,10,21950,A,N,G,B,B,A,H,-,A,A,0,Y,NA,NA,NA,Y,NA,A,01,0,1,0,0,1,0,0,0,0,-,-,34.1744384765625,-118.29988861083984,LOS ANGELES,BURBANK,-118.29988098144533,34.17442321777344
82236186,2023,2023-11-15,1912,2023-10-14,1040,14609,1912,6,5,6,1912,0,0,0,NA,0,00J,EMPIRE AVENUE,CLYBOURN AVENUE,2385,E,N,A,-,N,NA,NA,NA,NA,NA,NA,NA,NA,NA,Y,2,0,2,2,A,-,09,21801,A,N,C,C,A,A,H,-,A,D,0,NA,NA,NA,NA,Y,NA,A,01,1,0,1,0,0,0,0,0,0,-,-,34.194358825683594,-118.36100769042967,LOS ANGELES,BURBANK,-118.35338592529295,34.1931037902832
82236445,2023,2023-11-15,1933,2023-10-21,2135,1055,13,6,5,6,1933,0,0,0,NA,0,003,CRENSHAW BLVD,MANCHESTER BLVD,0,NA,Y,A,-,N,NA,NA,NA,NA,NA,NA,NA,NA,NA,N,3,0,1,2,A,-,12,21453,A,N,D,G,A,A,H,-,C,A,0,NA,Y,NA,NA,Y,NA,L,04,0,1,0,0,0,0,1,0,0,-,-,33.95994186401367,-118.3264389038086,LOS ANGELES,INGLEWOOD,-118.32649993896484,33.95990753173828
82236447,2023,2023-11-15,1933,2023-11-06,1719,1075,36,1,5,6,1933,0,0,0,NA,0,004,CRENSHAW BLVD,108TH ST (N),0,NA,Y,A,-,N,NA,NA,NA,NA,NA,NA,NA,NA,NA,N,4,0,1,2,A,-,08,22107,NA,N,A,C,A,A,H,-,D,A,0,NA,NA,Y,NA,Y,NA,C,06,0,0,1,0,0,0,0,0,1,-,-,33.9382209777832,-118.3264617919922,LOS ANGELES,INGLEWOOD,-118.32672119140624,33.93865966796875
82236450,2023,2023-11-15,1933,2023-11-07,1125,869,29,2,5,6,1933,0,0,0,NA,0,003,CRENSHAW BLVD,CENTURY BLVD,0,NA,Y,A,-,N,NA,NA,NA,NA,NA,NA,NA,NA,NA,Y,4,0,1,2,A,-,09,21800,A,F,D,C,A,A,H,-,A,A,0,NA,NA,NA,NA,Y,NA,A,07,0,0,1,0,0,0,0,0,0,-,-,33.945491790771484,-118.32646942138672,LOS ANGELES,INGLEWOOD,-118.32647705078124,33.945472717285156
82236452,2023,2023-11-15,1933,2023-11-10,227,1088,04,5,5,6,1933,0,0,0,NA,0,001,VENICE WY,GLENWAY DR,40,E,N,A,-,Y,NA,NA,NA,NA,NA,NA,NA,NA,NA,Y,4,0,1,2,A,-,03,22350,NA,N,B,E,A,A,H,-,C,A,0,NA,NA,NA,NA,Y,NA,A,01,0,0,1,0,0,0,0,0,0,-,-,33.96995162963867,-118.36611938476564,LOS ANGELES,INGLEWOOD,-118.36611938476564,33.9699592590332
82236464,2023,2023-11-15,1933,2023-11-13,1735,1080,29,1,5,6,1933,0,0,0,NA,0,003,CENTURY BLVD,CRENSHAW BLVD,0,NA,Y,A,-,N,NA,NA,NA,NA,NA,NA,NA,NA,NA,N,4,0,2,2,A,-,08,22107,NA,N,D,C,A,A,H,-,C,A,0,NA,NA,NA,NA,Y,NA,A,01,0,0,2,0,0,0,0,0,0,-,-,33.945438385009766,-118.32646942138672,LOS ANGELES,INGLEWOOD,-118.32647705078124,33.945472717285156
82236465,2023,2023-11-15,1933,2023-11-14,840,1084,36,2,5,6,1933,0,0,0,NA,0,004,CRENSHAW BLVD,108TH ST (N),0,NA,Y,A,-,N,NA,NA,NA,NA,NA,NA,NA,NA,NA,N,4,0,1,2,A,-,03,22350,NA,N,C,C,A,A,H,-,A,A,0,NA,NA,NA,NA,Y,NA,A,01,0,0,1,0,0,0,0,0,0,-,-,33.9382209777832,-118.3264617919922,LOS ANGELES,INGLEWOOD,-118.32672119140624,33.93865966796875
82237358,2023,2023-11-16,1912,2023-08-25,1500,14849,NA,5,5,6,1912,0,0,0,NA,0,NA,6TH STREET,CEDAR AVENUE,200,N,N,A,-,N,NA,NA,NA,NA,NA,NA,NA,NA,NA,Y,4,0,1,2,A,-,09,21804,A,N,D,C,A,A,H,-,A,D,0,NA,NA,NA,NA,Y,NA,A,01,0,0,1,0,0,0,0,0,0,-,-,34.181190490722656,-118.29785919189452,LOS ANGELES,BURBANK,-118.29837036132813,34.1815299987793
82237359,2023,2023-11-16,1912,2023-10-06,1350,15454,NA,5,5,6,1912,0,0,0,NA,0,NA,GLENOAKS BOULEVARD,DARTMOUTH ROAD,100,N,N,A,-,N,NA,NA,NA,NA,NA,NA,NA,NA,NA,N,4,0,4,2,A,-,03,22350,NA,N,C,C,A,A,H,-,A,D,0,NA,NA,NA,NA,Y,NA,A,01,0,0,4,0,0,0,0,0,0,-,-,34.19601058959961,-118.32379913330078,LOS ANGELES,BURBANK,-118.32404327392578,34.19618606567383
82237360,2023,2023-11-17,1912,2023-10-11,1906,13208,NA,3,5,6,1912,0,0,0,NA,0,NA,1ST STREET,MAGNOLIA BOULEVARD,0,NA,Y,A,-,N,NA,NA,NA,NA,NA,NA,NA,NA,NA,Y,3,0,1,2,A,-,12,21453,A,N,D,C,A,A,H,-,C,A,0,NA,NA,NA,NA,Y,NA,A,01,0,1,0,0,0,0,0,0,0,-,-,34.18190002441406,-118.3130111694336,LOS ANGELES,BURBANK,-118.31300354003906,34.181884765625
82237361,2023,2023-11-16,1912,2023-10-12,851,12451,NA,4,5,6,1912,0,0,0,NA,0,NA,SAN FERNANDO BOULEVARD,HOLLYWOOD WAY,425,N,N,A,-,N,NA,NA,NA,NA,NA,NA,NA,NA,NA,Y,4,0,1,2,A,-,07,21658,A,N,B,C,A,A,H,-,A,D,0,NA,NA,NA,NA,Y,NA,-,-,0,0,1,0,0,0,0,0,0,-,-,NA,NA,LOS ANGELES,BURBANK,-118.3498992919922,34.2060432434082
82237431,2023,2023-11-16,1965,2023-10-06,1546,4176,0B2E,5,5,5,1965,0,0,0,NA,0,002,23RD ST,ASHLAND AVE,0,NA,Y,A,-,N,NA,NA,NA,NA,NA,NA,NA,NA,NA,Y,4,0,1,2,A,-,09,21801,A,N,D,C,A,A,H,-,A,A,0,NA,NA,NA,NA,Y,NA,A,01,0,0,1,0,0,0,0,0,0,-,-,34.01287841796875,-118.45986175537108,LOS ANGELES,SANTA MONICA,-118.45992279052734,34.01288986206055
82237433,2023,2023-11-17,1965,2023-10-11,1208,4164,0B3B,3,5,5,1965,0,0,0,NA,0,B003,SANTA MONICA BLVD,16TH ST,0,NA,Y,A,-,N,NA,NA,NA,NA,NA,NA,NA,NA,NA,Y,4,0,1,2,A,-,09,21802,A,N,D,C,A,A,H,-,A,D,0,NA,NA,NA,NA,Y,NA,A,01,0,0,1,0,0,0,0,0,0,-,-,NA,NA,LOS ANGELES,SANTA MONICA,-118.48381042480467,34.02561569213867
82237434,2023,2023-11-16,1965,2023-10-12,850,4053,0B4B,4,5,5,1965,0,0,0,NA,0,B004,SAN VICENTE BLVD,GALE PL,94,E,N,A,-,N,NA,NA,NA,NA,NA,NA,NA,NA,NA,N,3,0,2,1,A,-,03,22350,NA,N,E,I,A,A,H,-,A,A,0,NA,NA,NA,NA,Y,NA,A,01,0,2,0,0,0,0,0,0,0,-,-,NA,NA,LOS ANGELES,SANTA MONICA,-118.50125885009766,34.04199981689453
82237436,2023,2023-11-17,1965,2023-10-13,1637,4164,0B3D,5,5,5,1965,0,0,0,NA,0,B003,17TH ST,DELAWARE AVE,0,NA,Y,A,-,N,NA,NA,NA,NA,NA,NA,NA,NA,NA,N,4,0,1,2,A,-,-,NA,NA,N,H,G,A,A,H,-,B,D,0,NA,Y,NA,NA,Y,NA,-,-,0,0,1,0,0,0,1,0,0,-,-,NA,NA,LOS ANGELES,SANTA MONICA,-118.47501373291016,34.0196418762207
82237476,2023,2023-11-16,1933,2023-07-14,227,869,02,5,5,6,1933,0,0,0,NA,0,001,LA BREA AV,PLYMOUTH ST,228,N,N,A,-,N,NA,NA,NA,NA,NA,NA,NA,NA,NA,N,1,1,0,1,A,-,01,23152,G,N,E,I,A,A,H,-,C,D,0,NA,NA,NA,NA,Y,Y,A,07,0,0,0,0,0,0,0,0,0,-,-,33.9746208190918,-118.35752868652344,LOS ANGELES,INGLEWOOD,-118.35765075683594,33.975196838378906
82238469,2023,2023-11-17,1912,2023-10-09,1241,13387,NA,1,5,6,1912,0,0,0,NA,0,NA,BURBANK BOULEVARD,EDISON BOULEVARD,0,NA,Y,A,-,N,NA,NA,NA,NA,NA,NA,NA,NA,NA,Y,4,0,2,2,A,-,12,21453,A,N,D,C,A,A,H,-,A,A,0,NA,NA,NA,NA,Y,NA,A,07,0,0,2,0,0,0,0,0,0,-,-,NA,NA,LOS ANGELES,BURBANK,-118.35025024414064,34.1746826171875
82238470,2023,2023-11-17,1912,2023-10-10,741,11832,NA,2,5,6,1912,0,0,0,NA,0,NA,HOLLYWOOD WAY,JEFFRIES AVENUE,120,S,N,B,-,N,NA,NA,NA,NA,NA,NA,NA,NA,NA,N,3,0,2,2,A,-,08,22107,NA,N,D,C,A,A,H,-,A,D,0,NA,NA,NA,NA,Y,NA,A,07,0,1,1,0,0,0,0,0,0,-,-,NA,NA,LOS ANGELES,BURBANK,-118.3492431640625,34.18075180053711
82238471,2023,2023-11-17,1912,2023-10-16,824,9393,NA,1,5,6,1912,0,0,0,NA,0,NA,BUENA VISTA STREET,VICTORY BOULEVARD,150,N,N,A,-,N,NA,NA,NA,NA,NA,NA,NA,NA,NA,N,4,0,2,2,A,-,21,22106,NA,N,C,C,A,A,H,-,A,A,0,NA,NA,NA,NA,Y,NA,A,01,0,0,2,0,0,0,0,0,0,-,-,34.184539794921875,-118.33831787109376,LOS ANGELES,BURBANK,-118.33834075927734,34.18501281738281
82238473,2023,2023-11-17,1912,2023-10-17,830,11832,NA,2,5,6,1912,0,0,0,NA,0,NA,VERDUGO AVENUE,NAOMI STREET,75,E,N,A,-,N,NA,NA,NA,NA,NA,NA,NA,NA,NA,Y,4,0,1,3,A,-,03,22350,NA,N,C,C,A,A,H,-,A,D,0,NA,NA,NA,NA,Y,NA,A,01,0,0,1,0,0,0,0,0,0,-,-,NA,NA,LOS ANGELES,BURBANK,-118.33333587646484,34.164451599121094
82238507,2023,2023-11-17,1922,2023-10-24,1518,659,NA,2,5,6,1922,0,0,0,NA,0,001,LOWER AZUSA RD,EL MONTE AVE,0,NA,Y,A,-,N,NA,NA,NA,NA,NA,NA,NA,NA,NA,Y,3,0,5,2,A,-,09,21801,A,N,D,C,A,A,H,-,A,A,0,NA,NA,NA,NA,Y,NA,A,01,0,2,3,0,0,0,0,0,0,-,-,34.092681884765625,-118.03536224365234,LOS ANGELES,EL MONTE,-118.0353775024414,34.09266662597656
82238509,2023,2023-11-17,1922,2023-10-24,1844,707,1922,2,5,6,1922,0,0,0,NA,0,001,TYLER AVE,AMADOR ST,348,S,N,A,-,N,NA,NA,NA,NA,NA,NA,NA,NA,NA,N,4,0,1,3,A,-,17,22517,NA,N,B,G,A,A,H,-,A,D,0,NA,Y,NA,NA,Y,NA,A,01,0,0,1,0,0,0,1,0,0,-,-,34.07052993774414,-118.03597259521484,LOS ANGELES,EL MONTE,-118.03600311279295,34.069496154785156
82238510,2023,2023-11-20,1922,2023-10-31,847,620,NA,2,5,6,1922,0,0,0,NA,0,003,GARVEY AVE,MERCED AVE (N),12,E,N,A,-,N,NA,NA,NA,NA,NA,NA,NA,NA,NA,N,3,0,1,2,A,-,10,21950,A,N,G,B,B,A,H,-,A,A,0,Y,NA,NA,NA,Y,NA,A,01,0,1,0,0,1,0,0,0,0,-,-,34.06267166137695,-118.05140686035156,LOS ANGELES,EL MONTE,-118.05133056640624,34.062740325927734
82238523,2023,2023-11-17,1909,2023-10-03,1847,574,1909,2,5,4,1909,0,0,0,NA,0,SOUTH,FLORENCE AV,PERRY RD,0,NA,Y,A,-,N,NA,NA,NA,NA,NA,NA,NA,NA,NA,N,4,0,1,2,-,-,-,NA,NA,F,G,G,A,A,H,-,B,A,0,NA,Y,NA,NA,Y,NA,-,-,0,0,1,0,0,0,1,0,0,-,-,33.96434020996094,-118.15004730224608,LOS ANGELES,BELL GARDENS,-118.15011596679688,33.96430969238281
82238527,2023,2023-11-17,1909,2023-10-15,1423,608,1909,7,5,4,1909,0,0,0,NA,0,NORTH,SPECHT AV,LUBEC ST,171,N,N,A,-,N,NA,NA,NA,NA,NA,NA,NA,NA,NA,Y,3,0,1,3,A,-,08,22107,NA,N,C,E,A,A,H,-,A,D,0,NA,NA,NA,NA,Y,Y,A,07,0,1,0,0,0,0,0,0,0,-,-,33.97175979614258,-118.16564178466795,LOS ANGELES,BELL GARDENS,-118.16561889648438,33.97218704223633
82238586,2023,2023-11-17,1925,2023-11-03,1347,21995,211,5,5,6,1925,0,0,0,NA,0,001,VICTORY BOULEVARD,JUSTIN AVE,0,NA,Y,A,-,N,NA,NA,NA,NA,NA,NA,NA,NA,NA,Y,4,0,1,2,A,-,09,21802,A,M,D,C,A,A,H,-,A,D,0,NA,NA,NA,NA,Y,NA,A,01,0,0,1,0,0,0,0,0,0,-,-,NA,NA,LOS ANGELES,GLENDALE,-118.29839324951172,34.15984344482422
82238658,2023,2023-11-17,1933,2023-10-07,1534,812,18,6,5,6,1933,0,0,0,NA,0,002,PRAIRIE AV,KELSO ST,0,NA,Y,A,-,N,NA,NA,NA,NA,NA,NA,NA,NA,NA,N,1,1,2,2,A,-,12,21453,A,N,D,C,A,A,H,-,A,A,0,NA,NA,NA,NA,Y,NA,I,11,2,0,0,0,0,0,0,0,0,-,-,33.956790924072266,-118.34388732910156,LOS ANGELES,INGLEWOOD,-118.3439483642578,33.956729888916016
82238660,2023,2023-11-17,1933,2023-11-13,1733,1092,10,1,5,6,1933,0,0,0,NA,0,001,PRAIRIE AV,CARONDELET WY,0,NA,Y,A,-,N,NA,NA,NA,NA,NA,NA,NA,NA,NA,Y,3,0,2,2,A,-,12,21453,A,N,D,C,A,A,H,-,C,A,0,NA,NA,NA,NA,Y,NA,A,07,0,1,1,0,0,0,0,0,0,-,-,33.96598815917969,-118.34396362304688,LOS ANGELES,INGLEWOOD,NA,NA
82238665,2023,2023-11-17,1933,2023-11-15,813,1084,13,3,5,6,1933,0,0,0,NA,0,003,MANCHESTER BLVD,CRENSHAW BLVD,75,E,N,A,-,N,NA,NA,NA,NA,NA,NA,NA,NA,NA,Y,3,0,1,2,A,-,08,22107,NA,N,B,C,A,A,H,-,A,A,0,NA,NA,NA,NA,Y,NA,A,01,0,1,0,0,0,0,0,0,0,-,-,33.95998001098633,-118.32653045654295,LOS ANGELES,INGLEWOOD,-118.32625579833984,33.95991516113281
82238668,2023,2023-11-17,1933,2023-11-15,1824,1083,04,3,5,6,1933,0,0,0,NA,0,001,LA CIENEGA BLVD,CORY DR,5,S,N,C,-,N,NA,NA,NA,NA,NA,NA,NA,NA,NA,N,4,0,1,1,A,-,03,22350,NA,N,E,I,A,B,H,-,C,D,0,NA,NA,Y,NA,Y,NA,C,02,0,0,1,0,0,0,0,0,1,-,-,33.970218658447266,-118.37001800537108,LOS ANGELES,INGLEWOOD,-118.37008666992188,33.97008514404297
82239633,2023,2023-11-20,1912,2023-10-08,1323,14446,NA,7,5,6,1912,0,0,0,NA,0,NA,VICTORY BOULEVARD,BUENA VISTA STREET,0,NA,Y,A,-,N,NA,NA,NA,NA,NA,NA,NA,NA,NA,Y,2,0,2,2,A,-,09,21801,A,N,A,C,A,A,H,-,A,A,0,NA,NA,NA,NA,Y,NA,A,01,1,1,0,0,0,0,0,0,0,-,-,34.184539794921875,-118.33831787109376,LOS ANGELES,BURBANK,-118.33834838867188,34.184600830078125
82239634,2023,2023-11-20,1975,2023-10-03,458,442,WCPD,2,5,6,1975,0,0,0,NA,0,005,AMAR RD,TEMPLE AV,600,E,N,A,-,N,NA,NA,NA,NA,NA,NA,NA,NA,NA,Y,4,0,1,2,A,-,08,22107,NA,N,D,C,A,A,H,-,C,D,0,NA,NA,NA,NA,Y,NA,A,01,0,0,1,0,0,0,0,0,0,-,-,34.029319763183594,-117.91001129150392,LOS ANGELES,WEST COVINA,-117.90836334228516,34.02839279174805
82239686,2023,2023-11-20,1909,2023-10-18,532,632,1909,3,5,4,1909,0,0,0,NA,0,NORTH,LOVELAND ST,GARFIELD AV,0,NA,Y,A,-,N,NA,NA,NA,NA,NA,NA,NA,NA,NA,N,4,0,1,2,A,-,09,21800,A,N,G,G,A,A,H,-,C,A,0,NA,Y,NA,NA,Y,NA,A,01,0,0,1,0,0,0,1,0,0,-,-,NA,NA,LOS ANGELES,BELL GARDENS,-118.14908599853516,33.9701042175293
82239688,2023,2023-11-20,1922,2023-10-29,658,690,NA,7,5,6,1922,0,0,0,NA,0,001,PECK RD,RAMONA BLVD,0,NA,Y,B,-,N,NA,NA,NA,NA,NA,NA,NA,NA,NA,N,4,0,1,2,A,-,09,21800,D,N,D,C,A,A,H,-,B,B,0,NA,NA,NA,NA,Y,NA,A,01,0,0,1,0,0,0,0,0,0,-,-,34.07413101196289,-118.02287292480467,LOS ANGELES,EL MONTE,-118.02289581298828,34.07408905029297
82239691,2023,2023-11-20,1909,2023-10-18,819,588,1909,3,5,4,1909,0,0,0,NA,0,SOUTH,FLORENCE AV,THE ECL AJAX AV,235,E,N,A,-,N,NA,NA,NA,NA,NA,NA,NA,NA,NA,N,4,0,1,2,A,-,03,22350,NA,N,D,G,A,A,H,-,A,D,0,NA,Y,NA,NA,Y,NA,L,04,0,0,1,0,0,0,1,0,0,-,-,33.96751022338867,-118.16248321533205,LOS ANGELES,BELL GARDENS,-118.1625747680664,33.96756362915039
82239693,2023,2023-11-20,1922,2023-11-02,1000,620,NA,4,5,6,1922,0,0,0,NA,0,001,VALLEY BLVD,ESTO AVE,0,NA,Y,A,-,N,NA,NA,NA,NA,NA,NA,NA,NA,NA,Y,4,0,1,2,A,-,09,21802,A,N,D,C,A,A,H,-,A,A,0,NA,NA,NA,NA,Y,NA,D,22,0,0,1,0,0,0,0,0,0,-,-,34.076419830322266,-118.04534149169922,LOS ANGELES,EL MONTE,-118.04522705078124,34.076438903808594
82239696,2023,2023-11-20,1922,2023-11-02,1149,620,NA,4,5,6,1922,0,0,0,NA,0,001,RAMONA BLVD,TYLER AVE,12,W,N,A,-,N,NA,NA,NA,NA,NA,NA,NA,NA,NA,N,3,0,1,2,A,-,10,21950,A,F,G,B,B,A,H,-,A,A,0,Y,NA,NA,NA,Y,NA,D,22,0,1,0,0,1,0,0,0,0,-,-,34.072059631347656,-118.03595733642578,LOS ANGELES,EL MONTE,-118.03604888916016,34.07204818725586
82239697,2023,2023-11-20,1909,2023-10-19,1945,579,1909,4,5,4,1909,0,0,0,NA,0,00N,FLORENCE AV,EMIL AV,38,W,N,A,-,N,NA,NA,NA,NA,NA,NA,NA,NA,NA,Y,4,0,1,2,A,-,09,21801,A,N,D,C,A,A,H,-,C,A,0,NA,NA,NA,NA,Y,NA,D,22,0,0,1,0,0,0,0,0,0,-,-,33.96281814575195,-118.14768981933594,LOS ANGELES,BELL GARDENS,-118.1478271484375,33.96284484863281
82239704,2023,2023-11-20,1909,2023-10-23,703,632,1909,1,5,4,1909,0,0,0,NA,0,NA,GAGE AV,CHALET DR (W),165,W,N,A,-,N,NA,NA,NA,NA,NA,NA,NA,NA,NA,Y,4,0,3,2,A,-,09,21804,A,N,D,D,A,A,H,-,A,D,0,NA,NA,NA,NA,Y,NA,D,22,0,0,3,0,0,0,0,0,0,-,-,33.97270965576172,-118.13703918457033,LOS ANGELES,BELL GARDENS,-118.13758850097656,33.972740173339844
82239706,2023,2023-11-20,1909,2023-10-24,1253,588,1909,2,5,4,1909,0,0,0,NA,0,SOUTH,CLARA ST,EASTERN AV,0,NA,Y,A,-,N,NA,NA,NA,NA,NA,NA,NA,NA,NA,Y,4,0,1,2,A,-,12,21453,A,N,D,C,A,A,H,-,A,A,0,NA,NA,NA,NA,Y,NA,A,01,0,0,1,0,0,0,0,0,0,-,-,33.96318054199219,-118.16538238525392,LOS ANGELES,BELL GARDENS,-118.16545104980467,33.96318435668945
82239740,2023,2023-11-20,1972,2023-10-30,1322,22097,NA,1,5,6,1972,0,0,0,NA,0,NA,CRENSHAW BLVD,232ND ST,0,NA,Y,A,-,N,NA,NA,NA,NA,NA,NA,NA,NA,NA,N,4,0,1,2,A,-,11,21950,B,N,G,B,B,A,A,-,A,A,0,Y,NA,NA,NA,Y,NA,N,60,0,0,1,0,1,0,0,0,0,-,-,NA,NA,LOS ANGELES,TORRANCE,-118.32805633544922,33.814918518066406
82239742,2023,2023-11-20,1972,2023-11-01,1441,18263,NA,3,5,6,1972,0,0,0,NA,0,NA,190TH ST,CRENSHAW BLVD,40,W,N,A,-,N,NA,NA,NA,NA,NA,NA,NA,NA,NA,Y,4,0,1,2,A,-,08,22107,NA,N,C,C,A,A,H,-,A,D,0,NA,NA,NA,Y,Y,NA,A,07,0,0,1,0,0,0,0,0,0,-,-,33.85818099975586,-118.32804107666016,LOS ANGELES,TORRANCE,-118.328125,33.85831069946289
82239744,2023,2023-11-20,1925,2023-10-30,1843,28418,269,1,5,6,1925,0,0,0,NA,0,002,BRAND BOULEVARD,COLORADO STREET,0,NA,Y,A,-,N,NA,NA,NA,NA,NA,NA,NA,NA,NA,Y,2,0,2,3,A,-,09,21801,A,N,A,C,B,A,H,-,C,A,0,Y,NA,Y,NA,Y,NA,A,01,2,0,0,0,1,0,0,0,1,-,-,34.1425895690918,-118.25498199462892,LOS ANGELES,GLENDALE,-118.2549285888672,34.14257049560547
82239746,2023,2023-11-20,1925,2023-11-06,1456,28595,212,1,5,6,1925,0,0,0,NA,0,001,GLENOAKS BOULEVARD,PELANCONI AVENUE,0,NA,Y,A,-,N,NA,NA,NA,NA,NA,NA,NA,NA,NA,N,3,0,3,2,A,-,03,22350,NA,N,E,I,F,A,H,-,A,A,0,Y,NA,NA,NA,Y,NA,A,01,0,2,1,0,1,0,0,0,0,-,-,34.161659240722656,-118.27664184570313,LOS ANGELES,GLENDALE,-118.27675628662108,34.161685943603516