CASE_ID,ACCIDENT_YEAR,PROC_DATE,JURIS,COLLISION_DATE,COLLISION_TIME,OFFICER_ID,REPORTING_DISTRICT,DAY_OF_WEEK,CHP_SHIFT,POPULATION,CNTY_CITY_LOC,SPECIAL_COND,BEAT_TYPE,CHP_BEAT_TYPE,CITY_DIVISION_LAPD,CHP_BEAT_CLASS,BEAT_NUMBER,PRIMARY_RD,SECONDARY_RD,DISTANCE,DIRECTION,INTERSECTION,WEATHER_1,WEATHER_2,STATE_HWY_IND,CALTRANS_COUNTY,CALTRANS_DISTRICT,STATE_ROUTE,ROUTE_SUFFIX,POSTMILE_PREFIX,POSTMILE,LOCATION_TYPE,RAMP_INTERSECTION,SIDE_OF_HWY,TOW_AWAY,COLLISION_SEVERITY,NUMBER_KILLED,NUMBER_INJURED,PARTY_COUNT,PRIMARY_COLL_FACTOR,PCF_CODE_OF_VIOL,PCF_VIOL_CATEGORY,PCF_VIOLATION,PCF_VIOL_SUBSECTION,HIT_AND_RUN,TYPE_OF_COLLISION,MVIW,PED_ACTION,ROAD_SURFACE,ROAD_COND_1,ROAD_COND_2,LIGHTING,CONTROL_DEVICE,CHP_ROAD_TYPE,PEDESTRIAN_ACCIDENT,BICYCLE_ACCIDENT,MOTORCYCLE_ACCIDENT,TRUCK_ACCIDENT,NOT_PRIVATE_PROPERTY,ALCOHOL_INVOLVED,STWD_VEHTYPE_AT_FAULT,CHP_VEHTYPE_AT_FAULT,COUNT_SEVERE_INJ,COUNT_VISIBLE_INJ,COUNT_COMPLAINT_PAIN,COUNT_PED_KILLED,COUNT_PED_INJURED,COUNT_BICYCLIST_KILLED,COUNT_BICYCLIST_INJURED,COUNT_MC_KILLED,COUNT_MC_INJURED,PRIMARY_RAMP,SECONDARY_RAMP,LATITUDE,LONGITUDE,COUNTY,CITY,POINT_X,POINT_Y
82317552,2024,2024-02-20,1967,2024-02-04,858,1595,NA,7,5,2,1967,0,0,0,NA,0,SOUTH,WILLOW,WALNUT AV,0,NA,Y,C,-,N,NA,NA,NA,NA,NA,NA,NA,NA,NA,Y,4,0,2,2,D,-,00,NA,NA,N,D,C,A,B,H,-,A,A,0,NA,NA,NA,NA,Y,NA,-,-,0,0,2,0,0,0,0,0,0,-,-,NA,NA,LOS ANGELES,SIGNAL HILL,-118.17198181152344,33.804298400878906
82317553,2024,2024-02-20,1967,2024-02-05,1544,142,NA,1,5,2,1967,0,0,0,NA,0,NORTH,SPRING,ORANGE AV,0,NA,Y,C,-,N,NA,NA,NA,NA,NA,NA,NA,NA,NA,N,4,0,1,2,A,-,12,21453,A,N,D,C,A,B,H,-,A,A,0,NA,NA,NA,NA,Y,NA,A,01,0,0,1,0,0,0,0,0,0,-,-,NA,NA,LOS ANGELES,SIGNAL HILL,-118.17630767822266,33.811676025390625
82317554,2024,2024-02-20,1967,2024-02-05,2345,180,NA,1,5,2,1967,0,0,0,NA,0,SOUTH,REDONDO AV,SR-1 (PACIFIC COAST HWY),25,N,N,C,-,Y,NA,NA,NA,NA,NA,NA,NA,NA,NA,N,4,0,1,2,D,-,00,NA,NA,F,C,C,A,B,H,-,C,A,0,NA,NA,NA,NA,Y,NA,-,-,0,0,1,0,0,0,0,0,0,-,-,NA,NA,LOS ANGELES,SIGNAL HILL,-118.15182495117188,33.7899284362793
82317560,2024,2024-02-20,1922,2024-02-03,5,719,NA,6,5,6,1922,0,0,0,NA,0,NA,DURFEE AVE,STODDARD WAY,37,S,N,A,-,N,NA,NA,NA,NA,NA,NA,NA,NA,NA,Y,4,0,1,1,A,-,01,23152,A,N,E,I,A,A,H,-,C,A,0,NA,NA,NA,Y,Y,Y,F,26,0,0,1,0,0,0,0,0,0,-,-,34.06256103515625,-118.01207733154295,LOS ANGELES,EL MONTE,-118.01203918457033,34.06242370605469
82317603,2024,2024-02-20,1972,2024-02-08,1223,18263,NA,4,5,6,1972,0,0,0,NA,0,NA,CRENSHAW BLVD,TORRANCE BLVD,180,S,N,B,-,N,NA,NA,NA,NA,NA,NA,NA,NA,NA,N,4,0,2,3,A,-,21,22106,NA,N,C,C,A,A,H,-,A,D,0,NA,NA,NA,NA,Y,NA,D,22,0,0,2,0,0,0,0,0,0,-,-,33.83620071411133,-118.32875823974608,LOS ANGELES,TORRANCE,-118.32868957519533,33.835845947265625
82317604,2024,2024-02-20,1972,2024-02-08,1255,22097,NA,4,5,6,1972,0,0,0,NA,0,NA,HAWTHORNE BLVD,DEL AMO BLVD,20,N,N,A,-,Y,LA,NA,107,NA,NA,3.009,H,NA,R,N,4,0,1,1,D,-,00,NA,NA,N,E,J,A,A,H,-,A,A,0,NA,NA,NA,NA,Y,NA,-,-,0,0,1,0,0,0,0,0,0,-,-,33.84857940673828,-118.35366058349608,LOS ANGELES,TORRANCE,-118.35362243652344,33.84857940673828
82317605,2024,2024-02-20,1925,2024-01-31,2001,22783,286,3,5,6,1925,0,0,0,NA,0,003,BRAND BOULEVARD,CERRITOS AVENUE,0,NA,Y,B,-,N,NA,NA,NA,NA,NA,NA,NA,NA,NA,N,4,0,1,2,A,-,05,21650,1,M,D,G,A,A,H,-,C,A,0,NA,Y,NA,NA,Y,Y,L,04,0,0,1,0,0,0,1,0,0,-,-,34.12554931640625,-118.2548828125,LOS ANGELES,GLENDALE,-118.25482940673828,34.12554168701172
82317606,2024,2024-03-08,1925,2024-02-02,1600,28644,216,5,5,6,1925,0,0,0,NA,0,002,MILFORD STREET,KENILWORTH AVENUE,288,W,N,B,-,N,NA,NA,NA,NA,NA,NA,NA,NA,NA,N,3,0,2,3,A,-,09,21804,A,N,D,E,A,A,H,-,A,D,0,NA,NA,NA,NA,Y,NA,A,01,0,1,1,0,0,0,0,0,0,-,-,34.15238952636719,-118.26670837402344,LOS ANGELES,GLENDALE,-118.26767730712892,34.152374267578125
82317608,2024,2024-02-20,1925,2024-02-08,759,29788,251,4,5,6,1925,0,0,0,NA,0,003,COLORADO STREET,EVERETT STREET,0,NA,Y,A,-,N,NA,NA,NA,NA,NA,NA,NA,NA,NA,N,4,0,3,2,A,-,12,21453,A,N,D,C,A,A,H,-,A,A,0,NA,NA,NA,NA,Y,NA,A,01,0,0,3,0,0,0,0,0,0,-,-,34.14265823364258,-118.24559020996094,LOS ANGELES,GLENDALE,-118.2455596923828,34.142669677734375
82317609,2024,2024-02-20,1925,2024-02-08,1247,27016,128,4,5,6,1925,0,0,0,NA,0,005,LA CRESCENTA AVENUE,ROSELAWN AVENUE,60,S,N,B,-,N,NA,NA,NA,NA,NA,NA,NA,NA,NA,N,4,0,1,2,A,-,03,22350,NA,N,C,C,A,A,H,-,A,A,0,NA,NA,NA,NA,Y,NA,D,22,0,0,1,0,0,0,0,0,0,-,-,NA,NA,LOS ANGELES,GLENDALE,-118.2354736328125,34.202274322509766
82317611,2024,2024-02-20,1925,2024-02-08,1827,29788,253,4,5,6,1925,0,0,0,NA,0,003,LOMITA AVENUE,LOUISE STREET,303,E,N,A,-,N,NA,NA,NA,NA,NA,NA,NA,NA,NA,N,4,0,1,2,D,-,00,NA,NA,N,B,E,A,A,H,-,A,D,0,NA,NA,NA,NA,Y,NA,-,-,0,0,1,0,0,0,0,0,0,-,-,NA,NA,LOS ANGELES,GLENDALE,-118.25160217285156,34.1409797668457
82317612,2024,2024-02-20,1925,2024-02-09,1020,28644,231,5,5,6,1925,0,0,0,NA,0,004,LEXINGTON DRIVE,JACKSON STREET,0,NA,Y,A,-,N,NA,NA,NA,NA,NA,NA,NA,NA,NA,N,3,0,1,2,A,-,12,21453,A,N,D,C,A,A,H,-,A,A,0,NA,NA,NA,NA,Y,NA,A,07,0,1,0,0,0,0,0,0,0,-,-,34.151668548583984,-118.25012969970705,LOS ANGELES,GLENDALE,-118.25012969970705,34.15178680419922
82317613,2024,2024-02-20,1925,2024-02-09,1249,29788,194,5,5,6,1925,0,0,0,NA,0,001,SAN FERNANDO ROAD,ALAMEDA AVENUE,92,S,N,A,-,N,NA,NA,NA,NA,NA,NA,NA,NA,NA,N,4,0,1,2,A,-,08,22107,NA,M,B,C,A,A,H,-,A,A,0,NA,NA,NA,NA,Y,NA,-,99,0,0,1,0,0,0,0,0,0,-,-,34.17441177368164,-118.29981994628906,LOS ANGELES,GLENDALE,-118.29965209960938,34.17425537109375
82318828,2024,2024-02-21,1973,2024-01-18,754,668,NA,4,5,1,1973,0,0,0,NA,0,003,S ATLANTIC BLVD,I710 S/B OFF-RAMP,32,E,N,A,-,N,NA,NA,NA,NA,NA,NA,NA,NA,NA,N,4,0,2,3,A,-,08,22107,NA,N,B,C,A,A,H,-,A,D,0,NA,NA,NA,NA,Y,NA,A,01,0,0,2,0,0,0,0,0,0,-,-,33.99851989746094,-118.1752471923828,LOS ANGELES,VERNON,-118.1767349243164,33.99762725830078
82318836,2024,2024-02-21,1922,2024-02-02,933,711,NA,5,5,6,1922,0,0,0,NA,0,003,GARVEY AVE,MERCED AVE (S),0,NA,Y,B,-,N,NA,NA,NA,NA,NA,NA,NA,NA,NA,N,4,0,1,2,A,-,05,21650,1,N,D,G,A,A,H,-,A,A,0,NA,Y,NA,NA,Y,NA,L,04,0,0,1,0,0,0,1,0,0,-,-,34.06256103515625,-118.05140686035156,LOS ANGELES,EL MONTE,-118.05136871337892,34.062740325927734
82318837,2024,2024-02-21,1922,2024-02-02,2225,687,NA,5,5,6,1922,0,0,0,NA,0,003,KLINGERMAN ST,HABER AVE,200,E,N,A,-,N,NA,NA,NA,NA,NA,NA,NA,NA,NA,Y,4,0,1,2,A,-,01,23152,A,M,E,I,A,A,H,-,C,D,0,NA,NA,NA,NA,Y,Y,A,01,0,0,1,0,0,0,0,0,0,-,-,34.05601119995117,-118.03282165527344,LOS ANGELES,EL MONTE,-118.03215789794922,34.056007385253906
82318852,2024,2024-02-21,1947,2024-02-13,1031,1457,NA,2,5,5,1947,0,0,0,NA,0,00A,VIA CAMPO,FINDLAY AVE,0,NA,Y,-,-,N,NA,NA,NA,NA,NA,NA,NA,NA,NA,Y,4,0,2,2,A,-,08,22107,NA,N,D,C,A,B,H,-,A,A,0,NA,NA,NA,NA,Y,NA,A,01,0,0,2,0,0,0,0,0,0,-,-,34.03268051147461,-118.13796997070313,LOS ANGELES,MONTEBELLO,-118.1379623413086,34.03266143798828
82318853,2024,2024-02-21,1947,2024-02-14,655,1453,NA,3,5,5,1947,0,0,0,NA,0,00D,MONTEBELLO BLVD,OLYMPIC BLVD,0,NA,Y,A,-,N,NA,NA,NA,NA,NA,NA,NA,NA,NA,Y,4,0,2,2,A,-,09,21801,A,N,A,C,A,A,H,-,A,A,0,NA,NA,Y,NA,Y,NA,A,01,0,0,2,0,0,0,0,0,2,-,-,34.006351470947266,-118.10922241210938,LOS ANGELES,MONTEBELLO,-118.10920715332033,34.00640869140625
82318977,2024,2024-02-21,1933,2024-01-23,1835,1003,NA,2,5,6,1933,0,0,0,NA,0,002,HILLCREST BLVD,MANCHESTER BLVD,250,S,N,A,-,N,NA,NA,NA,NA,NA,NA,NA,NA,NA,Y,3,0,1,1,A,-,08,22107,NA,N,E,I,A,A,H,-,C,D,0,NA,NA,NA,NA,Y,NA,A,01,0,1,0,0,0,0,0,0,0,-,-,33.961761474609375,-118.34873199462892,LOS ANGELES,INGLEWOOD,-118.34926605224608,33.961185455322266
82318982,2024,2024-02-21,1933,2024-02-02,1954,1074,NA,5,5,6,1933,0,0,0,NA,0,001,MANCHESTER BLVD,MARKET ST,0,NA,Y,A,-,N,NA,NA,NA,NA,NA,NA,NA,NA,NA,N,2,0,1,2,A,-,11,21954,A,N,G,B,D,A,H,-,C,A,0,Y,NA,NA,NA,Y,Y,N,60,1,0,0,0,1,0,0,0,0,-,-,33.96181869506836,-118.35188293457033,LOS ANGELES,INGLEWOOD,-118.35195922851564,33.9617805480957
82319807,2024,2024-02-22,1912,2024-01-13,2324,14849,NA,6,5,6,1912,0,0,0,NA,0,NA,VERDUGO AVENUE,FLOWER STREET,0,NA,Y,A,-,N,NA,NA,NA,NA,NA,NA,NA,NA,NA,N,4,0,1,2,A,-,12,22450,A,N,D,C,A,A,H,-,C,A,0,NA,NA,NA,NA,Y,NA,A,01,0,0,1,0,0,0,0,0,0,-,-,34.17544937133789,-118.3091278076172,LOS ANGELES,BURBANK,-118.30915069580078,34.17544937133789
82319808,2024,2024-04-29,1912,2024-01-19,1814,14849,NA,5,5,6,1912,0,0,0,NA,0,NA,KENNETH ROAD,HARVARD ROAD,0,NA,Y,A,-,N,NA,NA,NA,NA,NA,NA,NA,NA,NA,N,4,0,1,2,A,-,12,22450,A,N,D,C,A,A,H,-,C,A,0,NA,NA,NA,NA,Y,NA,A,01,0,0,1,0,0,0,0,0,0,-,-,34.1921501159668,-118.30726623535156,LOS ANGELES,BURBANK,-118.30721282958984,34.19209671020508
82319870,2023,2024-02-22,1965,2023-12-31,1420,3158,NA,7,5,5,1965,0,0,0,NA,0,B002,OCEAN PARK BLVD,20TH ST,100,E,N,B,-,N,NA,NA,NA,NA,NA,NA,NA,NA,NA,N,4,0,1,2,A,-,03,22350,NA,F,C,C,A,A,H,-,A,D,0,NA,NA,NA,NA,Y,NA,A,07,0,0,1,0,0,0,0,0,0,-,-,NA,NA,LOS ANGELES,SANTA MONICA,-118.4643783569336,34.0139045715332
82319871,2023,2024-02-22,1965,2023-12-31,1600,3158,NA,7,5,5,1965,0,0,0,NA,0,B001,2050 OCEAN AVE,NOT STATED,0,NA,-,B,-,N,NA,NA,NA,NA,NA,NA,NA,NA,NA,N,3,0,1,2,A,-,21,22106,NA,F,G,B,F,A,H,-,A,D,0,Y,NA,NA,NA,Y,NA,A,07,0,1,0,0,1,0,0,0,0,-,-,NA,NA,LOS ANGELES,SANTA MONICA,NA,NA
82319872,2024,2024-02-23,1965,2024-01-09,1844,3158,NA,2,5,5,1965,0,0,0,NA,0,B003,OLYMPIC BLVD,18TH ST,110,E,N,A,-,N,NA,NA,NA,NA,NA,NA,NA,NA,NA,N,2,0,1,3,A,-,11,21954,A,F,G,B,E,A,H,-,C,D,0,Y,NA,NA,NA,Y,NA,N,60,1,0,0,0,1,0,0,0,0,-,-,NA,NA,LOS ANGELES,SANTA MONICA,-118.4766082763672,34.023040771484375
82319873,2024,2024-02-22,1965,2024-01-15,832,4083,NA,1,5,5,1965,0,0,0,NA,0,B001,OCEAN PARK BLVD,NEILSON WAY,0,NA,Y,A,-,N,NA,NA,NA,NA,NA,NA,NA,NA,NA,Y,3,0,2,2,A,-,03,22350,NA,N,D,C,A,A,H,-,A,A,0,NA,NA,NA,NA,Y,NA,A,01,0,1,1,0,0,0,0,0,0,-,-,NA,NA,LOS ANGELES,SANTA MONICA,-118.48446655273438,34.00189971923828
82319874,2024,2024-02-23,1965,2024-01-18,1757,4164,NA,4,5,5,1965,0,0,0,NA,0,B002,32ND ST,PEARL ST,267,S,N,A,-,N,NA,NA,NA,NA,NA,NA,NA,NA,NA,N,3,0,1,2,A,-,03,22350,NA,N,H,E,A,A,H,-,C,D,0,NA,NA,NA,NA,Y,NA,A,01,0,1,0,0,0,0,0,0,0,-,-,NA,NA,LOS ANGELES,SANTA MONICA,-118.45375061035156,34.023197174072266
82319875,2024,2024-02-22,1925,2024-02-10,1936,29326,NA,6,5,6,1925,0,0,0,NA,0,003,CHEVY CHASE DRIVE,ORANGE GROVE AVENUE,0,NA,Y,A,-,N,NA,NA,NA,NA,NA,NA,NA,NA,NA,Y,4,0,1,2,A,-,09,21802,A,N,D,C,A,A,H,-,C,A,0,NA,NA,NA,NA,Y,NA,D,22,0,0,1,0,0,0,0,0,0,-,-,NA,NA,LOS ANGELES,GLENDALE,-118.23961639404295,34.143516540527344
82319934,2024,2024-02-22,1933,2024-02-11,1358,1037,NA,7,5,6,1933,0,0,0,NA,0,003,CENTURY BLVD,YUKON AV,0,NA,Y,A,-,N,NA,NA,NA,NA,NA,NA,NA,NA,NA,N,2,0,1,2,A,-,03,22350,NA,F,D,G,A,A,H,-,A,A,0,NA,Y,NA,NA,Y,NA,A,01,1,0,0,0,0,0,1,0,0,-,-,33.94551086425781,-118.33515167236328,LOS ANGELES,INGLEWOOD,-118.33516693115234,33.94546127319336
82319936,2024,2024-02-22,1933,2024-02-13,955,913,NA,2,5,6,1933,0,0,0,NA,0,001,MANCHESTER BLVD,FLORENCE AV,50,E,N,A,-,N,NA,NA,NA,NA,NA,NA,NA,NA,NA,N,4,0,1,2,A,-,11,21954,A,N,G,B,D,A,H,-,A,A,0,Y,NA,NA,NA,Y,NA,N,60,0,0,1,0,1,0,0,0,0,-,-,33.96001052856445,-118.3769989013672,LOS ANGELES,INGLEWOOD,-118.37689208984376,33.95989990234375
82319940,2024,2024-02-22,1933,2024-02-15,922,1065,I36,4,5,6,1933,0,0,0,NA,0,004,IMPERIAL HWY,LEMOLI AV,70,W,N,A,-,N,NA,NA,NA,NA,NA,NA,NA,NA,NA,Y,4,0,1,2,A,-,03,22350,NA,N,C,E,A,A,H,-,A,D,0,NA,NA,NA,NA,Y,Y,-,-,0,0,1,0,0,0,0,0,0,-,-,33.93096923828125,-118.33040618896484,LOS ANGELES,INGLEWOOD,-118.33065032958984,33.93096923828125
82319943,2024,2024-02-22,1933,2024-02-15,1000,1096,NA,4,5,6,1933,0,0,0,NA,0,001,CENTINELA AV,ACACIA ST,0,NA,Y,A,-,N,NA,NA,NA,NA,NA,NA,NA,NA,NA,N,4,0,1,2,A,-,09,21801,A,N,D,C,A,A,H,-,A,D,0,NA,NA,NA,NA,Y,NA,A,01,0,0,1,0,0,0,0,0,0,-,-,33.976871490478516,-118.36393737792967,LOS ANGELES,INGLEWOOD,-118.36411285400392,33.97679138183594
82319964,2024,2024-02-22,1933,2024-02-19,1953,1016,NA,1,5,6,1933,0,0,0,NA,0,004,IMPERIAL HWY,SIMMS AV,190,W,N,C,-,N,NA,NA,NA,NA,NA,NA,NA,NA,NA,Y,2,0,3,1,A,-,03,22350,NA,N,E,J,A,B,H,-,C,D,0,NA,NA,NA,NA,Y,NA,A,01,1,0,2,0,0,0,0,0,0,-,-,33.93096923828125,-118.32913970947266,LOS ANGELES,INGLEWOOD,-118.32979583740234,33.93090057373047
82319965,2024,2024-02-22,1933,2024-02-20,2306,1081,NA,2,5,6,1933,0,0,0,NA,0,004,VAN NESS AV,109TH ST,0,NA,Y,C,-,N,NA,NA,NA,NA,NA,NA,NA,NA,NA,Y,2,0,1,2,A,-,03,22350,NA,N,A,E,A,B,H,-,C,D,0,NA,NA,NA,NA,Y,Y,A,01,1,0,0,0,0,0,0,0,0,-,-,NA,NA,LOS ANGELES,INGLEWOOD,-118.31776428222656,33.93732452392578
82319966,2024,2024-02-22,1933,2024-02-20,1538,1071,NA,2,5,6,1933,0,0,0,NA,0,004,CRENSHAW BLVD,CENTURY BLVD,0,NA,Y,C,-,N,NA,NA,NA,NA,NA,NA,NA,NA,NA,N,2,0,1,1,C,-,18,NA,NA,N,E,I,A,B,H,-,A,A,0,NA,NA,NA,NA,Y,NA,-,-,1,0,0,0,0,0,0,0,0,-,-,33.945491790771484,-118.32646942138672,LOS ANGELES,INGLEWOOD,-118.32647705078124,33.945472717285156
82319967,2024,2024-02-22,1933,2024-02-20,2051,1016,NA,2,5,6,1933,0,0,0,NA,0,004,111TH ST,DOTY AV,0,NA,Y,A,-,N,NA,NA,NA,NA,NA,NA,NA,NA,NA,N,4,0,1,2,D,-,00,NA,NA,N,D,C,A,B,H,-,C,D,0,NA,NA,NA,NA,Y,NA,-,-,0,0,1,0,0,0,0,0,0,-,-,33.93482971191406,-118.33941650390624,LOS ANGELES,INGLEWOOD,-118.3394012451172,33.93484115600586
82319968,2024,2024-02-22,1933,2024-02-20,2128,1086,NA,2,5,6,1933,0,0,0,NA,0,002,OLIVE ST,INGLEWOOD AV,0,NA,Y,A,-,N,NA,NA,NA,NA,NA,NA,NA,NA,NA,Y,4,0,1,2,A,-,12,22450,A,N,D,C,A,A,H,-,C,D,0,NA,NA,NA,NA,Y,NA,A,01,0,0,1,0,0,0,0,0,0,-,-,33.96067810058594,-118.36164855957033,LOS ANGELES,INGLEWOOD,-118.36174011230467,33.960601806640625
82319969,2024,2024-02-22,1933,2024-02-20,2202,1016,NA,2,5,6,1933,0,0,0,NA,0,004,PRAIRIE AVE,111TH STREET,0,NA,Y,B,-,N,NA,NA,NA,NA,NA,NA,NA,NA,NA,Y,3,0,2,2,A,-,09,21801,A,N,A,C,A,B,H,-,C,A,0,NA,NA,NA,NA,Y,NA,A,01,0,1,1,0,0,0,0,0,0,-,-,NA,NA,LOS ANGELES,INGLEWOOD,-118.34391021728516,33.93455505371094
82321001,2024,2024-02-23,1975,2024-01-27,2347,473,NA,6,5,6,1975,0,0,0,NA,0,003,SUNSET AV,MERCED AV,0,NA,Y,A,-,N,NA,NA,NA,NA,NA,NA,NA,NA,NA,Y,4,0,1,2,A,-,12,21453,A,F,D,C,A,A,H,-,C,A,0,NA,NA,NA,NA,Y,NA,-,-,0,0,1,0,0,0,0,0,0,-,-,34.061378479003906,-117.94612121582033,LOS ANGELES,WEST COVINA,-117.94612121582033,34.061317443847656
82321098,2024,2024-02-26,1965,2024-01-07,1610,3158,0B4A,7,5,5,1965,0,0,0,NA,0,B004,SAN VICENTE BLVD,19TH ST,10,W,N,A,-,N,NA,NA,NA,NA,NA,NA,NA,NA,NA,Y,2,0,2,3,A,-,10,21950,A,N,G,B,B,A,H,-,A,D,0,Y,NA,NA,NA,Y,NA,A,07,2,0,0,0,2,0,0,0,0,-,-,NA,NA,LOS ANGELES,SANTA MONICA,-118.49933624267578,34.043270111083984
82321107,2024,2024-02-23,1965,2024-01-17,1120,3158,NA,3,5,5,1965,0,0,0,NA,0,B003,23RD ST,ARIZONA AVE,0,NA,Y,A,-,N,NA,NA,NA,NA,NA,NA,NA,NA,NA,N,4,0,1,2,A,-,09,21800,C,N,D,C,A,A,H,-,A,A,0,NA,NA,NA,NA,Y,NA,-,-,0,0,1,0,0,0,0,0,0,-,-,NA,NA,LOS ANGELES,SANTA MONICA,-118.47913360595705,34.03204345703125
82321114,2024,2024-02-23,1972,2024-02-08,1547,22097,NA,4,5,6,1972,0,0,0,NA,0,NA,SONOMA ST,CRENSHAW BLVD,10,E,N,A,-,N,NA,NA,NA,NA,NA,NA,NA,NA,NA,N,4,0,1,2,A,-,09,21804,B,N,D,G,A,A,H,-,A,A,0,NA,Y,NA,NA,Y,NA,L,04,0,0,1,0,0,0,1,0,0,-,-,NA,NA,LOS ANGELES,TORRANCE,-118.32859802246094,33.83285140991211
82321117,2024,2024-02-23,1972,2024-02-12,951,22097,NA,1,5,6,1972,0,0,0,NA,0,NA,SEPULVEDA BLVD,BORDER AVE,0,NA,Y,A,-,N,NA,NA,NA,NA,NA,NA,NA,NA,NA,Y,4,0,2,2,A,-,09,21801,A,N,D,C,A,A,H,-,A,A,0,NA,NA,NA,NA,Y,NA,A,01,0,0,2,0,0,0,0,0,0,-,-,NA,NA,LOS ANGELES,TORRANCE,-118.3148193359375,33.81905746459961
82322087,2024,2024-02-26,1973,2024-02-11,2145,655,1973,7,5,1,1973,0,0,0,NA,0,001,S SANTA FE AVE,PACIFIC BLVD,17,W,N,A,-,N,NA,NA,NA,NA,NA,NA,NA,NA,NA,Y,3,0,4,2,A,-,01,23152,A,N,C,C,A,A,H,-,C,A,0,NA,NA,NA,NA,Y,Y,A,07,0,1,3,0,0,0,0,0,0,-,-,34.00392150878906,-118.23030853271484,LOS ANGELES,VERNON,-118.23023223876952,34.00394821166992
82322088,2024,2024-02-26,1922,2024-02-07,1156,646,NA,3,5,6,1922,0,0,0,NA,0,001,SANTA ANITA AVE,WEST HONDO PKWY,10,S,N,A,-,Y,NA,NA,NA,NA,NA,NA,NA,NA,NA,N,4,0,1,3,A,-,03,22350,NA,N,C,C,A,A,H,-,A,A,0,NA,NA,NA,NA,Y,NA,A,01,0,0,1,0,0,0,0,0,0,-,-,34.096309661865234,-118.02847290039064,LOS ANGELES,EL MONTE,-118.02840423583984,34.09636306762695
82322163,2024,2024-02-26,1925,2024-02-12,1905,28418,169,1,5,6,1925,0,0,0,NA,0,001,PACIFIC AVENUE,PALM DRIVE (N),0,NA,Y,A,-,N,NA,NA,NA,NA,NA,NA,NA,NA,NA,N,3,0,1,2,A,-,10,21950,A,N,G,B,B,A,H,-,C,D,0,Y,NA,NA,NA,Y,NA,A,01,0,1,0,0,1,0,0,0,0,-,-,34.16162872314453,-118.26457977294922,LOS ANGELES,GLENDALE,-118.26464080810548,34.16180419921875
82322164,2024,2024-02-26,1925,2024-02-12,2014,22249,227,1,5,6,1925,0,0,0,NA,0,004,BRAND BOULEVARD,SANCHEZ DRIVE,0,NA,Y,A,-,N,NA,NA,NA,NA,NA,NA,NA,NA,NA,Y,4,0,1,2,A,-,12,21453,A,N,A,C,A,A,H,-,C,A,0,NA,NA,NA,NA,Y,NA,A,07,0,0,1,0,0,0,0,0,0,-,-,NA,NA,LOS ANGELES,GLENDALE,-118.25514221191406,34.15593719482422
82322388,2024,2024-02-26,1975,2024-02-06,1700,374,WCPD,2,5,6,1975,0,0,0,NA,0,005,AZUSA AV,AMAR RD,394,S,N,C,-,Y,NA,NA,NA,NA,NA,NA,NA,NA,NA,N,4,0,1,2,A,-,09,21804,A,N,D,C,A,B,H,-,B,D,0,NA,NA,NA,NA,Y,NA,A,01,0,0,1,0,0,0,0,0,0,-,-,34.03144836425781,-117.91472625732422,LOS ANGELES,WEST COVINA,-117.91537475585938,34.03048324584961
82322390,2024,2024-02-26,1975,2024-02-13,726,353,WCPD,2,5,6,1975,0,0,0,NA,0,001,BADILLO ST,LARK ELLEN AV,0,NA,Y,A,-,N,NA,NA,NA,NA,NA,NA,NA,NA,NA,Y,4,0,3,3,A,-,12,21453,A,N,D,C,A,A,H,-,A,A,0,NA,NA,NA,NA,Y,NA,A,01,0,0,3,0,0,0,0,0,0,-,-,34.08646011352539,-117.91661834716795,LOS ANGELES,WEST COVINA,-117.91660308837892,34.08639144897461
82322397,2024,2024-02-26,1923,2024-02-02,1445,520,301,5,5,3,1923,0,0,0,NA,0,003,PACIFIC COAST HIGHWAY,WALNUT AVE,0,NA,Y,A,-,Y,LA,NA,1,NA,NA,25.817,H,NA,L,Y,4,0,2,2,A,-,12,21453,A,N,D,C,A,A,H,-,A,A,0,NA,NA,NA,NA,Y,NA,A,01,0,0,2,0,0,0,0,0,0,-,-,33.92900085449219,-118.39630126953124,LOS ANGELES,EL SEGUNDO,-118.39638519287108,33.92900085449219
82322622,2024,2024-02-26,1912,2024-01-24,1513,11832,NA,3,5,6,1912,0,0,0,NA,0,NA,CATALINA STREET,MONTEREY AVENUE,0,NA,Y,B,-,N,NA,NA,NA,NA,NA,NA,NA,NA,NA,N,4,0,2,2,A,-,09,21802,A,N,D,C,A,A,H,-,A,A,0,NA,NA,NA,NA,Y,NA,A,01,0,0,2,0,0,0,0,0,0,-,-,NA,NA,LOS ANGELES,BURBANK,-118.34153747558594,34.18639373779297
82322623,2024,2024-02-26,1912,2024-01-25,1217,11822,NA,4,5,6,1912,0,0,0,NA,0,NA,MAGNOLIA BOULEVARD,CLYBOURN AVENUE,0,NA,Y,A,-,N,NA,NA,NA,NA,NA,NA,NA,NA,NA,Y,4,0,2,2,A,-,09,21801,A,N,A,C,A,A,H,-,A,A,0,NA,NA,NA,NA,Y,NA,A,01,0,0,2,0,0,0,0,0,0,-,-,NA,NA,LOS ANGELES,BURBANK,-118.35484313964844,34.16522216796875
82322626,2024,2024-02-26,1967,2024-01-19,1818,176,NA,5,5,2,1967,0,0,0,NA,0,SOUTH,FREEMAN AV,20TH,408,S,N,A,-,N,NA,NA,NA,NA,NA,NA,NA,NA,NA,N,3,0,1,2,A,-,03,22350,NA,N,D,E,A,A,H,-,C,D,0,NA,NA,NA,NA,Y,NA,M,94,0,1,0,0,0,0,0,0,0,-,-,NA,NA,LOS ANGELES,SIGNAL HILL,-118.15568542480467,33.792381286621094