CASE_ID,ACCIDENT_YEAR,PROC_DATE,JURIS,COLLISION_DATE,COLLISION_TIME,OFFICER_ID,REPORTING_DISTRICT,DAY_OF_WEEK,CHP_SHIFT,POPULATION,CNTY_CITY_LOC,SPECIAL_COND,BEAT_TYPE,CHP_BEAT_TYPE,CITY_DIVISION_LAPD,CHP_BEAT_CLASS,BEAT_NUMBER,PRIMARY_RD,SECONDARY_RD,DISTANCE,DIRECTION,INTERSECTION,WEATHER_1,WEATHER_2,STATE_HWY_IND,CALTRANS_COUNTY,CALTRANS_DISTRICT,STATE_ROUTE,ROUTE_SUFFIX,POSTMILE_PREFIX,POSTMILE,LOCATION_TYPE,RAMP_INTERSECTION,SIDE_OF_HWY,TOW_AWAY,COLLISION_SEVERITY,NUMBER_KILLED,NUMBER_INJURED,PARTY_COUNT,PRIMARY_COLL_FACTOR,PCF_CODE_OF_VIOL,PCF_VIOL_CATEGORY,PCF_VIOLATION,PCF_VIOL_SUBSECTION,HIT_AND_RUN,TYPE_OF_COLLISION,MVIW,PED_ACTION,ROAD_SURFACE,ROAD_COND_1,ROAD_COND_2,LIGHTING,CONTROL_DEVICE,CHP_ROAD_TYPE,PEDESTRIAN_ACCIDENT,BICYCLE_ACCIDENT,MOTORCYCLE_ACCIDENT,TRUCK_ACCIDENT,NOT_PRIVATE_PROPERTY,ALCOHOL_INVOLVED,STWD_VEHTYPE_AT_FAULT,CHP_VEHTYPE_AT_FAULT,COUNT_SEVERE_INJ,COUNT_VISIBLE_INJ,COUNT_COMPLAINT_PAIN,COUNT_PED_KILLED,COUNT_PED_INJURED,COUNT_BICYCLIST_KILLED,COUNT_BICYCLIST_INJURED,COUNT_MC_KILLED,COUNT_MC_INJURED,PRIMARY_RAMP,SECONDARY_RAMP,LATITUDE,LONGITUDE,COUNTY,CITY,POINT_X,POINT_Y
82354826,2024,2024-04-03,1955,2024-02-09,1451,40632,NA,5,5,6,1955,0,0,0,NA,0,002,ARROW HWY,VALHALLA ST,0,NA,Y,A,-,N,NA,NA,NA,NA,NA,NA,NA,NA,NA,N,3,0,2,2,A,-,09,21801,A,N,D,C,A,A,H,-,A,A,0,NA,NA,NA,NA,Y,NA,A,07,0,1,1,0,0,0,0,0,0,-,-,34.090450286865234,-117.73062133789064,LOS ANGELES,POMONA,-117.73056793212892,34.09026336669922
82354827,2024,2024-04-03,1955,2024-02-10,1052,43052,58,6,5,6,1955,0,0,0,NA,0,005,MISSION BLVD,PHILLIPS DR,27,N,N,A,-,Y,NA,NA,NA,NA,NA,NA,NA,NA,NA,Y,4,0,1,2,A,-,12,21453,A,N,D,C,A,A,H,-,A,A,0,NA,NA,NA,NA,Y,NA,D,22,0,0,1,0,0,0,0,0,0,-,-,34.050960540771484,-117.79266357421876,LOS ANGELES,POMONA,-117.79256439208984,34.050941467285156
82354832,2024,2024-04-03,1955,2024-02-13,915,42951,NA,2,5,6,1955,0,0,0,NA,0,001,MISSION BLVD,CURRAN PL,856,W,N,A,-,N,NA,NA,NA,NA,NA,NA,NA,NA,NA,Y,4,0,2,2,A,-,09,21804,A,N,B,C,A,A,H,-,A,D,0,NA,NA,NA,NA,Y,NA,A,01,0,0,2,0,0,0,0,0,0,-,-,34.0542106628418,-117.7752685546875,LOS ANGELES,POMONA,-117.77745056152344,34.05364990234375
82354833,2024,2024-04-03,1955,2024-02-13,1658,42952,78,2,5,6,1955,0,0,0,NA,0,005,MISSION BLVD,CURRAN PL,0,NA,Y,A,-,N,NA,NA,NA,NA,NA,NA,NA,NA,NA,Y,3,0,2,2,A,-,09,21453,C,N,A,C,A,A,H,-,B,A,0,NA,NA,NA,NA,Y,NA,A,01,0,1,1,0,0,0,0,0,0,-,-,34.0542106628418,-117.7752685546875,LOS ANGELES,POMONA,-117.77524566650392,34.0539665222168
82354835,2024,2024-04-03,1955,2024-02-13,1455,42690,NA,2,5,6,1955,0,0,0,NA,0,005,RIO RANCHO RD,SR 71 ONRAMP,0,NA,Y,A,-,N,NA,NA,NA,NA,NA,NA,NA,NA,NA,N,4,0,1,2,A,-,12,21453,A,F,D,C,A,A,H,-,A,A,0,NA,NA,NA,NA,Y,NA,A,07,0,0,1,0,0,0,0,0,0,-,-,34.032371520996094,-117.75762176513672,LOS ANGELES,POMONA,-117.7585220336914,34.03178024291992
82354836,2024,2024-04-03,1955,2024-02-14,920,42951,NA,3,5,6,1955,0,0,0,NA,0,004,TOWNE AVE,PHILLIPS BLVD,0,NA,Y,A,-,N,NA,NA,NA,NA,NA,NA,NA,NA,NA,Y,3,0,1,3,A,-,09,21801,A,N,D,C,A,A,H,-,A,A,0,NA,NA,NA,NA,Y,NA,A,01,0,1,0,0,0,0,0,0,0,-,-,34.044429779052734,-117.74093627929688,LOS ANGELES,POMONA,-117.74093627929688,34.04441833496094
82354837,2024,2024-04-03,1955,2024-02-14,1418,42951,NA,3,5,6,1955,0,0,0,NA,0,005,PHILLIPS BLVD,WHITE AVE,129,E,N,A,-,N,NA,NA,NA,NA,NA,NA,NA,NA,NA,N,4,0,1,2,A,-,08,22107,NA,N,D,C,A,A,H,-,A,D,0,NA,NA,NA,NA,Y,NA,A,01,0,0,1,0,0,0,0,0,0,-,-,34.044010162353516,-117.75840759277344,LOS ANGELES,POMONA,-117.75796508789064,34.04399871826172
82354838,2024,2024-04-03,1955,2024-02-14,1542,40624,NA,3,5,6,1955,0,0,0,NA,0,004,TOWNE AVE,OLIVE ST,200,N,N,A,-,N,NA,NA,NA,NA,NA,NA,NA,NA,NA,N,4,0,1,3,A,-,08,22107,NA,N,B,G,A,A,H,-,A,D,0,NA,Y,NA,NA,Y,NA,L,04,0,0,1,0,0,0,1,0,0,-,-,34.029869079589844,-117.74040222167967,LOS ANGELES,POMONA,-117.7404327392578,34.0304069519043
82354840,2024,2024-04-03,1955,2024-02-16,1551,42315,22,5,5,6,1955,0,0,0,NA,0,002,ARROW HWY,MERRYWOOD ST,59,W,N,A,-,N,NA,NA,NA,NA,NA,NA,NA,NA,NA,Y,4,0,1,4,A,-,08,22107,NA,N,B,E,A,A,H,-,A,D,0,NA,NA,NA,NA,Y,NA,D,22,0,0,1,0,0,0,0,0,0,-,-,34.09027099609375,-117.73394775390624,LOS ANGELES,POMONA,-117.73420715332033,34.09018325805664
82354841,2024,2024-04-03,1955,2024-02-16,1721,40624,NA,5,5,6,1955,0,0,0,NA,0,004,TOWNE AVE,3RD ST,0,NA,Y,A,-,N,NA,NA,NA,NA,NA,NA,NA,NA,NA,N,4,0,1,2,A,-,08,22107,NA,F,D,G,A,A,H,-,A,A,0,NA,Y,NA,NA,Y,NA,A,07,0,0,1,0,0,0,1,0,0,-,-,34.05725860595703,-117.74136352539064,LOS ANGELES,POMONA,-117.74138641357422,34.0571174621582
82354844,2024,2024-04-22,1955,2024-02-18,2150,42690,0073,7,5,6,1955,0,0,0,NA,0,005,N/B SR-71,RIO RANCHO RD.,3000,N,N,A,-,Y,NA,NA,NA,NA,NA,NA,NA,NA,NA,Y,3,0,2,3,A,-,13,21718,NA,N,C,C,A,A,H,-,C,A,0,NA,NA,NA,NA,Y,NA,A,01,0,1,1,0,0,0,0,0,0,-,-,NA,NA,LOS ANGELES,POMONA,-117.75885009765624,34.03208923339844
82354848,2024,2024-04-03,1955,2024-02-19,1909,41949,NA,1,5,6,1955,0,0,0,NA,0,004,TOWNE AVE,MISSION BLVD,0,NA,Y,C,-,N,NA,NA,NA,NA,NA,NA,NA,NA,NA,Y,4,0,2,2,A,-,09,21801,A,N,D,C,A,B,H,-,C,A,0,NA,NA,NA,NA,Y,NA,A,07,0,0,2,0,0,0,0,0,0,-,-,34.05535125732422,-117.74131011962892,LOS ANGELES,POMONA,-117.7413330078125,34.05531692504883
82354850,2024,2024-04-03,1955,2024-02-21,1212,42951,NA,3,5,6,1955,0,0,0,NA,0,003,HOLT AVE,TOWNE AVE,150,E,N,A,-,N,NA,NA,NA,NA,NA,NA,NA,NA,NA,Y,4,0,1,2,A,-,03,22350,NA,N,C,C,A,A,H,-,A,A,0,NA,NA,NA,NA,Y,NA,A,01,0,0,1,0,0,0,0,0,0,-,-,34.06270980834961,-117.74156951904295,LOS ANGELES,POMONA,-117.7410888671875,34.062591552734375
82354851,2024,2024-04-03,1955,2024-02-23,1321,42977,NA,5,5,6,1955,0,0,0,NA,0,002,TOWNE AVE,LA VERNE AVE,0,NA,Y,A,-,N,NA,NA,NA,NA,NA,NA,NA,NA,NA,N,3,0,1,2,A,-,09,21453,B,N,B,G,A,A,A,-,A,A,0,NA,Y,NA,NA,Y,Y,L,04,0,1,0,0,0,0,1,0,0,-,-,34.08042907714844,-117.7406005859375,LOS ANGELES,POMONA,-117.74057769775392,34.080318450927734
82354852,2024,2024-04-03,1955,2024-02-25,127,42928,NA,7,5,6,1955,0,0,0,NA,0,001,HOLT AVE,FAIRPLEX DR,0,NA,Y,A,-,N,NA,NA,NA,NA,NA,NA,NA,NA,NA,Y,4,0,1,1,A,-,03,22350,NA,N,F,A,A,A,H,-,C,D,0,NA,NA,Y,NA,Y,NA,C,02,0,0,1,0,0,0,0,0,1,-,-,34.06147003173828,-117.78752899169922,LOS ANGELES,POMONA,-117.78755950927734,34.06151580810547
82354854,2024,2024-04-03,1955,2024-02-27,1225,42951,NA,2,5,6,1955,0,0,0,NA,0,001,SHORT ST,HOLT AVE,0,NA,Y,A,-,N,NA,NA,NA,NA,NA,NA,NA,NA,NA,N,4,0,1,2,A,-,10,21950,A,N,G,B,D,A,H,-,A,D,0,Y,NA,NA,NA,Y,NA,A,01,0,0,1,0,1,0,0,0,0,-,-,34.06148147583008,-117.78627777099608,LOS ANGELES,POMONA,NA,NA
82354855,2024,2024-04-03,1955,2024-02-27,2306,42871,NA,2,5,6,1955,0,0,0,NA,0,002,GAREY AVE,DRAKE ST,50,N,N,A,-,N,NA,NA,NA,NA,NA,NA,NA,NA,NA,Y,4,0,1,1,A,-,08,22107,NA,N,E,I,A,A,H,-,C,A,0,NA,NA,NA,NA,Y,NA,A,08,0,0,1,0,0,0,0,0,0,-,-,34.106040954589844,-117.74859619140624,LOS ANGELES,POMONA,-117.74862670898438,34.106178283691406
82354856,2024,2024-04-03,1955,2024-02-28,2107,42686,NA,3,5,6,1955,0,0,0,NA,0,004,RESERVOIR ST,WALNUT AVE,20,N,N,A,-,N,NA,NA,NA,NA,NA,NA,NA,NA,NA,Y,4,0,1,2,A,-,12,22450,A,N,D,C,A,A,H,-,C,A,0,NA,NA,NA,NA,Y,NA,A,01,0,0,1,0,0,0,0,0,0,-,-,34.02336120605469,-117.73162841796876,LOS ANGELES,POMONA,-117.7314224243164,34.02344512939453
82354857,2024,2024-04-03,1955,2024-02-29,1840,41897,NA,4,5,6,1955,0,0,0,NA,0,003,HOLT AVE,SAN ANTONIO AVE,0,NA,Y,B,-,N,NA,NA,NA,NA,NA,NA,NA,NA,NA,N,4,0,3,2,A,-,09,21801,A,N,D,C,A,A,H,-,C,A,0,NA,NA,NA,NA,Y,NA,A,01,0,0,3,0,0,0,0,0,0,-,-,34.062721252441406,-117.73664093017578,LOS ANGELES,POMONA,-117.73664093017578,34.062713623046875
82354858,2024,2024-04-03,1955,2024-03-02,1106,43052,NA,6,5,6,1955,0,0,0,NA,0,002,TOWNE AVE,BANGOR ST,500,S,N,C,-,Y,NA,NA,NA,NA,NA,NA,NA,NA,NA,Y,3,0,1,2,A,-,08,22107,NA,N,C,E,A,B,H,-,A,A,0,NA,NA,NA,NA,Y,NA,A,01,0,1,0,0,0,0,0,0,0,-,-,34.08359909057617,-117.7389907836914,LOS ANGELES,POMONA,-117.73970794677734,34.08224105834961
82354861,2024,2024-04-03,1955,2024-03-04,720,42952,NA,1,5,6,1955,0,0,0,NA,0,003,TOWNE AVE,LINCOLN AVE (N),0,NA,Y,A,-,N,NA,NA,NA,NA,NA,NA,NA,NA,NA,N,4,0,1,2,A,-,03,22350,NA,N,C,C,A,A,H,-,A,A,0,NA,NA,NA,NA,Y,NA,A,07,0,0,1,0,0,0,0,0,0,-,-,34.070701599121094,-117.74183654785156,LOS ANGELES,POMONA,-117.74186706542967,34.07068634033203
82354863,2024,2024-04-03,1955,2024-03-04,800,41179,NA,1,5,6,1955,0,0,0,NA,0,002,ARROW HWY,ORANGE GROVE AVE,0,NA,Y,A,-,N,NA,NA,NA,NA,NA,NA,NA,NA,NA,N,3,0,5,2,A,-,12,21453,A,N,D,C,A,A,H,-,A,A,0,NA,NA,NA,NA,Y,NA,A,01,0,1,4,0,0,0,0,0,0,-,-,34.090049743652344,-117.74253082275392,LOS ANGELES,POMONA,-117.74254608154295,34.08995819091797
82354864,2024,2024-04-05,1955,2024-03-04,1909,42685,NA,1,5,6,1955,0,0,0,NA,0,001,VALLEY BLVD,LYNDALE AVE (E),90,E,N,A,-,N,NA,NA,NA,NA,NA,NA,NA,NA,NA,N,4,0,3,3,C,-,18,NA,NA,N,E,J,A,A,C,-,D,D,0,NA,NA,NA,NA,Y,NA,-,-,0,0,3,0,0,0,0,0,0,-,-,34.06087875366211,-117.7996063232422,LOS ANGELES,POMONA,-117.80235290527344,34.05901336669922
82354865,2024,2024-04-03,1955,2024-03-05,639,41897,NA,2,5,6,1955,0,0,0,NA,0,003,HOLT AVE,TOWNE AVE,0,NA,Y,A,-,N,NA,NA,NA,NA,NA,NA,NA,NA,NA,N,4,0,1,2,A,-,12,21453,A,N,D,C,A,A,H,-,A,A,0,NA,NA,NA,NA,Y,NA,E,22,0,0,1,0,0,0,0,0,0,-,-,34.06270980834961,-117.74156951904295,LOS ANGELES,POMONA,-117.74158477783205,34.06258010864258
82354866,2024,2024-04-15,1955,2024-03-05,1848,42952,89,2,5,6,1955,0,0,0,NA,0,004,COUNTY RD,RESERVOIR ST,0,NA,Y,A,-,N,NA,NA,NA,NA,NA,NA,NA,NA,NA,Y,4,0,1,2,A,-,09,21801,A,F,A,C,A,A,H,-,C,A,0,NA,NA,NA,NA,Y,NA,A,07,0,0,1,0,0,0,0,0,0,-,-,34.02661895751953,-117.7314224243164,LOS ANGELES,POMONA,-117.73152160644533,34.026451110839844
82354868,2024,2024-04-03,1955,2024-03-07,1506,40764,NA,4,5,6,1955,0,0,0,NA,0,005,WHITE AVE,LEXINGTON AVE,370,N,N,B,-,N,NA,NA,NA,NA,NA,NA,NA,NA,NA,Y,3,0,1,2,A,-,03,22350,NA,N,B,C,A,A,H,-,A,A,0,NA,NA,NA,NA,Y,NA,A,01,0,1,0,0,0,0,0,0,0,-,-,34.03675079345703,-117.75813293457033,LOS ANGELES,POMONA,-117.75816345214844,34.03769302368164
82354870,2024,2024-04-03,1955,2024-03-07,1829,42804,NA,4,5,6,1955,0,0,0,NA,0,004,GAREY AVE,OLIVE ST,176,S,N,C,-,N,NA,NA,NA,NA,NA,NA,NA,NA,NA,N,4,0,1,2,A,-,03,22350,NA,N,C,C,A,B,H,-,C,A,0,NA,NA,NA,NA,Y,NA,A,01,0,0,1,0,0,0,0,0,0,-,-,34.029640197753906,-117.74910736083984,LOS ANGELES,POMONA,-117.74916839599608,34.029178619384766
82354871,2024,2024-04-03,1955,2024-03-08,525,42770,NA,5,5,6,1955,0,0,0,NA,0,002,GAREY AVE,ARROW HWY,165,S,N,A,-,N,NA,NA,NA,NA,NA,NA,NA,NA,NA,Y,3,0,2,2,A,-,05,21651,A,N,A,C,A,A,H,-,C,A,0,NA,NA,NA,NA,Y,NA,D,22,0,2,0,0,0,0,0,0,0,-,-,34.090091705322266,-117.74936676025392,LOS ANGELES,POMONA,-117.74956512451172,34.089500427246094
82354872,2024,2024-04-03,1955,2024-03-08,1457,42977,NA,5,5,6,1955,0,0,0,NA,0,004,RESERVOIR ST,OLIVE ST,26,N,N,A,-,N,NA,NA,NA,NA,NA,NA,NA,NA,NA,N,4,0,2,3,A,-,03,22350,NA,N,C,C,A,A,H,-,A,D,0,NA,NA,NA,NA,Y,NA,A,01,0,0,2,0,0,0,0,0,0,-,-,34.03025817871094,-117.73155975341795,LOS ANGELES,POMONA,-117.7316436767578,34.03013229370117
82354874,2024,2024-04-03,1955,2024-03-09,659,43128,NA,6,5,6,1955,0,0,0,NA,0,005,RIO RANCHO RD,MEADOW VIEW DR,0,NA,Y,A,-,N,NA,NA,NA,NA,NA,NA,NA,NA,NA,Y,4,0,1,2,A,-,09,21802,A,N,D,C,A,A,H,-,A,A,0,NA,NA,NA,NA,Y,NA,A,07,0,0,1,0,0,0,0,0,0,-,-,34.02676010131836,-117.76380157470705,LOS ANGELES,POMONA,-117.76384735107422,34.02680587768555
82354875,2024,2024-04-03,1955,2024-03-09,1314,42977,NA,6,5,6,1955,0,0,0,NA,0,002,ARROW HWY,FULTON RD,0,NA,Y,A,-,N,NA,NA,NA,NA,NA,NA,NA,NA,NA,N,4,0,2,2,A,-,09,21802,A,N,D,C,A,A,H,-,A,A,0,NA,NA,NA,NA,Y,NA,A,07,0,0,2,0,0,0,0,0,0,-,-,34.08998107910156,-117.75615692138672,LOS ANGELES,POMONA,-117.75617218017578,34.090057373046875
82354878,2024,2024-04-03,1955,2024-03-10,1122,42977,NA,7,5,6,1955,0,0,0,NA,0,001,HOLT AVE,RESERVOIR ST (E),23,E,N,A,-,N,NA,NA,NA,NA,NA,NA,NA,NA,NA,N,4,0,2,2,A,-,03,22350,NA,F,C,C,A,A,H,-,A,A,0,NA,NA,NA,NA,Y,NA,A,01,0,0,2,0,0,0,0,0,0,-,-,34.06285095214844,-117.73175048828124,LOS ANGELES,POMONA,-117.7327880859375,34.06280517578125
82354879,2024,2024-04-03,1955,2024-03-11,853,43128,NA,1,5,6,1955,0,0,0,NA,0,001,HAMILTON BLVD,MISSION BLVD,0,NA,Y,A,-,N,NA,NA,NA,NA,NA,NA,NA,NA,NA,N,4,0,1,2,A,-,03,22350,NA,N,C,C,A,A,H,-,A,A,0,NA,NA,NA,NA,Y,NA,-,35,0,0,1,0,0,0,0,0,0,-,-,34.0547981262207,-117.7631607055664,LOS ANGELES,POMONA,-117.7631378173828,34.05479431152344
82354880,2024,2024-04-03,1955,2024-03-11,1457,42952,NA,1,5,6,1955,0,0,0,NA,0,004,MISSION BLVD,RESERVOIR ST,360,W,N,A,-,N,NA,NA,NA,NA,NA,NA,NA,NA,NA,Y,3,0,1,3,A,-,08,22107,NA,N,B,E,A,A,H,-,A,A,0,NA,NA,NA,NA,Y,NA,A,07,0,1,0,0,0,0,0,0,0,-,-,34.055519104003906,-117.73258972167967,LOS ANGELES,POMONA,-117.73379516601564,34.05551528930664
82354882,2024,2024-04-03,1955,2024-03-12,1519,42952,NA,2,5,6,1955,0,0,0,NA,0,005,MISSION BLVD,PHILLIPS DR,0,NA,Y,B,-,N,NA,NA,NA,NA,NA,NA,NA,NA,NA,Y,2,0,5,3,A,-,12,21453,A,N,D,C,A,A,H,-,A,A,0,NA,NA,NA,NA,Y,NA,A,07,1,0,4,0,0,0,0,0,0,-,-,34.050941467285156,-117.79257965087892,LOS ANGELES,POMONA,-117.79264068603516,34.05089569091797
82354884,2024,2024-04-03,1955,2024-03-13,1346,40649,NA,3,5,6,1955,0,0,0,NA,0,004,PHILADELPHIA ST,PRIMROSE WAY,9,W,N,A,-,N,NA,NA,NA,NA,NA,NA,NA,NA,NA,N,4,0,1,2,A,-,09,21804,A,N,H,G,A,A,H,-,A,A,0,NA,Y,NA,NA,Y,NA,A,07,0,0,1,0,0,0,1,0,0,-,-,34.033470153808594,-117.74208831787108,LOS ANGELES,POMONA,-117.74211883544922,34.03348922729492
82354885,2024,2024-04-03,1955,2024-03-13,1450,42818,NA,3,5,6,1955,0,0,0,NA,0,002,ARROW HWY,YORKSHIRE WAY,50,W,N,B,-,N,NA,NA,NA,NA,NA,NA,NA,NA,NA,Y,3,0,3,2,A,-,09,21804,A,N,D,C,A,A,H,-,A,D,0,NA,NA,NA,NA,Y,NA,A,01,0,1,2,0,0,0,0,0,0,-,-,34.09003829956055,-117.7379913330078,LOS ANGELES,POMONA,-117.73821258544922,34.09008026123047
82354887,2024,2024-04-03,1955,2024-03-14,510,42770,NA,4,5,6,1955,0,0,0,NA,0,003,HOLT AVE,TOWNE AVE,6,W,N,A,-,N,NA,NA,NA,NA,NA,NA,NA,NA,NA,Y,3,0,1,2,A,-,12,21453,A,N,D,C,A,A,H,-,C,A,0,NA,NA,NA,NA,Y,NA,-,35,0,1,0,0,0,0,0,0,0,-,-,34.06270980834961,-117.74156951904295,LOS ANGELES,POMONA,-117.74160003662108,34.06258010864258
82354888,2024,2024-04-03,1955,2024-03-14,2100,42688,NA,4,5,6,1955,0,0,0,NA,0,002,LA VERNE AVE,MOUNTAIN AVE,0,NA,Y,A,-,N,NA,NA,NA,NA,NA,NA,NA,NA,NA,N,4,0,1,2,A,-,03,22350,NA,N,C,C,A,A,H,-,C,A,0,NA,NA,NA,NA,Y,NA,A,01,0,0,1,0,0,0,0,0,0,-,-,34.08308029174805,-117.7280502319336,LOS ANGELES,POMONA,-117.72801208496094,34.08305358886719
82354890,2024,2024-04-03,1955,2024-03-15,1019,42977,NA,5,5,6,1955,0,0,0,NA,0,005,N/B SR71,RIO RANCHO RD.,1584,N,N,A,-,N,NA,NA,NA,NA,NA,NA,NA,NA,NA,Y,4,0,2,2,A,-,03,22350,NA,N,C,C,A,A,H,-,A,D,0,NA,NA,NA,NA,Y,NA,A,01,0,0,2,0,0,0,0,0,0,-,-,NA,NA,LOS ANGELES,POMONA,NA,NA
82354892,2024,2024-04-03,1955,2024-03-18,1736,42297,NA,1,5,6,1955,0,0,0,NA,0,003,TOWNE AVE,HOLT AVE,20,N,N,A,-,N,NA,NA,NA,NA,NA,NA,NA,NA,NA,N,4,0,1,2,A,-,03,22350,NA,N,C,C,A,A,H,-,A,A,0,NA,NA,NA,NA,Y,NA,A,01,0,0,1,0,0,0,0,0,0,-,-,34.06258010864258,-117.7415771484375,LOS ANGELES,POMONA,-117.74158477783205,34.0626335144043
82354896,2023,2024-04-03,1955,2023-02-15,1245,42770,NA,3,5,6,1955,0,0,0,NA,0,002,VINTON AVE,TOWNE AVE,20,W,N,A,-,N,NA,NA,NA,NA,NA,NA,NA,NA,NA,Y,3,0,1,1,A,-,08,22107,NA,N,E,I,A,A,H,-,A,A,0,NA,NA,Y,NA,Y,NA,C,02,0,1,0,0,0,0,0,0,1,-,-,NA,NA,LOS ANGELES,POMONA,-117.7414093017578,34.07887649536133
82354901,2023,2024-04-03,1955,2023-04-10,1929,42951,NA,1,5,6,1955,0,0,0,NA,0,002,TOWNE AVE,ARROW HWY,230,N,N,A,-,N,NA,NA,NA,NA,NA,NA,NA,NA,NA,Y,4,0,1,4,A,-,03,22350,NA,N,C,C,A,A,H,-,A,A,0,NA,NA,NA,NA,Y,NA,A,07,0,0,1,0,0,0,0,0,0,-,-,34.09012985229492,-117.73674774169922,LOS ANGELES,POMONA,-117.73680114746094,34.0907096862793
82354904,2023,2024-04-04,1955,2023-04-21,1350,42977,97,5,5,6,1955,0,0,0,NA,0,004,MISSION BLVD,EAST END AVE,57,W,N,A,-,N,NA,NA,NA,NA,NA,NA,NA,NA,NA,Y,3,0,4,3,A,-,01,23152,A,N,B,C,A,A,H,-,A,A,0,NA,NA,NA,NA,Y,Y,A,01,0,4,0,0,0,0,0,0,0,-,-,34.0559196472168,-117.72382354736328,LOS ANGELES,POMONA,-117.72400665283205,34.05575180053711
82354906,2023,2024-04-03,1955,2023-04-22,2324,42804,NA,6,5,6,1955,0,0,0,NA,0,003,SAN BERNARDINO AVE,INDIAN HILL BLVD,13,N,N,-,-,N,NA,NA,NA,NA,NA,NA,NA,NA,NA,Y,3,0,3,2,A,-,09,21801,A,N,D,C,A,A,H,-,C,A,0,NA,NA,NA,NA,Y,NA,A,01,0,1,2,0,0,0,0,0,0,-,-,34.0760498046875,-117.71926879882813,LOS ANGELES,POMONA,-117.71925354003906,34.07587814331055
82354913,2023,2024-04-03,1955,2023-05-01,1825,41949,NA,1,5,6,1955,0,0,0,NA,0,004,GAREY AVE,GRAND AVE,0,NA,Y,A,-,N,NA,NA,NA,NA,NA,NA,NA,NA,NA,Y,4,0,1,3,A,-,12,21453,A,N,D,C,A,A,H,-,A,A,0,NA,NA,NA,NA,Y,NA,A,01,0,0,1,0,0,0,0,0,0,-,-,34.047828674316406,-117.7498016357422,LOS ANGELES,POMONA,-117.7497329711914,34.04781723022461
82354914,2023,2024-04-03,1955,2023-05-21,2127,43004,NA,7,5,6,1955,0,0,0,NA,0,004,12TH ST,GIBBS ST,40,W,N,A,-,N,NA,NA,NA,NA,NA,NA,NA,NA,NA,Y,3,0,1,2,A,-,01,23152,A,M,B,E,A,A,H,-,C,A,0,NA,NA,NA,NA,Y,Y,A,01,0,1,0,0,0,0,0,0,0,-,-,34.04882049560547,-117.74765014648438,LOS ANGELES,POMONA,-117.74777221679688,34.0488166809082
82354915,2023,2024-04-03,1955,2023-05-02,2248,40478,NA,2,5,6,1955,0,0,0,NA,0,001,ORANGE GROVE AVE,WISCONSIN ST,243,W,N,A,-,N,NA,NA,NA,NA,NA,NA,NA,NA,NA,Y,3,0,2,2,A,-,03,22350,NA,N,C,C,A,A,H,-,C,D,0,NA,NA,NA,NA,Y,NA,A,01,0,1,1,0,0,0,0,0,0,-,-,34.07080078125,-117.75666809082033,LOS ANGELES,POMONA,-117.7573471069336,34.07046127319336
82354917,2023,2024-04-03,1955,2023-05-06,52,42685,NA,6,5,6,1955,0,0,0,NA,0,004,SAN ANTONIO AVE,FIRST ST,0,NA,Y,A,-,N,NA,NA,NA,NA,NA,NA,NA,NA,NA,Y,4,0,2,2,A,-,01,23152,A,N,D,C,A,A,H,-,C,A,0,NA,NA,NA,NA,Y,Y,A,01,0,0,2,0,0,0,0,0,0,-,-,34.059051513671875,-117.737060546875,LOS ANGELES,POMONA,-117.73706817626952,34.05903244018555
82354921,2023,2024-04-03,1955,2023-05-08,722,42977,NA,1,5,6,1955,0,0,0,NA,0,004,PALOMARES ST,FERNLEAF AVE,96,S,N,A,-,N,NA,NA,NA,NA,NA,NA,NA,NA,NA,Y,4,0,1,3,A,-,08,22107,NA,N,B,E,A,A,H,-,A,A,0,NA,NA,NA,NA,Y,NA,A,01,0,0,1,0,0,0,0,0,0,-,-,NA,NA,LOS ANGELES,POMONA,-117.7453155517578,34.045406341552734
82354922,2023,2024-04-03,1955,2023-05-09,1509,42951,NA,2,5,6,1955,0,0,0,NA,0,001,VALLEY BLVD,RIDGEWAY ST,524,E,N,A,-,N,NA,NA,NA,NA,NA,NA,NA,NA,NA,Y,4,0,1,2,A,-,03,22350,NA,F,C,C,A,A,H,-,A,A,0,NA,NA,NA,NA,Y,NA,A,01,0,0,1,0,0,0,0,0,0,-,-,34.0612907409668,-117.79562377929688,LOS ANGELES,POMONA,-117.79386901855467,34.061302185058594
82354926,2023,2024-04-03,1955,2023-05-12,1329,42315,NA,5,5,6,1955,0,0,0,NA,0,001,VALLEY BLVD,OMAR ST,270,W,N,A,-,N,NA,NA,NA,NA,NA,NA,NA,NA,NA,Y,4,0,1,1,C,-,18,NA,NA,N,E,I,A,A,H,-,A,D,0,NA,NA,NA,NA,Y,NA,-,-,0,0,1,0,0,0,0,0,0,-,-,NA,NA,LOS ANGELES,POMONA,-117.80609893798828,34.05592727661133