CASE_ID,ACCIDENT_YEAR,PROC_DATE,JURIS,COLLISION_DATE,COLLISION_TIME,OFFICER_ID,REPORTING_DISTRICT,DAY_OF_WEEK,CHP_SHIFT,POPULATION,CNTY_CITY_LOC,SPECIAL_COND,BEAT_TYPE,CHP_BEAT_TYPE,CITY_DIVISION_LAPD,CHP_BEAT_CLASS,BEAT_NUMBER,PRIMARY_RD,SECONDARY_RD,DISTANCE,DIRECTION,INTERSECTION,WEATHER_1,WEATHER_2,STATE_HWY_IND,CALTRANS_COUNTY,CALTRANS_DISTRICT,STATE_ROUTE,ROUTE_SUFFIX,POSTMILE_PREFIX,POSTMILE,LOCATION_TYPE,RAMP_INTERSECTION,SIDE_OF_HWY,TOW_AWAY,COLLISION_SEVERITY,NUMBER_KILLED,NUMBER_INJURED,PARTY_COUNT,PRIMARY_COLL_FACTOR,PCF_CODE_OF_VIOL,PCF_VIOL_CATEGORY,PCF_VIOLATION,PCF_VIOL_SUBSECTION,HIT_AND_RUN,TYPE_OF_COLLISION,MVIW,PED_ACTION,ROAD_SURFACE,ROAD_COND_1,ROAD_COND_2,LIGHTING,CONTROL_DEVICE,CHP_ROAD_TYPE,PEDESTRIAN_ACCIDENT,BICYCLE_ACCIDENT,MOTORCYCLE_ACCIDENT,TRUCK_ACCIDENT,NOT_PRIVATE_PROPERTY,ALCOHOL_INVOLVED,STWD_VEHTYPE_AT_FAULT,CHP_VEHTYPE_AT_FAULT,COUNT_SEVERE_INJ,COUNT_VISIBLE_INJ,COUNT_COMPLAINT_PAIN,COUNT_PED_KILLED,COUNT_PED_INJURED,COUNT_BICYCLIST_KILLED,COUNT_BICYCLIST_INJURED,COUNT_MC_KILLED,COUNT_MC_INJURED,PRIMARY_RAMP,SECONDARY_RAMP,LATITUDE,LONGITUDE,COUNTY,CITY,POINT_X,POINT_Y
82359338,2024,2024-04-09,1969,2024-01-24,1540,10165,NA,3,5,5,1969,0,0,0,NA,0,004,ATLANTIC AV,FILESTONE BLVD,293,S,N,A,-,N,NA,NA,NA,NA,NA,NA,NA,NA,NA,Y,4,0,2,2,C,-,18,NA,NA,N,C,C,A,A,H,-,A,A,0,NA,NA,NA,NA,Y,NA,-,-,0,0,2,0,0,0,0,0,0,-,-,33.951908111572266,-118.1831512451172,LOS ANGELES,SOUTH GATE,-118.18293762207033,33.95109939575195
82359344,2024,2024-04-09,1969,2024-01-29,750,10246,NA,1,5,5,1969,0,0,0,NA,0,002,ILLINOIS AV,LONG BEACH BLVD,20,E,N,A,-,N,NA,NA,NA,NA,NA,NA,NA,NA,NA,N,3,0,1,2,A,-,09,21801,A,N,D,G,A,A,H,-,A,D,0,NA,Y,NA,NA,Y,NA,A,01,0,1,0,0,0,0,1,0,0,-,-,33.950538635253906,-118.21778869628906,LOS ANGELES,SOUTH GATE,-118.21769714355467,33.95048141479492
82359345,2024,2024-04-09,1969,2024-01-29,2129,10241,NA,1,5,5,1969,0,0,0,NA,0,003,OTIS ST,LIBERTY BLVD,5,S,N,A,-,N,NA,NA,NA,NA,NA,NA,NA,NA,NA,N,3,0,2,2,A,-,12,22450,A,N,D,C,A,A,H,-,C,A,0,NA,NA,NA,NA,Y,NA,A,01,0,2,0,0,0,0,0,0,0,-,-,33.95907974243164,-118.19566345214844,LOS ANGELES,SOUTH GATE,-118.19562530517578,33.959068298339844
82359351,2024,2024-04-09,1969,2024-02-05,1843,10165,NA,1,5,5,1969,0,0,0,NA,0,001,SOUTHERN AV,LONG BEACH BLVD,157,W,N,A,-,N,NA,NA,NA,NA,NA,NA,NA,NA,NA,Y,4,0,1,4,A,-,03,22350,NA,F,C,C,A,A,H,-,A,B,0,NA,NA,NA,NA,Y,NA,A,01,0,0,1,0,0,0,0,0,0,-,-,NA,NA,LOS ANGELES,SOUTH GATE,-118.21884918212892,33.952415466308594
82359353,2024,2024-04-09,1969,2024-02-09,1435,10262,NA,5,5,5,1969,0,0,0,NA,0,002,ARDMORE AV,STATE ST,6,E,N,A,-,N,NA,NA,NA,NA,NA,NA,NA,NA,NA,N,3,0,1,3,A,-,12,21453,A,N,D,C,A,A,H,-,A,A,0,NA,NA,NA,NA,Y,NA,A,01,0,1,0,0,0,0,0,0,0,-,-,33.957950592041016,-118.21176910400392,LOS ANGELES,SOUTH GATE,-118.21173095703124,33.95792007446289
82359354,2024,2024-04-09,1969,2024-02-08,1555,10262,NA,4,5,5,1969,0,0,0,NA,0,004,ALEXANDER AV,TENAYA AV,11,E,N,A,-,N,NA,NA,NA,NA,NA,NA,NA,NA,NA,N,3,0,3,2,A,-,09,21802,A,N,D,C,A,A,H,-,A,D,0,NA,NA,NA,NA,Y,NA,A,01,0,3,0,0,0,0,0,0,0,-,-,33.93769073486328,-118.1951904296875,LOS ANGELES,SOUTH GATE,-118.19515991210938,33.93769073486328
82359355,2024,2024-04-09,1969,2024-02-10,1328,10245,NA,6,5,5,1969,0,0,0,NA,0,NA,FILESTONE BLVD,ALEXANDER AV,0,NA,Y,A,-,N,NA,NA,NA,NA,NA,NA,NA,NA,NA,N,4,0,1,2,A,-,12,21453,A,N,B,C,A,A,H,-,A,A,0,NA,NA,NA,NA,Y,Y,A,07,0,0,1,0,0,0,0,0,0,-,-,33.952919006347656,-118.19310760498048,LOS ANGELES,SOUTH GATE,-118.193115234375,33.95286178588867
82359356,2024,2024-04-09,1969,2024-02-16,1415,10262,NA,5,5,5,1969,0,0,0,NA,0,004,IMPERIAL HWY,WRIGHT RD,31,E,N,A,-,N,NA,NA,NA,NA,NA,NA,NA,NA,NA,N,3,0,2,2,A,-,09,21801,A,N,D,C,A,A,H,-,A,A,0,NA,NA,NA,NA,Y,NA,A,01,0,2,0,0,0,0,0,0,0,-,-,33.930908203125,-118.18089294433594,LOS ANGELES,SOUTH GATE,-118.18074035644533,33.93095397949219
82359358,2024,2024-04-09,1969,2024-02-24,1436,10257,NA,6,5,5,1969,0,0,0,NA,0,004,FIRESTONE BLVLD,HILDRETH AVE,6,W,N,A,-,N,NA,NA,NA,NA,NA,NA,NA,NA,NA,N,3,0,6,2,A,-,04,21703,NA,F,C,D,A,A,H,-,A,A,0,NA,NA,NA,NA,Y,Y,A,01,0,6,0,0,0,0,0,0,0,-,-,NA,NA,LOS ANGELES,SOUTH GATE,-118.18699645996094,33.95225143432617
82359362,2024,2024-04-17,1969,2024-03-02,1342,10245,PATRO,6,5,5,1969,0,0,0,NA,0,005,IMPERIAL HWY,RUCHTI RD,0,NA,Y,B,-,N,NA,NA,NA,NA,NA,NA,NA,NA,NA,N,3,0,3,2,A,-,09,21801,A,N,B,C,A,B,H,-,A,A,0,NA,NA,NA,NA,Y,Y,A,01,0,1,2,0,0,0,0,0,0,-,-,33.92998123168945,-118.16999816894533,LOS ANGELES,SOUTH GATE,-118.16986846923828,33.93001937866211
82359369,2024,2024-04-09,1969,2024-03-18,1609,10165,NA,1,5,5,1969,0,0,0,NA,0,004,ATLANTIC AV,TWEEDY BLVD,65,N,N,A,-,N,NA,NA,NA,NA,NA,NA,NA,NA,NA,N,4,0,1,2,A,-,03,22350,NA,N,C,C,A,A,H,-,A,A,0,NA,NA,NA,NA,Y,NA,A,07,0,0,1,0,0,0,0,0,0,-,-,33.941551208496094,-118.1815185546875,LOS ANGELES,SOUTH GATE,-118.18154144287108,33.94174575805664
82359373,2024,2024-04-09,1969,2024-03-26,1831,10231,NA,2,5,5,1969,0,0,0,NA,0,NA,GARFIELD AV,MAIN ST,0,NA,Y,A,-,N,NA,NA,NA,NA,NA,NA,NA,NA,NA,N,3,0,2,2,A,-,12,21453,A,N,D,C,A,A,H,-,A,A,0,NA,NA,NA,NA,Y,NA,D,72,0,1,1,0,0,0,0,0,0,-,-,33.916988372802734,-118.16896057128906,LOS ANGELES,SOUTH GATE,-118.16893768310548,33.91695022583008
82359375,2024,2024-04-09,1969,2024-03-29,1645,10100,NA,5,5,5,1969,0,0,0,NA,0,005,FILESTONE BLVD,GARFIELD AV,50,W,N,A,-,N,NA,NA,NA,NA,NA,NA,NA,NA,NA,N,3,0,1,2,A,-,08,22107,NA,N,B,C,A,A,H,-,A,D,0,NA,NA,NA,NA,Y,NA,A,01,0,1,0,0,0,0,0,0,0,-,-,33.94916915893555,-118.16519165039064,LOS ANGELES,SOUTH GATE,-118.16541290283205,33.9491081237793
82359376,2024,2024-04-09,1969,2024-03-29,2012,10247,NA,5,5,5,1969,0,0,0,NA,0,001,TWEEDY BLVD,TRUBA AV,0,NA,Y,A,-,N,NA,NA,NA,NA,NA,NA,NA,NA,NA,N,3,0,2,2,A,-,09,21801,A,N,D,D,A,A,H,-,C,A,0,NA,NA,NA,NA,Y,NA,A,01,0,2,0,0,0,0,0,0,0,-,-,33.946380615234375,-118.22535705566406,LOS ANGELES,SOUTH GATE,-118.2253646850586,33.94630813598633
82359377,2024,2024-04-09,1969,2024-03-30,2020,10247,NA,6,5,5,1969,0,0,0,NA,0,001,SANTA FE AV,FILESTONE BLVD,0,NA,Y,A,-,N,NA,NA,NA,NA,NA,NA,NA,NA,NA,N,3,0,1,2,A,-,08,22100,B,N,D,G,A,B,H,-,C,A,0,NA,Y,NA,NA,Y,NA,A,01,0,1,0,0,0,0,1,0,0,-,-,33.956138610839844,-118.22482299804688,LOS ANGELES,SOUTH GATE,-118.2248077392578,33.95600891113281
82359379,2024,2024-04-09,1969,2024-04-01,1305,10226,NA,1,5,5,1969,0,0,0,NA,0,002,TWEEDY BLVD,DEARBORN AV,30,E,N,A,-,N,NA,NA,NA,NA,NA,NA,NA,NA,NA,N,2,0,2,4,A,-,03,22350,NA,N,C,C,A,A,H,-,A,A,0,NA,NA,NA,NA,Y,NA,A,01,1,1,0,0,0,0,0,0,0,-,-,33.944908142089844,-118.21192169189452,LOS ANGELES,SOUTH GATE,-118.21179962158205,33.94489288330078
82359381,2024,2024-04-09,1969,2024-04-05,1529,10257,NA,5,5,5,1969,0,0,0,NA,0,004,SOUTHERN AV,ANNETTA AV,0,NA,Y,A,-,N,NA,NA,NA,NA,NA,NA,NA,NA,NA,N,4,0,2,2,A,-,09,21802,A,N,D,C,A,A,H,-,A,D,0,NA,NA,NA,NA,Y,NA,A,01,0,0,2,0,0,0,0,0,0,-,-,33.94913864135742,-118.1884765625,LOS ANGELES,SOUTH GATE,-118.18848419189452,33.94916915893555
82359450,2024,2024-04-09,1925,2024-03-20,1333,26161,NA,3,5,6,1925,0,0,0,NA,0,004,BRAND BOULEVARD,SANCHEZ DRIVE,0,NA,Y,A,-,N,NA,NA,NA,NA,NA,NA,NA,NA,NA,N,4,0,1,2,A,-,08,22101,D,N,D,C,A,A,H,-,A,A,0,NA,NA,NA,NA,Y,NA,A,01,0,0,1,0,0,0,0,0,0,-,-,NA,NA,LOS ANGELES,GLENDALE,-118.25514221191406,34.15593719482422
82359452,2024,2024-04-09,1925,2024-03-28,1743,28922,NA,4,5,6,1925,0,0,0,NA,0,004,VERDUGO ROAD,GLENOAKS BOULEVARD,0,NA,Y,A,-,N,NA,NA,NA,NA,NA,NA,NA,NA,NA,N,4,0,2,2,A,-,12,21453,A,N,D,C,A,A,H,-,A,A,0,NA,NA,NA,NA,Y,NA,A,01,0,0,2,0,0,0,0,0,0,-,-,NA,NA,LOS ANGELES,GLENDALE,-118.2370834350586,34.157737731933594
82359456,2024,2024-04-09,1925,2024-03-29,1022,28922,NA,5,5,6,1925,0,0,0,NA,0,001,SAN FERNANDO ROAD,THOMPSON AVENUE,7,N,N,A,-,N,NA,NA,NA,NA,NA,NA,NA,NA,NA,Y,4,0,1,2,A,-,08,22100,B,N,D,C,A,A,H,-,A,D,0,NA,NA,NA,NA,Y,NA,A,01,0,0,1,0,0,0,0,0,0,-,-,NA,NA,LOS ANGELES,GLENDALE,-118.29409790039064,34.17019271850586
82359504,2024,2024-04-09,1933,2024-03-30,1437,1067,NA,6,5,6,1933,0,0,0,NA,0,004,CRENSHAW BLVD,IMPERIAL HWY,500,S,N,A,-,N,NA,NA,NA,NA,NA,NA,NA,NA,NA,Y,4,0,1,2,A,-,12,21453,A,N,D,C,A,A,H,-,A,A,0,NA,NA,NA,NA,Y,NA,A,01,0,0,1,0,0,0,0,0,0,-,-,33.930938720703125,-118.32655334472656,LOS ANGELES,INGLEWOOD,-118.32657623291016,33.929527282714844
82359518,2024,2024-04-09,1933,2024-04-03,1858,960,NA,3,5,6,1933,0,0,0,NA,0,003,CENTURY BLVD,CLUB DR,0,NA,Y,A,-,N,NA,NA,NA,NA,NA,NA,NA,NA,NA,N,4,0,1,2,A,-,12,21453,A,N,D,C,A,A,H,-,A,A,0,NA,NA,NA,NA,Y,NA,A,01,0,0,1,0,0,0,0,0,0,-,-,33.945438385009766,-118.33267211914064,LOS ANGELES,INGLEWOOD,-118.33266448974608,33.945472717285156
82359526,2024,2024-04-09,1933,2024-04-06,149,1088,NA,6,5,6,1933,0,0,0,NA,0,003,CRENSHAW BLVD,88TH ST,0,NA,Y,A,-,Y,NA,NA,NA,NA,NA,NA,NA,NA,NA,Y,4,0,2,2,A,-,09,21801,A,N,A,C,A,A,H,-,C,D,0,NA,NA,NA,NA,Y,NA,A,01,0,0,2,0,0,0,0,0,0,-,-,33.958030700683594,-118.32653045654295,LOS ANGELES,INGLEWOOD,-118.32649230957033,33.95802688598633
82360447,2024,2024-04-10,1975,2024-02-04,2335,496,NA,7,5,6,1975,0,0,0,NA,0,001,BADILLO ST,VINCENT AV,227,E,N,C,-,N,NA,NA,NA,NA,NA,NA,NA,NA,NA,N,4,0,1,1,A,-,03,22350,NA,N,E,I,A,B,H,-,C,A,0,NA,NA,NA,NA,Y,NA,A,01,0,0,1,0,0,0,0,0,0,-,-,34.08652877807617,-117.92543792724608,LOS ANGELES,WEST COVINA,-117.92475128173828,34.086448669433594
82360498,2024,2024-04-10,1969,2024-04-07,2015,10165,NA,7,5,5,1969,0,0,0,NA,0,005,IMPERIAL HWY,GARFIELD AV,10,W,N,A,-,N,NA,NA,NA,NA,NA,NA,NA,NA,NA,N,4,0,1,2,A,-,00,21650,G,N,D,G,A,A,H,-,A,A,0,NA,Y,NA,NA,Y,NA,L,04,0,0,1,0,0,0,1,0,0,-,-,33.92988967895508,-118.16815185546876,LOS ANGELES,SOUTH GATE,-118.16815948486328,33.929901123046875
82360551,2024,2024-04-10,1972,2024-03-29,1647,22097,NA,5,5,6,1972,0,0,0,NA,0,NA,MAPLE AVE,EL DORADO ST,0,NA,Y,-,-,N,NA,NA,NA,NA,NA,NA,NA,NA,NA,Y,4,0,2,2,A,-,09,21802,A,N,D,C,A,A,H,-,A,A,0,NA,NA,NA,NA,Y,NA,A,01,0,0,2,0,0,0,0,0,0,-,-,NA,NA,LOS ANGELES,TORRANCE,-118.34004974365234,33.8343391418457
82360606,2024,2024-04-10,1933,2024-04-03,1120,1093,NA,3,5,6,1933,0,0,0,NA,0,001,BEACH AV,INGLEWOOD AV,300,N,N,A,-,N,NA,NA,NA,NA,NA,NA,NA,NA,NA,Y,4,0,1,2,A,-,03,22350,NA,N,C,C,A,A,H,-,A,D,0,NA,NA,NA,NA,Y,NA,A,01,0,0,1,0,0,0,0,0,0,-,-,33.97011947631836,-118.36100769042967,LOS ANGELES,INGLEWOOD,-118.36189270019533,33.97062683105469
82360609,2024,2024-04-10,1933,2024-04-04,1149,1093,NA,4,5,6,1933,0,0,0,NA,0,001,LA BREA AV,IVY AV,3,S,N,A,-,N,NA,NA,NA,NA,NA,NA,NA,NA,NA,Y,2,0,2,2,A,-,09,21801,A,N,A,C,A,A,H,-,A,D,0,NA,NA,NA,NA,Y,NA,A,07,1,0,1,0,0,0,0,0,0,-,-,33.96778869628906,-118.35462951660156,LOS ANGELES,INGLEWOOD,-118.354736328125,33.96775436401367
82361533,2024,2024-04-11,1912,2024-03-07,1318,13813,NA,4,5,6,1912,0,0,0,NA,0,NA,PARISH PLACE,MAGNOLIA BOULEVARD,144,S,N,A,-,N,NA,NA,NA,NA,NA,NA,NA,NA,NA,N,3,0,1,2,A,-,09,21804,A,F,D,G,A,A,H,-,A,D,0,NA,Y,NA,NA,Y,NA,-,-,0,1,0,0,0,0,1,0,0,-,-,NA,NA,LOS ANGELES,BURBANK,-118.32843780517578,34.1736946105957
82361534,2024,2024-04-11,1912,2024-03-08,1632,14849,NA,5,5,6,1912,0,0,0,NA,0,NA,BURTON AVENUE,HOLLYWOOD WAY,112,S,N,A,-,N,NA,NA,NA,NA,NA,NA,NA,NA,NA,N,4,0,1,2,A,-,06,21751,NA,N,D,C,A,A,H,-,A,D,0,NA,NA,Y,NA,Y,NA,C,02,0,0,1,0,0,0,0,0,1,-,-,34.197120666503906,-118.348876953125,LOS ANGELES,BURBANK,-118.34889221191406,34.19715118408203
82361535,2024,2024-04-11,1912,2024-03-08,1740,14849,NA,5,5,6,1912,0,0,0,NA,0,NA,BUENA VISTA STREET,THORNTON AVENUE,0,NA,Y,A,-,N,NA,NA,NA,NA,NA,NA,NA,NA,NA,Y,4,0,1,2,A,-,12,21453,A,N,D,C,A,A,H,-,A,A,0,NA,NA,NA,NA,Y,NA,A,01,0,0,1,0,0,0,0,0,0,-,-,34.19541931152344,-118.33798217773438,LOS ANGELES,BURBANK,-118.33795928955078,34.195518493652344
82361536,2024,2024-04-11,1912,2024-03-08,1700,14849,NA,5,5,6,1912,0,0,0,NA,0,NA,3RD STREET,PALM AVENUE,120,N,N,A,-,N,NA,NA,NA,NA,NA,NA,NA,NA,NA,N,3,0,1,2,A,-,09,21801,A,N,D,G,A,A,H,-,A,A,0,NA,Y,NA,NA,Y,NA,A,01,0,1,0,0,0,0,1,0,0,-,-,34.18349075317383,-118.30948638916016,LOS ANGELES,BURBANK,-118.30980682373048,34.18372344970703
82361537,2024,2024-04-11,1975,2024-03-24,2041,468,WCPD,7,5,6,1975,0,0,0,NA,0,002,AZUSA AV,DANES DR,60,N,N,A,-,N,NA,NA,NA,NA,NA,NA,NA,NA,NA,Y,4,0,1,2,C,-,18,NA,NA,N,C,E,A,A,H,-,C,D,0,NA,NA,NA,NA,Y,NA,-,-,0,0,1,0,0,0,0,0,0,-,-,34.080970764160156,-117.90775299072266,LOS ANGELES,WEST COVINA,-117.90767669677734,34.0810546875
82361690,2024,2024-04-11,1933,2024-04-01,2213,1014,15,1,5,6,1933,0,0,0,NA,0,002,HILLCREST BLVD,SYCAMORE PL,0,NA,Y,A,-,N,NA,NA,NA,NA,NA,NA,NA,NA,NA,Y,4,0,1,2,A,-,03,22350,NA,N,C,E,A,A,H,-,C,D,0,NA,NA,NA,NA,Y,NA,A,01,0,0,1,0,0,0,0,0,0,-,-,33.95663070678711,-118.36704254150392,LOS ANGELES,INGLEWOOD,-118.3671417236328,33.956539154052734
82361695,2024,2024-04-11,1933,2024-04-09,1639,947,34,2,5,6,1933,0,0,0,NA,0,004,DOTY AV,111TH PL,0,NA,Y,A,-,N,NA,NA,NA,NA,NA,NA,NA,NA,NA,Y,3,0,1,2,A,-,12,22450,A,N,D,C,A,A,H,-,A,D,0,NA,NA,NA,NA,Y,NA,A,01,0,1,0,0,0,0,0,0,0,-,-,33.93389892578125,-118.33937072753906,LOS ANGELES,INGLEWOOD,-118.3394012451172,33.933860778808594
82361713,2024,2024-04-11,1955,2024-02-26,1558,42952,46,1,5,6,1955,0,0,0,NA,0,001,DUDLEY ST,ELWOOD ST (N),213,N,N,C,-,N,NA,NA,NA,NA,NA,NA,NA,NA,NA,Y,3,0,3,2,A,-,03,22350,NA,F,C,E,A,B,H,-,B,A,0,NA,NA,NA,NA,Y,Y,D,22,0,1,2,0,0,0,0,0,0,-,-,34.0701904296875,-117.77861785888672,LOS ANGELES,POMONA,-117.7787628173828,34.07073211669922
82362641,2024,2024-04-12,1975,2024-03-10,1910,474,WCPD,7,5,6,1975,0,0,0,NA,0,001,ORANGE AV,SWANEE LN,240,S,N,A,-,N,NA,NA,NA,NA,NA,NA,NA,NA,NA,N,3,0,1,2,A,-,08,22108,NA,N,B,C,A,A,H,-,C,A,0,NA,NA,NA,NA,Y,NA,A,01,0,1,0,0,0,0,0,0,0,-,-,34.07619094848633,-117.90807342529295,LOS ANGELES,WEST COVINA,-117.94259643554688,34.07929229736328
82362669,2024,2024-04-12,1973,2024-03-20,1600,636,1973,3,5,1,1973,0,0,0,NA,0,001,LEONIS BLVD,PACIFIC BLVD,0,NA,Y,A,-,N,NA,NA,NA,NA,NA,NA,NA,NA,NA,N,4,0,1,2,A,-,09,21801,A,N,D,C,A,A,H,-,A,A,0,NA,NA,NA,NA,Y,NA,A,01,0,0,1,0,0,0,0,0,0,-,-,34.00001907348633,-118.22525787353516,LOS ANGELES,VERNON,-118.22525024414064,34.0000114440918
82362672,2024,2024-04-12,1922,2024-03-22,1940,709,1922,5,5,6,1922,0,0,0,NA,0,002,RICHWOOD AVE,LAMBERT AVE,0,NA,Y,A,-,N,NA,NA,NA,NA,NA,NA,NA,NA,NA,N,4,0,1,2,A,-,12,22450,A,F,D,C,A,A,H,-,C,A,0,NA,NA,NA,NA,Y,NA,A,01,0,0,1,0,0,0,0,0,0,-,-,34.08123016357422,-118.01577758789064,LOS ANGELES,EL MONTE,-118.0157470703125,34.081207275390625
82362673,2024,2024-04-15,1922,2024-03-24,1515,716,1922,7,5,6,1922,0,0,0,NA,0,004,VALLEY BLVD,MOUNTAIN VIEW RD,0,NA,Y,B,-,N,NA,NA,NA,NA,NA,NA,NA,NA,NA,N,2,0,1,2,A,-,09,21800,A,N,D,G,A,A,H,-,A,A,0,NA,Y,NA,NA,Y,NA,A,01,1,0,0,0,0,0,1,0,0,-,-,34.06378936767578,-118.02085113525392,LOS ANGELES,EL MONTE,-118.02081298828124,34.063819885253906
82362675,2024,2024-04-12,1922,2024-03-25,1625,682,NA,1,5,6,1922,0,0,0,NA,0,004,GARVEY AVE,MOUNTAIN VIEW RD,15,W,N,A,-,N,NA,NA,NA,NA,NA,NA,NA,NA,NA,N,4,0,1,2,A,-,03,22350,NA,F,C,C,A,A,H,-,A,A,0,NA,NA,NA,NA,Y,NA,A,01,0,0,1,0,0,0,0,0,0,-,-,34.0629997253418,-118.02172088623048,LOS ANGELES,EL MONTE,-118.02178955078124,34.06283950805664
82362677,2024,2024-04-12,1922,2024-03-22,1600,682,NA,5,5,6,1922,0,0,0,NA,0,003,GARVEY AVE,DOREEN AVE,50,W,N,A,-,N,NA,NA,NA,NA,NA,NA,NA,NA,NA,N,3,0,1,2,A,-,08,22107,NA,N,D,J,A,A,H,-,A,D,0,NA,NA,Y,NA,Y,Y,A,01,0,1,0,0,0,0,0,0,1,-,-,34.06285095214844,-118.04476928710938,LOS ANGELES,EL MONTE,-118.04493713378906,34.06272888183594
82362678,2024,2024-04-12,1923,2024-03-22,1442,520,311,5,5,3,1923,0,0,0,NA,0,003,EL SEGUNDO BLVD,PACIFIC COAST HIGHWAY,302,E,N,A,-,N,NA,NA,NA,NA,NA,NA,NA,NA,NA,Y,4,0,1,2,A,-,03,22350,NA,N,C,C,A,A,A,D,A,A,0,NA,NA,Y,NA,Y,NA,A,01,0,0,1,0,0,0,0,0,1,-,-,33.91632843017578,-118.39605712890624,LOS ANGELES,EL SEGUNDO,-118.39513397216795,33.91645812988281
82362704,2024,2024-04-12,1969,2024-01-12,1915,10165,TRAFF,5,5,5,1969,0,0,0,NA,0,005,IMPERIAL HWY,BEAK AV,0,NA,Y,A,-,N,NA,NA,NA,NA,NA,NA,NA,NA,NA,Y,4,0,1,2,A,-,08,22102,NA,N,D,C,A,A,H,-,C,D,0,NA,NA,Y,NA,Y,NA,A,01,0,0,1,0,0,0,0,0,0,-,-,33.92932891845703,-118.16348266601564,LOS ANGELES,SOUTH GATE,-118.16351318359376,33.929317474365234
82362710,2024,2024-04-12,1947,2024-04-02,1745,1460,NA,2,5,5,1947,0,0,0,NA,0,00B,BEVERLY BLVD,10TH ST,0,NA,Y,A,-,N,NA,NA,NA,NA,NA,NA,NA,NA,NA,N,3,0,2,3,A,-,08,22107,NA,N,D,C,A,A,H,-,A,A,0,NA,NA,NA,NA,Y,NA,A,01,0,1,1,0,0,0,0,0,0,-,-,34.017799377441406,-118.10865020751952,LOS ANGELES,MONTEBELLO,-118.10860443115234,34.01774978637695
82362735,2024,2024-04-12,1972,2024-03-25,1714,21239,NA,1,5,6,1972,0,0,0,NA,0,NA,ELGAR AVE,185TH ST,100,N,N,A,-,N,NA,NA,NA,NA,NA,NA,NA,NA,NA,Y,3,0,1,3,A,-,08,22107,NA,F,G,B,D,A,H,-,A,A,0,Y,NA,NA,NA,Y,Y,D,22,0,1,0,0,1,0,0,0,0,-,-,33.862701416015625,-118.32913970947266,LOS ANGELES,TORRANCE,-118.32917022705078,33.86312484741211
82362739,2024,2024-04-12,1925,2024-04-01,924,22249,250,1,5,6,1925,0,0,0,NA,0,003,GLENDALE AVENUE,ORANGE GROVE AVENUE,87,S,N,A,-,N,NA,NA,NA,NA,NA,NA,NA,NA,NA,N,4,0,1,2,A,-,09,21804,A,N,D,C,A,A,H,-,A,D,0,NA,NA,NA,NA,Y,NA,A,01,0,0,1,0,0,0,0,0,0,-,-,NA,NA,LOS ANGELES,GLENDALE,-118.248779296875,34.143375396728516
82363541,2024,2024-04-15,1912,2024-03-10,1545,14849,NA,7,5,6,1912,0,0,0,NA,0,NA,GLENOAKS BOULEVARD,COHASSET STREET,0,NA,Y,A,-,N,NA,NA,NA,NA,NA,NA,NA,NA,NA,N,4,0,1,2,A,-,09,21804,B,N,D,G,A,A,H,-,A,A,0,NA,Y,NA,NA,Y,NA,L,04,0,0,1,0,0,0,1,0,0,-,-,34.206668853759766,-118.34163665771484,LOS ANGELES,BURBANK,-118.34169006347656,34.20676803588867
82363542,2024,2024-04-15,1912,2024-03-11,2100,13813,NA,1,5,6,1912,0,0,0,NA,0,NA,HOLLYWOOD WAY,OLIVE AVENUE,0,NA,Y,A,-,N,NA,NA,NA,NA,NA,NA,NA,NA,NA,N,2,0,1,2,A,-,09,21801,A,N,D,D,A,A,H,-,C,A,0,NA,NA,Y,NA,Y,NA,A,01,1,0,0,0,0,0,0,0,1,-,-,NA,NA,LOS ANGELES,BURBANK,-118.3393325805664,34.1519775390625
82363543,2024,2024-04-15,1912,2024-03-13,817,13377,NA,3,5,6,1912,0,0,0,NA,0,NA,BUENA VISTA STREET,THORNTON AVENUE,0,NA,Y,A,-,N,NA,NA,NA,NA,NA,NA,NA,NA,NA,N,3,0,1,2,A,-,06,21755,A,N,D,C,A,A,H,-,A,A,0,NA,NA,Y,NA,Y,NA,C,03,0,1,0,0,0,0,0,0,1,-,-,NA,NA,LOS ANGELES,BURBANK,-118.33795928955078,34.195518493652344
82363555,2024,2024-04-15,1967,2024-03-15,1444,178,NA,5,5,2,1967,0,0,0,NA,0,NORTH,SPRING,ORANGE AV,0,NA,Y,A,-,N,NA,NA,NA,NA,NA,NA,NA,NA,NA,N,3,0,1,2,D,-,00,NA,NA,N,D,C,A,A,H,-,A,A,0,NA,NA,NA,NA,Y,NA,-,-,0,1,0,0,0,0,0,0,0,-,-,NA,NA,LOS ANGELES,SIGNAL HILL,-118.17630767822266,33.811676025390625
82363585,2024,2024-04-15,1947,2024-03-12,621,1439,NA,2,5,5,1947,0,0,0,NA,0,00B,BEVERLY BLVD,HOWARD AVE,0,NA,Y,A,-,N,NA,NA,NA,NA,NA,NA,NA,NA,NA,N,2,0,1,2,A,-,03,22350,NA,F,G,B,D,A,H,-,C,A,0,Y,NA,NA,NA,Y,Y,-,99,1,0,0,0,1,0,0,0,0,-,-,34.01805877685547,-118.11019897460938,LOS ANGELES,MONTEBELLO,-118.11018371582033,34.01807403564453