CASE_ID,ACCIDENT_YEAR,PROC_DATE,JURIS,COLLISION_DATE,COLLISION_TIME,OFFICER_ID,REPORTING_DISTRICT,DAY_OF_WEEK,CHP_SHIFT,POPULATION,CNTY_CITY_LOC,SPECIAL_COND,BEAT_TYPE,CHP_BEAT_TYPE,CITY_DIVISION_LAPD,CHP_BEAT_CLASS,BEAT_NUMBER,PRIMARY_RD,SECONDARY_RD,DISTANCE,DIRECTION,INTERSECTION,WEATHER_1,WEATHER_2,STATE_HWY_IND,CALTRANS_COUNTY,CALTRANS_DISTRICT,STATE_ROUTE,ROUTE_SUFFIX,POSTMILE_PREFIX,POSTMILE,LOCATION_TYPE,RAMP_INTERSECTION,SIDE_OF_HWY,TOW_AWAY,COLLISION_SEVERITY,NUMBER_KILLED,NUMBER_INJURED,PARTY_COUNT,PRIMARY_COLL_FACTOR,PCF_CODE_OF_VIOL,PCF_VIOL_CATEGORY,PCF_VIOLATION,PCF_VIOL_SUBSECTION,HIT_AND_RUN,TYPE_OF_COLLISION,MVIW,PED_ACTION,ROAD_SURFACE,ROAD_COND_1,ROAD_COND_2,LIGHTING,CONTROL_DEVICE,CHP_ROAD_TYPE,PEDESTRIAN_ACCIDENT,BICYCLE_ACCIDENT,MOTORCYCLE_ACCIDENT,TRUCK_ACCIDENT,NOT_PRIVATE_PROPERTY,ALCOHOL_INVOLVED,STWD_VEHTYPE_AT_FAULT,CHP_VEHTYPE_AT_FAULT,COUNT_SEVERE_INJ,COUNT_VISIBLE_INJ,COUNT_COMPLAINT_PAIN,COUNT_PED_KILLED,COUNT_PED_INJURED,COUNT_BICYCLIST_KILLED,COUNT_BICYCLIST_INJURED,COUNT_MC_KILLED,COUNT_MC_INJURED,PRIMARY_RAMP,SECONDARY_RAMP,LATITUDE,LONGITUDE,COUNTY,CITY,POINT_X,POINT_Y
82374573,2024,2024-04-25,1912,2024-03-24,1444,14243,NA,7,5,6,1912,0,0,0,NA,0,NA,VICTORY BOULEVARD,CALIFORNIA STREET,88,W,N,B,-,N,NA,NA,NA,NA,NA,NA,NA,NA,NA,N,2,0,1,2,A,-,05,21650,NA,N,D,C,A,A,H,-,A,D,0,NA,NA,Y,NA,Y,NA,C,03,1,0,0,0,0,0,0,0,1,-,-,34.184661865234375,-118.34583282470705,LOS ANGELES,BURBANK,-118.34613800048828,34.18470001220703
82374601,2024,2024-04-29,1922,2024-03-21,1228,688,NA,4,5,6,1922,0,0,0,NA,0,NA,RAMONA BLVD,FERRIS RD,300,E,N,A,-,N,NA,NA,NA,NA,NA,NA,NA,NA,NA,Y,3,0,1,2,A,-,03,22350,NA,N,D,C,A,A,H,-,A,D,0,NA,NA,NA,NA,Y,NA,A,01,0,1,0,0,0,0,0,0,0,-,-,34.0743408203125,-118.022216796875,LOS ANGELES,EL MONTE,-118.02104949951172,34.074302673339844
82374602,2024,2024-04-25,1922,2024-03-26,2125,721,NA,2,5,6,1922,0,0,0,NA,0,001,PECK RD,FEDERAL DR,0,NA,Y,A,-,N,NA,NA,NA,NA,NA,NA,NA,NA,NA,N,4,0,1,2,A,-,12,21453,A,N,D,C,A,A,H,-,C,A,0,NA,NA,NA,NA,Y,NA,A,01,0,0,1,0,0,0,0,0,0,-,-,34.069908142089844,-118.027099609375,LOS ANGELES,EL MONTE,-118.02709197998048,34.069969177246094
82374603,2024,2024-04-25,1922,2024-04-07,1930,725,NA,7,5,6,1922,0,0,0,NA,0,003,BROCKWAY ST,FRIENDSWOOD AVE,35,W,N,A,-,N,NA,NA,NA,NA,NA,NA,NA,NA,NA,N,3,0,1,2,A,-,08,22107,NA,N,B,G,A,A,H,-,B,D,0,NA,Y,NA,NA,Y,NA,-,-,0,1,0,0,0,0,1,0,0,-,-,34.069488525390625,-118.05196380615234,LOS ANGELES,EL MONTE,-118.05198669433594,34.069602966308594
82374659,2024,2024-04-25,1965,2024-03-15,1051,4193,NA,5,5,5,1965,0,0,0,NA,0,B002,PICO BLVD,22ND ST,45,E,N,A,-,N,NA,NA,NA,NA,NA,NA,NA,NA,NA,N,4,0,1,2,A,-,03,22350,NA,F,C,C,A,A,H,-,A,A,0,NA,NA,NA,NA,Y,NA,A,07,0,0,1,0,0,0,0,0,0,-,-,NA,NA,LOS ANGELES,SANTA MONICA,-118.46737670898438,34.02058029174805
82374660,2024,2024-04-29,1965,2024-03-15,812,4019,0B3B,5,5,5,1965,0,0,0,NA,0,003,SANTA MONICA BLVD,11TH ST,0,NA,Y,A,-,N,NA,NA,NA,NA,NA,NA,NA,NA,NA,Y,2,0,1,2,A,-,09,21801,A,N,D,C,A,A,H,-,C,A,0,NA,NA,Y,NA,Y,NA,A,01,1,0,0,0,0,0,0,0,1,-,-,NA,NA,LOS ANGELES,SANTA MONICA,-118.48854064941406,34.02178955078125
82374661,2024,2024-04-25,1965,2024-03-18,1410,3158,NA,1,5,5,1965,0,0,0,NA,0,B001,NEILSON WAY,BAY ST,0,NA,Y,A,-,N,NA,NA,NA,NA,NA,NA,NA,NA,NA,N,4,0,1,2,A,-,09,21801,A,F,D,C,A,A,H,-,A,A,0,NA,NA,Y,NA,Y,NA,A,01,0,0,1,0,0,0,0,0,1,-,-,NA,NA,LOS ANGELES,SANTA MONICA,-118.4895477294922,34.00673294067383
82374673,2024,2024-04-25,1925,2024-04-12,445,26050,NA,5,5,6,1925,0,0,0,NA,0,004,JACKSON STREET,MONTEREY ROAD,15,N,N,A,-,N,NA,NA,NA,NA,NA,NA,NA,NA,NA,Y,3,0,1,3,A,-,08,22107,NA,N,C,E,A,A,H,-,C,A,0,NA,NA,NA,NA,Y,NA,A,01,0,1,0,0,0,0,0,0,0,-,-,34.1574592590332,-118.25025939941406,LOS ANGELES,GLENDALE,-118.25025177001952,34.15753173828125
82374674,2024,2024-04-25,1925,2024-04-13,1626,28823,NA,6,5,6,1925,0,0,0,NA,0,001,BRAND BOULEVARD,GOODE AVENUE,0,NA,Y,C,-,N,NA,NA,NA,NA,NA,NA,NA,NA,NA,N,4,0,2,2,A,-,00,23123,NA,N,D,C,A,B,H,-,A,A,0,NA,NA,NA,NA,Y,NA,-,-,0,0,2,0,0,0,0,0,0,-,-,34.156761169433594,-118.25507354736328,LOS ANGELES,GLENDALE,-118.2551498413086,34.15676498413086
82374705,2024,2024-04-25,1933,2024-04-03,515,1089,NA,3,5,6,1933,0,0,0,NA,0,001,FLORENCE AV,OSAGE AVE,300,E,N,A,-,N,NA,NA,NA,NA,NA,NA,NA,NA,NA,Y,4,0,1,2,A,-,08,22107,NA,F,B,C,A,A,H,-,C,A,0,NA,NA,NA,NA,Y,NA,-,31,0,0,1,0,0,0,0,0,0,-,-,NA,NA,LOS ANGELES,INGLEWOOD,-118.34429168701172,33.97092056274414
82374717,2024,2024-04-25,1955,2024-01-27,1140,43004,NA,6,5,6,1955,0,0,0,NA,0,NA,ARROW HWY,YORKSHIRE WAY,20,E,N,A,-,N,NA,NA,NA,NA,NA,NA,NA,NA,NA,N,4,0,1,2,A,-,09,21804,A,N,G,B,E,A,H,-,A,A,0,Y,NA,NA,NA,Y,NA,A,07,0,0,1,0,1,0,0,0,0,-,-,34.09003829956055,-117.7379913330078,LOS ANGELES,POMONA,-117.73798370361328,34.090084075927734
82374720,2024,2024-04-25,1955,2024-02-27,1319,40764,NA,2,5,6,1955,0,0,0,NA,0,002,WHITE AVE,PRECIADO ST,210,N,N,B,-,N,NA,NA,NA,NA,NA,NA,NA,NA,NA,Y,4,0,1,1,A,-,08,22107,NA,N,E,I,A,A,H,-,A,D,0,NA,NA,Y,NA,Y,NA,C,02,0,0,1,0,0,0,0,0,1,-,-,34.0730094909668,-117.75917816162108,LOS ANGELES,POMONA,-117.7591552734375,34.07344436645508
82374722,2024,2024-04-25,1955,2024-03-24,637,42951,NA,7,5,6,1955,0,0,0,NA,0,001,WHITE AVE,CHESTER PL,84,N,N,A,-,N,NA,NA,NA,NA,NA,NA,NA,NA,NA,N,4,0,1,2,A,-,08,22107,NA,N,C,E,A,A,H,-,A,D,0,NA,NA,NA,NA,Y,NA,A,01,0,0,1,0,0,0,0,0,0,-,-,34.06597900390625,-117.75921630859376,LOS ANGELES,POMONA,-117.75917816162108,34.06618881225586
82374724,2024,2024-04-26,1955,2024-01-27,2050,42784,NA,6,5,6,1955,0,0,0,NA,0,004,TOWNE AVE,PHILADELPHIA ST,50,N,N,A,-,N,NA,NA,NA,NA,NA,NA,NA,NA,NA,Y,3,0,1,2,A,-,03,22350,NA,N,C,C,A,A,H,-,C,A,0,NA,NA,Y,NA,Y,NA,C,02,0,1,0,0,0,0,0,0,1,-,-,34.03350830078125,-117.74053955078124,LOS ANGELES,POMONA,-117.74054718017578,34.03365707397461
82374726,2024,2024-04-25,1955,2024-03-16,1956,42804,NA,6,5,6,1955,0,0,0,NA,0,003,HOLT AVE,GIBBS ST,43,E,N,A,-,N,NA,NA,NA,NA,NA,NA,NA,NA,NA,Y,4,0,1,2,A,-,03,22350,NA,N,C,C,A,A,H,-,C,D,0,NA,NA,NA,NA,Y,NA,-,-,0,0,1,0,0,0,0,0,0,-,-,34.06243896484375,-117.74815368652344,LOS ANGELES,POMONA,-117.7480010986328,34.062442779541016
82374727,2024,2024-04-25,1955,2024-03-21,1400,42987,NA,4,5,6,1955,0,0,0,NA,0,005,GAREY AVE,PHILLIPS BLVD,25,N,N,A,-,N,NA,NA,NA,NA,NA,NA,NA,NA,NA,Y,4,0,1,3,A,-,03,22350,NA,N,C,C,A,A,H,-,A,D,0,NA,NA,NA,NA,Y,NA,A,07,0,0,1,0,0,0,0,0,0,-,-,34.04425048828125,-117.74967956542967,LOS ANGELES,POMONA,-117.74972534179688,34.04427719116211
82375501,2024,2024-04-26,1912,2024-03-15,1900,14849,NA,5,5,6,1912,0,0,0,NA,0,NA,ANDOVER DRIVE,SAN FERNANDO BOULEVARD,160,W,N,A,-,N,NA,NA,NA,NA,NA,NA,NA,NA,NA,N,4,0,1,2,A,-,09,21804,B,N,D,G,A,A,H,-,A,D,0,NA,Y,NA,NA,Y,NA,L,04,0,0,1,0,0,0,1,0,0,-,-,34.19163131713867,-118.32366180419922,LOS ANGELES,BURBANK,-118.3237075805664,34.19108963012695
82375502,2024,2024-04-26,1912,2024-03-17,1200,15505,NA,7,5,6,1912,0,0,0,NA,0,NA,GLENOAKS BOULEVARD,FREDERIC STREET,33,N,N,A,-,N,NA,NA,NA,NA,NA,NA,NA,NA,NA,Y,3,0,2,3,A,-,03,22350,NA,N,C,C,A,A,H,-,A,D,0,NA,NA,NA,NA,Y,NA,A,07,0,1,1,0,0,0,0,0,0,-,-,34.20526123046875,-118.33869934082033,LOS ANGELES,BURBANK,-118.33881378173828,34.2054443359375
82375503,2024,2024-04-26,1912,2024-03-19,1922,13208,NA,2,5,6,1912,0,0,0,NA,0,NA,GLENOAKS BOULEVARD,PROVIDENCIA AVENUE,0,NA,Y,A,-,N,NA,NA,NA,NA,NA,NA,NA,NA,NA,N,3,0,1,2,A,-,11,21950,B,N,G,B,B,A,H,-,A,A,0,Y,NA,NA,NA,Y,NA,N,60,0,1,0,0,1,0,0,0,0,-,-,34.17942810058594,-118.30145263671876,LOS ANGELES,BURBANK,-118.30136108398438,34.17963409423828
82375504,2024,2024-04-26,1912,2024-01-08,2115,12451,NA,1,5,6,1912,0,0,0,NA,0,NA,SAN FERNANDO BOULEVARD,PALM AVENUE,20,S,N,A,-,N,NA,NA,NA,NA,NA,NA,NA,NA,NA,N,3,0,1,2,A,-,21,22106,NA,F,A,C,A,A,H,-,C,A,0,NA,NA,NA,NA,Y,NA,A,01,0,1,0,0,0,0,0,0,0,-,-,34.18231964111328,-118.31073760986328,LOS ANGELES,BURBANK,-118.3106689453125,34.18230438232422
82375506,2024,2024-04-26,1912,2024-03-22,201,14849,NA,5,5,6,1912,0,0,0,NA,0,NA,MAGNOLIA BOULEVARD,LOMITA STREET,0,NA,Y,A,-,N,NA,NA,NA,NA,NA,NA,NA,NA,NA,Y,4,0,1,2,A,-,09,21802,A,N,D,C,A,A,H,-,C,A,0,NA,NA,NA,NA,Y,NA,A,01,0,0,1,0,0,0,0,0,0,-,-,34.17668914794922,-118.32048034667967,LOS ANGELES,BURBANK,-118.32052612304688,34.17674255371094
82375507,2024,2024-04-26,1912,2024-03-22,1025,15490,NA,5,5,6,1912,0,0,0,NA,0,NA,SAN FERNANDO BOULEVARD,DELAWARE ROAD,0,NA,Y,A,-,N,NA,NA,NA,NA,NA,NA,NA,NA,NA,Y,4,0,1,2,A,-,12,21453,A,N,D,C,A,A,H,-,A,A,0,NA,NA,NA,NA,Y,NA,A,01,0,0,1,0,0,0,0,0,0,-,-,NA,NA,LOS ANGELES,BURBANK,-118.31845092773438,34.187965393066406
82375509,2024,2024-04-26,1912,2024-03-25,948,14849,NA,1,5,6,1912,0,0,0,NA,0,NA,GLENOAKS BOULEVARD,HARVARD ROAD,0,NA,Y,A,-,N,NA,NA,NA,NA,NA,NA,NA,NA,NA,N,4,0,1,2,A,-,10,21950,A,N,G,B,-,A,H,-,A,A,0,Y,NA,NA,NA,Y,NA,A,01,0,0,1,0,1,0,0,0,0,-,-,34.1874885559082,-118.31211090087892,LOS ANGELES,BURBANK,-118.31212615966795,34.1875
82375606,2024,2024-04-26,1972,2024-04-06,1057,18263,NA,6,5,6,1972,0,0,0,NA,0,NA,GRAMERCY AVE,SEPULVEDA BLVD,200,N,N,A,-,N,NA,NA,NA,NA,NA,NA,NA,NA,NA,N,3,0,1,2,A,-,11,21956,A,N,G,B,E,A,H,-,A,D,0,Y,NA,NA,NA,Y,NA,N,60,0,1,0,0,1,0,0,0,0,-,-,33.81983184814453,-118.31822204589844,LOS ANGELES,TORRANCE,-118.31807708740234,33.82033920288086
82375607,2024,2024-04-26,1972,2024-04-09,1502,21239,NA,2,5,6,1972,0,0,0,NA,0,NA,190TH ST,BERYL ST,125,E,N,A,-,Y,NA,NA,NA,NA,NA,NA,NA,NA,NA,Y,3,0,2,3,A,-,09,21804,A,N,D,C,A,A,H,-,A,A,0,NA,NA,NA,NA,Y,NA,A,01,0,1,1,0,0,0,0,0,0,-,-,33.85826110839844,-118.37477111816406,LOS ANGELES,TORRANCE,-118.37441253662108,33.85824966430664
82375609,2024,2024-04-26,1972,2024-04-12,515,22773,NA,5,5,6,1972,0,0,0,NA,0,NA,KONYA DR,TOMLEE AVE,0,NA,Y,A,-,N,NA,NA,NA,NA,NA,NA,NA,NA,NA,N,3,0,1,1,A,-,01,23152,A,N,E,I,A,A,H,-,C,D,0,NA,NA,NA,NA,Y,NA,A,07,0,1,0,0,0,0,0,0,0,-,-,33.84743881225586,-118.37637329101564,LOS ANGELES,TORRANCE,-118.37633514404295,33.84748077392578
82375613,2024,2024-04-26,1925,2024-04-14,2140,29788,NA,7,5,6,1925,0,0,0,NA,0,001,LAKE STREET,LINDEN COURT,0,NA,Y,A,-,N,NA,NA,NA,NA,NA,NA,NA,NA,NA,Y,4,0,1,8,A,-,03,22350,NA,N,H,E,A,B,H,-,C,A,0,NA,NA,NA,NA,Y,NA,A,07,0,0,1,0,0,0,0,0,0,-,-,NA,NA,LOS ANGELES,GLENDALE,-118.30238342285156,34.16682434082031
82375615,2024,2024-04-26,1925,2024-04-15,1212,22249,NA,1,5,6,1925,0,0,0,NA,0,005,LOWELL AVENUE,ABELLA STREET,225,N,N,A,B,N,NA,NA,NA,NA,NA,NA,NA,NA,NA,Y,3,0,1,2,A,-,09,21801,A,N,H,A,A,A,H,-,A,D,0,NA,NA,NA,NA,Y,NA,A,07,0,1,0,0,0,0,0,0,0,-,-,NA,NA,LOS ANGELES,GLENDALE,-118.26615142822266,34.238616943359375
82375670,2024,2024-04-26,1933,2024-04-24,805,910,NA,3,5,6,1933,0,0,0,NA,0,002,LA CIENEGA BLVD,OLIVE ST,100,N,N,A,-,N,NA,NA,NA,NA,NA,NA,NA,NA,NA,N,4,0,1,2,A,-,03,22350,NA,N,C,C,A,A,H,-,A,A,0,NA,NA,NA,NA,Y,NA,A,01,0,0,1,0,0,0,0,0,0,-,-,33.96001052856445,-118.37003326416016,LOS ANGELES,INGLEWOOD,-118.37007904052734,33.96018600463867
82375686,2024,2024-04-26,1955,2024-03-01,2252,42749,NA,5,5,6,1955,0,0,0,NA,0,014,INDIAN HILL BLVD,KINGSLEY AVE,0,NA,Y,B,C,N,NA,NA,NA,NA,NA,NA,NA,NA,NA,N,4,0,1,2,A,-,10,21950,A,N,G,B,B,B,H,-,C,A,0,Y,NA,NA,NA,Y,NA,A,01,0,0,1,0,1,0,0,0,0,-,-,34.067108154296875,-117.71922302246094,LOS ANGELES,POMONA,-117.71920776367188,34.066925048828125
82375688,2024,2024-04-26,1955,2024-03-20,1259,42951,NA,3,5,6,1955,0,0,0,NA,0,004,MISSION BLVD,SAN ANTONIO AVE,78,E,N,A,-,N,NA,NA,NA,NA,NA,NA,NA,NA,NA,N,4,0,1,2,A,-,03,22350,NA,N,C,C,A,A,H,-,A,A,0,NA,NA,NA,NA,Y,NA,I,19,0,0,1,0,0,0,0,0,0,-,-,34.0554084777832,-117.73696136474608,LOS ANGELES,POMONA,-117.7366943359375,34.055450439453125
82375707,2024,2024-04-26,1955,2024-03-21,1920,40764,NA,4,5,6,1955,0,0,0,NA,0,001,HOLT AVE,HAMILTON BLVD,347,W,N,A,-,N,NA,NA,NA,NA,NA,NA,NA,NA,NA,Y,4,0,1,2,A,-,01,23152,A,F,C,C,A,A,H,-,C,A,0,NA,NA,NA,NA,Y,Y,A,01,0,0,1,0,0,0,0,0,0,-,-,34.062068939208984,-117.76344299316406,LOS ANGELES,POMONA,-117.76454925537108,34.0620231628418
82376439,2024,2024-04-29,1922,2024-04-06,2028,718,NA,6,5,6,1922,0,0,0,NA,0,NA,PECK RD,FOREST GROVE ST,0,NA,Y,A,-,N,NA,NA,NA,NA,NA,NA,NA,NA,NA,N,4,0,1,2,A,-,08,22107,NA,F,C,G,A,A,H,-,C,A,0,NA,Y,NA,NA,Y,NA,L,04,0,0,1,0,0,0,1,0,0,-,-,34.07598114013672,-118.02194213867188,LOS ANGELES,EL MONTE,-118.02195739746094,34.07598114013672
82376450,2024,2024-04-29,1947,2024-04-03,754,1477,1947,3,5,5,1947,0,0,0,NA,0,00E,VAIL AVE,OLYMPIC BLVD,141,N,N,A,-,N,NA,NA,NA,NA,NA,NA,NA,NA,NA,Y,4,0,2,3,A,-,09,21804,A,N,A,E,A,A,H,-,A,D,0,NA,NA,NA,NA,Y,NA,A,01,0,0,2,0,0,0,0,0,0,-,-,34.009830474853516,-118.12003326416016,LOS ANGELES,MONTEBELLO,-118.1198959350586,34.01022720336914
82376452,2024,2024-04-29,1947,2024-04-05,1056,1471,NA,5,5,5,1947,0,0,0,NA,0,00E,OLYMPIC BLVD,GREENWOOD AVE,200,W,N,B,-,N,NA,NA,NA,NA,NA,NA,NA,NA,NA,N,4,0,1,2,A,-,08,22107,NA,N,B,C,A,A,H,-,A,D,0,NA,NA,NA,NA,Y,NA,I,11,0,0,1,0,0,0,0,0,0,-,-,34.007171630859375,-118.11299896240234,LOS ANGELES,MONTEBELLO,-118.11360931396484,34.007354736328125
82376454,2024,2024-04-29,1947,2024-04-12,1514,1459,LEAVE,5,5,5,1947,0,0,0,NA,0,00A,BRADSHAWE AVE,DEWAR AVE,0,NA,Y,A,-,N,NA,NA,NA,NA,NA,NA,NA,NA,NA,N,3,0,1,2,A,-,12,22450,A,N,D,G,A,A,H,-,A,A,0,NA,Y,NA,NA,Y,NA,M,91,0,1,0,0,0,0,1,0,0,-,-,NA,NA,LOS ANGELES,MONTEBELLO,-118.1409149169922,34.03041458129883
82376503,2024,2024-04-29,1955,2024-03-24,1715,42952,58,7,5,6,1955,0,0,0,NA,0,005,MISSION BLVD,PHILLIPS DR,543,W,N,B,C,N,NA,NA,NA,NA,NA,NA,NA,NA,NA,Y,2,0,1,1,A,-,03,22350,NA,N,E,I,A,B,H,-,A,A,0,NA,NA,NA,NA,Y,NA,A,01,1,0,0,0,0,0,0,0,0,-,-,34.050960540771484,-117.79266357421876,LOS ANGELES,POMONA,-117.7941665649414,34.05012130737305
82376504,2024,2024-04-29,1955,2024-03-27,853,41897,0010,3,5,6,1955,0,0,0,NA,0,001,GAREY AVE,ALVARADO ST,20,N,N,A,-,N,NA,NA,NA,NA,NA,NA,NA,NA,NA,N,4,0,4,2,A,-,03,22350,NA,N,C,C,A,A,H,-,A,A,0,NA,NA,NA,NA,Y,NA,A,01,0,0,4,0,0,0,0,0,0,-,-,34.067718505859375,-117.75205993652344,LOS ANGELES,POMONA,-117.75208282470705,34.06773376464844
82376506,2024,2024-04-29,1955,2024-03-12,2349,41920,5,2,5,6,1955,0,0,0,NA,0,004,MISSION BLVD,TOWNE AVE,0,NA,Y,A,-,N,NA,NA,NA,NA,NA,NA,NA,NA,NA,Y,4,0,1,2,A,-,12,21453,A,N,-,C,A,A,H,-,C,A,0,NA,NA,NA,NA,Y,NA,A,01,0,0,1,0,0,0,0,0,0,-,-,34.055450439453125,-117.74127960205078,LOS ANGELES,POMONA,-117.7413330078125,34.05531692504883
82376631,2024,2024-07-25,1922,2024-04-11,2324,709,NA,4,5,6,1922,0,0,0,NA,0,002,VALLEY BLVD,PECK RD,875,E,N,A,-,N,NA,NA,NA,NA,NA,NA,NA,NA,NA,N,3,0,3,3,A,-,01,23152,G,N,D,C,F,A,H,-,C,D,0,Y,NA,NA,NA,Y,Y,A,01,0,1,2,0,1,0,0,0,0,-,-,34.06903076171875,-118.0281219482422,LOS ANGELES,EL MONTE,-118.02595520019533,34.06734848022461
82376647,2024,2024-04-29,1965,2024-01-20,2000,4161,NA,6,5,5,1965,0,0,0,NA,0,NA,CLOVERFIELD BLVD,MICHIGAN AVE,0,NA,Y,C,-,N,NA,NA,NA,NA,NA,NA,NA,NA,NA,N,3,0,1,2,A,-,08,22107,NA,F,D,C,A,B,H,-,C,A,0,NA,NA,NA,NA,Y,NA,A,01,0,1,0,0,0,0,0,0,0,-,-,NA,NA,LOS ANGELES,SANTA MONICA,-118.47039031982422,34.02547073364258
82376654,2024,2024-04-29,1965,2024-03-26,218,4121,0B1G,2,5,5,1965,0,0,0,NA,0,001,PICO BLVD,MAIN ST,0,NA,Y,A,-,N,NA,NA,NA,NA,NA,NA,NA,NA,NA,Y,3,0,1,2,A,-,12,21453,A,N,D,C,A,A,H,-,C,A,0,NA,NA,NA,NA,Y,NA,A,01,0,1,0,0,0,0,0,0,0,-,-,NA,NA,LOS ANGELES,SANTA MONICA,-118.48970794677734,34.007938385009766
82376727,2024,2024-04-29,1955,2024-02-28,2231,43013,0028,3,5,6,1955,0,0,0,NA,0,002,TOWNE AVE,BONITA AVE,18,N,N,A,-,N,NA,NA,NA,NA,NA,NA,NA,NA,NA,Y,4,0,1,2,A,-,08,22107,NA,N,D,C,A,A,H,-,C,A,0,NA,NA,NA,NA,Y,NA,A,07,0,0,1,0,0,0,0,0,0,-,-,34.09638977050781,-117.7368621826172,LOS ANGELES,POMONA,-117.73682403564452,34.09624099731445
82376729,2024,2024-04-29,1955,2024-03-13,1012,42042,61,3,5,6,1955,0,0,0,NA,0,001,ORANGE GROVE AVE,GAREY AVE,117,E,N,A,-,N,NA,NA,NA,NA,NA,NA,NA,NA,NA,Y,4,0,1,2,A,-,08,22107,NA,N,D,C,A,A,H,-,A,A,0,NA,NA,NA,NA,Y,NA,-,99,0,0,1,0,0,0,0,0,0,-,-,34.07268142700195,-117.75221252441406,LOS ANGELES,POMONA,-117.7519073486328,34.072757720947266
82376730,2024,2024-04-29,1955,2024-03-19,1800,43016,20,2,5,6,1955,0,0,0,NA,0,002,LENNOX ST,VICENTE AVE,0,NA,Y,A,-,N,NA,NA,NA,NA,NA,NA,NA,NA,NA,N,3,0,1,1,A,-,13,22515,A,N,E,I,A,A,H,-,A,D,0,NA,NA,NA,NA,Y,NA,A,01,0,1,0,0,0,0,0,0,0,-,-,34.0895881652832,-117.72965240478516,LOS ANGELES,POMONA,-117.7297134399414,34.08955383300781
82376817,2024,2024-04-29,1912,2024-03-11,1132,15505,NA,1,5,6,1912,0,0,0,NA,0,NA,BUENA VISTA STREET,ALAMEDA AVENUE,0,NA,Y,A,-,N,NA,NA,NA,NA,NA,NA,NA,NA,NA,Y,2,0,1,2,A,-,09,21801,A,N,D,C,A,A,H,-,A,A,0,NA,NA,NA,NA,Y,NA,A,01,1,0,0,0,0,0,0,0,0,-,-,34.15821075439453,-118.32811737060548,LOS ANGELES,BURBANK,-118.32810974121094,34.1582145690918
82376818,2024,2024-04-29,1912,2024-03-24,1420,15510,C/D,7,5,6,1912,0,0,0,NA,0,1912,SAN FERNANDO BOULEVARD,ALAMEDA AVENUE,0,NA,Y,A,-,N,NA,NA,NA,NA,NA,NA,NA,NA,NA,N,4,0,1,2,A,-,09,21800,A,N,D,C,A,A,H,-,A,A,0,NA,NA,NA,Y,Y,NA,A,01,0,0,1,0,0,0,0,0,0,-,-,34.1744384765625,-118.29988861083984,LOS ANGELES,BURBANK,-118.29988098144533,34.17442321777344
82376823,2024,2024-04-29,1967,2024-04-08,754,178,NA,1,5,2,1967,0,0,0,NA,0,SOUTH,CHERRY AV,CRESCENT HEIGHTS,0,NA,Y,A,-,N,NA,NA,NA,NA,NA,NA,NA,NA,NA,Y,3,0,3,4,A,-,09,21801,A,N,D,C,A,A,H,-,A,A,0,NA,NA,NA,NA,Y,NA,A,01,0,1,2,0,0,0,0,0,0,-,-,NA,NA,LOS ANGELES,SIGNAL HILL,-118.16769409179688,33.80255889892578
82376827,2024,2024-04-29,1967,2024-04-09,1842,159,NA,2,5,2,1967,0,0,0,NA,0,NORTH,TEMPLE AV,WILLOW,0,NA,Y,A,-,N,NA,NA,NA,NA,NA,NA,NA,NA,NA,Y,3,0,3,3,A,-,12,21453,A,N,D,C,A,A,H,-,A,A,0,NA,NA,NA,NA,Y,NA,A,01,0,1,2,0,0,0,0,0,0,-,-,NA,NA,LOS ANGELES,SIGNAL HILL,-118.15889739990234,33.804359436035156
82376849,2024,2024-04-29,1972,2024-04-11,1117,18263,NA,4,5,6,1972,0,0,0,NA,0,NA,SKYPARK DR,MADISON ST,20,E,N,A,-,N,NA,NA,NA,NA,NA,NA,NA,NA,NA,N,4,0,1,2,A,-,21,22106,NA,N,C,C,A,A,H,-,A,D,0,NA,NA,NA,NA,Y,NA,D,22,0,0,1,0,0,0,0,0,0,-,-,33.81100082397461,-118.3481674194336,LOS ANGELES,TORRANCE,-118.34811401367188,33.81098556518555
82376850,2024,2024-04-29,1972,2024-04-11,1148,18263,NA,4,5,6,1972,0,0,0,NA,0,NA,CATHANN ST,GRANT AVE,150,E,N,A,-,N,NA,NA,NA,NA,NA,NA,NA,NA,NA,Y,4,0,1,2,A,-,08,22107,NA,N,A,E,A,A,H,-,A,D,0,NA,NA,NA,NA,Y,NA,A,01,0,0,1,0,0,0,0,0,0,-,-,33.82678985595703,-118.35724639892578,LOS ANGELES,TORRANCE,-118.3566665649414,33.826820373535156
82376853,2024,2024-04-29,1972,2024-04-16,1833,21239,NA,2,5,6,1972,0,0,0,NA,0,NA,190TH ST,PRAIRIE AVE,25,W,N,A,-,N,NA,NA,NA,NA,NA,NA,NA,NA,NA,Y,4,0,1,2,A,-,04,21703,NA,N,C,C,A,A,H,-,B,A,0,NA,NA,NA,Y,Y,NA,F,27,0,0,1,0,0,0,0,0,0,-,-,33.858219146728516,-118.34378814697266,LOS ANGELES,TORRANCE,-118.34395599365234,33.85829162597656