CASE_ID,ACCIDENT_YEAR,PROC_DATE,JURIS,COLLISION_DATE,COLLISION_TIME,OFFICER_ID,REPORTING_DISTRICT,DAY_OF_WEEK,CHP_SHIFT,POPULATION,CNTY_CITY_LOC,SPECIAL_COND,BEAT_TYPE,CHP_BEAT_TYPE,CITY_DIVISION_LAPD,CHP_BEAT_CLASS,BEAT_NUMBER,PRIMARY_RD,SECONDARY_RD,DISTANCE,DIRECTION,INTERSECTION,WEATHER_1,WEATHER_2,STATE_HWY_IND,CALTRANS_COUNTY,CALTRANS_DISTRICT,STATE_ROUTE,ROUTE_SUFFIX,POSTMILE_PREFIX,POSTMILE,LOCATION_TYPE,RAMP_INTERSECTION,SIDE_OF_HWY,TOW_AWAY,COLLISION_SEVERITY,NUMBER_KILLED,NUMBER_INJURED,PARTY_COUNT,PRIMARY_COLL_FACTOR,PCF_CODE_OF_VIOL,PCF_VIOL_CATEGORY,PCF_VIOLATION,PCF_VIOL_SUBSECTION,HIT_AND_RUN,TYPE_OF_COLLISION,MVIW,PED_ACTION,ROAD_SURFACE,ROAD_COND_1,ROAD_COND_2,LIGHTING,CONTROL_DEVICE,CHP_ROAD_TYPE,PEDESTRIAN_ACCIDENT,BICYCLE_ACCIDENT,MOTORCYCLE_ACCIDENT,TRUCK_ACCIDENT,NOT_PRIVATE_PROPERTY,ALCOHOL_INVOLVED,STWD_VEHTYPE_AT_FAULT,CHP_VEHTYPE_AT_FAULT,COUNT_SEVERE_INJ,COUNT_VISIBLE_INJ,COUNT_COMPLAINT_PAIN,COUNT_PED_KILLED,COUNT_PED_INJURED,COUNT_BICYCLIST_KILLED,COUNT_BICYCLIST_INJURED,COUNT_MC_KILLED,COUNT_MC_INJURED,PRIMARY_RAMP,SECONDARY_RAMP,LATITUDE,LONGITUDE,COUNTY,CITY,POINT_X,POINT_Y
82414617,2024,2024-06-14,1925,2024-05-28,646,26039,NA,2,5,6,1925,0,0,0,NA,0,002,HARVARD STREET,BELMONT STREET,0,NA,Y,A,-,N,NA,NA,NA,NA,NA,NA,NA,NA,NA,N,4,0,3,2,A,-,08,22107,NA,M,B,C,A,A,H,-,A,D,0,NA,NA,NA,NA,Y,Y,A,01,0,0,3,0,0,0,0,0,0,-,-,34.14445114135742,-118.24310302734376,LOS ANGELES,GLENDALE,-118.24307250976564,34.14445114135742
82415222,2024,2024-06-17,1912,2024-05-14,2006,11822,NA,2,5,6,1912,0,0,0,NA,0,NA,EMPIRE AVENUE,BUENA VISTA STREET,0,NA,Y,A,-,N,NA,NA,NA,NA,NA,NA,NA,NA,NA,Y,4,0,1,2,A,-,09,21801,A,N,D,C,A,A,H,-,C,A,0,NA,NA,NA,NA,Y,NA,D,22,0,0,1,0,0,0,0,0,0,-,-,NA,NA,LOS ANGELES,BURBANK,-118.33802795410156,34.19181823730469
82415308,2024,2024-06-17,1947,2024-05-24,2239,1463,NA,5,5,5,1947,0,0,0,NA,0,00F,PARAMOUNT BLVD,TOWN CENTER DR,76,S,N,A,-,N,NA,NA,NA,NA,NA,NA,NA,NA,NA,N,4,0,1,2,A,-,08,22107,NA,N,B,C,A,A,H,-,C,A,0,NA,NA,NA,Y,Y,NA,A,01,0,0,1,0,0,0,0,0,0,-,-,34.03504943847656,-118.09197998046876,LOS ANGELES,MONTEBELLO,-118.09193420410156,34.03505325317383
82415327,2024,2024-06-17,1972,2024-05-22,1655,21239,NA,3,5,6,1972,0,0,0,NA,0,NA,HAWTHORNE BLVD,FASHION WAY,0,NA,Y,A,-,Y,LA,NA,107,NA,NA,2.085,H,NA,L,N,3,0,1,2,A,-,09,21804,A,N,D,G,A,A,H,-,A,A,0,NA,Y,NA,NA,Y,NA,L,04,0,1,0,0,0,0,1,0,0,-,-,33.83525848388672,-118.35333251953124,LOS ANGELES,TORRANCE,-118.3533172607422,33.835262298583984
82415328,2024,2024-06-17,1972,2024-05-28,1439,21239,NA,2,5,6,1972,0,0,0,NA,0,NA,SEPULVEDA BLVD,HAWTHORNE BLVD,200,W,N,A,-,Y,LA,NA,107,NA,NA,1.41,H,NA,L,N,4,0,2,2,A,-,09,21801,A,N,D,C,A,A,H,-,A,A,0,NA,NA,NA,NA,Y,NA,A,01,0,0,2,0,0,0,0,0,0,-,-,33.82556915283203,-118.35164642333984,LOS ANGELES,TORRANCE,-118.3515625,33.82558822631836
82415330,2024,2024-06-17,1972,2024-05-29,2113,21239,NA,3,5,6,1972,0,0,0,NA,0,NA,RUBY ST,PALOS VERDES BLVD,25,E,N,A,-,N,NA,NA,NA,NA,NA,NA,NA,NA,NA,Y,3,0,1,1,A,-,08,22107,NA,N,E,I,A,A,H,-,C,A,0,NA,NA,NA,NA,Y,NA,A,01,0,1,0,0,0,0,0,0,0,-,-,33.83380126953125,-118.36927032470705,LOS ANGELES,TORRANCE,-118.36921691894533,33.83378982543945
82415331,2024,2024-06-17,1972,2024-06-01,1208,21239,NA,6,5,6,1972,0,0,0,NA,0,NA,CARSON ST,MADRID AVE,0,NA,Y,A,-,N,NA,NA,NA,NA,NA,NA,NA,NA,NA,Y,3,0,1,2,A,-,08,22107,NA,F,E,I,A,A,H,-,A,A,0,NA,NA,NA,NA,Y,Y,A,01,0,1,0,0,0,0,0,0,0,-,-,33.83134841918945,-118.32473754882813,LOS ANGELES,TORRANCE,-118.32508850097656,33.83134078979492
82415333,2024,2024-06-17,1925,2024-05-28,1549,28595,NA,2,5,6,1925,0,0,0,NA,0,001,GLENOAKS BOULEVARD,LOUISE STREET,345,W,N,-,-,N,NA,NA,NA,NA,NA,NA,NA,NA,NA,Y,4,0,1,2,A,-,09,21804,A,N,D,C,A,A,H,-,A,D,0,NA,NA,NA,NA,Y,NA,A,01,0,0,1,0,0,0,0,0,0,-,-,NA,NA,LOS ANGELES,GLENDALE,-118.25372314453124,34.15874099731445
82415335,2024,2024-06-17,1925,2024-06-02,1245,21055,NA,7,5,6,1925,0,0,0,NA,0,003,CHEVY CHASE DRIVE,BOYNTON STREET,610,E,N,B,-,N,NA,NA,NA,NA,NA,NA,NA,NA,NA,Y,4,0,2,2,A,-,08,22102,NA,N,D,C,A,A,H,-,A,D,0,NA,NA,NA,NA,Y,NA,A,01,0,0,2,0,0,0,0,0,0,-,-,34.1336784362793,-118.24906158447266,LOS ANGELES,GLENDALE,-118.24708557128906,34.13379669189453
82415336,2024,2024-06-17,1925,2024-06-02,1450,21055,NA,7,5,6,1925,0,0,0,NA,0,004,BRAND BOULEVARD,STOCKER STREET,250,N,N,B,-,N,NA,NA,NA,NA,NA,NA,NA,NA,NA,N,3,0,1,2,A,-,17,21208,A,N,B,G,A,A,H,-,A,D,0,NA,Y,NA,NA,Y,NA,L,04,0,1,0,0,0,0,1,0,0,-,-,34.163658142089844,-118.25507354736328,LOS ANGELES,GLENDALE,-118.25506591796876,34.16439437866211
82415337,2024,2024-06-17,1925,2024-06-02,1536,21055,NA,7,5,6,1925,0,0,0,NA,0,003,CHEVY CHASE DRIVE,HARVARD STREET,0,NA,Y,A,-,N,NA,NA,NA,NA,NA,NA,NA,NA,NA,N,4,0,1,4,A,-,12,21453,A,N,D,C,A,A,H,-,A,A,0,NA,NA,NA,NA,Y,NA,A,01,0,0,1,0,0,0,0,0,0,-,-,NA,NA,LOS ANGELES,GLENDALE,-118.23961639404295,34.14443588256836
82415341,2024,2024-06-17,1925,2024-06-03,2026,28418,NA,1,5,6,1925,0,0,0,NA,0,002,SAN FERNANDO ROAD,BROADWAY,250,N,N,A,-,N,NA,NA,NA,NA,NA,NA,NA,NA,NA,Y,2,0,1,1,A,-,03,22350,NA,N,E,I,A,A,D,-,C,D,0,NA,NA,Y,NA,Y,NA,C,02,1,0,0,0,0,0,0,0,1,-,-,34.14667892456055,-118.27181243896484,LOS ANGELES,GLENDALE,-118.27215576171876,34.14740753173828
82415384,2024,2024-06-17,1955,2024-04-30,1946,42830,NA,2,5,6,1955,0,0,0,NA,0,001,TEMPLE AVE,MISSION BLVD,0,NA,Y,A,-,N,NA,NA,NA,NA,NA,NA,NA,NA,NA,Y,4,0,1,2,A,-,12,21453,A,N,D,C,A,A,H,-,C,A,0,NA,NA,NA,NA,Y,NA,A,01,0,0,1,0,0,0,0,0,0,-,-,34.040531158447266,-117.7980728149414,LOS ANGELES,POMONA,-117.7980728149414,34.0405387878418
82415388,2024,2024-06-17,1955,2024-05-12,40,43004,NA,7,5,6,1955,0,0,0,NA,0,003,SAN BERNARDINO AVE,MOUNTAIN AVE,0,NA,Y,A,-,N,NA,NA,NA,NA,NA,NA,NA,NA,NA,Y,3,0,2,2,A,-,12,22450,A,N,D,C,A,A,H,-,C,A,0,NA,NA,NA,NA,Y,NA,A,01,0,1,1,0,0,0,0,0,0,-,-,34.07590103149414,-117.72801208496094,LOS ANGELES,POMONA,-117.7280044555664,34.075862884521484
82415394,2024,2024-06-17,1955,2024-05-12,1709,41886,NA,7,5,6,1955,0,0,0,NA,0,005,11TH ST,BUENA VISTA AVE,120,W,N,A,-,N,NA,NA,NA,NA,NA,NA,NA,NA,NA,N,4,0,1,2,A,-,08,22107,NA,F,B,C,A,A,H,-,A,A,0,NA,NA,NA,NA,Y,NA,D,22,0,0,1,0,0,0,0,0,0,-,-,34.04922866821289,-117.76731872558594,LOS ANGELES,POMONA,-117.76770782470705,34.04920959472656
82415397,2024,2024-06-17,1955,2024-05-11,2331,43056,NA,6,5,6,1955,0,0,0,NA,0,002,WHITE AVE,ARROW HWY,990,S,N,A,-,N,NA,NA,NA,NA,NA,NA,NA,NA,NA,Y,4,0,2,2,A,-,09,21801,A,N,E,I,A,A,E,G,C,A,0,NA,NA,NA,NA,Y,NA,A,01,0,0,2,0,0,0,0,0,0,-,-,34.0943489074707,-117.76454162597656,LOS ANGELES,POMONA,-117.7651138305664,34.091617584228516
82415521,2024,2024-06-17,1963,2024-05-30,1310,366,NA,4,5,3,1963,0,0,0,NA,0,ONE,LOS ROBLES AV,MISSION ST,297,S,N,A,-,N,NA,NA,NA,NA,NA,NA,NA,NA,NA,N,4,0,1,2,A,-,21,22106,NA,N,B,C,A,A,H,-,A,D,0,NA,NA,NA,NA,Y,NA,A,08,0,0,1,0,0,0,0,0,0,-,-,NA,NA,LOS ANGELES,SAN MARINO,-118.13766479492188,34.11542892456055
82415522,2024,2024-06-17,1912,2024-05-15,1020,13377,NA,3,5,6,1912,0,0,0,NA,0,NA,BUENA VISTA STREET,VANOWEN STREET,22,S,N,B,-,N,NA,NA,NA,NA,NA,NA,NA,NA,NA,Y,4,0,3,1,A,-,03,22350,NA,N,E,I,A,A,H,-,A,A,0,NA,NA,NA,NA,Y,NA,A,01,0,0,3,0,0,0,0,0,0,-,-,NA,NA,LOS ANGELES,BURBANK,-118.33824157714844,34.189598083496094
82415523,2024,2024-06-17,1912,2024-05-15,1440,11832,NA,3,5,6,1912,0,0,0,NA,0,NA,GLENOAKS BOULEVARD,CYPRESS AVENUE,75,N,N,B,-,N,NA,NA,NA,NA,NA,NA,NA,NA,NA,N,4,0,1,2,A,-,09,21801,A,N,D,C,A,A,H,-,A,D,0,NA,NA,NA,NA,Y,NA,A,07,0,0,1,0,0,0,0,0,0,-,-,NA,NA,LOS ANGELES,BURBANK,-118.31133270263672,34.18691635131836
82415528,2024,2024-06-17,1975,2024-05-25,1245,494,NA,6,5,6,1975,0,0,0,NA,0,005,FAIRGROVE AV,EVENINGSIDE DR,150,W,N,A,-,N,NA,NA,NA,NA,NA,NA,NA,NA,NA,Y,3,0,1,3,A,-,03,22350,NA,N,A,E,A,A,H,-,A,D,0,NA,NA,NA,NA,Y,NA,A,01,0,1,0,0,0,0,0,0,0,-,-,34.0401496887207,-117.91883850097656,LOS ANGELES,WEST COVINA,-117.91934204101564,34.04005432128906
82415529,2024,2024-06-17,1975,2024-05-25,1907,435,NA,6,5,6,1975,0,0,0,NA,0,003,LARK ELLEN AV,VINE AV,0,NA,Y,A,-,N,NA,NA,NA,NA,NA,NA,NA,NA,NA,N,4,0,1,2,A,-,12,22450,A,N,D,C,A,A,H,-,A,A,0,NA,NA,NA,NA,Y,NA,-,-,0,0,1,0,0,0,0,0,0,-,-,34.057579040527344,-117.91671752929688,LOS ANGELES,WEST COVINA,-117.91674041748048,34.05752944946289
82415540,2024,2024-06-17,1922,2024-05-13,2307,714,NA,1,5,6,1922,0,0,0,NA,0,NA,BALDWIN AVE,FLAIR DR,50,N,N,A,-,N,NA,NA,NA,NA,NA,NA,NA,NA,NA,N,3,0,1,2,A,-,11,21954,A,N,G,B,F,A,H,-,C,A,0,Y,NA,NA,NA,Y,NA,N,60,0,1,0,0,1,0,0,0,0,-,-,34.07173156738281,-118.05355834960938,LOS ANGELES,EL MONTE,-118.05364990234376,34.07183837890625
82415541,2024,2024-06-17,1922,2024-05-27,1603,682,NA,1,5,6,1922,0,0,0,NA,0,003,SANTA ANITA AVE,GARVEY AVE,0,NA,Y,A,-,N,NA,NA,NA,NA,NA,NA,NA,NA,NA,Y,4,0,1,2,A,-,01,23152,G,N,D,C,A,A,H,-,A,A,0,NA,NA,NA,NA,Y,Y,A,01,0,0,1,0,0,0,0,0,0,-,-,34.06269836425781,-118.04254150390624,LOS ANGELES,EL MONTE,-118.0425033569336,34.06275177001953
82415543,2024,2024-06-17,1922,2024-05-28,448,614,NA,2,5,6,1922,0,0,0,NA,0,004,VALLEY BLVD,DURFEE AVE,600,W,N,A,-,N,NA,NA,NA,NA,NA,NA,NA,NA,NA,Y,3,0,1,2,A,-,08,22107,NA,N,C,E,A,A,H,-,C,D,0,NA,NA,NA,NA,Y,NA,A,01,0,1,0,0,0,0,0,0,0,-,-,34.059871673583984,-118.01322174072266,LOS ANGELES,EL MONTE,-118.0149383544922,34.06058883666992
82415544,2024,2024-06-17,1922,2024-05-29,1125,646,NA,3,5,6,1922,0,0,0,NA,0,002,PECK RD,EMERY ST,0,NA,Y,A,-,Y,NA,NA,NA,NA,NA,NA,NA,NA,NA,Y,4,0,1,2,A,-,12,21453,A,N,D,C,A,A,H,-,A,A,0,NA,NA,NA,NA,Y,NA,A,01,0,0,1,0,0,0,0,0,0,-,-,34.086669921875,-118.01667022705078,LOS ANGELES,EL MONTE,-118.0166473388672,34.086673736572266
82415545,2024,2024-06-17,1922,2024-05-29,1455,724,NA,3,5,6,1922,0,0,0,NA,0,NA,TYLER AVE,MONTECITO DR,0,NA,Y,A,-,N,NA,NA,NA,NA,NA,NA,NA,NA,NA,N,4,0,1,2,A,-,12,22450,A,N,A,C,A,A,H,-,A,A,0,NA,NA,NA,NA,Y,NA,A,01,0,0,1,0,0,0,0,0,0,-,-,34.07841873168945,-118.03334808349608,LOS ANGELES,EL MONTE,-118.03337097167967,34.078392028808594
82415546,2024,2024-06-17,1922,2024-05-30,1539,633,NA,4,5,6,1922,0,0,0,NA,0,NA,GARVEY AVE,MERCED AVE (N),0,NA,Y,A,-,N,NA,NA,NA,NA,NA,NA,NA,NA,NA,Y,4,0,4,2,A,-,12,21453,A,N,D,C,A,A,H,-,A,A,0,NA,NA,NA,NA,Y,NA,A,07,0,0,4,0,0,0,0,0,0,-,-,34.06267166137695,-118.05140686035156,LOS ANGELES,EL MONTE,-118.05136871337892,34.062740325927734
82415547,2024,2024-06-17,1923,2024-06-03,2015,565,NA,1,5,3,1923,0,0,0,NA,0,ES3,NASH ST,MARIPOSA AVE,0,NA,Y,A,-,Y,NA,NA,NA,NA,NA,NA,NA,NA,NA,Y,3,0,1,2,A,-,09,21801,A,N,D,C,A,A,H,-,C,A,0,NA,NA,NA,NA,Y,NA,A,01,0,1,0,0,0,0,0,0,0,-,-,NA,NA,LOS ANGELES,EL SEGUNDO,-118.3874053955078,33.92359924316406
82415569,2024,2024-06-17,1925,2024-05-30,1338,26161,NA,4,5,6,1925,0,0,0,NA,0,001,SONORA AVENUE,RANDALL STREET,0,NA,Y,A,-,N,NA,NA,NA,NA,NA,NA,NA,NA,NA,N,4,0,2,2,A,-,09,21802,A,N,D,C,A,A,H,-,A,A,0,NA,NA,NA,NA,Y,NA,A,07,0,0,2,0,0,0,0,0,0,-,-,NA,NA,LOS ANGELES,GLENDALE,-118.29509735107422,34.15950012207031
82415766,2024,2024-06-17,1972,2024-06-05,2219,21239,NA,3,5,6,1972,0,0,0,NA,0,NA,HAWTHORNE BLVD,182ND ST,50,S,N,A,-,Y,LA,NA,107,NA,NA,4.19,H,NA,R,N,4,0,1,2,A,-,03,22350,NA,N,C,C,A,A,H,-,C,A,0,NA,NA,NA,NA,Y,NA,A,01,0,0,1,0,0,0,0,0,0,-,-,33.8654899597168,-118.35247039794922,LOS ANGELES,TORRANCE,-118.35247039794922,33.8654899597168
82415768,2024,2024-06-17,1925,2024-06-03,1457,26039,NA,1,5,6,1925,0,0,0,NA,0,003,BRAND BOULEVARD,BROADWAY,336,N,N,A,-,N,NA,NA,NA,NA,NA,NA,NA,NA,NA,N,4,0,1,2,A,-,03,22350,NA,N,C,C,A,A,H,-,A,A,0,NA,NA,NA,NA,Y,NA,A,01,0,0,1,0,0,0,0,0,0,-,-,34.14630889892578,-118.25501251220705,LOS ANGELES,GLENDALE,-118.25508880615234,34.1462516784668
82415769,2024,2024-06-17,1925,2024-06-04,1059,27629,NA,2,5,6,1925,0,0,0,NA,0,004,GLENDALE AVENUE,MONTEREY ROAD,50,N,N,A,-,N,NA,NA,NA,NA,NA,NA,NA,NA,NA,N,4,0,3,2,A,-,12,21453,A,N,D,C,A,A,H,-,A,A,0,NA,NA,NA,NA,Y,NA,A,01,0,0,3,0,0,0,0,0,0,-,-,NA,NA,LOS ANGELES,GLENDALE,-118.24187469482422,34.15632247924805
82415771,2024,2024-06-17,1925,2024-06-05,1333,21089,NA,3,5,6,1925,0,0,0,NA,0,001,HIGHLAND AVENUE,GLENOAKS BOULEVARD,0,NA,Y,A,-,N,NA,NA,NA,NA,NA,NA,NA,NA,NA,Y,4,0,2,2,A,-,09,21801,A,N,A,C,A,A,H,-,A,A,0,NA,NA,NA,NA,Y,NA,A,01,0,0,2,0,0,0,0,0,0,-,-,NA,NA,LOS ANGELES,GLENDALE,-118.27486419677734,34.1607780456543
82416729,2024,2024-06-18,1963,2024-05-30,2017,371,NA,4,5,3,1963,0,0,0,NA,0,002,WEST DR,S/C/L/P OF BEDFORD ROAD,84,S,N,A,-,N,NA,NA,NA,NA,NA,NA,NA,NA,NA,Y,3,0,1,1,D,-,00,NA,NA,N,E,I,A,A,H,-,B,D,0,NA,NA,NA,NA,Y,NA,-,-,0,1,0,0,0,0,0,0,0,-,-,NA,NA,LOS ANGELES,SAN MARINO,-118.11143493652344,34.117523193359375
82416781,2024,2024-06-20,1922,2024-06-02,1145,684,NA,7,5,6,1922,0,0,0,NA,0,001,SANTA ANITA AVE,KINGS ROW,0,NA,Y,B,-,N,NA,NA,NA,NA,NA,NA,NA,NA,NA,Y,3,0,3,2,A,-,09,21800,A,N,D,C,A,A,H,-,A,A,0,NA,NA,NA,NA,Y,NA,A,01,0,1,2,0,0,0,0,0,0,-,-,34.09349060058594,-118.02667999267578,LOS ANGELES,EL MONTE,-118.026611328125,34.0934944152832
82416791,2024,2024-06-18,1969,2024-03-12,1905,10165,NA,2,5,5,1969,0,0,0,NA,0,001,LONG BEACH BLVD,CASS PL,10,N,N,A,-,N,NA,NA,NA,NA,NA,NA,NA,NA,NA,N,2,0,1,2,A,-,11,21954,A,N,G,B,D,A,H,-,C,D,0,Y,NA,NA,NA,Y,NA,N,60,1,0,0,0,1,0,0,0,0,-,-,33.96162033081055,-118.22393035888672,LOS ANGELES,SOUTH GATE,-118.22393798828124,33.96156311035156
82416793,2024,2024-06-18,1947,2024-05-09,2130,1469,NA,4,5,5,1947,0,0,0,NA,0,00E,VAIL AVE,FLOTILLA ST,0,NA,Y,A,-,N,NA,NA,NA,NA,NA,NA,NA,NA,NA,Y,4,0,2,2,A,-,09,21801,A,N,D,C,A,A,H,-,C,A,0,NA,NA,NA,NA,Y,NA,A,01,0,0,2,0,0,0,0,0,0,-,-,34.0040397644043,-118.1234130859375,LOS ANGELES,MONTEBELLO,-118.1234130859375,34.004005432128906
82416794,2024,2024-06-18,1969,2024-04-02,2005,10165,NA,2,5,5,1969,0,0,0,NA,0,001,LONG BEACH BLVD,GLENWOOD PL,52,N,N,A,-,N,NA,NA,NA,NA,NA,NA,NA,NA,NA,N,2,0,1,2,A,-,11,21954,A,N,G,B,D,A,H,-,C,D,0,Y,NA,NA,NA,Y,Y,N,60,1,0,0,0,1,0,0,0,0,-,-,33.953529357910156,-118.21897888183594,LOS ANGELES,SOUTH GATE,-118.21904754638672,33.95360565185547
82416795,2024,2024-06-18,1947,2024-05-11,1932,1437,NA,6,5,5,1947,0,0,0,NA,0,00D,HUGHES AVE,4TH ST,0,NA,Y,A,-,N,NA,NA,NA,NA,NA,NA,NA,NA,NA,Y,2,0,1,3,A,-,01,23152,F,N,D,G,A,A,H,-,B,D,0,NA,Y,NA,NA,Y,NA,A,01,1,0,0,0,0,0,1,0,0,-,-,33.998748779296875,-118.10955810546876,LOS ANGELES,MONTEBELLO,-118.10948944091795,33.99878692626953
82416798,2024,2024-06-18,1969,2024-04-13,1456,10259,NA,6,5,5,1969,0,0,0,NA,0,002,ARDMORE AV,GARDEN VIEW AV,0,NA,Y,B,-,N,NA,NA,NA,NA,NA,NA,NA,NA,NA,N,4,0,2,2,A,-,09,21801,A,N,B,C,A,A,H,-,A,D,0,NA,NA,NA,NA,Y,NA,A,01,0,0,2,0,0,0,0,0,0,-,-,33.958309173583984,-118.21526336669922,LOS ANGELES,SOUTH GATE,-118.21527099609376,33.9582405090332
82416800,2024,2024-06-18,1969,2024-04-21,1406,10245,NA,7,5,5,1969,0,0,0,NA,0,NA,SAN ANTONIO AV,TWEEDY BLVD,40,S,N,A,-,N,NA,NA,NA,NA,NA,NA,NA,NA,NA,N,3,0,1,2,A,-,09,21804,A,N,B,J,A,A,H,-,E,D,0,NA,NA,NA,NA,Y,NA,M,94,0,1,0,0,0,0,0,0,0,-,-,33.94430923461914,-118.20645141601564,LOS ANGELES,SOUTH GATE,-118.20645141601564,33.944190979003906
82416804,2024,2024-06-18,1969,2024-04-25,2200,10260,NA,4,5,5,1969,0,0,0,NA,0,004,ATLANTIC AV,SOUTHERN LN,0,NA,Y,A,-,N,NA,NA,NA,NA,NA,NA,NA,NA,NA,Y,4,0,1,2,A,-,09,21801,A,F,A,C,A,A,H,-,C,D,0,NA,NA,Y,NA,Y,NA,A,01,0,0,1,0,0,0,0,0,1,-,-,33.948848724365234,-118.18202972412108,LOS ANGELES,SOUTH GATE,-118.18209075927734,33.948909759521484
82416805,2024,2024-06-18,1969,2024-04-26,1820,10264,NA,5,5,5,1969,0,0,0,NA,0,005,IMPERIAL HWY,RUCHTI RD,0,NA,Y,A,-,N,NA,NA,NA,NA,NA,NA,NA,NA,NA,N,3,0,1,2,A,-,09,21801,A,F,D,C,A,A,H,-,A,A,0,NA,NA,NA,NA,Y,NA,-,-,0,1,0,0,0,0,0,0,0,-,-,33.92998123168945,-118.16999816894533,LOS ANGELES,SOUTH GATE,-118.16986846923828,33.93001937866211
82416811,2024,2024-06-18,1969,2024-05-08,912,20226,NA,3,5,5,1969,0,0,0,NA,0,001,FILESTONE BLVD,CALDEN AV,235,W,N,A,-,N,NA,NA,NA,NA,NA,NA,NA,NA,NA,N,4,0,1,2,A,-,17,21235,G,N,D,C,A,A,H,-,A,B,0,NA,NA,NA,NA,Y,NA,M,94,0,0,1,0,0,0,0,0,0,-,-,33.95724868774414,-118.22889709472656,LOS ANGELES,SOUTH GATE,-118.2297134399414,33.957340240478516
82416816,2024,2024-06-18,1969,2024-05-15,920,20226,NA,3,5,5,1969,0,0,0,NA,0,003,CALIFORNIA AV,FILESTONE BLVD,0,NA,Y,B,-,N,NA,NA,NA,NA,NA,NA,NA,NA,NA,Y,3,0,2,2,D,-,00,NA,NA,N,D,C,A,A,H,-,A,A,0,NA,NA,NA,NA,Y,NA,-,-,0,2,0,0,0,0,0,0,0,-,-,33.954219818115234,-118.2060775756836,LOS ANGELES,SOUTH GATE,-118.2061004638672,33.95418167114258
82416820,2024,2024-06-18,1969,2024-05-16,1255,20226,NA,4,5,5,1969,0,0,0,NA,0,003,SAN ANTONIO AV,MICHIGAN AV,0,NA,Y,A,-,N,NA,NA,NA,NA,NA,NA,NA,NA,NA,N,4,0,1,2,A,-,09,21802,A,F,D,C,A,A,H,-,A,A,0,NA,NA,NA,NA,Y,NA,A,01,0,0,1,0,0,0,0,0,0,-,-,33.9416618347168,-118.2067413330078,LOS ANGELES,SOUTH GATE,-118.20674896240234,33.94160842895508
82416821,2024,2024-06-18,1969,2024-05-17,1020,10226,NA,5,5,5,1969,0,0,0,NA,0,004,ATLANTIC AV,TWEEDY BLVD,0,NA,Y,B,-,N,NA,NA,NA,NA,NA,NA,NA,NA,NA,N,3,0,1,2,D,-,00,NA,NA,N,D,C,A,A,H,-,A,D,0,NA,NA,NA,NA,Y,NA,-,-,0,1,0,0,0,0,0,0,0,-,-,33.941551208496094,-118.1815185546875,LOS ANGELES,SOUTH GATE,-118.1815948486328,33.94157409667969
82416823,2024,2024-06-18,1969,2024-05-18,550,10165,NA,6,5,5,1969,0,0,0,NA,0,003,FILESTONE BLVD,BRYSON AV (E),0,NA,Y,A,-,N,NA,NA,NA,NA,NA,NA,NA,NA,NA,Y,3,0,1,1,A,-,01,23152,A,N,E,I,A,A,H,-,A,D,0,NA,NA,NA,NA,Y,NA,A,01,0,1,0,0,0,0,0,0,0,-,-,33.952781677246094,-118.1917724609375,LOS ANGELES,SOUTH GATE,-118.19200134277344,33.95274353027344
82416827,2024,2024-06-18,1969,2024-05-24,1047,20226,NA,5,5,5,1969,0,0,0,NA,0,003,TWEEDY BLVD,SAN VINCENTE AV,0,NA,Y,B,-,N,NA,NA,NA,NA,NA,NA,NA,NA,NA,N,3,0,2,2,A,-,09,21801,A,N,D,C,A,A,H,-,A,A,0,NA,NA,NA,NA,Y,NA,A,01,0,1,1,0,0,0,0,0,0,-,-,33.94355010986328,-118.19976806640624,LOS ANGELES,SOUTH GATE,-118.19978332519533,33.94356155395508
82416829,2024,2024-06-18,1969,2024-05-30,1800,10227,NA,4,5,5,1969,0,0,0,NA,0,003,OTIS ST,MICHIGAN AV,0,NA,Y,A,-,N,NA,NA,NA,NA,NA,NA,NA,NA,NA,N,3,0,1,2,A,-,09,21800,A,N,D,C,A,A,H,-,A,D,0,NA,NA,Y,NA,Y,NA,A,01,0,1,0,0,0,0,0,0,1,-,-,33.94070053100586,-118.19798278808594,LOS ANGELES,SOUTH GATE,-118.19798278808594,33.94063949584961
82416830,2024,2024-06-18,1969,2024-05-31,1300,10226,NA,5,5,5,1969,0,0,0,NA,0,003,ALEXANDER AV,DUANE WY,28,S,N,A,-,N,NA,NA,NA,NA,NA,NA,NA,NA,NA,N,3,0,1,2,A,-,03,22350,NA,N,C,C,A,A,H,-,A,D,0,NA,NA,NA,NA,Y,NA,A,01,0,1,0,0,0,0,0,0,0,-,-,33.94744873046875,-118.19393920898438,LOS ANGELES,SOUTH GATE,-118.19390869140624,33.94734191894531
82416833,2024,2024-06-18,1969,2024-06-06,1015,10226,NA,4,5,5,1969,0,0,0,NA,0,002,STATE ST,FILESTONE BLVD,135,N,N,A,-,N,NA,NA,NA,NA,NA,NA,NA,NA,NA,N,3,0,1,2,A,-,05,21650,1,F,D,G,A,A,H,-,A,D,0,NA,Y,NA,NA,Y,NA,L,04,0,1,0,0,0,0,1,0,0,-,-,33.95484924316406,-118.21218872070313,LOS ANGELES,SOUTH GATE,-118.212158203125,33.955116271972656