CASE_ID,ACCIDENT_YEAR,PROC_DATE,JURIS,COLLISION_DATE,COLLISION_TIME,OFFICER_ID,REPORTING_DISTRICT,DAY_OF_WEEK,CHP_SHIFT,POPULATION,CNTY_CITY_LOC,SPECIAL_COND,BEAT_TYPE,CHP_BEAT_TYPE,CITY_DIVISION_LAPD,CHP_BEAT_CLASS,BEAT_NUMBER,PRIMARY_RD,SECONDARY_RD,DISTANCE,DIRECTION,INTERSECTION,WEATHER_1,WEATHER_2,STATE_HWY_IND,CALTRANS_COUNTY,CALTRANS_DISTRICT,STATE_ROUTE,ROUTE_SUFFIX,POSTMILE_PREFIX,POSTMILE,LOCATION_TYPE,RAMP_INTERSECTION,SIDE_OF_HWY,TOW_AWAY,COLLISION_SEVERITY,NUMBER_KILLED,NUMBER_INJURED,PARTY_COUNT,PRIMARY_COLL_FACTOR,PCF_CODE_OF_VIOL,PCF_VIOL_CATEGORY,PCF_VIOLATION,PCF_VIOL_SUBSECTION,HIT_AND_RUN,TYPE_OF_COLLISION,MVIW,PED_ACTION,ROAD_SURFACE,ROAD_COND_1,ROAD_COND_2,LIGHTING,CONTROL_DEVICE,CHP_ROAD_TYPE,PEDESTRIAN_ACCIDENT,BICYCLE_ACCIDENT,MOTORCYCLE_ACCIDENT,TRUCK_ACCIDENT,NOT_PRIVATE_PROPERTY,ALCOHOL_INVOLVED,STWD_VEHTYPE_AT_FAULT,CHP_VEHTYPE_AT_FAULT,COUNT_SEVERE_INJ,COUNT_VISIBLE_INJ,COUNT_COMPLAINT_PAIN,COUNT_PED_KILLED,COUNT_PED_INJURED,COUNT_BICYCLIST_KILLED,COUNT_BICYCLIST_INJURED,COUNT_MC_KILLED,COUNT_MC_INJURED,PRIMARY_RAMP,SECONDARY_RAMP,LATITUDE,LONGITUDE,COUNTY,CITY,POINT_X,POINT_Y
82416835,2024,2024-06-18,1969,2024-06-06,1215,10145,NA,4,5,5,1969,0,0,0,NA,0,005,GARFIELD AV,EL PASEO,0,NA,Y,A,-,N,NA,NA,NA,NA,NA,NA,NA,NA,NA,N,3,0,3,2,A,-,09,21801,A,N,D,C,A,A,H,-,A,A,0,NA,NA,NA,NA,Y,NA,A,01,0,3,0,0,0,0,0,0,0,-,-,33.95083999633789,-118.16470336914064,LOS ANGELES,SOUTH GATE,NA,NA
82416837,2024,2024-06-18,1969,2024-06-10,1411,20279,NA,1,5,5,1969,0,0,0,NA,0,001,STANFORD AV,SEMINOLE AV,0,NA,Y,A,B,N,NA,NA,NA,NA,NA,NA,NA,NA,NA,N,3,0,1,2,A,-,12,22450,A,N,D,C,A,A,H,-,A,D,0,NA,NA,NA,NA,Y,NA,A,01,0,1,0,0,0,0,0,0,0,-,-,33.93959045410156,-118.2214584350586,LOS ANGELES,SOUTH GATE,-118.2214584350586,33.9395751953125
82416912,2024,2024-06-18,1933,2024-06-04,1735,1093,NA,2,5,6,1933,0,0,0,NA,0,001,LA BREA AV,CENTINELA AV,40,S,N,A,-,N,NA,NA,NA,NA,NA,NA,NA,NA,NA,N,4,0,1,3,A,-,09,21804,A,N,D,C,A,A,H,-,A,D,0,NA,NA,NA,NA,Y,NA,A,01,0,0,1,0,0,0,0,0,0,-,-,33.97631072998047,-118.3574676513672,LOS ANGELES,INGLEWOOD,-118.3576202392578,33.976139068603516
82416914,2024,2024-06-18,1933,2024-06-06,237,1096,NA,4,5,6,1933,0,0,0,NA,0,001,EUCALYPTUS AV,JUNIPER ST,0,NA,Y,A,-,N,NA,NA,NA,NA,NA,NA,NA,NA,NA,Y,2,0,1,1,A,-,03,22350,NA,N,E,I,A,A,H,-,C,D,0,NA,NA,Y,NA,Y,NA,C,02,1,0,0,0,0,0,0,0,1,-,-,33.970211029052734,-118.35870361328124,LOS ANGELES,INGLEWOOD,-118.35881805419922,33.970149993896484
82416919,2024,2024-06-18,1933,2024-06-08,1342,1037,NA,6,5,6,1933,0,0,0,NA,0,004,CENTURY BLVD,CLUB DR,0,NA,Y,A,-,N,NA,NA,NA,NA,NA,NA,NA,NA,NA,N,3,0,1,2,D,-,00,NA,NA,N,D,G,A,A,H,-,A,A,0,NA,Y,NA,NA,Y,NA,-,-,0,1,0,0,0,0,1,0,0,-,-,33.945438385009766,-118.33267211914064,LOS ANGELES,INGLEWOOD,-118.33266448974608,33.945472717285156
82416920,2024,2024-06-18,1933,2024-06-08,2011,984,NA,6,5,6,1933,0,0,0,NA,0,003,YUKON AV,STADIUM DR,0,NA,Y,A,-,N,NA,NA,NA,NA,NA,NA,NA,NA,NA,N,3,0,1,2,A,-,05,21650,1,F,A,G,A,A,H,-,C,D,0,NA,Y,NA,NA,Y,NA,L,04,0,1,0,0,0,0,1,0,0,-,-,NA,NA,LOS ANGELES,INGLEWOOD,-118.33641815185548,33.94883728027344
82416923,2024,2024-06-18,1955,2024-05-10,1237,42871,NA,5,5,6,1955,0,0,0,NA,0,004,MISSION BLVD,RESERVOIR ST,0,NA,Y,A,-,N,NA,NA,NA,NA,NA,NA,NA,NA,NA,N,4,0,1,2,A,-,09,21801,A,N,D,C,A,A,H,-,A,A,0,NA,NA,NA,NA,Y,NA,A,01,0,0,1,0,0,0,0,0,0,-,-,34.055519104003906,-117.73258972167967,LOS ANGELES,POMONA,-117.73261260986328,34.0555419921875
82416924,2024,2024-06-18,1955,2024-05-16,954,43138,NA,4,5,6,1955,0,0,0,NA,0,004,GRAND AVE,SAN ANTONIO AVE,0,NA,Y,B,-,N,NA,NA,NA,NA,NA,NA,NA,NA,NA,Y,4,0,3,2,A,-,09,21800,C,N,D,C,A,A,H,-,A,D,0,NA,NA,NA,NA,Y,NA,A,01,0,0,3,0,0,0,0,0,0,-,-,34.048179626464844,-117.73668670654295,LOS ANGELES,POMONA,-117.73667144775392,34.048152923583984
82417935,2024,2024-06-19,1922,2024-06-02,2239,682,NA,7,5,6,1922,0,0,0,NA,0,005,FLAIR DR,BALDWIN PL,0,NA,Y,A,-,N,NA,NA,NA,NA,NA,NA,NA,NA,NA,Y,4,0,2,2,A,-,01,23153,A,N,A,C,A,A,H,-,C,D,0,NA,NA,NA,NA,Y,Y,A,01,0,0,2,0,0,0,0,0,0,-,-,34.07210922241211,-118.05483245849608,LOS ANGELES,EL MONTE,-118.05485534667967,34.07208251953125
82418951,2024,2024-06-20,1922,2024-06-03,2108,687,NA,1,5,6,1922,0,0,0,NA,0,002,FANDON AVE,KILLIAN ST,300,S,N,A,-,N,NA,NA,NA,NA,NA,NA,NA,NA,NA,Y,4,0,2,2,A,-,01,23152,A,M,A,E,A,A,H,-,C,D,0,NA,NA,NA,NA,Y,Y,D,22,0,0,2,0,0,0,0,0,0,-,-,34.08525085449219,-118.01573181152344,LOS ANGELES,EL MONTE,-118.01604461669922,34.08435821533203
82418956,2024,2024-06-20,1969,2024-05-05,1230,10259,NA,7,5,5,1969,0,0,0,NA,0,004,SALT LAKE AV,MCCALLUM AV,140,N,N,A,-,N,NA,NA,NA,NA,NA,NA,NA,NA,NA,N,3,0,2,3,A,-,03,22350,NA,N,D,E,A,A,H,-,A,D,0,NA,NA,NA,NA,Y,NA,A,01,0,2,0,0,0,0,0,0,0,-,-,33.94466018676758,-118.17626190185548,LOS ANGELES,SOUTH GATE,-118.17636871337892,33.945072174072266
82418957,2024,2024-06-20,1969,2024-05-15,2029,10216,NA,3,5,5,1969,0,0,0,NA,0,004,WRIGHT RD,ABBOTT RD,0,NA,Y,A,-,Y,NA,NA,NA,NA,NA,NA,NA,NA,NA,N,4,0,1,2,A,-,09,21803,A,N,A,C,A,A,H,-,C,A,0,NA,NA,NA,NA,Y,NA,A,01,0,0,1,0,0,0,0,0,0,-,-,33.93381881713867,-118.18058013916016,LOS ANGELES,SOUTH GATE,-118.18051910400392,33.933807373046875
82418958,2024,2024-07-23,1947,2024-06-17,1812,1452,NA,1,5,5,1947,0,0,0,NA,0,00B,WHITTIER BLVD,MONTEBELLO BLVD,0,NA,Y,A,-,N,NA,NA,NA,NA,NA,NA,NA,NA,NA,N,3,0,2,2,A,-,12,21453,A,N,A,C,A,A,H,-,A,A,0,NA,NA,NA,NA,Y,NA,A,07,0,1,1,0,0,0,0,0,0,-,-,34.0100212097168,-118.10826110839844,LOS ANGELES,MONTEBELLO,-118.10825347900392,34.01008224487305
82419044,2024,2024-06-20,1933,2024-06-09,335,1069,NA,7,5,6,1933,0,0,0,NA,0,001,LA BREA AV,N. MARKET ST.,0,NA,Y,A,-,N,NA,NA,NA,NA,NA,NA,NA,NA,NA,N,4,0,1,1,A,-,03,22350,NA,N,E,I,A,A,H,-,C,D,0,NA,NA,NA,NA,Y,NA,A,01,0,0,1,0,0,0,0,0,0,-,-,33.97631072998047,-118.3574676513672,LOS ANGELES,INGLEWOOD,-118.35740661621094,33.97751235961914
82419045,2024,2024-06-20,1933,2024-06-10,50,1082,NA,1,5,6,1933,0,0,0,NA,0,002,ROSEWOOD AV,CENTURY BLVD,91,N,N,A,-,N,NA,NA,NA,NA,NA,NA,NA,NA,NA,Y,4,0,2,3,A,-,08,22107,NA,N,A,E,A,A,H,-,C,D,0,NA,NA,NA,NA,Y,NA,A,01,0,0,2,0,0,0,0,0,0,-,-,NA,NA,LOS ANGELES,INGLEWOOD,-118.36019134521484,33.9456901550293
82419047,2024,2024-06-20,1933,2024-06-12,2222,1083,NA,3,5,6,1933,0,0,0,NA,0,002,MANCHESTER BLVD,GREVILLEA AV,15,W,N,A,-,N,NA,NA,NA,NA,NA,NA,NA,NA,NA,Y,4,0,1,2,A,-,02,22400,A,N,B,C,A,A,H,-,C,A,0,NA,NA,NA,NA,Y,NA,A,01,0,0,1,0,0,0,0,0,0,-,-,33.961788177490234,-118.35498046875,LOS ANGELES,INGLEWOOD,-118.35511779785156,33.96175003051758
82419051,2024,2024-06-20,1933,2024-06-14,1823,1095,NA,5,5,6,1933,0,0,0,NA,0,004,104TH ST,DOTY AV,0,E,Y,A,-,N,NA,NA,NA,NA,NA,NA,NA,NA,NA,Y,3,0,1,2,A,-,03,22350,NA,F,E,J,A,A,H,-,A,D,0,NA,NA,NA,NA,Y,NA,M,95,0,1,0,0,0,0,0,0,0,-,-,33.941829681396484,-118.33978271484376,LOS ANGELES,INGLEWOOD,-118.33981323242188,33.94180679321289
82419052,2024,2024-06-20,1933,2024-06-14,2357,1063,NA,5,5,6,1933,0,0,0,NA,0,003,CRENSHAW BLVD,HARDY ST,380,N,N,A,-,N,NA,NA,NA,NA,NA,NA,NA,NA,NA,N,4,0,1,3,A,-,08,22107,NA,N,B,C,A,A,H,-,C,A,0,NA,NA,NA,NA,Y,NA,A,01,0,0,1,0,0,0,0,0,0,-,-,33.949180603027344,-118.32646942138672,LOS ANGELES,INGLEWOOD,-118.32672119140624,33.950191497802734
82419056,2024,2024-06-20,1933,2024-06-16,1200,1079,NA,7,5,6,1933,0,0,0,NA,0,004,CRENSHAW BLVD SERVICE RD,108TH ST (S),639,N,N,A,-,N,NA,NA,NA,NA,NA,NA,NA,NA,NA,Y,3,0,2,3,A,-,01,23152,A,N,C,E,A,A,H,-,A,D,0,NA,NA,NA,NA,Y,Y,A,01,0,2,0,0,0,0,0,0,0,-,-,33.93772888183594,-118.3264617919922,LOS ANGELES,INGLEWOOD,-118.3267059326172,33.94041442871094
82419863,2024,2024-06-21,1912,2024-04-26,1800,14849,NA,5,5,6,1912,0,0,0,NA,0,NA,3RD STREET,ANGELENO AVENUE,0,NA,Y,A,-,N,NA,NA,NA,NA,NA,NA,NA,NA,NA,N,4,0,2,2,A,-,12,21453,A,N,D,C,A,A,H,-,A,A,0,NA,NA,NA,NA,Y,NA,A,01,0,0,2,0,0,0,0,0,0,-,-,34.18111038208008,-118.30653381347656,LOS ANGELES,BURBANK,-118.30645751953124,34.18128967285156
82419864,2024,2024-06-21,1912,2024-05-16,1313,15508,NA,4,5,6,1912,0,0,0,NA,0,NA,BURBANK BOULEVARD,FRONT STREET,233,W,N,B,-,N,NA,NA,NA,NA,NA,NA,NA,NA,NA,N,4,0,1,2,A,-,03,22350,NA,N,C,D,A,A,H,-,A,D,0,NA,NA,NA,NA,Y,NA,A,01,0,0,1,0,0,0,0,0,0,-,-,34.18510818481445,-118.31874084472656,LOS ANGELES,BURBANK,-118.31978607177734,34.184898376464844
82419865,2024,2024-06-21,1912,2024-05-16,2055,14849,NA,4,5,6,1912,0,0,0,NA,0,NA,ALAMEDA AVENUE,LAKE STREET,0,NA,Y,A,-,N,NA,NA,NA,NA,NA,NA,NA,NA,NA,N,4,0,2,2,A,-,09,21801,A,N,D,C,A,A,H,-,C,A,0,NA,NA,NA,NA,Y,NA,A,01,0,0,2,0,0,0,0,0,0,-,-,34.16891860961914,-118.30564880371094,LOS ANGELES,BURBANK,-118.30551147460938,34.16910171508789
82419868,2024,2024-06-21,1912,2024-05-20,1551,13813,NA,1,5,6,1912,0,0,0,NA,0,NA,EMPIRE AVENUE,BUENA VISTA STREET,69,E,N,B,-,N,NA,NA,NA,NA,NA,NA,NA,NA,NA,N,3,0,5,3,A,-,08,22107,NA,N,B,C,A,A,H,-,A,A,0,NA,NA,NA,NA,Y,NA,I,09,0,1,4,0,0,0,0,0,0,-,-,34.1917610168457,-118.33805847167967,LOS ANGELES,BURBANK,-118.33779907226564,34.19181823730469
82419869,2024,2024-06-21,1912,2024-05-20,1623,11832,NA,1,5,6,1912,0,0,0,NA,0,NA,6TH STREET,OLIVE AVENUE,175,S,N,A,-,N,NA,NA,NA,NA,NA,NA,NA,NA,NA,Y,3,0,2,3,A,-,09,21804,A,N,D,C,A,A,H,-,A,D,0,NA,NA,NA,NA,Y,NA,A,07,0,1,1,0,0,0,0,0,0,-,-,NA,NA,LOS ANGELES,BURBANK,-118.30339050292967,34.18519973754883
82419877,2024,2024-06-21,1975,2024-05-28,1750,500,NA,2,5,6,1975,0,0,0,NA,0,002,VIRGINIA AV,BARRANCA ST,298,W,N,A,-,N,NA,NA,NA,NA,NA,NA,NA,NA,NA,N,2,0,1,2,A,-,11,21954,A,N,A,B,D,A,H,-,A,D,0,Y,NA,NA,NA,Y,NA,N,60,1,0,0,0,1,0,0,0,0,-,-,34.06795883178711,-117.88127136230467,LOS ANGELES,WEST COVINA,-117.88227081298828,34.06949996948242
82419880,2024,2024-06-21,1975,2024-05-30,1912,446,NA,4,5,6,1975,0,0,0,NA,0,006,GREENLEAF DR,WESTPORT ST,657,E,N,A,-,N,NA,NA,NA,NA,NA,NA,NA,NA,NA,N,3,0,2,2,A,-,21,22106,NA,N,D,C,A,A,H,-,A,D,0,NA,NA,NA,NA,Y,NA,A,07,0,2,0,0,0,0,0,0,0,-,-,34.02701950073242,-117.90696716308594,LOS ANGELES,WEST COVINA,-117.90510559082033,34.026145935058594
82419886,2024,2024-06-21,1975,2024-06-02,1749,500,NA,7,5,6,1975,0,0,0,NA,0,002,LARK ELLEN AV,WORKMAN AV,0,NA,Y,A,-,N,NA,NA,NA,NA,NA,NA,NA,NA,NA,N,3,0,1,1,A,-,01,23152,B,N,E,I,A,A,H,-,A,A,0,NA,NA,NA,NA,Y,Y,A,07,0,1,0,0,0,0,0,0,0,-,-,34.07558059692383,-117.91655731201172,LOS ANGELES,WEST COVINA,-117.91655731201172,34.075557708740234
82419887,2024,2024-06-21,1975,2024-06-03,1404,353,NA,1,5,6,1975,0,0,0,NA,0,003,FRANCISQUITO AV,WILLOW AV,90,E,N,A,-,N,NA,NA,NA,NA,NA,NA,NA,NA,NA,N,4,0,2,2,A,-,03,22350,NA,N,C,C,A,A,H,-,A,D,0,NA,NA,NA,NA,Y,NA,A,01,0,0,2,0,0,0,0,0,0,-,-,34.060791015625,-117.96354675292967,LOS ANGELES,WEST COVINA,-117.96354675292967,34.06079864501953
82419888,2024,2024-06-21,1975,2024-06-04,857,353,NA,2,5,6,1975,0,0,0,NA,0,NA,BADILLO ST,SUNSET AV,0,NA,Y,A,-,N,NA,NA,NA,NA,NA,NA,NA,NA,NA,Y,3,0,1,2,A,-,09,21801,A,N,D,C,A,A,H,-,A,A,0,NA,NA,NA,NA,Y,NA,A,01,0,1,0,0,0,0,0,0,0,-,-,34.086788177490234,-117.93412017822266,LOS ANGELES,WEST COVINA,-117.93423461914064,34.086700439453125
82419893,2024,2024-06-21,1975,2024-06-04,1945,502,NA,2,5,6,1975,0,0,0,NA,0,003,SUNSET AVE,MERCED AVENUE,789,S,N,A,-,N,NA,NA,NA,NA,NA,NA,NA,NA,NA,Y,2,0,2,2,A,-,08,22100,A,N,A,C,A,A,H,-,B,D,0,NA,NA,NA,NA,Y,NA,A,01,1,1,0,0,0,0,0,0,0,-,-,NA,NA,LOS ANGELES,WEST COVINA,-117.94786834716795,34.05971908569336
82419895,2024,2024-06-21,1975,2024-06-05,805,436,NA,3,5,6,1975,0,0,0,NA,0,002,HOLLENBECK AV,E. GARVEY AVE NORTH,0,NA,Y,A,-,N,NA,NA,NA,NA,NA,NA,NA,NA,NA,Y,3,0,1,4,A,-,09,21801,A,F,-,A,A,A,H,-,A,A,0,NA,NA,NA,NA,Y,NA,A,07,0,1,0,0,0,0,0,0,0,-,-,NA,NA,LOS ANGELES,WEST COVINA,-117.89888763427734,34.0728645324707
82419897,2024,2024-06-21,1975,2024-06-05,817,459,NA,3,5,6,1975,0,0,0,NA,0,002,CAMERON AV,BARRANCA ST,675,W,N,A,-,N,NA,NA,NA,NA,NA,NA,NA,NA,NA,Y,2,0,1,2,A,-,09,21804,A,N,D,C,A,A,H,-,A,D,0,NA,NA,Y,NA,Y,NA,A,01,1,0,0,0,0,0,0,0,1,-,-,34.06081008911133,-117.8813934326172,LOS ANGELES,WEST COVINA,-117.88367462158205,34.06086730957031
82419898,2024,2024-06-21,1975,2024-06-05,1538,459,NA,3,5,6,1975,0,0,0,NA,0,004,CAMERON AV,VALINDA AV,0,NA,Y,A,-,N,NA,NA,NA,NA,NA,NA,NA,NA,NA,Y,4,0,1,2,A,-,12,21453,A,N,D,C,A,A,H,-,A,A,0,NA,NA,NA,NA,Y,NA,A,01,0,0,1,0,0,0,0,0,0,-,-,34.0612907409668,-117.92543792724608,LOS ANGELES,WEST COVINA,-117.92545318603516,34.061248779296875
82419907,2024,2024-06-21,1975,2024-06-09,2200,487,NA,7,5,6,1975,0,0,0,NA,0,005,AMAR RD,OFFICER CHILES WY,5,W,N,A,-,N,NA,NA,NA,NA,NA,NA,NA,NA,NA,Y,4,0,1,2,A,-,08,22107,NA,M,B,C,A,A,H,-,C,A,0,NA,NA,NA,NA,Y,NA,A,01,0,0,1,0,0,0,0,0,0,-,-,34.030609130859375,-117.91323089599608,LOS ANGELES,WEST COVINA,-117.9132080078125,34.03066635131836
82419958,2024,2024-06-21,1922,2024-05-29,613,708,NA,3,5,6,1922,0,0,0,NA,0,NA,DURFEE AVE,FERRIS RD,0,NA,Y,B,-,N,NA,NA,NA,NA,NA,NA,NA,NA,NA,N,4,0,1,2,A,-,12,22450,A,N,D,C,A,A,H,-,A,D,0,NA,NA,NA,Y,Y,NA,A,01,0,0,1,0,0,0,0,0,0,-,-,34.06779098510742,-118.00946807861328,LOS ANGELES,EL MONTE,-118.00948333740234,34.06764602661133
82419962,2024,2024-06-21,1922,2024-06-03,1108,720,NA,1,5,6,1922,0,0,0,NA,0,001,VALLEY BLVD,TYLER AVE,0,NA,Y,A,-,N,NA,NA,NA,NA,NA,NA,NA,NA,NA,Y,3,0,2,2,A,-,09,21801,B,N,D,C,A,A,H,-,A,A,0,NA,NA,NA,NA,Y,NA,A,08,0,1,1,0,0,0,0,0,0,-,-,34.07489013671875,-118.03507232666016,LOS ANGELES,EL MONTE,-118.03505706787108,34.07490158081055
82420057,2024,2024-06-21,1972,2024-05-31,1551,22776,NA,5,5,6,1972,0,0,0,NA,0,NA,182ND ST,YUKON AVE,900,W,N,A,-,N,NA,NA,NA,NA,NA,NA,NA,NA,NA,N,3,0,1,2,A,-,21,22106,NA,N,C,G,A,A,H,-,A,D,0,NA,Y,NA,NA,Y,NA,A,01,0,1,0,0,0,0,1,0,0,-,-,33.86545181274414,-118.33515167236328,LOS ANGELES,TORRANCE,-118.3381576538086,33.86555862426758
82420059,2024,2024-06-21,1972,2024-06-07,2020,22773,NA,5,5,6,1972,0,0,0,NA,0,NA,REDONDO BEACH BLVD,STADIUM WAY,500,W,N,A,-,N,NA,NA,NA,NA,NA,NA,NA,NA,NA,N,4,0,1,2,A,-,09,21804,A,N,D,C,A,A,H,-,C,D,0,NA,NA,NA,NA,Y,NA,-,-,0,0,1,0,0,0,0,0,0,-,-,NA,NA,LOS ANGELES,TORRANCE,-118.33251953125,33.8809700012207
82420100,2024,2024-06-21,1955,2024-05-01,1513,43004,NA,3,5,6,1955,0,0,0,NA,0,NA,SAN BERNARDINO AVE,GIBBS ST,30,E,N,-,-,N,NA,NA,NA,NA,NA,NA,NA,NA,NA,N,4,0,1,2,A,-,17,22517,NA,N,-,E,A,A,H,-,A,A,0,NA,NA,NA,NA,Y,NA,A,01,0,0,1,0,0,0,0,0,0,-,-,34.075828552246094,-117.74533081054688,LOS ANGELES,POMONA,-117.74488830566406,34.07583999633789
82420103,2024,2024-06-21,1955,2024-05-15,1415,43128,NA,3,5,6,1955,0,0,0,NA,0,003,TOWNE AVE,MCKINLEY AVE (S),0,NA,Y,A,-,N,NA,NA,NA,NA,NA,NA,NA,NA,NA,Y,3,0,1,2,A,-,09,21801,A,N,D,C,A,A,H,-,A,D,0,NA,NA,NA,NA,Y,NA,A,07,0,1,0,0,0,0,0,0,0,-,-,34.071739196777344,-117.74188232421876,LOS ANGELES,POMONA,-117.74192810058594,34.07231521606445
82420105,2024,2024-06-21,1955,2024-05-18,1047,42871,NA,6,5,6,1955,0,0,0,NA,0,003,TOWNE AVE,MONTEREY AVE,96,N,N,A,-,N,NA,NA,NA,NA,NA,NA,NA,NA,NA,Y,4,0,1,7,A,-,08,22107,NA,N,C,E,A,A,H,-,A,A,0,NA,NA,NA,NA,Y,NA,D,22,0,0,1,0,0,0,0,0,0,-,-,34.060768127441406,-117.74150848388672,LOS ANGELES,POMONA,-117.74152374267578,34.061012268066406
82420107,2024,2024-06-21,1955,2024-05-19,1425,42805,NA,7,5,6,1955,0,0,0,NA,0,NA,LA VERNE AVE,FULTON RD,0,NA,Y,A,-,N,NA,NA,NA,NA,NA,NA,NA,NA,NA,N,4,0,1,2,A,-,09,21802,A,N,D,C,A,A,H,-,A,A,0,NA,NA,NA,NA,Y,NA,A,08,0,0,1,0,0,0,0,0,0,-,-,34.08882141113281,-117.75618743896484,LOS ANGELES,POMONA,-117.7561492919922,34.08875274658203
82420116,2024,2024-06-21,1955,2024-05-08,1844,42804,NA,3,5,6,1955,0,0,0,NA,0,NA,GAREY AVE,MCKINLEY AVE,0,NA,Y,A,-,N,NA,NA,NA,NA,NA,NA,NA,NA,NA,Y,4,0,2,2,A,-,12,21453,A,N,D,C,A,A,H,-,A,A,0,NA,NA,NA,NA,Y,NA,A,01,0,0,2,0,0,0,0,0,0,-,-,34.074249267578125,-117.75225067138672,LOS ANGELES,POMONA,-117.75225830078124,34.07429885864258
82420118,2024,2024-06-21,1955,2024-05-13,1421,42977,NA,1,5,6,1955,0,0,0,NA,0,001,MISSION BLVD,TEMPLE AVE,482,E,N,A,-,N,NA,NA,NA,NA,NA,NA,NA,NA,NA,N,4,0,2,2,A,-,08,22107,NA,N,D,C,A,A,H,-,A,D,0,NA,NA,NA,NA,Y,NA,D,22,0,0,2,0,0,0,0,0,0,-,-,34.040531158447266,-117.7980728149414,LOS ANGELES,POMONA,-117.79732513427734,34.041690826416016
82420716,2024,2024-06-24,1912,2024-05-21,2106,15342,NA,2,5,6,1912,0,0,0,NA,0,00J,EMPIRE AVENUE,HOLLYWOOD WAY,1500,W,N,A,-,Y,NA,NA,NA,NA,NA,NA,NA,NA,NA,Y,2,0,1,2,A,-,09,21801,A,N,D,C,A,A,H,-,C,A,0,NA,NA,Y,NA,Y,NA,A,01,1,0,0,0,0,0,0,0,1,-,-,34.19221115112305,-118.34896087646484,LOS ANGELES,BURBANK,-118.353759765625,34.19317626953125
82420721,2024,2024-06-24,1975,2024-06-10,1812,494,NA,1,5,6,1975,0,0,0,NA,0,004,AZUSA AV,MERCED AV,200,N,N,A,-,N,NA,NA,NA,NA,NA,NA,NA,NA,NA,N,4,0,1,3,A,-,08,22107,NA,F,B,C,A,A,H,-,A,D,0,NA,NA,NA,NA,Y,NA,-,99,0,0,1,0,0,0,0,0,0,-,-,34.05384826660156,-117.90801239013672,LOS ANGELES,WEST COVINA,-117.90803527832033,34.05439758300781
82420820,2024,2024-06-24,1925,2024-06-04,1624,21055,NA,2,5,6,1925,0,0,0,NA,0,001,GRANDVIEW AVENUE,GLENOAKS BOULEVARD,0,NA,Y,A,-,N,NA,NA,NA,NA,NA,NA,NA,NA,NA,N,3,0,1,2,A,-,09,21801,A,N,D,C,A,A,H,-,A,A,0,NA,NA,Y,NA,Y,NA,A,01,0,1,0,0,0,0,0,0,1,-,-,NA,NA,LOS ANGELES,GLENDALE,-118.28138732910156,34.16497039794922
82420821,2024,2024-06-24,1925,2024-06-06,307,26050,NA,4,5,6,1925,0,0,0,NA,0,004,MOUNT CARMEL DRIVE,HOLLY DRIVE,90,N,N,A,-,N,NA,NA,NA,NA,NA,NA,NA,NA,NA,Y,4,0,1,3,A,-,08,22107,NA,N,C,E,A,A,H,-,C,A,0,NA,NA,NA,NA,Y,NA,A,07,0,0,1,0,0,0,0,0,0,-,-,NA,NA,LOS ANGELES,GLENDALE,-118.22480010986328,34.1501350402832
82420822,2024,2024-06-24,1925,2024-06-07,1110,21089,NA,5,5,6,1925,0,0,0,NA,0,002,PACIFIC AVENUE,LEXINGTON DRIVE,0,NA,Y,A,-,N,NA,NA,NA,NA,NA,NA,NA,NA,NA,N,4,0,1,2,A,-,12,21453,A,N,D,C,A,A,H,-,A,A,0,NA,NA,NA,NA,Y,NA,A,01,0,0,1,0,0,0,0,0,0,-,-,NA,NA,LOS ANGELES,GLENDALE,-118.26454925537108,34.1515998840332
82420823,2024,2024-06-24,1925,2024-06-10,1711,27629,NA,1,5,6,1925,0,0,0,NA,0,003,LOUISE STREET,COLORADO ST,15,N,N,A,-,N,NA,NA,NA,NA,NA,NA,NA,NA,NA,N,4,0,1,2,A,-,11,21954,A,F,G,B,E,A,H,-,A,A,0,Y,NA,NA,NA,Y,Y,N,60,0,0,1,0,1,0,0,0,0,-,-,NA,NA,LOS ANGELES,GLENDALE,-118.25260162353516,34.142642974853516
82421009,2024,2024-06-24,1963,2024-06-03,1326,335,NA,1,5,3,1963,0,0,0,NA,0,ONE,EL MOLINO AV,MONTEREY RD,29,S,N,A,-,N,NA,NA,NA,NA,NA,NA,NA,NA,NA,Y,3,0,1,2,A,-,03,22350,NA,N,C,C,A,A,H,-,A,A,0,NA,NA,NA,NA,Y,NA,A,07,0,1,0,0,0,0,0,0,0,-,-,NA,NA,LOS ANGELES,SAN MARINO,-118.13475036621094,34.11420822143555
82421012,2024,2024-06-24,1963,2024-06-06,1230,366,NA,4,5,3,1963,0,0,0,NA,0,TWO,SIERRA MADRE BLVD,EUSTON RD,0,NA,Y,A,-,N,NA,NA,NA,NA,NA,NA,NA,NA,NA,Y,3,0,2,2,A,-,09,21802,A,N,A,D,A,A,H,-,A,D,0,NA,NA,NA,NA,Y,NA,A,01,0,1,1,0,0,0,0,0,0,-,-,NA,NA,LOS ANGELES,SAN MARINO,-118.1067123413086,34.1251106262207