CASE_ID,ACCIDENT_YEAR,PROC_DATE,JURIS,COLLISION_DATE,COLLISION_TIME,OFFICER_ID,REPORTING_DISTRICT,DAY_OF_WEEK,CHP_SHIFT,POPULATION,CNTY_CITY_LOC,SPECIAL_COND,BEAT_TYPE,CHP_BEAT_TYPE,CITY_DIVISION_LAPD,CHP_BEAT_CLASS,BEAT_NUMBER,PRIMARY_RD,SECONDARY_RD,DISTANCE,DIRECTION,INTERSECTION,WEATHER_1,WEATHER_2,STATE_HWY_IND,CALTRANS_COUNTY,CALTRANS_DISTRICT,STATE_ROUTE,ROUTE_SUFFIX,POSTMILE_PREFIX,POSTMILE,LOCATION_TYPE,RAMP_INTERSECTION,SIDE_OF_HWY,TOW_AWAY,COLLISION_SEVERITY,NUMBER_KILLED,NUMBER_INJURED,PARTY_COUNT,PRIMARY_COLL_FACTOR,PCF_CODE_OF_VIOL,PCF_VIOL_CATEGORY,PCF_VIOLATION,PCF_VIOL_SUBSECTION,HIT_AND_RUN,TYPE_OF_COLLISION,MVIW,PED_ACTION,ROAD_SURFACE,ROAD_COND_1,ROAD_COND_2,LIGHTING,CONTROL_DEVICE,CHP_ROAD_TYPE,PEDESTRIAN_ACCIDENT,BICYCLE_ACCIDENT,MOTORCYCLE_ACCIDENT,TRUCK_ACCIDENT,NOT_PRIVATE_PROPERTY,ALCOHOL_INVOLVED,STWD_VEHTYPE_AT_FAULT,CHP_VEHTYPE_AT_FAULT,COUNT_SEVERE_INJ,COUNT_VISIBLE_INJ,COUNT_COMPLAINT_PAIN,COUNT_PED_KILLED,COUNT_PED_INJURED,COUNT_BICYCLIST_KILLED,COUNT_BICYCLIST_INJURED,COUNT_MC_KILLED,COUNT_MC_INJURED,PRIMARY_RAMP,SECONDARY_RAMP,LATITUDE,LONGITUDE,COUNTY,CITY,POINT_X,POINT_Y
82423683,2024,2024-06-26,1933,2024-06-21,656,1036,NA,5,5,6,1933,0,0,0,NA,0,004,118TH PL,SIMMS AV,0,NA,Y,A,-,N,NA,NA,NA,NA,NA,NA,NA,NA,NA,Y,3,0,1,2,A,-,09,21804,A,N,A,C,A,A,H,-,A,D,0,NA,NA,NA,NA,Y,NA,A,01,0,1,0,0,0,0,0,0,0,-,-,33.92644119262695,-118.3276824951172,LOS ANGELES,INGLEWOOD,-118.32762145996094,33.92647933959961
82423684,2024,2024-06-26,1933,2024-06-21,926,1037,NA,5,5,6,1933,0,0,0,NA,0,004,PRAIRIE AV,IMPERIAL HWY,0,NA,Y,A,-,N,NA,NA,NA,NA,NA,NA,NA,NA,NA,N,4,0,1,2,A,-,09,21801,A,N,D,C,A,A,H,-,A,D,0,NA,NA,NA,NA,Y,NA,A,01,0,0,1,0,0,0,0,0,0,-,-,33.93098831176758,-118.34390258789064,LOS ANGELES,INGLEWOOD,-118.34389495849608,33.93096160888672
82423685,2024,2024-06-26,1933,2024-06-21,1957,1027,NA,5,5,6,1933,0,0,0,NA,0,004,YUKON AV,102ND ST,170,N,N,A,-,N,NA,NA,NA,NA,NA,NA,NA,NA,NA,N,4,0,1,2,A,-,10,21950,A,N,G,B,F,A,H,-,A,D,0,Y,NA,NA,NA,Y,NA,A,01,0,0,1,0,1,0,0,0,0,-,-,NA,NA,LOS ANGELES,INGLEWOOD,-118.3351593017578,33.94412612915039
82423686,2024,2024-06-26,1933,2024-06-22,921,1036,NA,6,5,6,1933,0,0,0,NA,0,004,CENTURY BLVD,VILLAGE DR,0,NA,Y,A,-,N,NA,NA,NA,NA,NA,NA,NA,NA,NA,N,3,0,1,2,A,-,12,21453,A,F,G,B,B,A,H,-,A,A,0,Y,NA,NA,NA,Y,NA,-,99,0,1,0,0,1,0,0,0,0,-,-,33.945438385009766,-118.32920074462892,LOS ANGELES,INGLEWOOD,-118.32925415039064,33.945472717285156
82423687,2024,2024-06-26,1933,2024-06-24,1320,812,NA,1,5,6,1933,0,0,0,NA,0,001,LA CIENEGA BLVD,INDUSTRIAL AV,540,S,N,A,-,N,NA,NA,NA,NA,NA,NA,NA,NA,NA,Y,4,0,2,3,A,-,03,22350,NA,N,C,C,A,A,H,-,A,A,0,NA,NA,NA,NA,Y,NA,A,08,0,0,2,0,0,0,0,0,0,-,-,33.968528747558594,-118.37001037597656,LOS ANGELES,INGLEWOOD,-118.3707275390625,33.96708679199219
82423688,2024,2024-06-26,1933,2024-06-24,1335,869,NA,1,5,6,1933,0,0,0,NA,0,004,CENTURY BLVD,5TH AV,0,NA,Y,A,-,N,NA,NA,NA,NA,NA,NA,NA,NA,NA,Y,4,0,2,2,A,-,12,21453,A,N,D,C,A,A,H,-,A,A,0,NA,NA,NA,NA,Y,NA,D,22,0,0,2,0,0,0,0,0,0,-,-,33.94548034667969,-118.32211303710938,LOS ANGELES,INGLEWOOD,-118.32212829589844,33.945289611816406
82423689,2024,2024-06-26,1933,2024-06-24,1440,812,NA,1,5,6,1933,0,0,0,NA,0,002,MANCHESTER BLVD,LOCUST ST,0,NA,Y,A,-,N,NA,NA,NA,NA,NA,NA,NA,NA,NA,N,4,0,1,2,A,-,12,21453,A,F,D,C,A,A,H,-,A,A,0,NA,NA,NA,NA,Y,NA,A,07,0,0,1,0,0,0,0,0,0,-,-,33.961830139160156,-118.35030364990234,LOS ANGELES,INGLEWOOD,-118.35037994384766,33.961795806884766
82424553,2024,2024-06-27,1969,2024-06-05,2225,10236,NA,3,5,5,1969,0,0,0,NA,0,002,LONG BEACH BLVD,ORCHARD PL,0,NA,Y,-,-,N,NA,NA,NA,NA,NA,NA,NA,NA,NA,N,4,0,1,2,A,-,08,22107,NA,N,D,C,A,A,H,-,C,D,0,NA,NA,NA,NA,Y,Y,A,01,0,0,1,0,0,0,0,0,0,-,-,33.957889556884766,-118.22164154052734,LOS ANGELES,SOUTH GATE,-118.22164154052734,33.95783615112305
82425554,2024,2024-06-28,1963,2024-06-10,2208,371,NA,1,5,3,1963,0,0,0,NA,0,001,HUNTINGTON DR,GARFIELD AV,0,NA,Y,A,-,N,NA,NA,NA,NA,NA,NA,NA,NA,NA,Y,4,0,1,2,A,-,12,21453,A,N,D,C,A,A,H,-,C,A,0,NA,NA,NA,NA,Y,NA,A,01,0,0,1,0,0,0,0,0,0,-,-,34.10649871826172,-118.13533782958984,LOS ANGELES,SAN MARINO,-118.13535308837892,34.10650634765625
82425555,2024,2024-06-28,1912,2024-05-21,1028,15490,NA,2,5,6,1912,0,0,0,NA,0,NA,MAGNOLIA BOULEVARD,CATALINA STREET,87,W,N,A,-,N,NA,NA,NA,NA,NA,NA,NA,NA,NA,N,4,0,2,3,A,-,21,22106,NA,N,B,C,A,A,H,-,A,A,0,NA,NA,NA,NA,Y,NA,A,01,0,0,2,0,0,0,0,0,0,-,-,NA,NA,LOS ANGELES,BURBANK,-118.33917999267578,34.170494079589844
82425598,2024,2024-06-28,1969,2024-04-06,2217,10258,NA,6,5,5,1969,0,0,0,NA,0,003,SOUTHERN AV,SAN CARLOS AV (E),0,NA,Y,A,-,N,NA,NA,NA,NA,NA,NA,NA,NA,NA,N,3,0,2,5,A,-,09,21801,A,N,D,E,A,A,H,-,C,A,0,NA,NA,NA,NA,Y,NA,A,01,0,2,0,0,0,0,0,0,0,-,-,33.95085144042969,-118.20417785644533,LOS ANGELES,SOUTH GATE,-118.2043685913086,33.950862884521484
82425602,2024,2024-06-28,1969,2024-05-07,745,10238,NA,2,5,5,1969,0,0,0,NA,0,004,TWEEDY BLVD,ALEXANDER AV,0,NA,Y,A,-,N,NA,NA,NA,NA,NA,NA,NA,NA,NA,Y,4,0,1,2,A,-,09,21801,A,N,A,C,A,A,H,-,A,A,0,NA,NA,NA,NA,Y,NA,A,01,0,0,1,0,0,0,0,0,0,-,-,33.942970275878906,-118.19458770751952,LOS ANGELES,SOUTH GATE,-118.19458770751952,33.94301223754883
82425604,2024,2024-06-28,1969,2024-05-21,1700,10263,NA,2,5,5,1969,0,0,0,NA,0,002,INDEPENDENCE AV,CALIFORNIA AV,0,NA,Y,A,-,N,NA,NA,NA,NA,NA,NA,NA,NA,NA,Y,3,0,5,2,A,-,12,21453,A,N,D,C,A,A,H,-,A,A,0,NA,NA,NA,NA,Y,NA,A,01,0,1,4,0,0,0,0,0,0,-,-,33.95769119262695,-118.20555114746094,LOS ANGELES,SOUTH GATE,-118.20556640625,33.957664489746094
82425617,2024,2024-06-28,1969,2024-06-24,1220,10265,NA,1,5,5,1969,0,0,0,NA,0,002,TWEEDY BLVD,STANFORD AV,0,NA,Y,A,-,N,NA,NA,NA,NA,NA,NA,NA,NA,NA,N,3,0,3,2,A,-,12,21453,A,N,D,C,A,A,H,-,A,A,0,NA,NA,NA,NA,Y,NA,A,01,0,3,0,0,0,0,0,0,0,-,-,33.94585037231445,-118.22044372558594,LOS ANGELES,SOUTH GATE,-118.220458984375,33.94578552246094
82425666,2024,2024-06-28,1972,2024-06-13,904,22928,NA,4,5,6,1972,0,0,0,NA,0,NA,CARSON ST,COTA AVE,0,NA,Y,A,-,N,NA,NA,NA,NA,NA,NA,NA,NA,NA,N,4,0,1,2,A,-,09,21801,A,N,D,G,A,A,H,-,A,D,0,NA,Y,NA,NA,Y,NA,A,01,0,0,1,0,0,0,1,0,0,-,-,NA,NA,LOS ANGELES,TORRANCE,-118.32249450683594,33.83135986328125
82425668,2024,2024-06-28,1972,2024-06-15,804,18263,NA,6,5,6,1972,0,0,0,NA,0,NA,SEPULVEDA BLVD,ARLINGTON AVE,0,NA,Y,A,-,N,NA,NA,NA,NA,NA,NA,NA,NA,NA,Y,4,0,1,2,A,-,12,21453,A,N,D,C,A,A,H,-,A,A,0,NA,NA,NA,NA,Y,NA,A,07,0,0,1,0,0,0,0,0,0,-,-,33.82014846801758,-118.31983947753906,LOS ANGELES,TORRANCE,-118.31974792480467,33.82010269165039
82425674,2024,2024-06-28,1925,2024-06-13,839,21055,NA,4,5,6,1925,0,0,0,NA,0,001,SAN FERNANDO ROAD,WESTERN AVENUE,0,NA,Y,B,-,N,NA,NA,NA,NA,NA,NA,NA,NA,NA,N,3,0,1,2,A,-,08,22107,NA,N,D,G,A,A,H,-,A,A,0,NA,Y,NA,NA,Y,NA,A,01,0,1,0,0,0,0,1,0,0,-,-,NA,NA,LOS ANGELES,GLENDALE,-118.29218292236328,34.16878890991211
82425676,2024,2024-06-28,1925,2024-06-13,1758,29229,NA,4,5,6,1925,0,0,0,NA,0,002,COLORADO STREET,KENILWORTH AVENUE,116,E,N,A,-,N,NA,NA,NA,NA,NA,NA,NA,NA,NA,N,4,0,4,2,A,-,08,22107,NA,N,B,C,A,A,H,-,A,A,0,NA,NA,NA,NA,Y,NA,A,01,0,0,4,0,0,0,0,0,0,-,-,NA,NA,LOS ANGELES,GLENDALE,-118.2671127319336,34.14236068725586
82425678,2024,2024-06-28,1925,2024-06-13,1712,21370,NA,4,5,6,1925,0,0,0,NA,0,002,COLUMBUS AVENUE,LOMITA AVENUE,0,NA,Y,A,-,N,NA,NA,NA,NA,NA,NA,NA,NA,NA,N,2,0,1,2,A,-,01,23152,F,N,G,B,D,A,H,-,A,D,0,Y,NA,NA,NA,Y,NA,A,01,1,0,0,0,1,0,0,0,0,-,-,34.139930725097656,-118.26081085205078,LOS ANGELES,GLENDALE,-118.26085662841795,34.13993453979492
82425685,2024,2024-06-28,1925,2024-06-17,736,30156,NA,1,5,6,1925,0,0,0,NA,0,003,WILSON AVENUE,VERDUGO ROAD,0,NA,Y,A,-,N,NA,NA,NA,NA,NA,NA,NA,NA,NA,Y,4,0,2,2,A,-,12,21453,A,N,D,C,A,A,H,-,A,A,0,NA,NA,NA,NA,Y,NA,A,01,0,0,2,0,0,0,0,0,0,-,-,NA,NA,LOS ANGELES,GLENDALE,-118.23555755615234,34.1480598449707
82425718,2023,2024-06-28,1933,2023-12-18,1653,812,NA,1,5,6,1933,0,0,0,NA,0,001,CENTINELA AV,INGLEWOOD AV,0,NA,Y,B,-,N,NA,NA,NA,NA,NA,NA,NA,NA,NA,Y,1,1,2,4,A,-,03,22350,NA,N,D,C,A,A,H,-,A,A,0,NA,NA,NA,NA,Y,NA,A,01,0,0,2,0,0,0,0,0,0,-,-,33.97663879394531,-118.36118316650392,LOS ANGELES,INGLEWOOD,-118.3613510131836,33.976558685302734
82425720,2024,2024-06-28,1933,2024-06-26,235,933,NA,3,5,6,1933,0,0,0,NA,0,001,FLORENCE AV,PRAIRIE AV,0,NA,Y,A,-,N,NA,NA,NA,NA,NA,NA,NA,NA,NA,Y,2,0,1,1,A,-,03,22350,NA,N,E,I,A,A,H,-,C,A,0,NA,NA,NA,NA,Y,NA,A,01,1,0,0,0,0,0,0,0,0,-,-,33.97127914428711,-118.34385681152344,LOS ANGELES,INGLEWOOD,-118.34410858154295,33.971282958984375
82425739,2024,2024-06-28,1955,2024-05-26,1729,42469,NA,7,5,6,1955,0,0,0,NA,0,002,ARROW HWY,FULTON RD,0,NA,Y,A,-,N,NA,NA,NA,NA,NA,NA,NA,NA,NA,Y,4,0,2,2,A,-,12,22450,A,N,D,C,A,A,H,-,A,A,0,NA,NA,NA,NA,Y,NA,A,07,0,0,2,0,0,0,0,0,0,-,-,34.08998107910156,-117.75615692138672,LOS ANGELES,POMONA,-117.75617218017578,34.090057373046875
82425754,2024,2024-06-28,1955,2024-05-17,220,42787,NA,5,5,6,1955,0,0,0,NA,0,003,HOLT AVE,EAST END AVE,50,W,N,A,-,N,NA,NA,NA,NA,NA,NA,NA,NA,NA,Y,4,0,1,4,A,-,01,23153,A,N,C,C,A,A,H,-,C,A,0,NA,NA,NA,NA,Y,Y,A,01,0,0,1,0,0,0,0,0,0,-,-,34.06306838989258,-117.72393035888672,LOS ANGELES,POMONA,-117.7240982055664,34.063018798828125
82425755,2024,2024-06-28,1955,2024-05-21,907,43138,NA,2,5,6,1955,0,0,0,NA,0,004,RESERVOIR ST,GRAND AVE,0,NA,Y,B,-,N,NA,NA,NA,NA,NA,NA,NA,NA,NA,Y,4,0,1,2,A,-,08,22107,NA,N,A,C,A,A,H,-,A,A,0,NA,NA,NA,Y,Y,NA,D,22,0,0,1,0,0,0,0,0,0,-,-,34.048248291015625,-117.73233032226564,LOS ANGELES,POMONA,-117.73233795166016,34.04825210571289
82426440,2024,2024-07-01,1912,2024-05-28,436,15901,NA,2,5,6,1912,0,0,0,NA,0,NA,BUENA VISTA STREET,VANOWEN STREET,0,NA,Y,A,-,N,NA,NA,NA,NA,NA,NA,NA,NA,NA,N,2,0,4,1,A,-,01,23152,F,N,E,I,A,A,H,-,C,A,0,NA,NA,NA,NA,Y,NA,A,01,1,3,0,0,0,0,0,0,0,-,-,34.18962097167969,-118.33828735351564,LOS ANGELES,BURBANK,-118.33824157714844,34.189659118652344
82426441,2024,2024-07-01,1912,2024-05-29,1022,11832,NA,3,5,6,1912,0,0,0,NA,0,NA,ALAMEDA AVENUE,OLIVE AVENUE,0,NA,Y,B,-,N,NA,NA,NA,NA,NA,NA,NA,NA,NA,Y,3,0,2,2,A,-,08,22101,D,N,D,C,A,A,H,-,A,A,0,NA,NA,NA,Y,Y,NA,F,26,0,1,1,0,0,0,0,0,0,-,-,NA,NA,LOS ANGELES,BURBANK,-118.33507537841795,34.15589904785156
82426460,2024,2024-07-01,1923,2024-06-02,2112,567,NA,7,5,3,1923,0,0,0,NA,0,3B6,NORTH PACIFIC COAST HIGHWAY,EL SEGUNDO BLVD,40,N,N,A,-,Y,LA,NA,1,NA,NA,24.908,H,NA,R,Y,2,0,1,1,A,-,03,22350,NA,N,E,J,A,A,A,-,C,A,0,NA,NA,Y,NA,Y,NA,C,02,1,0,0,0,0,0,0,0,1,-,-,33.91633987426758,-118.39598846435548,LOS ANGELES,EL SEGUNDO,-118.39588165283205,33.91633987426758
82426502,2024,2024-07-01,1972,2024-06-17,836,15555,NA,1,5,6,1972,0,0,0,NA,0,NA,PRAIRIE AVE,182ND ST,80,S,N,A,-,N,NA,NA,NA,NA,NA,NA,NA,NA,NA,Y,4,0,1,2,A,-,03,22350,NA,N,C,C,A,A,H,-,A,A,0,NA,NA,NA,NA,Y,NA,A,01,0,0,1,0,0,0,0,0,0,-,-,NA,NA,LOS ANGELES,TORRANCE,-118.34380340576172,33.865360260009766
82426503,2024,2024-07-01,1972,2024-06-17,1731,21239,NA,1,5,6,1972,0,0,0,NA,0,NA,CARSON ST,REYNOLDS DR,50,E,N,A,-,N,NA,NA,NA,NA,NA,NA,NA,NA,NA,N,4,0,1,2,A,-,08,22107,NA,N,C,E,A,A,H,-,A,A,0,NA,NA,Y,NA,Y,NA,C,02,0,0,1,0,0,0,0,0,1,-,-,33.830528259277344,-118.3635025024414,LOS ANGELES,TORRANCE,-118.36338806152344,33.83050537109375
82426507,2024,2024-07-01,1925,2024-06-18,1004,30156,NA,2,5,6,1925,0,0,0,NA,0,003,CHEVY CHASE DRIVE,BOYNTON STREET,478,E,N,B,-,N,NA,NA,NA,NA,NA,NA,NA,NA,NA,Y,2,0,1,3,A,-,09,21804,A,N,D,C,A,A,H,-,A,D,0,NA,NA,NA,NA,Y,NA,A,07,1,0,0,0,0,0,0,0,0,-,-,34.1336784362793,-118.24906158447266,LOS ANGELES,GLENDALE,-118.2475128173828,34.13374710083008
82426545,2024,2024-07-01,1955,2024-05-28,1016,43138,NA,2,5,6,1955,0,0,0,NA,0,002,LA VERNE AVE,TOWNE AVE,0,NA,Y,A,-,N,NA,NA,NA,NA,NA,NA,NA,NA,NA,Y,4,0,2,2,A,-,12,21453,A,N,D,C,A,A,H,-,A,A,0,NA,NA,NA,NA,Y,NA,A,01,0,0,2,0,0,0,0,0,0,-,-,34.08042907714844,-117.7406005859375,LOS ANGELES,POMONA,-117.74057769775392,34.080318450927734
82426770,2024,2024-07-01,1925,2024-06-14,2229,22783,NA,5,5,6,1925,0,0,0,NA,0,001,GLENOAKS BOULEVARD,GRAYNOLD AVENUE,49,E,N,A,-,N,NA,NA,NA,NA,NA,NA,NA,NA,NA,N,3,0,1,2,A,-,11,21954,A,N,G,B,D,A,H,-,C,D,0,Y,NA,NA,NA,Y,NA,N,60,0,1,0,0,1,0,0,0,0,-,-,34.1627197265625,-118.27822875976564,LOS ANGELES,GLENDALE,-118.27817535400392,34.16261291503906
82426771,2024,2024-07-01,1925,2024-06-15,1600,29285,NA,6,5,6,1925,0,0,0,NA,0,003,VERDUGO ROAD,ORANGE GROVE AVENUE,30,S,N,A,-,N,NA,NA,NA,NA,NA,NA,NA,NA,NA,N,3,0,2,2,A,-,09,21804,A,N,B,C,A,A,H,-,A,D,0,NA,NA,NA,NA,Y,NA,I,11,0,2,0,0,0,0,0,0,0,-,-,34.143558502197266,-118.2343292236328,LOS ANGELES,GLENDALE,-118.23426818847656,34.14350891113281
82426811,2024,2024-07-01,1955,2024-05-23,1107,43138,NA,4,5,6,1955,0,0,0,NA,0,002,TOWNE AVE,TOWNE PARK CIR,0,NA,Y,B,-,N,NA,NA,NA,NA,NA,NA,NA,NA,NA,Y,4,0,1,2,A,-,09,21802,A,N,D,C,A,A,H,-,A,D,0,NA,NA,NA,NA,Y,NA,A,07,0,0,1,0,0,0,0,0,0,-,-,34.10993957519531,-117.73692321777344,LOS ANGELES,POMONA,-117.73683166503906,34.10982131958008
82426812,2024,2024-07-01,1955,2024-05-25,1517,42469,NA,6,5,6,1955,0,0,0,NA,0,001,HOLT AVE,SHORT ST,240,E,N,A,-,N,NA,NA,NA,NA,NA,NA,NA,NA,NA,N,4,0,1,2,A,-,08,22107,NA,N,D,C,A,A,H,-,A,D,0,NA,NA,NA,Y,Y,NA,G,27,0,0,1,0,0,0,0,0,0,-,-,34.06148147583008,-117.78627777099608,LOS ANGELES,POMONA,NA,NA
82426946,2024,2024-07-01,1912,2024-05-24,1716,14849,NA,5,5,6,1912,0,0,0,NA,0,NA,VICTORY BOULEVARD,AVON STREET,55,E,N,A,-,N,NA,NA,NA,NA,NA,NA,NA,NA,NA,N,4,0,1,2,A,-,03,22350,NA,N,C,C,A,A,H,-,A,A,0,NA,NA,NA,NA,Y,NA,A,01,0,0,1,0,0,0,0,0,0,-,-,34.18470001220703,-118.34803771972656,LOS ANGELES,BURBANK,-118.34786987304688,34.18471908569336
82426947,2024,2024-07-01,1912,2024-05-29,1446,13387,NA,3,5,6,1912,0,0,0,NA,0,NA,1ST STREET,MAGNOLIA BOULEVARD,40,S,N,A,-,N,NA,NA,NA,NA,NA,NA,NA,NA,NA,N,4,0,1,2,A,-,21,22106,NA,N,C,C,A,A,H,-,A,A,0,NA,NA,Y,NA,Y,NA,-,31,0,0,1,0,0,0,0,0,0,-,-,34.18172836303711,-118.31310272216795,LOS ANGELES,BURBANK,-118.31290435791016,34.18180465698242
82426948,2024,2024-07-01,1912,2024-05-31,1147,13208,NA,5,5,6,1912,0,0,0,NA,0,NA,HOLLYWOOD WAY,BURBANK BOULEVARD,0,NA,Y,A,-,N,NA,NA,NA,NA,NA,NA,NA,NA,NA,N,3,0,1,2,A,-,10,21950,C,F,G,B,B,A,H,-,A,A,0,Y,NA,NA,NA,Y,NA,A,01,0,1,0,0,1,0,0,0,0,-,-,34.174930572509766,-118.34944915771484,LOS ANGELES,BURBANK,-118.34933471679688,34.17498779296875
82426980,2024,2024-07-01,1925,2024-06-14,1814,25163,NA,5,5,6,1925,0,0,0,NA,0,003,HARVARD STREET,CHEVY CHASE DRIVE,240,E,N,A,-,N,NA,NA,NA,NA,NA,NA,NA,NA,NA,N,4,0,2,2,D,-,00,NA,NA,N,C,C,A,A,H,-,A,D,0,NA,NA,NA,NA,Y,NA,-,-,0,0,2,0,0,0,0,0,0,-,-,34.14442825317383,-118.23963928222656,LOS ANGELES,GLENDALE,-118.23883056640624,34.14442825317383
82428029,2024,2024-07-02,1969,2024-05-21,1743,10247,NA,2,5,5,1969,0,0,0,NA,0,002,FILESTONE BLVD,GARDEN VIEW AV,221,E,N,A,-,N,NA,NA,NA,NA,NA,NA,NA,NA,NA,N,3,0,1,2,A,-,04,21703,NA,N,C,C,A,A,H,-,A,A,0,NA,NA,NA,NA,Y,NA,A,01,0,1,0,0,0,0,0,0,0,-,-,33.9551887512207,-118.21572113037108,LOS ANGELES,SOUTH GATE,-118.21501159667967,33.95502853393555
82428090,2024,2024-07-02,1925,2024-06-13,1846,26160,NA,4,5,6,1925,0,0,0,NA,0,NA,HIGHLAND AVENUE,OLMSTED DRIVE,229,N,N,A,-,N,NA,NA,NA,NA,NA,NA,NA,NA,NA,Y,3,0,1,4,A,-,01,23152,A,N,A,E,A,A,H,-,A,D,0,NA,NA,NA,NA,Y,Y,A,01,0,1,0,0,0,0,0,0,0,-,-,34.16849136352539,-118.27300262451172,LOS ANGELES,GLENDALE,-118.27288055419922,34.169189453125
82428092,2024,2024-07-02,1925,2024-06-15,1947,28823,NA,6,5,6,1925,0,0,0,NA,0,002,CENTRAL AVENUE,134 FREEWAY,0,NA,Y,A,-,N,NA,NA,NA,NA,NA,NA,NA,NA,NA,Y,3,0,1,2,A,-,08,22101,D,N,-,C,A,A,H,-,A,A,0,NA,NA,NA,NA,Y,NA,-,-,0,1,0,0,0,0,0,0,0,-,-,NA,NA,LOS ANGELES,GLENDALE,-118.25473022460938,33.91071319580078
82428099,2024,2024-07-02,1925,2024-06-20,1631,29229,NA,4,5,6,1925,0,0,0,NA,0,002,CALIFORNIA AVENUE,CENTRAL AVENUE,102,E,N,A,-,N,NA,NA,NA,NA,NA,NA,NA,NA,NA,N,4,0,3,2,A,-,03,22350,NA,M,C,C,A,A,H,-,A,A,0,NA,NA,NA,NA,Y,NA,A,01,0,0,3,0,0,0,0,0,0,-,-,34.149871826171875,-118.25791168212892,LOS ANGELES,GLENDALE,-118.25757598876952,34.14992904663086
82429107,2024,2024-07-03,1975,2024-06-08,1154,495,NA,6,5,6,1975,0,0,0,NA,0,001,LARK ELLEN AV,ROWLAND AV,0,NA,Y,A,-,N,NA,NA,NA,NA,NA,NA,NA,NA,NA,Y,3,0,1,2,A,-,09,21801,A,N,D,C,A,A,H,-,A,A,0,NA,NA,NA,NA,Y,NA,A,01,0,1,0,0,0,0,0,0,0,-,-,34.079200744628906,-117.91658782958984,LOS ANGELES,WEST COVINA,-117.91658782958984,34.07912063598633
82429184,2024,2024-07-03,1922,2024-06-14,1443,711,NA,5,5,6,1922,0,0,0,NA,0,003,ELLIOTT AVE,CONTINENTAL AVE,0,NA,Y,A,-,N,NA,NA,NA,NA,NA,NA,NA,NA,NA,Y,4,0,1,1,A,-,08,22107,NA,N,E,I,A,A,H,-,A,A,0,NA,NA,NA,NA,Y,NA,A,01,0,0,1,0,0,0,0,0,0,-,-,34.058589935302734,-118.03814697265624,LOS ANGELES,EL MONTE,-118.03814697265624,34.05859375
82429185,2024,2024-07-03,1922,2024-06-14,1519,722,NA,5,5,6,1922,0,0,0,NA,0,001,KINGS ROW,VISTA LN (1),0,NA,Y,A,-,N,NA,NA,NA,NA,NA,NA,NA,NA,NA,Y,3,0,1,1,A,-,03,22350,NA,N,E,I,A,A,H,-,A,D,0,NA,NA,Y,NA,Y,NA,C,02,0,1,0,0,0,0,0,0,1,-,-,34.093448638916016,-118.0264892578125,LOS ANGELES,EL MONTE,-118.0261459350586,34.09360122680664
82429186,2024,2024-07-03,1922,2024-06-16,208,711,NA,7,5,6,1922,0,0,0,NA,0,003,GARVEY AVE,SEAMAN AVE,116,E,N,A,-,N,NA,NA,NA,NA,NA,NA,NA,NA,NA,Y,3,0,1,2,A,-,08,22107,NA,N,B,E,A,A,H,-,C,D,0,NA,NA,NA,NA,Y,NA,D,22,0,1,0,0,0,0,0,0,0,-,-,34.062660217285156,-118.05296325683594,LOS ANGELES,EL MONTE,-118.052490234375,34.06275177001953
82429187,2024,2024-07-03,1922,2024-06-16,439,709,NA,7,5,6,1922,0,0,0,NA,0,004,MOUNTAIN VIEW RD,MEEKER AVE,333,N,N,A,-,Y,NA,NA,NA,NA,NA,NA,NA,NA,NA,N,4,0,1,3,A,-,08,22107,NA,N,C,E,A,A,H,-,C,D,0,NA,NA,NA,NA,Y,NA,A,01,0,0,1,0,0,0,0,0,0,-,-,34.05863952636719,-118.02662658691406,LOS ANGELES,EL MONTE,-118.02587890625,34.05918884277344
82429190,2023,2024-07-03,1948,2023-12-30,1640,486,NA,6,5,5,1948,0,0,0,NA,0,002,GARVEY AV,ATLANTIC BLVD,174,E,N,A,-,N,NA,NA,NA,NA,NA,NA,NA,NA,NA,N,3,0,1,2,A,-,05,21650,1,N,D,G,A,A,H,-,A,D,0,NA,Y,NA,NA,Y,NA,L,04,0,1,0,0,0,0,1,0,0,-,-,34.06248092651367,-118.13424682617188,LOS ANGELES,MONTEREY PARK,-118.13365936279295,34.0623893737793
82429195,2024,2024-07-03,1948,2024-01-04,1731,495,NA,4,5,5,1948,0,0,0,NA,0,001,CORPORATE CENTER DR,CASUDA CANYON DR,50,N,N,A,-,N,NA,NA,NA,NA,NA,NA,NA,NA,NA,Y,3,0,5,2,A,-,05,21651,A,N,A,D,A,A,H,-,C,A,0,NA,NA,NA,NA,Y,NA,A,01,0,5,0,0,0,0,0,0,0,-,-,34.05569076538086,-118.16362762451172,LOS ANGELES,MONTEREY PARK,-118.16365051269533,34.05573272705078
82429200,2024,2024-07-03,1948,2024-01-10,1904,480,NA,3,5,5,1948,0,0,0,NA,0,001,RAMONA BLVD,710 S ON RAMP,0,NA,Y,A,-,N,NA,NA,NA,NA,NA,NA,NA,NA,NA,Y,3,0,1,2,A,-,09,21801,A,N,A,C,A,A,H,-,C,A,0,NA,NA,NA,NA,Y,NA,A,01,0,1,0,0,0,0,0,0,0,-,-,34.06074142456055,-118.16787719726564,LOS ANGELES,MONTEREY PARK,NA,NA