CASE_ID,ACCIDENT_YEAR,PROC_DATE,JURIS,COLLISION_DATE,COLLISION_TIME,OFFICER_ID,REPORTING_DISTRICT,DAY_OF_WEEK,CHP_SHIFT,POPULATION,CNTY_CITY_LOC,SPECIAL_COND,BEAT_TYPE,CHP_BEAT_TYPE,CITY_DIVISION_LAPD,CHP_BEAT_CLASS,BEAT_NUMBER,PRIMARY_RD,SECONDARY_RD,DISTANCE,DIRECTION,INTERSECTION,WEATHER_1,WEATHER_2,STATE_HWY_IND,CALTRANS_COUNTY,CALTRANS_DISTRICT,STATE_ROUTE,ROUTE_SUFFIX,POSTMILE_PREFIX,POSTMILE,LOCATION_TYPE,RAMP_INTERSECTION,SIDE_OF_HWY,TOW_AWAY,COLLISION_SEVERITY,NUMBER_KILLED,NUMBER_INJURED,PARTY_COUNT,PRIMARY_COLL_FACTOR,PCF_CODE_OF_VIOL,PCF_VIOL_CATEGORY,PCF_VIOLATION,PCF_VIOL_SUBSECTION,HIT_AND_RUN,TYPE_OF_COLLISION,MVIW,PED_ACTION,ROAD_SURFACE,ROAD_COND_1,ROAD_COND_2,LIGHTING,CONTROL_DEVICE,CHP_ROAD_TYPE,PEDESTRIAN_ACCIDENT,BICYCLE_ACCIDENT,MOTORCYCLE_ACCIDENT,TRUCK_ACCIDENT,NOT_PRIVATE_PROPERTY,ALCOHOL_INVOLVED,STWD_VEHTYPE_AT_FAULT,CHP_VEHTYPE_AT_FAULT,COUNT_SEVERE_INJ,COUNT_VISIBLE_INJ,COUNT_COMPLAINT_PAIN,COUNT_PED_KILLED,COUNT_PED_INJURED,COUNT_BICYCLIST_KILLED,COUNT_BICYCLIST_INJURED,COUNT_MC_KILLED,COUNT_MC_INJURED,PRIMARY_RAMP,SECONDARY_RAMP,LATITUDE,LONGITUDE,COUNTY,CITY,POINT_X,POINT_Y
82431123,2024,2024-07-05,1972,2024-06-18,1716,21239,NA,2,5,6,1972,0,0,0,NA,0,NA,190TH ST,FELBAR AVE,0,NA,Y,A,-,N,NA,NA,NA,NA,NA,NA,NA,NA,NA,Y,3,0,2,3,A,-,09,21801,A,N,D,C,A,A,H,-,A,A,0,NA,NA,NA,NA,Y,NA,A,01,0,2,0,0,0,0,0,0,0,-,-,33.85818862915039,-118.33885192871094,LOS ANGELES,TORRANCE,-118.33887481689452,33.858280181884766
82431125,2024,2024-07-05,1972,2024-06-19,1832,17433,NA,3,5,6,1972,0,0,0,NA,0,NA,CABRILLO AVE,PLAZA DEL AMO,0,NA,Y,A,-,N,NA,NA,NA,NA,NA,NA,NA,NA,NA,N,3,0,1,2,A,-,05,21650,NA,N,D,G,A,A,H,-,B,D,0,NA,Y,NA,NA,Y,NA,L,04,0,1,0,0,0,0,1,0,0,-,-,NA,NA,LOS ANGELES,TORRANCE,-118.31435394287108,33.82412338256836
82431128,2024,2024-07-05,1972,2024-06-22,904,21239,NA,6,5,6,1972,0,0,0,NA,0,NA,SEPULVEDA BLVD,PENNSYLVANIA AVE,0,NA,Y,A,-,N,NA,NA,NA,NA,NA,NA,NA,NA,NA,Y,4,0,1,2,A,-,09,21802,A,N,D,C,A,A,H,-,A,A,0,NA,NA,NA,NA,Y,NA,D,22,0,0,1,0,0,0,0,0,0,-,-,33.82126998901367,-118.32528686523438,LOS ANGELES,TORRANCE,-118.32534790039064,33.82118225097656
82431889,2024,2024-07-08,1912,2024-05-18,2316,11822,NA,6,5,6,1912,0,0,0,NA,0,NA,VANOWEN STREET,HOLLYWOOD WAY,1312,W,N,B,-,N,NA,NA,NA,NA,NA,NA,NA,NA,NA,Y,1,1,1,3,D,-,00,NA,NA,N,B,I,A,A,H,-,C,A,0,NA,NA,NA,NA,Y,NA,-,-,0,0,1,0,0,0,0,0,0,-,-,34.192691802978516,-118.35334777832033,LOS ANGELES,BURBANK,-118.3531494140625,34.192630767822266
82431891,2024,2024-07-08,1912,2024-06-04,1608,11832,NA,2,5,6,1912,0,0,0,NA,0,NA,SAN FERNANDO BOULEVARD,ANGELENO AVENUE,0,NA,Y,A,-,N,NA,NA,NA,NA,NA,NA,NA,NA,NA,N,4,0,1,2,A,-,12,21453,A,N,D,C,A,A,H,-,A,A,0,NA,NA,NA,NA,Y,NA,A,07,0,0,1,0,0,0,0,0,0,-,-,NA,NA,LOS ANGELES,BURBANK,-118.30767059326172,34.18009948730469
82431893,2024,2024-07-08,1912,2024-06-05,800,13208,NA,3,5,6,1912,0,0,0,NA,0,NA,MAGNOLIA BOULEVARD,ONTARIO STREET,0,NA,Y,A,-,N,NA,NA,NA,NA,NA,NA,NA,NA,NA,Y,4,0,1,2,A,-,09,21804,A,N,D,C,A,A,H,-,A,A,0,NA,NA,NA,NA,Y,NA,A,01,0,0,1,0,0,0,0,0,0,-,-,34.169490814208984,-118.34205627441406,LOS ANGELES,BURBANK,-118.34194183349608,34.16957092285156
82431921,2024,2024-07-08,1922,2024-06-10,1312,716,NA,1,5,6,1922,0,0,0,NA,0,002,PECK RD,LAMBERT AVE,0,NA,Y,A,-,N,NA,NA,NA,NA,NA,NA,NA,NA,NA,Y,3,0,2,3,A,-,12,21453,A,N,D,C,A,A,H,-,A,A,0,NA,NA,NA,NA,Y,NA,A,01,0,2,0,0,0,0,0,0,0,-,-,34.08219909667969,-118.01886749267578,LOS ANGELES,EL MONTE,-118.01883697509766,34.08219909667969
82431922,2024,2024-07-08,1922,2024-06-17,1730,677,NA,1,5,6,1922,0,0,0,NA,0,001,LAMBERT AVE,PECK RD,100,W,N,A,-,N,NA,NA,NA,NA,NA,NA,NA,NA,NA,N,3,0,1,2,A,-,05,21650,NA,N,D,G,A,A,H,-,A,D,0,NA,Y,NA,NA,Y,NA,L,04,0,1,0,0,0,0,1,0,0,-,-,34.08219909667969,-118.01886749267578,LOS ANGELES,EL MONTE,-118.0191650390625,34.08223342895508
82431923,2024,2024-07-08,1948,2024-06-27,1332,400,NA,4,5,5,1948,0,0,0,NA,0,NA,GARFIELD AV,AVONDALE AV,16,S,N,A,-,N,NA,NA,NA,NA,NA,NA,NA,NA,NA,N,4,0,1,2,A,-,10,21950,A,N,G,B,B,A,H,-,A,A,0,Y,NA,NA,NA,Y,NA,A,01,0,0,1,0,1,0,0,0,0,-,-,34.063690185546875,-118.12281799316406,LOS ANGELES,MONTEREY PARK,-118.1228485107422,34.06368637084961
82431931,2024,2024-07-08,1948,2024-06-28,2054,498,NA,5,5,5,1948,0,0,0,NA,0,001,ATLANTIC BLVD,1ST ST,0,NA,Y,A,-,N,NA,NA,NA,NA,NA,NA,NA,NA,NA,Y,4,0,1,2,A,-,09,21801,A,N,A,C,A,A,H,-,C,A,0,NA,NA,NA,NA,Y,NA,A,01,0,0,1,0,0,0,0,0,0,-,-,34.03641891479492,-118.1481475830078,LOS ANGELES,MONTEREY PARK,-118.14812469482422,34.036415100097656
82431957,2024,2024-07-08,1972,2024-06-24,1224,21239,NA,1,5,6,1972,0,0,0,NA,0,NA,HAWTHORNE BLVD,226TH ST,0,NA,Y,A,-,Y,LA,NA,107,NA,NA,1.248,H,NA,R,Y,3,0,2,3,A,-,09,21801,A,N,D,C,A,A,H,-,A,A,0,NA,NA,NA,NA,Y,NA,A,01,0,2,0,0,0,0,0,0,0,-,-,33.823150634765625,-118.35101318359376,LOS ANGELES,TORRANCE,-118.3509521484375,33.823150634765625
82431958,2024,2024-07-08,1972,2024-06-24,2010,21239,NA,1,5,6,1972,0,0,0,NA,0,NA,SEPULVEDA BLVD,HICKORY AVE,500,W,N,A,-,N,NA,NA,NA,NA,NA,NA,NA,NA,NA,Y,3,0,4,3,A,-,03,22350,NA,N,C,C,A,A,H,-,C,A,0,NA,NA,NA,NA,Y,NA,A,01,0,1,3,0,0,0,0,0,0,-,-,33.82297134399414,-118.33463287353516,LOS ANGELES,TORRANCE,-118.33612060546876,33.82341766357422
82431963,2024,2024-07-08,1925,2024-06-18,1726,21055,NA,2,5,6,1925,0,0,0,NA,0,002,COLORADO STREET,CENTRAL AVENUE,152,E,N,A,-,N,NA,NA,NA,NA,NA,NA,NA,NA,NA,N,4,0,1,2,A,-,09,21804,A,M,G,B,F,A,H,-,A,D,0,Y,NA,NA,NA,Y,Y,A,01,0,0,1,0,1,0,0,0,0,-,-,NA,NA,LOS ANGELES,GLENDALE,-118.2573699951172,34.142539978027344
82431966,2024,2024-07-08,1925,2024-06-24,1313,28769,NA,1,5,6,1925,0,0,0,NA,0,001,GLENOAKS BOULEVARD,EAST CURBLINE OF CENTRAL AVE,13,E,N,A,-,N,NA,NA,NA,NA,NA,NA,NA,NA,NA,N,3,0,1,2,A,-,05,21650,NA,N,D,J,A,A,H,-,A,A,0,NA,NA,Y,NA,Y,NA,C,03,0,1,0,0,0,0,0,0,1,-,-,34.15943908691406,-118.25766754150392,LOS ANGELES,GLENDALE,-118.31681823730467,34.19092559814453
82432005,2024,2024-07-08,1955,2024-02-22,1515,43044,NA,4,5,6,1955,0,0,0,NA,0,006,TOWNE AVE,BANGOR ST,13,N,N,A,-,N,NA,NA,NA,NA,NA,NA,NA,NA,NA,N,4,0,1,2,A,-,08,22107,NA,F,D,G,A,A,H,-,A,A,0,NA,Y,NA,NA,Y,NA,A,07,0,0,1,0,0,0,1,0,0,-,-,34.083518981933594,-117.73899841308594,LOS ANGELES,POMONA,-117.73894500732422,34.083492279052734
82432007,2024,2024-07-08,1955,2024-05-23,733,40649,NA,4,5,6,1955,0,0,0,NA,0,001,MISSION BLVD,HAMILTON BLVD,0,NA,Y,A,-,N,NA,NA,NA,NA,NA,NA,NA,NA,NA,Y,3,0,1,2,A,-,09,21801,A,N,D,C,A,A,H,-,A,A,0,NA,NA,NA,NA,Y,NA,D,22,0,1,0,0,0,0,0,0,0,-,-,34.0547981262207,-117.7631607055664,LOS ANGELES,POMONA,-117.7631378173828,34.05479431152344
82432008,2024,2024-07-08,1955,2024-05-28,1248,43128,NA,2,5,6,1955,0,0,0,NA,0,002,GAREY AVE,BONITA AVE,291,S,N,A,-,N,NA,NA,NA,NA,NA,NA,NA,NA,NA,N,3,0,1,1,A,-,03,22350,NA,N,E,I,A,A,H,-,A,A,0,NA,NA,NA,NA,Y,NA,A,01,0,1,0,0,0,0,0,0,0,-,-,34.09626007080078,-117.74859619140624,LOS ANGELES,POMONA,-117.74864196777344,34.09545135498047
82432011,2024,2024-07-08,1955,2024-05-30,1103,43016,NA,4,5,6,1955,0,0,0,NA,0,001,WHITE AVE,WILLIAM ST (N),0,NA,Y,A,-,N,NA,NA,NA,NA,NA,NA,NA,NA,NA,N,3,0,1,2,A,-,09,21802,A,F,D,G,A,A,H,-,A,D,0,NA,Y,NA,NA,Y,NA,L,04,0,1,0,0,0,0,1,0,0,-,-,34.063331604003906,-117.75911712646484,LOS ANGELES,POMONA,-117.7590789794922,34.06318283081055
82432015,2024,2024-07-08,1955,2024-06-02,1417,43138,NA,7,5,6,1955,0,0,0,NA,0,005,MISSION BLVD,BUENA VISTA AVE,0,NA,Y,B,-,N,NA,NA,NA,NA,NA,NA,NA,NA,NA,Y,4,0,2,2,A,-,12,21453,A,N,D,C,A,A,H,-,A,A,0,NA,NA,NA,NA,Y,NA,A,01,0,0,2,0,0,0,0,0,0,-,-,34.05474090576172,-117.76748657226564,LOS ANGELES,POMONA,-117.76750946044922,34.0546760559082
82432016,2024,2024-07-08,1955,2024-06-02,1732,42804,NA,7,5,6,1955,0,0,0,NA,0,004,PALOMARES ST,MISSION BLVD,20,N,Y,A,-,N,NA,NA,NA,NA,NA,NA,NA,NA,NA,N,4,0,1,2,A,-,12,21453,A,N,D,C,A,A,H,-,A,A,0,NA,NA,NA,NA,Y,NA,A,01,0,0,1,0,0,0,0,0,0,-,-,34.05522918701172,-117.74568176269533,LOS ANGELES,POMONA,-117.74568939208984,34.055274963378906
82432017,2024,2024-07-08,1955,2024-04-20,5,42958,NA,6,5,6,1955,0,0,0,NA,0,NA,FILLMORE PL,HOLT AVE,25,N,N,A,-,N,NA,NA,NA,NA,NA,NA,NA,NA,NA,N,4,0,1,4,A,-,08,22107,NA,N,B,E,A,A,H,-,C,D,0,NA,NA,NA,NA,Y,NA,A,01,0,0,1,0,0,0,0,0,0,-,-,34.06196975708008,-117.76712036132813,LOS ANGELES,POMONA,-117.76708221435548,34.06202697753906
82432018,2024,2024-07-08,1955,2024-04-29,1848,42685,NA,1,5,6,1955,0,0,0,NA,0,001,HOLT AVE,SR 71 ONRAMP,242,W,N,A,-,N,NA,NA,NA,NA,NA,NA,NA,NA,NA,Y,3,0,1,2,A,-,03,22350,NA,N,C,G,A,A,H,-,A,A,0,NA,Y,NA,NA,Y,NA,D,22,0,1,0,0,0,0,1,0,0,-,-,34.06142044067383,-117.78822326660156,LOS ANGELES,POMONA,NA,NA
82432022,2024,2024-07-08,1955,2024-05-28,1754,43128,NA,2,5,6,1955,0,0,0,NA,0,004,PHILLIPS BLVD,PALOMARES ST,0,NA,Y,A,-,N,NA,NA,NA,NA,NA,NA,NA,NA,NA,Y,4,0,1,2,A,-,03,22350,NA,N,C,C,A,A,H,-,A,D,0,NA,NA,NA,NA,Y,NA,A,01,0,0,1,0,0,0,0,0,0,-,-,34.0443115234375,-117.74529266357422,LOS ANGELES,POMONA,-117.74526977539064,34.0443000793457
82432138,2024,2024-07-08,1912,2024-06-05,2010,15652,NA,3,5,6,1912,0,0,0,NA,0,NA,SAN FERNANDO BOULEVARD,ELMWOOD AVENUE,0,NA,Y,A,-,N,NA,NA,NA,NA,NA,NA,NA,NA,NA,N,3,0,1,3,A,-,01,23153,A,F,D,E,A,A,H,-,A,A,0,NA,NA,NA,NA,Y,Y,A,01,0,1,0,0,0,0,0,0,0,-,-,34.175811767578125,-118.30181121826172,LOS ANGELES,BURBANK,-118.30181121826172,34.175872802734375
82432139,2024,2024-07-08,1975,2024-06-25,2106,501,NA,2,5,6,1975,0,0,0,NA,0,002,ROWLAND AV,S ARMEL DR,0,NA,Y,A,-,N,NA,NA,NA,NA,NA,NA,NA,NA,NA,Y,2,0,1,2,A,-,01,23152,A,N,D,C,A,A,H,-,C,D,0,NA,NA,NA,NA,Y,Y,A,01,1,0,0,0,0,0,0,0,0,-,-,NA,NA,LOS ANGELES,WEST COVINA,-117.90337371826172,34.07901382446289
82432148,2024,2024-07-08,1922,2024-06-17,2103,605,NA,1,5,6,1922,0,0,0,NA,0,002,COGSWELL RD,LAMBERT AVE,0,NA,Y,A,-,N,NA,NA,NA,NA,NA,NA,NA,NA,NA,Y,4,0,2,2,A,-,12,22450,A,F,D,C,A,A,H,-,C,D,0,NA,NA,NA,NA,Y,NA,A,07,0,0,2,0,0,0,0,0,0,-,-,34.079490661621094,-118.01068115234376,LOS ANGELES,EL MONTE,-118.01065826416016,34.079463958740234
82432201,2024,2024-07-08,1972,2024-06-25,657,15555,NA,2,5,6,1972,0,0,0,NA,0,NA,ARTESIA BLVD,AINSWORTH AVE,0,NA,Y,A,-,N,NA,NA,NA,NA,NA,NA,NA,NA,NA,N,4,0,1,2,A,-,09,21802,A,N,D,C,A,A,H,-,A,A,0,NA,NA,NA,Y,Y,NA,A,01,0,0,1,0,0,0,0,0,0,-,-,NA,NA,LOS ANGELES,TORRANCE,-118.33956909179688,33.872779846191406
82432254,2024,2024-07-08,1955,2024-05-23,1526,40649,NA,4,5,6,1955,0,0,0,NA,0,003,SAN ANTONIO AVE,MONTEREY AVE,0,NA,Y,A,-,N,NA,NA,NA,NA,NA,NA,NA,NA,NA,Y,4,0,1,2,A,-,09,21802,A,N,D,C,A,A,H,-,A,A,0,NA,NA,NA,NA,Y,NA,A,01,0,0,1,0,0,0,0,0,0,-,-,34.060848236083984,-117.73713684082033,LOS ANGELES,POMONA,-117.73713684082033,34.06082534790039
82432256,2024,2024-07-08,1955,2024-06-05,1139,43128,NA,3,5,6,1955,0,0,0,NA,0,004,MISSION BLVD,RESERVOIR ST,0,NA,Y,A,-,N,NA,NA,NA,NA,NA,NA,NA,NA,NA,Y,3,0,3,2,A,-,09,21801,A,N,D,C,A,A,H,-,A,A,0,NA,NA,NA,NA,Y,NA,A,01,0,1,2,0,0,0,0,0,0,-,-,34.05567932128906,-117.73255920410156,LOS ANGELES,POMONA,-117.73261260986328,34.0555419921875
82432258,2024,2024-07-08,1955,2024-06-05,1458,42818,NA,3,5,6,1955,0,0,0,NA,0,003,PALOMARES ST,COMMERCIAL ST,108,S,N,A,-,N,NA,NA,NA,NA,NA,NA,NA,NA,NA,Y,3,0,3,4,A,-,03,22350,NA,N,C,C,A,D,H,-,A,A,0,NA,NA,NA,NA,Y,NA,A,01,0,1,2,0,0,0,0,0,0,-,-,34.059871673583984,-117.74584197998048,LOS ANGELES,POMONA,-117.74583435058594,34.059444427490234
82432259,2024,2024-07-08,1955,2024-06-05,1510,43128,NA,3,5,6,1955,0,0,0,NA,0,004,TOWNE AVE,LEXINGTON AVE,0,NA,Y,A,-,N,NA,NA,NA,NA,NA,NA,NA,NA,NA,Y,4,0,1,2,A,-,09,21801,A,N,D,C,A,A,H,-,A,A,0,NA,NA,NA,NA,Y,NA,A,01,0,0,1,0,0,0,0,0,0,-,-,34.037139892578125,-117.74066162109376,LOS ANGELES,POMONA,-117.74066162109376,34.03712844848633
82432260,2024,2024-07-08,1955,2024-06-05,1054,43138,NA,3,5,6,1955,0,0,0,NA,0,003,MISSION BLVD,EAST END AVE,870,W,N,A,-,N,NA,NA,NA,NA,NA,NA,NA,NA,NA,Y,4,0,2,2,A,-,09,21804,A,N,D,C,A,A,H,-,A,D,0,NA,NA,NA,NA,Y,NA,D,22,0,0,2,0,0,0,0,0,0,-,-,34.0559196472168,-117.72382354736328,LOS ANGELES,POMONA,-117.7266845703125,34.05567932128906
82432364,2024,2024-07-08,1912,2024-05-31,2101,14849,NA,5,5,6,1912,0,0,0,NA,0,NA,6TH STREET,WALNUT AVENUE,0,NA,Y,A,-,N,NA,NA,NA,NA,NA,NA,NA,NA,NA,Y,4,0,2,2,A,-,12,22450,A,N,D,C,A,A,H,-,C,A,0,NA,NA,NA,NA,Y,NA,A,01,0,0,2,0,0,0,0,0,0,-,-,34.19178009033203,-118.31266021728516,LOS ANGELES,BURBANK,-118.31263732910156,34.19197082519531
82432365,2024,2024-07-08,1912,2024-06-01,1652,14849,NA,6,5,6,1912,0,0,0,NA,0,NA,SAN FERNANDO BOULEVARD,GRISMER AVENUE,280,N,N,A,-,N,NA,NA,NA,NA,NA,NA,NA,NA,NA,N,4,0,1,2,A,-,05,21650,1,N,D,G,A,A,H,-,A,A,0,NA,Y,NA,NA,Y,NA,A,01,0,0,1,0,0,0,1,0,0,-,-,34.191680908203125,-118.32525634765624,LOS ANGELES,BURBANK,-118.32530212402344,34.19158172607422
82432366,2024,2024-07-08,1912,2024-06-01,1744,14849,NA,6,5,6,1912,0,0,0,NA,0,NA,MAGNOLIA BOULEVARD,LIMA STREET,0,NA,Y,A,-,N,NA,NA,NA,NA,NA,NA,NA,NA,NA,Y,4,0,1,2,A,-,09,21801,A,N,E,I,A,A,H,-,A,A,0,NA,NA,NA,NA,Y,NA,A,01,0,0,1,0,0,0,0,0,0,-,-,34.1688117980957,-118.34410858154295,LOS ANGELES,BURBANK,-118.34397888183594,34.16887664794922
82432367,2024,2024-07-08,1912,2024-06-04,1020,13813,NA,2,5,6,1912,0,0,0,NA,0,NA,VICTORY BOULEVARD,CHANDLER BOULEVARD,165,S,N,A,-,N,NA,NA,NA,NA,NA,NA,NA,NA,NA,N,2,0,3,2,A,-,09,21801,A,N,A,C,A,A,H,-,A,D,0,NA,NA,NA,NA,Y,NA,A,01,2,1,0,0,0,0,0,0,0,-,-,34.18095016479492,-118.32008361816406,LOS ANGELES,BURBANK,-118.31981658935548,34.18033218383789
82432426,2024,2024-07-08,1972,2024-06-24,829,18059,NA,1,5,6,1972,0,0,0,NA,0,NA,ARLINGTON AVE,235TH ST,0,NA,Y,A,-,N,NA,NA,NA,NA,NA,NA,NA,NA,NA,Y,3,0,1,2,A,-,12,21453,A,N,D,C,A,A,H,-,A,A,0,NA,NA,NA,NA,Y,NA,A,01,0,1,0,0,0,0,0,0,0,-,-,NA,NA,LOS ANGELES,TORRANCE,-118.31992340087892,33.812740325927734
82432428,2024,2024-07-08,1972,2024-06-25,1939,21239,NA,2,5,6,1972,0,0,0,NA,0,NA,WESTERN AVE,SEPULVEDA BLVD,0,NA,Y,A,-,Y,LA,NA,213,NA,NA,6.978,H,NA,L,Y,4,0,2,2,A,-,12,21453,A,F,D,C,A,A,H,-,A,A,0,NA,NA,NA,NA,Y,Y,D,22,0,0,2,0,0,0,0,0,0,-,-,33.816829681396484,-118.3090591430664,LOS ANGELES,TORRANCE,-118.30896759033205,33.816829681396484
82432430,2024,2024-07-08,1972,2024-06-26,1259,21239,NA,3,5,6,1972,0,0,0,NA,0,NA,DOUBLE ST,CABRILLO AVE,50,E,N,A,-,N,NA,NA,NA,NA,NA,NA,NA,NA,NA,Y,3,0,3,3,A,-,09,21804,A,N,D,E,A,A,H,-,A,A,0,NA,NA,NA,NA,Y,NA,A,01,0,1,2,0,0,0,0,0,0,-,-,33.83306884765625,-118.3144302368164,LOS ANGELES,TORRANCE,-118.3141632080078,33.83306884765625
82432431,2024,2024-07-08,1925,2024-06-26,1859,29635,NA,3,5,6,1925,0,0,0,NA,0,001,SONORA AVENUE,FLOWER STREET,0,NA,Y,A,-,N,NA,NA,NA,NA,NA,NA,NA,NA,NA,N,4,0,1,2,A,-,12,21453,A,N,D,D,A,A,H,-,A,A,0,NA,NA,NA,NA,Y,NA,A,01,0,0,1,0,0,0,0,0,0,-,-,34.16291046142578,-118.29141998291016,LOS ANGELES,GLENDALE,-118.29146575927734,34.16295623779297
82432432,2024,2024-07-08,1925,2024-06-26,1411,28769,NA,3,5,6,1925,0,0,0,NA,0,004,WILSON AVENUE,JACKSON STREET,0,NA,Y,A,-,N,NA,NA,NA,NA,NA,NA,NA,NA,NA,Y,4,0,1,2,A,-,12,21453,A,N,D,C,A,A,H,-,A,A,0,NA,NA,NA,NA,Y,NA,A,01,0,0,1,0,0,0,0,0,0,-,-,34.14815139770508,-118.25010681152344,LOS ANGELES,GLENDALE,-118.25015258789064,34.14817810058594
82432474,2024,2024-07-08,1955,2024-05-16,2344,41949,NA,4,5,6,1955,0,0,0,NA,0,001,RIDGEWAY ST,MURCHISON AVE,0,NA,Y,A,-,N,NA,NA,NA,NA,NA,NA,NA,NA,NA,Y,3,0,2,1,A,-,03,22350,NA,N,E,I,A,A,H,-,C,D,0,NA,NA,NA,NA,Y,NA,A,01,0,1,1,0,0,0,0,0,0,-,-,34.06793975830078,-117.79950714111328,LOS ANGELES,POMONA,-117.79957580566406,34.06795120239258
82432475,2024,2024-07-08,1955,2024-06-01,1519,42977,NA,6,5,6,1955,0,0,0,NA,0,002,MCKINLEY AVE,WHITE AVE,100,E,N,A,-,N,NA,NA,NA,NA,NA,NA,NA,NA,NA,N,4,0,2,3,A,-,03,22350,NA,N,C,C,A,A,H,-,A,A,0,NA,NA,NA,NA,Y,NA,A,01,0,0,2,0,0,0,0,0,0,-,-,34.077880859375,-117.7597427368164,LOS ANGELES,POMONA,-117.75951385498048,34.07789611816406
82432476,2024,2024-07-08,1955,2024-05-31,1735,42315,NA,5,5,6,1955,0,0,0,NA,0,005,DUDLEY ST,VEJAR ST,134,S,N,A,-,N,NA,NA,NA,NA,NA,NA,NA,NA,NA,N,4,0,1,2,A,-,09,21804,A,N,D,G,A,A,H,-,A,D,0,NA,Y,NA,NA,Y,NA,L,04,0,0,1,0,0,0,1,0,0,-,-,34.05242156982422,-117.77295684814452,LOS ANGELES,POMONA,-117.77285766601564,34.05208206176758
82432478,2024,2024-07-08,1955,2024-05-19,1246,41974,NA,7,5,6,1955,0,0,0,NA,0,001,HUNTINGTON ST,CENTER ST,0,NA,Y,A,-,N,NA,NA,NA,NA,NA,NA,NA,NA,NA,Y,4,0,1,2,A,-,12,22450,A,N,D,C,A,A,H,-,A,A,0,NA,NA,NA,NA,Y,NA,A,01,0,0,1,0,0,0,0,0,0,-,-,NA,NA,LOS ANGELES,POMONA,-117.76117706298828,34.0611572265625
82433457,2024,2024-07-09,1975,2024-06-09,1815,504,NA,7,5,6,1975,0,0,0,NA,0,003,CALIFORNIA AV,FRANCISQUITO AV,0,NA,Y,A,-,N,NA,NA,NA,NA,NA,NA,NA,NA,NA,Y,3,0,1,2,A,-,12,21453,A,N,D,C,A,A,H,-,A,A,0,NA,NA,NA,NA,Y,NA,A,01,0,1,0,0,0,0,0,0,0,-,-,34.05039978027344,-117.94940948486328,LOS ANGELES,WEST COVINA,-117.94939422607422,34.050357818603516
82433492,2024,2024-07-09,1967,2024-06-14,1532,131,NA,5,5,2,1967,0,0,0,NA,0,NORTH,WILLOW,SIGNAL PKWY,86,E,N,A,-,N,NA,NA,NA,NA,NA,NA,NA,NA,NA,N,4,0,1,2,A,-,03,22350,NA,N,C,C,A,A,H,-,A,D,0,NA,NA,NA,NA,Y,NA,A,01,0,0,1,0,0,0,0,0,0,-,-,NA,NA,LOS ANGELES,SIGNAL HILL,-118.16080474853516,33.804359436035156
82433496,2024,2024-07-09,1967,2024-06-18,1811,171,NA,2,5,2,1967,0,0,0,NA,0,SOUTH,ORANGE AV,23RD,92,N,N,A,-,N,NA,NA,NA,NA,NA,NA,NA,NA,NA,N,4,0,2,3,A,-,04,21703,NA,N,C,C,A,A,H,-,A,A,0,NA,NA,NA,NA,Y,NA,I,11,0,0,2,0,0,0,0,0,0,-,-,NA,NA,LOS ANGELES,SIGNAL HILL,-118.17633819580078,33.799163818359375
82433497,2024,2024-07-09,1967,2024-06-19,1745,177,NA,3,5,2,1967,0,0,0,NA,0,NORTH,ORANGE AV,32ND,169,S,N,A,-,N,NA,NA,NA,NA,NA,NA,NA,NA,NA,Y,3,0,2,4,A,-,03,22350,NA,N,C,C,A,A,H,-,A,A,0,NA,NA,NA,NA,Y,NA,A,07,0,1,1,0,0,0,0,0,0,-,-,NA,NA,LOS ANGELES,SIGNAL HILL,-118.17633056640624,33.81483840942383
82433498,2024,2024-07-09,1967,2024-06-20,920,136,NA,4,5,2,1967,0,0,0,NA,0,SOUTH,SPRING,CHERRY AV,0,NA,Y,B,-,N,NA,NA,NA,NA,NA,NA,NA,NA,NA,Y,4,0,1,2,A,-,12,21453,A,N,D,C,A,A,H,-,A,A,0,NA,NA,NA,NA,Y,NA,A,07,0,0,1,0,0,0,0,0,0,-,-,NA,NA,LOS ANGELES,SIGNAL HILL,-118.1676025390625,33.811668395996094
82433499,2024,2024-07-09,1967,2024-06-20,1220,136,NA,4,5,2,1967,0,0,0,NA,0,SOUTH,HILL,OBISPO AV,515,W,N,B,-,N,NA,NA,NA,NA,NA,NA,NA,NA,NA,N,3,0,2,2,A,-,11,21954,A,N,G,B,D,A,H,-,A,D,0,Y,NA,NA,NA,Y,NA,N,60,0,1,1,0,1,0,0,0,0,-,-,NA,NA,LOS ANGELES,SIGNAL HILL,-118.1562728881836,33.797088623046875
82433500,2024,2024-07-09,1967,2024-06-21,2045,176,NA,5,5,2,1967,0,0,0,NA,0,SOUTH,TEMPLE AV,19,0,NA,Y,A,-,N,NA,NA,NA,NA,NA,NA,NA,NA,NA,N,4,0,1,2,A,-,12,22450,A,N,D,G,A,A,H,-,C,D,0,NA,Y,NA,NA,Y,NA,L,04,0,0,1,0,0,0,1,0,0,-,-,NA,NA,LOS ANGELES,SIGNAL HILL,-118.1589584350586,33.79167938232422
82433503,2024,2024-07-09,1967,2024-06-24,1803,177,NA,1,5,2,1967,0,0,0,NA,0,NA,CHERRY AV,HILL,86,S,N,A,-,N,NA,NA,NA,NA,NA,NA,NA,NA,NA,N,3,0,1,1,A,-,03,22350,NA,N,F,A,A,A,H,-,A,D,0,NA,NA,Y,NA,Y,NA,C,02,0,1,0,0,0,0,0,0,1,-,-,NA,NA,LOS ANGELES,SIGNAL HILL,-118.16769409179688,33.796905517578125