CASE_ID,ACCIDENT_YEAR,PROC_DATE,JURIS,COLLISION_DATE,COLLISION_TIME,OFFICER_ID,REPORTING_DISTRICT,DAY_OF_WEEK,CHP_SHIFT,POPULATION,CNTY_CITY_LOC,SPECIAL_COND,BEAT_TYPE,CHP_BEAT_TYPE,CITY_DIVISION_LAPD,CHP_BEAT_CLASS,BEAT_NUMBER,PRIMARY_RD,SECONDARY_RD,DISTANCE,DIRECTION,INTERSECTION,WEATHER_1,WEATHER_2,STATE_HWY_IND,CALTRANS_COUNTY,CALTRANS_DISTRICT,STATE_ROUTE,ROUTE_SUFFIX,POSTMILE_PREFIX,POSTMILE,LOCATION_TYPE,RAMP_INTERSECTION,SIDE_OF_HWY,TOW_AWAY,COLLISION_SEVERITY,NUMBER_KILLED,NUMBER_INJURED,PARTY_COUNT,PRIMARY_COLL_FACTOR,PCF_CODE_OF_VIOL,PCF_VIOL_CATEGORY,PCF_VIOLATION,PCF_VIOL_SUBSECTION,HIT_AND_RUN,TYPE_OF_COLLISION,MVIW,PED_ACTION,ROAD_SURFACE,ROAD_COND_1,ROAD_COND_2,LIGHTING,CONTROL_DEVICE,CHP_ROAD_TYPE,PEDESTRIAN_ACCIDENT,BICYCLE_ACCIDENT,MOTORCYCLE_ACCIDENT,TRUCK_ACCIDENT,NOT_PRIVATE_PROPERTY,ALCOHOL_INVOLVED,STWD_VEHTYPE_AT_FAULT,CHP_VEHTYPE_AT_FAULT,COUNT_SEVERE_INJ,COUNT_VISIBLE_INJ,COUNT_COMPLAINT_PAIN,COUNT_PED_KILLED,COUNT_PED_INJURED,COUNT_BICYCLIST_KILLED,COUNT_BICYCLIST_INJURED,COUNT_MC_KILLED,COUNT_MC_INJURED,PRIMARY_RAMP,SECONDARY_RAMP,LATITUDE,LONGITUDE,COUNTY,CITY,POINT_X,POINT_Y
82433512,2024,2024-07-09,1969,2024-06-27,1416,20226,NA,4,5,5,1969,0,0,0,NA,0,002,TWEEDY BLVD,VICTORIA AV,157,W,N,A,-,N,NA,NA,NA,NA,NA,NA,NA,NA,NA,N,3,0,1,2,A,-,05,21650,1,N,D,G,A,A,H,-,A,D,0,NA,Y,NA,NA,Y,NA,L,04,0,1,0,0,0,0,1,0,0,-,-,33.94477081298828,-118.21082305908205,LOS ANGELES,SOUTH GATE,-118.21133422851564,33.9448356628418
82433515,2024,2024-07-09,1969,2024-06-28,13,10145,NA,5,5,5,1969,0,0,0,NA,0,004,WRIGHT RD,ANAHURST RD,40,S,N,A,-,N,NA,NA,NA,NA,NA,NA,NA,NA,NA,N,3,0,2,2,A,-,08,22107,NA,N,D,C,A,A,H,-,C,D,0,NA,NA,NA,NA,Y,NA,A,01,0,1,1,0,0,0,0,0,0,-,-,33.93423843383789,-118.1806411743164,LOS ANGELES,SOUTH GATE,-118.18057250976564,33.93410110473633
82433578,2024,2024-07-09,1925,2024-06-28,1830,28525,NA,5,5,6,1925,0,0,0,NA,0,001,GLENOAKS BOULEVARD,JACKSON STREET,276,W,N,A,-,N,NA,NA,NA,NA,NA,NA,NA,NA,NA,N,3,0,1,2,A,-,08,22107,NA,N,C,E,A,A,H,-,A,D,0,NA,NA,NA,NA,Y,NA,A,01,0,1,0,0,0,0,0,0,0,-,-,34.15827941894531,-118.25022888183594,LOS ANGELES,GLENDALE,-118.25111389160156,34.15825653076172
82433659,2024,2024-07-09,1955,2024-05-23,1253,40649,NA,4,5,6,1955,0,0,0,NA,0,004,MISSION BLVD,RESERVOIR ST,0,NA,Y,A,-,N,NA,NA,NA,NA,NA,NA,NA,NA,NA,N,4,0,1,2,A,-,09,21804,A,N,D,G,A,A,H,-,A,A,0,NA,Y,NA,Y,Y,NA,L,04,0,0,1,0,0,0,1,0,0,-,-,34.05567932128906,-117.73255920410156,LOS ANGELES,POMONA,-117.73261260986328,34.0555419921875
82434586,2024,2024-07-11,1912,2024-06-09,1404,14634,NA,7,5,6,1912,0,0,0,NA,0,G/H,VERDUGO AVENUE,HOLLYWOOD WAY,130,W,N,A,-,N,NA,NA,NA,NA,NA,NA,NA,NA,NA,N,3,0,1,3,A,-,00,20002,A,F,C,C,A,A,H,-,A,A,0,NA,NA,NA,NA,Y,NA,-,99,0,1,0,0,0,0,0,0,0,-,-,34.1610107421875,-118.34361267089844,LOS ANGELES,BURBANK,-118.3440399169922,34.1608772277832
82434589,2024,2024-07-10,1975,2024-06-20,2241,486,NA,4,5,6,1975,0,0,0,NA,0,003,WILLOW AV,CORAK ST,45,S,N,A,-,N,NA,NA,NA,NA,NA,NA,NA,NA,NA,N,3,0,1,2,A,-,01,23152,A,N,C,E,A,A,H,-,C,D,0,NA,NA,NA,NA,Y,Y,A,01,0,1,0,0,0,0,0,0,0,-,-,34.062068939208984,-117.96218872070313,LOS ANGELES,WEST COVINA,-117.96231079101564,34.06195831298828
82434646,2024,2024-07-10,1947,2024-06-26,1220,1431,NA,3,5,5,1947,0,0,0,NA,0,00A,VIA CAMPO,WILCOX AVE,353,W,N,A,-,N,NA,NA,NA,NA,NA,NA,NA,NA,NA,N,4,0,1,3,A,-,03,22350,NA,M,C,C,A,A,H,-,A,A,0,NA,NA,NA,NA,Y,NA,A,01,0,0,1,0,0,0,0,0,0,-,-,34.03276824951172,-118.12507629394533,LOS ANGELES,MONTEBELLO,-118.12623596191406,34.03277587890625
82434647,2024,2024-07-10,1947,2024-06-26,1400,1431,NA,3,5,5,1947,0,0,0,NA,0,00F,MONTEBELLO BLVD,MONARCH,263,S,N,A,-,N,NA,NA,NA,NA,NA,NA,NA,NA,NA,N,4,0,1,3,A,-,03,22350,NA,M,C,C,A,A,H,-,A,A,0,NA,NA,NA,NA,Y,NA,A,01,0,0,1,0,0,0,0,0,0,-,-,NA,NA,LOS ANGELES,MONTEBELLO,NA,NA
82434763,2024,2024-07-10,1933,2024-06-28,2200,1035,NA,5,5,6,1933,0,0,0,NA,0,002,INGLEWOOD AV,98TH ST,0,NA,Y,A,-,N,NA,NA,NA,NA,NA,NA,NA,NA,NA,N,4,0,1,2,A,-,09,21800,C,N,B,C,A,A,H,-,C,A,0,NA,NA,NA,NA,Y,NA,A,01,0,0,1,0,0,0,0,0,0,-,-,33.947349548339844,-118.36134338378906,LOS ANGELES,INGLEWOOD,-118.3613510131836,33.947261810302734
82434768,2024,2024-07-10,1933,2024-06-30,1408,1092,NA,7,5,6,1933,0,0,0,NA,0,003,CENTURY BLVD,5TH AV,0,NA,Y,A,-,N,NA,NA,NA,NA,NA,NA,NA,NA,NA,Y,4,0,1,3,A,-,08,22107,NA,N,D,C,A,A,H,-,A,A,0,NA,NA,NA,NA,Y,NA,A,01,0,0,1,0,0,0,0,0,0,-,-,33.94548034667969,-118.32211303710938,LOS ANGELES,INGLEWOOD,-118.32212829589844,33.945289611816406
82434771,2024,2024-07-10,1933,2024-07-03,1310,812,NA,3,5,6,1933,0,0,0,NA,0,001,FAIRVIEW BLVD,LA TIJERA BLVD,0,NA,Y,A,-,N,NA,NA,NA,NA,NA,NA,NA,NA,NA,N,3,0,1,2,A,-,09,21802,A,F,D,C,A,A,H,-,A,A,0,NA,NA,NA,NA,Y,NA,A,01,0,1,0,0,0,0,0,0,0,-,-,33.979949951171875,-118.3693618774414,LOS ANGELES,INGLEWOOD,-118.36953735351564,33.9798583984375
82435572,2024,2024-07-11,1912,2024-06-06,1535,15508,NA,4,5,6,1912,0,0,0,NA,0,NA,CHANDLER BOULEVARD,NIAGARA STREET,40,W,N,A,-,N,NA,NA,NA,NA,NA,NA,NA,NA,NA,Y,2,0,1,2,A,-,09,21804,A,N,D,C,A,A,H,-,A,D,0,NA,NA,Y,NA,Y,NA,A,01,1,0,0,0,0,0,0,0,1,-,-,34.17367935180664,-118.34174346923828,LOS ANGELES,BURBANK,-118.34172058105467,34.17372131347656
82435573,2024,2024-07-11,1912,2024-06-06,1643,14849,NA,4,5,6,1912,0,0,0,NA,0,NA,3RD STREET,SAN JOSE AVENUE,0,NA,Y,A,-,N,NA,NA,NA,NA,NA,NA,NA,NA,NA,N,4,0,1,2,A,-,10,21950,A,N,G,B,B,A,H,-,A,A,0,Y,NA,NA,NA,Y,NA,A,01,0,0,1,0,1,0,0,0,0,-,-,34.18492889404297,-118.31140899658205,LOS ANGELES,BURBANK,-118.31142425537108,34.18494415283203
82435574,2024,2024-07-11,1912,2024-06-07,649,13813,NA,5,5,6,1912,0,0,0,NA,0,NA,SAN FERNANDO BOULEVARD,I5-SOUTH OFF RAMP,256,N,N,B,-,N,NA,NA,NA,NA,NA,NA,NA,NA,NA,N,3,0,1,5,A,-,06,21750,A,N,B,C,A,A,H,-,A,D,0,NA,NA,NA,NA,Y,NA,A,01,0,1,0,0,0,0,0,0,0,-,-,34.20186996459961,-118.3430404663086,LOS ANGELES,BURBANK,-118.3388442993164,34.1994514465332
82435575,2024,2024-07-11,1912,2024-06-07,1003,13813,NA,5,5,6,1912,0,0,0,NA,0,NA,OLIVE AVENUE,MAPLE STREET,0,NA,Y,B,-,N,NA,NA,NA,NA,NA,NA,NA,NA,NA,N,3,0,1,2,A,-,09,21801,A,N,D,C,A,A,H,-,A,A,0,NA,NA,NA,NA,Y,NA,A,01,0,1,0,0,0,0,0,0,0,-,-,NA,NA,LOS ANGELES,BURBANK,-118.34175872802734,34.14967346191406
82435576,2024,2024-07-11,1912,2024-06-07,1844,14849,NA,5,5,6,1912,0,0,0,NA,0,NA,GLENOAKS BOULEVARD,OLIVE AVENUE,0,NA,Y,A,-,N,NA,NA,NA,NA,NA,NA,NA,NA,NA,N,4,0,1,2,A,-,10,21950,A,N,G,B,B,A,H,-,A,A,0,Y,NA,NA,NA,Y,NA,A,01,0,0,1,0,1,0,0,0,0,-,-,34.18301010131836,-118.30632019042967,LOS ANGELES,BURBANK,-118.30626678466795,34.183223724365234
82435617,2024,2024-07-11,1922,2024-06-18,1624,682,NA,2,5,6,1922,0,0,0,NA,0,001,SANTA ANITA AVE,BROCKWAY ST,0,NA,Y,A,-,N,NA,NA,NA,NA,NA,NA,NA,NA,NA,N,4,0,1,3,A,-,03,22350,NA,F,C,C,A,A,H,-,A,A,0,NA,NA,NA,NA,Y,NA,A,01,0,0,1,0,0,0,0,0,0,-,-,34.06903076171875,-118.04222869873048,LOS ANGELES,EL MONTE,-118.04216003417967,34.069122314453125
82435618,2024,2024-07-11,1922,2024-06-21,1544,718,NA,5,5,6,1922,0,0,0,NA,0,NA,GARVEY AVE,EDWARDS AVE,84,E,N,A,-,N,NA,NA,NA,NA,NA,NA,NA,NA,NA,N,3,0,1,2,A,-,09,21804,A,F,D,G,A,D,H,-,A,A,0,NA,Y,NA,NA,Y,Y,A,01,0,1,0,0,0,0,1,0,0,-,-,34.06267166137695,-118.04915618896484,LOS ANGELES,EL MONTE,-118.04878997802734,34.062740325927734
82435632,2024,2024-07-11,1969,2024-06-09,43,10256,NA,7,5,5,1969,0,0,0,NA,0,004,WRIGHT RD,ABBOTT RD,0,NA,Y,A,-,N,NA,NA,NA,NA,NA,NA,NA,NA,NA,Y,3,0,2,2,A,-,12,21453,A,N,D,C,A,A,H,-,C,A,0,NA,NA,NA,NA,Y,NA,A,01,0,2,0,0,0,0,0,0,0,-,-,33.9338493347168,-118.18055725097656,LOS ANGELES,SOUTH GATE,-118.18051910400392,33.933807373046875
82435674,2024,2024-07-11,1925,2024-06-18,1841,22783,NA,2,5,6,1925,0,0,0,NA,0,002,SAN FERNANDO ROAD,PALMER AVENUE (S),43,S,N,A,-,N,NA,NA,NA,NA,NA,NA,NA,NA,NA,N,3,0,1,2,A,-,03,22350,NA,N,C,C,A,A,H,-,A,D,0,NA,NA,NA,NA,Y,NA,A,01,0,1,0,0,0,0,0,0,0,-,-,34.13167190551758,-118.26154327392578,LOS ANGELES,GLENDALE,-118.26168823242188,34.131961822509766
82435678,2024,2024-07-11,1925,2024-06-29,757,29572,NA,6,5,6,1925,0,0,0,NA,0,003,LOUISE STREET,COLORADO STREET,0,NA,Y,A,-,N,NA,NA,NA,NA,NA,NA,NA,NA,NA,N,3,0,1,2,A,-,10,21950,A,N,G,B,B,A,H,-,A,A,0,Y,NA,NA,NA,Y,NA,A,01,0,1,0,0,1,0,0,0,0,-,-,34.14262008666992,-118.25260925292967,LOS ANGELES,GLENDALE,-118.25260162353516,34.14259719848633
82435680,2024,2024-07-11,1925,2024-06-29,2148,27563,NA,6,5,6,1925,0,0,0,NA,0,005,LOWELL AVENUE,HONOLULU AVENUE,10,N,N,A,-,N,NA,NA,NA,NA,NA,NA,NA,NA,NA,Y,3,0,1,2,A,-,05,21460,A,N,A,C,A,A,H,-,C,D,0,NA,NA,NA,NA,Y,NA,A,01,0,1,0,0,0,0,0,0,0,-,-,34.23175048828125,-118.26618194580078,LOS ANGELES,GLENDALE,-118.26618957519533,34.231746673583984
82435752,2024,2024-07-11,1955,2024-05-30,937,43052,NA,4,5,6,1955,0,0,0,NA,0,003,EAST END AVE,3RD ST,15,N,N,A,-,Y,NA,NA,NA,NA,NA,NA,NA,NA,NA,N,4,0,1,2,A,-,09,21804,A,N,D,G,A,A,H,-,A,D,0,NA,Y,NA,Y,Y,NA,F,26,0,0,1,0,0,0,1,0,0,-,-,34.05760955810547,-117.7238998413086,LOS ANGELES,POMONA,-117.72390747070313,34.05760192871094
82435755,2024,2024-07-11,1955,2024-06-04,1156,43128,NA,2,5,6,1955,0,0,0,NA,0,001,WHITE AVE,3RD ST,0,NA,Y,A,-,N,NA,NA,NA,NA,NA,NA,NA,NA,NA,Y,4,0,1,2,A,-,09,21802,A,N,D,C,A,A,H,-,A,A,0,NA,NA,NA,NA,Y,NA,D,22,0,0,1,0,0,0,0,0,0,-,-,34.05672073364258,-117.75888061523438,LOS ANGELES,POMONA,-117.75885009765624,34.05669403076172
82435759,2024,2024-07-11,1933,2024-07-06,1744,1092,NA,6,5,6,1933,0,0,0,NA,0,001,PRAIRIE AV,MANCHESTER DR,0,NA,Y,A,-,N,NA,NA,NA,NA,NA,NA,NA,NA,NA,Y,4,0,1,2,A,-,08,22107,NA,F,D,C,A,A,H,-,A,D,0,NA,NA,NA,NA,Y,NA,A,01,0,0,1,0,0,0,0,0,0,-,-,33.96076965332031,-118.3439712524414,LOS ANGELES,INGLEWOOD,-118.34396362304688,33.960689544677734
82435760,2024,2024-07-11,1955,2024-06-08,952,42469,NA,6,5,6,1955,0,0,0,NA,0,003,HOLT AVE,INDIAN HILL BLVD,86,E,N,A,-,N,NA,NA,NA,NA,NA,NA,NA,NA,NA,N,4,0,1,2,A,-,03,22350,NA,N,C,C,A,A,H,-,A,D,0,NA,NA,NA,NA,Y,NA,A,01,0,0,1,0,0,0,0,0,0,-,-,34.06319046020508,-117.71922302246094,LOS ANGELES,POMONA,-117.71891784667967,34.063072204589844
82435765,2024,2024-07-11,1955,2024-06-08,410,41906,NA,6,5,6,1955,0,0,0,NA,0,003,HOLT AVE,CLARK AVE (E),0,NA,Y,A,-,N,NA,NA,NA,NA,NA,NA,NA,NA,NA,Y,3,0,1,2,A,-,00,21352,NA,N,D,C,A,A,H,-,C,A,0,NA,NA,NA,NA,Y,Y,A,07,0,1,0,0,0,0,0,0,0,-,-,34.06293869018555,-117.72901916503906,LOS ANGELES,POMONA,-117.72931671142578,34.06289291381836
82436289,2024,2024-07-11,1973,2024-05-06,1714,575,NA,1,5,1,1973,0,0,0,NA,0,002,E SLAUSON AVE,ALCOA AVE,0,NA,Y,A,-,N,NA,NA,NA,NA,NA,NA,NA,NA,NA,N,4,0,1,2,A,-,12,21453,A,N,D,C,A,A,H,-,A,A,0,NA,NA,NA,NA,Y,NA,A,01,0,0,1,0,0,0,0,0,0,-,-,NA,NA,LOS ANGELES,VERNON,-118.20844268798828,33.989192962646484
82436292,2024,2024-07-11,1973,2024-05-12,951,676,NA,7,5,1,1973,0,0,0,NA,0,002,FRUITLAND AVE,S BOYLE AVE,0,NA,Y,A,-,N,NA,NA,NA,NA,NA,NA,NA,NA,NA,N,4,0,2,3,A,-,12,21453,A,N,D,C,A,A,H,-,A,A,0,NA,NA,NA,NA,Y,NA,A,01,0,0,2,0,0,0,0,0,0,-,-,33.996551513671875,-118.2129364013672,LOS ANGELES,VERNON,-118.21298217773438,33.996517181396484
82436293,2024,2024-07-11,1973,2024-05-14,543,634,NA,2,5,1,1973,0,0,0,NA,0,003,DISTRICT BLVD,CUDAHY AVE,0,NA,Y,A,-,N,NA,NA,NA,NA,NA,NA,NA,NA,NA,N,3,0,2,2,A,-,09,21801,A,N,D,C,A,A,H,-,A,A,0,NA,NA,NA,NA,Y,NA,A,01,0,1,1,0,0,0,0,0,0,-,-,33.994659423828125,-118.18450927734376,LOS ANGELES,VERNON,-118.18441772460938,33.994529724121094
82436294,2024,2024-07-11,1973,2024-05-14,811,652,NA,2,5,1,1973,0,0,0,NA,0,001,E 37TH ST,ROSS ST,0,NA,Y,B,-,N,NA,NA,NA,NA,NA,NA,NA,NA,NA,N,4,0,1,2,A,-,09,21804,A,N,D,C,A,A,H,-,A,A,0,NA,NA,NA,NA,Y,NA,A,01,0,0,1,0,0,0,0,0,0,-,-,34.00897979736328,-118.23693084716795,LOS ANGELES,VERNON,-118.23697662353516,34.00895690917969
82436304,2024,2024-07-11,1973,2024-05-17,1326,676,NA,5,5,1,1973,0,0,0,NA,0,002,BANDINI BLVD,S DOWNEY RD,73,E,N,A,-,N,NA,NA,NA,NA,NA,NA,NA,NA,NA,N,4,0,1,2,A,-,03,22350,NA,N,C,C,A,A,H,-,A,A,0,NA,NA,NA,NA,Y,NA,A,01,0,0,1,0,0,0,0,0,0,-,-,34.008670806884766,-118.2052764892578,LOS ANGELES,VERNON,-118.20476531982422,34.0085563659668
82436314,2024,2024-07-11,1973,2024-05-23,2038,669,NA,4,5,1,1973,0,0,0,NA,0,003,S ATLANTIC BLVD,BANDINI BLVD,53,S,N,A,-,N,NA,NA,NA,NA,NA,NA,NA,NA,NA,Y,4,0,1,2,A,-,09,21806,A,N,D,C,A,A,H,-,C,A,0,NA,NA,NA,NA,Y,NA,A,01,0,0,1,0,0,0,0,0,0,-,-,33.998538970947266,-118.17546081542967,LOS ANGELES,VERNON,-118.17561340332033,33.9982795715332
82436316,2024,2024-07-11,1973,2024-05-27,2045,634,NA,1,5,1,1973,0,0,0,NA,0,001,E 37TH ST,ROSS ST,198,E,N,A,-,N,NA,NA,NA,NA,NA,NA,NA,NA,NA,Y,3,0,1,1,A,-,07,21658,A,N,E,I,A,A,H,-,C,D,0,NA,NA,NA,NA,Y,NA,A,01,0,1,0,0,0,0,0,0,0,-,-,34.00897979736328,-118.23693084716795,LOS ANGELES,VERNON,-118.236328125,34.00896072387695
82436326,2024,2024-07-11,1973,2024-03-09,1600,655,NA,6,5,1,1973,0,0,0,NA,0,001,E VERNON AVE,S ALAMEDA ST (EAST),1,E,N,A,-,N,NA,NA,NA,NA,NA,NA,NA,NA,NA,N,4,0,1,2,D,-,00,NA,NA,F,C,C,A,A,H,-,A,D,0,NA,NA,NA,NA,Y,NA,-,-,0,0,1,0,0,0,0,0,0,-,-,34.003929138183594,-118.23889923095705,LOS ANGELES,VERNON,-118.23917388916016,34.003929138183594
82436329,2024,2024-07-11,1973,2024-06-05,1554,676,NA,3,5,1,1973,0,0,0,NA,0,001,E 55TH ST,S ALAMEDA ST (EAST),680,E,N,A,-,N,NA,NA,NA,NA,NA,NA,NA,NA,NA,N,4,0,1,2,A,-,03,22350,NA,N,C,C,A,A,H,-,A,A,0,NA,NA,NA,NA,Y,NA,A,08,0,0,1,0,0,0,0,0,0,-,-,33.99298858642578,-118.23802947998048,LOS ANGELES,VERNON,-118.23601531982422,33.99297332763672
82436332,2024,2024-07-11,1973,2024-06-07,1431,661,NA,5,5,1,1973,0,0,0,NA,0,001,S SANTA FE AVE,E 28TH ST,190,S,N,A,-,N,NA,NA,NA,NA,NA,NA,NA,NA,NA,N,4,0,1,2,A,-,04,21703,NA,N,C,C,A,A,H,-,A,D,0,NA,NA,NA,NA,Y,NA,A,01,0,0,1,0,0,0,0,0,0,-,-,34.01177978515625,-118.23063659667967,LOS ANGELES,VERNON,-118.23030853271484,34.011329650878906
82436334,2024,2024-07-11,1973,2024-06-09,2257,669,NA,7,5,1,1973,0,0,0,NA,0,001,PACIFIC BLVD,LEONIS BLVD,0,N,Y,A,-,N,NA,NA,NA,NA,NA,NA,NA,NA,NA,Y,3,0,3,2,A,-,08,22107,NA,N,D,C,A,A,H,-,C,A,0,NA,NA,NA,NA,Y,NA,A,01,0,1,2,0,0,0,0,0,0,-,-,34.00001907348633,-118.22525787353516,LOS ANGELES,VERNON,-118.22525024414064,34.0000114440918
82436336,2024,2024-07-11,1973,2024-06-12,947,660,NA,3,5,1,1973,0,0,0,NA,0,003,DISTRICT BLVD,CUDAHY AVE,34,W,N,A,-,N,NA,NA,NA,NA,NA,NA,NA,NA,NA,N,4,0,1,2,A,-,09,21801,A,N,D,C,A,A,H,-,A,D,0,NA,NA,NA,NA,Y,NA,I,11,0,0,1,0,0,0,0,0,0,-,-,33.99441146850586,-118.1847686767578,LOS ANGELES,VERNON,-118.18450927734376,33.99458312988281
82436340,2024,2024-07-11,1973,2024-06-13,1519,676,NA,4,5,1,1973,0,0,0,NA,0,003,DISTRICT BLVD,CUDAHY AVE,28,E,N,A,-,N,NA,NA,NA,NA,NA,NA,NA,NA,NA,N,4,0,1,2,A,-,08,22107,NA,N,D,C,A,A,H,-,A,A,0,NA,NA,NA,NA,Y,NA,A,01,0,0,1,0,0,0,0,0,0,-,-,33.994659423828125,-118.18450927734376,LOS ANGELES,VERNON,-118.18434143066406,33.994483947753906
82436341,2024,2024-07-11,1973,2024-06-13,2148,568,NA,4,5,1,1973,0,0,0,NA,0,001,S SANTA FE AVE,E VERNON AVE (S),0,NA,Y,A,-,N,NA,NA,NA,NA,NA,NA,NA,NA,NA,Y,4,0,2,2,D,-,00,NA,NA,N,D,C,A,A,H,-,C,A,0,NA,NA,NA,NA,Y,NA,-,-,0,0,2,0,0,0,0,0,0,-,-,34.00392150878906,-118.23030853271484,LOS ANGELES,VERNON,-118.2302474975586,34.00522232055664
82436345,2024,2024-07-11,1973,2024-06-17,1645,675,NA,1,5,1,1973,0,0,0,NA,0,002,E SLAUSON AVE,S BOYLE AVE,109,E,N,A,-,N,NA,NA,NA,NA,NA,NA,NA,NA,NA,Y,4,0,1,2,A,-,03,22350,NA,N,C,C,A,A,H,-,A,A,0,NA,NA,NA,NA,Y,NA,A,01,0,0,1,0,0,0,0,0,0,-,-,33.98920822143555,-118.21275329589844,LOS ANGELES,VERNON,-118.21244049072266,33.98918914794922
82436346,2024,2024-07-11,1973,2024-06-18,1729,652,NA,2,5,1,1973,0,0,0,NA,0,001,FRUITLAND AVE,S SANTA FE AVE,38,E,N,A,-,N,NA,NA,NA,NA,NA,NA,NA,NA,NA,Y,2,0,1,2,A,-,03,22350,NA,F,H,G,A,A,H,-,A,A,0,NA,Y,NA,NA,Y,NA,A,01,1,0,0,0,0,0,1,0,0,-,-,33.99620819091797,-118.23061370849608,LOS ANGELES,VERNON,-118.23013305664064,33.99625015258789
82436347,2024,2024-07-11,1973,2024-06-20,1420,676,NA,4,5,1,1973,0,0,0,NA,0,001,S SANTA FE AVE,E 55TH ST,19,S,N,A,-,N,NA,NA,NA,NA,NA,NA,NA,NA,NA,Y,4,0,1,2,A,-,09,21801,A,N,A,C,A,A,H,-,A,A,0,NA,NA,NA,NA,Y,NA,A,07,0,0,1,0,0,0,0,0,0,-,-,33.992881774902344,-118.23062896728516,LOS ANGELES,VERNON,-118.23030853271484,33.99287796020508
82436349,2024,2024-07-11,1973,2024-06-21,1740,661,NA,5,5,1,1973,0,0,0,NA,0,002,S SOTO ST,E VERNON AVE,109,S,N,A,-,N,NA,NA,NA,NA,NA,NA,NA,NA,NA,N,4,0,1,2,A,-,03,22350,NA,F,C,C,A,A,H,-,A,A,0,NA,NA,Y,NA,Y,NA,C,02,0,0,1,0,0,0,0,0,0,-,-,34.00539016723633,-118.22000885009766,LOS ANGELES,VERNON,-118.21967315673828,34.005149841308594
82436352,2024,2024-07-11,1973,2024-06-23,2023,673,NA,7,5,1,1973,0,0,0,NA,0,002,S SOTO ST,E VERNON AVE,540,N,N,A,-,N,NA,NA,NA,NA,NA,NA,NA,NA,NA,N,3,0,1,1,A,-,03,22350,NA,N,E,I,A,A,H,-,C,A,0,NA,NA,NA,NA,Y,NA,A,01,0,1,0,0,0,0,0,0,0,-,-,34.00539016723633,-118.22000885009766,LOS ANGELES,VERNON,-118.2197036743164,34.00693130493164
82436682,2024,2024-07-12,1912,2024-05-11,2030,14849,NA,6,5,6,1912,0,0,0,NA,0,NA,3RD STREET,SAN JOSE AVENUE,0,NA,Y,A,-,N,NA,NA,NA,NA,NA,NA,NA,NA,NA,N,4,0,1,2,D,-,00,NA,NA,N,G,B,B,A,H,-,C,A,0,Y,NA,NA,NA,Y,NA,-,-,0,0,1,0,1,0,0,0,0,-,-,34.18492889404297,-118.31140899658205,LOS ANGELES,BURBANK,-118.31142425537108,34.18494415283203
82436683,2024,2024-07-12,1912,2024-06-10,1813,13813,NA,1,5,6,1912,0,0,0,NA,0,NA,WILSON AVENUE,VICTORY PLACE,0,NA,Y,A,-,N,NA,NA,NA,NA,NA,NA,NA,NA,NA,N,3,0,2,2,A,-,09,21801,A,N,D,C,A,A,H,-,B,A,0,NA,NA,NA,NA,Y,NA,A,01,0,2,0,0,0,0,0,0,0,-,-,34.19316864013672,-118.33120727539064,LOS ANGELES,BURBANK,-118.33123016357422,34.19339370727539
82437331,2024,2024-07-12,1973,2024-06-29,2019,667,NA,6,5,1,1973,0,0,0,NA,0,002,S BOYLE AVE,FRUITLAND AVE,285,N,N,A,-,N,NA,NA,NA,NA,NA,NA,NA,NA,NA,Y,4,0,1,2,A,-,08,22107,NA,F,C,C,A,A,H,-,B,D,0,NA,NA,NA,NA,Y,NA,-,99,0,0,1,0,0,0,0,0,0,-,-,33.996551513671875,-118.2129364013672,LOS ANGELES,VERNON,-118.21299743652344,33.9973030090332
82437335,2024,2024-07-12,1922,2024-06-14,1400,711,NA,5,5,6,1922,0,0,0,NA,0,001,TYLER AVE,BRYANT RD,370,N,N,A,-,N,NA,NA,NA,NA,NA,NA,NA,NA,NA,N,3,0,1,2,A,-,05,21651,B,N,D,J,A,A,H,-,A,D,0,NA,NA,NA,NA,Y,NA,M,94,0,1,0,0,0,0,0,0,0,-,-,34.081031799316406,-118.03205108642578,LOS ANGELES,EL MONTE,-118.0317611694336,34.08201217651367
82437336,2024,2024-07-12,1948,2024-06-05,1813,500,NA,3,5,5,1948,0,0,0,NA,0,003,GARFIELD AV,RAMONA AV,0,NA,Y,A,-,N,NA,NA,NA,NA,NA,NA,NA,NA,NA,Y,4,0,1,2,A,-,09,21801,A,N,D,C,A,A,H,-,A,A,0,NA,NA,NA,NA,Y,NA,A,01,0,0,1,0,0,0,0,0,0,-,-,34.055641174316406,-118.1254425048828,LOS ANGELES,MONTEREY PARK,-118.12539672851564,34.0556755065918