CASE_ID,ACCIDENT_YEAR,PROC_DATE,JURIS,COLLISION_DATE,COLLISION_TIME,OFFICER_ID,REPORTING_DISTRICT,DAY_OF_WEEK,CHP_SHIFT,POPULATION,CNTY_CITY_LOC,SPECIAL_COND,BEAT_TYPE,CHP_BEAT_TYPE,CITY_DIVISION_LAPD,CHP_BEAT_CLASS,BEAT_NUMBER,PRIMARY_RD,SECONDARY_RD,DISTANCE,DIRECTION,INTERSECTION,WEATHER_1,WEATHER_2,STATE_HWY_IND,CALTRANS_COUNTY,CALTRANS_DISTRICT,STATE_ROUTE,ROUTE_SUFFIX,POSTMILE_PREFIX,POSTMILE,LOCATION_TYPE,RAMP_INTERSECTION,SIDE_OF_HWY,TOW_AWAY,COLLISION_SEVERITY,NUMBER_KILLED,NUMBER_INJURED,PARTY_COUNT,PRIMARY_COLL_FACTOR,PCF_CODE_OF_VIOL,PCF_VIOL_CATEGORY,PCF_VIOLATION,PCF_VIOL_SUBSECTION,HIT_AND_RUN,TYPE_OF_COLLISION,MVIW,PED_ACTION,ROAD_SURFACE,ROAD_COND_1,ROAD_COND_2,LIGHTING,CONTROL_DEVICE,CHP_ROAD_TYPE,PEDESTRIAN_ACCIDENT,BICYCLE_ACCIDENT,MOTORCYCLE_ACCIDENT,TRUCK_ACCIDENT,NOT_PRIVATE_PROPERTY,ALCOHOL_INVOLVED,STWD_VEHTYPE_AT_FAULT,CHP_VEHTYPE_AT_FAULT,COUNT_SEVERE_INJ,COUNT_VISIBLE_INJ,COUNT_COMPLAINT_PAIN,COUNT_PED_KILLED,COUNT_PED_INJURED,COUNT_BICYCLIST_KILLED,COUNT_BICYCLIST_INJURED,COUNT_MC_KILLED,COUNT_MC_INJURED,PRIMARY_RAMP,SECONDARY_RAMP,LATITUDE,LONGITUDE,COUNTY,CITY,POINT_X,POINT_Y
83686328,2024,2024-08-06,1925,2024-07-19,1641,29229,NA,5,5,6,1925,0,0,0,NA,0,001,SAN FERNANDO ROAD,SONORA AVENUE,91,W,N,A,-,N,NA,NA,NA,NA,NA,NA,NA,NA,NA,N,4,0,1,2,A,-,08,22107,NA,M,B,C,A,A,H,-,A,A,0,NA,NA,NA,NA,Y,NA,-,99,0,0,1,0,0,0,0,0,0,-,-,34.165958404541016,-118.28826904296876,LOS ANGELES,GLENDALE,-118.28852081298828,34.1661262512207
83686405,2024,2024-08-06,1933,2024-07-20,2055,1093,NA,6,5,6,1933,0,0,0,NA,0,003,CRENSHAW BLVD,MANCHESTER BLVD,20,S,N,A,-,N,NA,NA,NA,NA,NA,NA,NA,NA,NA,N,4,0,2,3,A,-,09,21804,A,N,A,C,A,A,H,-,C,D,0,NA,NA,NA,NA,Y,NA,A,01,0,0,2,0,0,0,0,0,0,-,-,33.95998001098633,-118.32653045654295,LOS ANGELES,INGLEWOOD,-118.32649993896484,33.95985412597656
83686407,2024,2024-08-06,1933,2024-07-28,2223,1096,NA,7,5,6,1933,0,0,0,NA,0,002,LA BREA AV,HARDY ST,0,NA,Y,A,-,N,NA,NA,NA,NA,NA,NA,NA,NA,NA,N,4,0,1,2,A,-,12,21453,A,N,D,G,A,A,H,-,C,A,0,NA,Y,NA,NA,Y,NA,L,04,0,0,1,0,0,0,1,0,0,-,-,NA,NA,LOS ANGELES,INGLEWOOD,-118.3527374267578,33.94908142089844
83767481,2024,2024-08-07,1912,2024-07-07,1100,15506,NA,7,5,6,1912,0,0,0,NA,0,NA,ALAMEDA AVENUE,SAN FERNANDO BOULEVARD,210,E,N,A,-,N,NA,NA,NA,NA,NA,NA,NA,NA,NA,Y,3,0,1,2,A,-,08,22107,NA,N,D,C,A,A,H,-,A,D,0,NA,NA,Y,NA,Y,NA,A,01,0,1,0,0,0,0,0,0,1,-,-,34.1744384765625,-118.29988861083984,LOS ANGELES,BURBANK,-118.29942321777344,34.17485427856445
83767526,2024,2024-08-07,1922,2024-07-15,2126,570,NA,1,5,6,1922,0,0,0,NA,0,003,MOUNTAIN VIEW RD,ELLIOTT AVE,800,N,N,A,-,N,NA,NA,NA,NA,NA,NA,NA,NA,NA,Y,4,0,1,2,A,-,09,21804,A,N,D,C,A,A,H,-,C,D,0,NA,NA,NA,NA,Y,Y,A,01,0,0,1,0,0,0,0,0,0,-,-,34.05863952636719,-118.02662658691406,LOS ANGELES,EL MONTE,-118.02478790283205,34.060089111328125
83767527,2024,2024-08-07,1922,2024-07-19,1943,714,NA,5,5,6,1922,0,0,0,NA,0,001,DURFEE AVE,ELLIOTT AVE,0,NA,Y,A,-,N,NA,NA,NA,NA,NA,NA,NA,NA,NA,Y,2,0,2,2,A,-,09,21801,A,N,D,C,A,A,H,-,A,A,0,NA,NA,NA,NA,Y,NA,A,01,1,0,1,0,0,0,0,0,0,-,-,34.0534782409668,-118.02049255371094,LOS ANGELES,EL MONTE,-118.02051544189452,34.05337142944336
83767530,2024,2024-08-07,1922,2024-07-20,1921,717,NA,6,5,6,1922,0,0,0,NA,0,002,RAMONA BLVD,MAXSON RD,35,W,N,A,-,N,NA,NA,NA,NA,NA,NA,NA,NA,NA,Y,3,0,2,2,A,-,01,23153,A,N,D,C,A,A,H,-,C,A,0,NA,NA,NA,NA,Y,Y,A,01,0,1,1,0,0,0,0,0,0,-,-,34.075931549072266,-118.0076904296875,LOS ANGELES,EL MONTE,-118.00777435302734,34.075897216796875
83767534,2024,2024-08-07,1947,2024-07-03,1339,1469,NA,3,5,5,1947,0,0,0,NA,0,00A,GARFIELD AVE,VIA CORONA,0,NA,Y,A,-,N,NA,NA,NA,NA,NA,NA,NA,NA,NA,N,4,0,2,2,A,-,08,22107,NA,N,A,C,A,A,H,-,A,D,0,NA,NA,NA,NA,Y,NA,A,01,0,0,2,0,0,0,0,0,0,-,-,34.021541595458984,-118.13420104980467,LOS ANGELES,MONTEBELLO,-118.13417053222656,34.02146530151367
83767538,2024,2024-08-07,1947,2024-08-03,2043,1474,NA,6,5,5,1947,0,0,0,NA,0,00A,BEVERLY BLVD,GARFIELD AVE,175,N,N,A,-,N,NA,NA,NA,NA,NA,NA,NA,NA,NA,N,4,0,1,2,A,-,08,22107,NA,N,B,C,A,A,H,-,C,D,0,NA,NA,NA,NA,Y,NA,A,01,0,0,1,0,0,0,0,0,0,-,-,34.022491455078125,-118.13400268554688,LOS ANGELES,MONTEBELLO,-118.1344757080078,34.022705078125
83767631,2023,2024-08-07,1933,2023-03-20,1922,869,NA,1,5,6,1933,0,0,0,NA,0,002,CENTURY BLVD,INGLEWOOD AV,0,NA,Y,B,-,N,NA,NA,NA,NA,NA,NA,NA,NA,NA,N,1,1,0,2,A,-,10,21950,A,F,G,B,B,A,H,-,C,A,0,Y,NA,NA,NA,Y,NA,I,11,0,0,0,1,0,0,0,0,0,-,-,33.945499420166016,-118.36134338378906,LOS ANGELES,INGLEWOOD,-118.3613510131836,33.94544219970703
83767636,2023,2024-08-07,1933,2023-09-22,508,869,NA,5,5,6,1933,0,0,0,NA,0,002,CENTURY BLVD,MAPLE AV,7,W,N,A,-,N,NA,NA,NA,NA,NA,NA,NA,NA,NA,N,1,1,0,2,A,-,11,21955,NA,F,G,B,D,A,H,-,C,D,0,Y,NA,NA,NA,Y,NA,N,60,0,0,0,1,0,0,0,0,0,-,-,33.945491790771484,-118.3537826538086,LOS ANGELES,INGLEWOOD,-118.35382080078124,33.945438385009766
83767646,2024,2024-08-07,1933,2024-08-03,2355,1075,NA,6,5,6,1933,0,0,0,NA,0,003,PRAIRIE AV,MANCHESTER BLVD,0,NA,Y,A,-,N,NA,NA,NA,NA,NA,NA,NA,NA,NA,N,4,0,1,2,D,-,00,NA,NA,F,G,B,E,A,H,-,C,A,0,Y,NA,NA,NA,Y,NA,-,-,0,0,1,0,1,0,0,0,0,-,-,33.959861755371094,-118.34387969970705,LOS ANGELES,INGLEWOOD,-118.34396362304688,33.959842681884766
83768948,2024,2024-08-08,1912,2024-07-07,2210,15259,NA,7,5,6,1912,0,0,0,NA,0,NA,RIVERSIDE DRIVE,CHAVEZ STREET (W),330,W,N,A,-,N,NA,NA,NA,NA,NA,NA,NA,NA,NA,N,4,0,1,2,A,-,03,22350,NA,N,G,B,D,A,H,-,C,D,0,Y,NA,NA,NA,Y,Y,A,01,0,0,1,0,1,0,0,0,0,-,-,34.161781311035156,-118.30706787109376,LOS ANGELES,BURBANK,-118.3070831298828,34.16192626953125
83768962,2024,2024-08-08,1922,2024-07-20,1735,711,NA,6,5,6,1922,0,0,0,NA,0,001,RAMONA BLVD,WASHINGTON AVE,0,NA,Y,A,-,N,NA,NA,NA,NA,NA,NA,NA,NA,NA,Y,3,0,2,2,A,-,09,21801,B,N,D,C,A,A,H,-,A,A,0,NA,NA,NA,NA,Y,NA,A,01,0,1,1,0,0,0,0,0,0,-,-,34.0720100402832,-118.03823089599608,LOS ANGELES,EL MONTE,-118.03823852539064,34.072021484375
83768963,2024,2024-08-08,1922,2024-07-22,2207,714,NA,1,5,6,1922,0,0,0,NA,0,005,FLAIR DR,AEROJET AVE,0,NA,Y,A,-,N,NA,NA,NA,NA,NA,NA,NA,NA,NA,Y,4,0,1,1,A,-,03,22350,NA,N,E,I,A,A,H,-,C,A,0,NA,NA,NA,NA,Y,NA,A,07,0,0,1,0,0,0,0,0,0,-,-,34.07162094116211,-118.06873321533205,LOS ANGELES,EL MONTE,-118.06874847412108,34.071632385253906
83769051,2024,2024-08-08,1933,2024-06-29,1738,1071,NA,6,5,6,1933,0,0,0,NA,0,003,CRENSHAW BLVD,85TH ST,0,NA,Y,A,-,N,NA,NA,NA,NA,NA,NA,NA,NA,NA,N,4,0,1,2,D,-,00,NA,NA,N,D,C,A,A,H,-,A,A,0,NA,NA,NA,NA,Y,NA,-,-,0,0,1,0,0,0,0,0,0,-,-,33.960819244384766,-118.3264389038086,LOS ANGELES,INGLEWOOD,-118.32651519775392,33.96086120605469
83769056,2024,2024-08-08,1933,2024-07-30,1916,981,NA,2,5,6,1933,0,0,0,NA,0,001,MANCHESTER BLVD,HILLCREST BLVD,50,W,N,A,-,N,NA,NA,NA,NA,NA,NA,NA,NA,NA,Y,3,0,1,2,A,-,09,21801,A,N,D,C,A,A,H,-,A,D,0,NA,NA,NA,NA,Y,NA,A,01,0,1,0,0,0,0,0,0,0,-,-,33.961761474609375,-118.34873199462892,LOS ANGELES,INGLEWOOD,-118.34898376464844,33.961769104003906
83769058,2024,2024-08-08,1955,2024-06-30,659,43016,NA,7,5,6,1955,0,0,0,NA,0,003,TOWNE AVE,SAN BERNARDINO AVE,0,NA,Y,A,-,N,NA,NA,NA,NA,NA,NA,NA,NA,NA,Y,4,0,2,2,A,-,03,22350,NA,N,C,C,A,A,H,-,A,A,0,NA,NA,NA,NA,Y,NA,A,01,0,0,2,0,0,0,0,0,0,-,-,34.075801849365234,-117.74205017089844,LOS ANGELES,POMONA,-117.7420654296875,34.075801849365234
83769059,2024,2024-08-08,1933,2024-08-05,27,1076,NA,1,5,6,1933,0,0,0,NA,0,002,CENTURY BLVD,VILLAGE DR,10,W,N,A,-,N,NA,NA,NA,NA,NA,NA,NA,NA,NA,N,3,0,1,2,A,-,10,21950,A,F,G,B,B,A,H,-,C,A,0,Y,NA,NA,NA,Y,NA,-,99,0,1,0,0,1,0,0,0,0,-,-,33.945438385009766,-118.32920074462892,LOS ANGELES,INGLEWOOD,-118.32928466796876,33.94546890258789
83769060,2024,2024-08-08,1955,2024-07-01,1158,43138,NA,1,5,6,1955,0,0,0,NA,0,002,BONITA AVE,METROPOLITAN PL (W),0,NA,Y,A,-,N,NA,NA,NA,NA,NA,NA,NA,NA,NA,Y,3,0,4,2,A,-,03,22350,NA,N,D,C,A,A,H,-,A,D,0,NA,NA,NA,NA,Y,NA,A,01,0,2,2,0,0,0,0,0,0,-,-,34.097469329833984,-117.75434112548828,LOS ANGELES,POMONA,-117.7543487548828,34.09748077392578
83769062,2024,2024-08-08,1933,2024-08-05,1448,869,NA,1,5,6,1933,0,0,0,NA,0,003,CENTURY BLVD,PRAIRIE AV,0,NA,Y,A,-,N,NA,NA,NA,NA,NA,NA,NA,NA,NA,N,4,0,1,2,A,-,10,21950,A,F,G,B,B,A,H,-,A,A,0,Y,NA,NA,NA,Y,NA,-,99,0,0,1,0,1,0,0,0,0,-,-,33.94546890258789,-118.34391784667967,LOS ANGELES,INGLEWOOD,-118.3439483642578,33.94545364379883
83769064,2024,2024-08-08,1933,2024-08-05,1522,812,NA,1,5,6,1933,0,0,0,NA,0,002,MANCHESTER BLVD,GLASGOW AV,0,NA,Y,A,-,N,NA,NA,NA,NA,NA,NA,NA,NA,NA,Y,4,0,1,2,A,-,08,22107,NA,N,D,C,A,A,H,-,A,A,0,NA,NA,NA,NA,Y,NA,A,01,0,0,1,0,0,0,0,0,0,-,-,33.961360931396484,-118.37177276611328,LOS ANGELES,INGLEWOOD,-118.37186431884766,33.961246490478516
83769065,2024,2024-08-08,1955,2024-07-06,2203,42602,NA,6,5,6,1955,0,0,0,NA,0,005,MISSION BLVD,WHITE AVE,0,NA,Y,A,-,N,NA,NA,NA,NA,NA,NA,NA,NA,NA,N,3,0,5,2,A,-,09,21801,A,N,A,C,A,A,H,-,C,A,0,NA,NA,NA,NA,Y,NA,A,01,0,1,4,0,0,0,0,0,0,-,-,34.05498123168945,-117.75875854492188,LOS ANGELES,POMONA,-117.75879669189452,34.054901123046875
83769067,2024,2024-08-08,1933,2024-08-06,955,869,NA,2,5,6,1933,0,0,0,NA,0,003,CENTURY BLVD,VILLAGE DR,0,NA,Y,A,-,N,NA,NA,NA,NA,NA,NA,NA,NA,NA,N,4,0,1,2,A,-,03,22350,NA,F,C,C,A,A,H,-,A,A,0,NA,NA,NA,NA,Y,NA,A,01,0,0,1,0,0,0,0,0,0,-,-,33.945499420166016,-118.32920837402344,LOS ANGELES,INGLEWOOD,-118.32925415039064,33.945472717285156
83769069,2024,2024-08-08,1933,2024-08-07,2046,1098,NA,3,5,6,1933,0,0,0,NA,0,002,HARDY ST,OSAGE AV,0,NA,Y,A,-,N,NA,NA,NA,NA,NA,NA,NA,NA,NA,N,4,0,1,2,A,-,09,21802,A,N,D,C,A,A,H,-,C,D,0,NA,NA,NA,NA,Y,NA,A,01,0,0,1,0,0,0,0,0,0,-,-,33.949100494384766,-118.34567260742188,LOS ANGELES,INGLEWOOD,-118.34571838378906,33.94906997680664
83769083,2024,2024-08-08,1955,2024-06-23,1916,42315,NA,7,5,6,1955,0,0,0,NA,0,005,FRANKLIN AVE,WHITE AVE,42,E,N,A,-,N,NA,NA,NA,NA,NA,NA,NA,NA,NA,N,3,0,1,1,A,-,08,22107,NA,N,E,I,A,A,H,-,A,A,0,NA,NA,Y,NA,Y,NA,C,03,0,1,0,0,0,0,0,0,1,-,-,34.040771484375,-117.75820922851564,LOS ANGELES,POMONA,-117.75813293457033,34.040672302246094
83769085,2024,2024-08-08,1955,2024-07-01,1832,43138,NA,1,5,6,1955,0,0,0,NA,0,003,BRADFORD ST,ALVARADO ST,0,NA,Y,A,-,N,NA,NA,NA,NA,NA,NA,NA,NA,NA,Y,3,0,1,5,A,-,12,22450,A,N,D,C,A,A,H,-,A,D,0,NA,NA,NA,NA,Y,NA,A,07,0,1,0,0,0,0,0,0,0,-,-,34.067691802978516,-117.74992370605467,LOS ANGELES,POMONA,-117.74996185302734,34.067691802978516
83982921,2024,2024-08-09,1912,2024-06-28,1629,11822,NA,5,5,6,1912,0,0,0,NA,0,NA,SOUTH ALLEY OF OLIVE AVENUE EAST OF GLENOAKS BOULE,GLENOAKS BOULEVARD,24,E,N,A,-,N,NA,NA,NA,NA,NA,NA,NA,NA,NA,Y,1,1,0,2,A,-,01,23153,A,N,G,B,E,A,H,-,A,D,0,Y,NA,NA,NA,Y,Y,D,22,0,0,0,1,0,0,0,0,0,-,-,34.182960510253906,-118.3056182861328,LOS ANGELES,BURBANK,-118.29355621337892,34.173912048339844
83982923,2024,2024-08-09,1912,2024-07-03,1600,15508,NA,3,5,6,1912,0,0,0,NA,0,NA,OLIVE AVENUE,BEACHWOOD DRIVE,0,NA,Y,A,-,N,NA,NA,NA,NA,NA,NA,NA,NA,NA,Y,3,0,2,2,A,-,09,21804,A,N,D,C,A,A,H,-,A,A,0,NA,NA,NA,NA,Y,NA,A,01,0,1,1,0,0,0,0,0,0,-,-,34.168758392333984,-118.32154846191406,LOS ANGELES,BURBANK,-118.32142639160156,34.168914794921875
83982924,2024,2024-08-09,1912,2024-07-03,1954,13208,NA,3,5,6,1912,0,0,0,NA,0,NA,BUENA VISTA STREET,VICTORY BOULEVARD,0,NA,Y,A,-,N,NA,NA,NA,NA,NA,NA,NA,NA,NA,Y,2,0,5,5,A,-,01,23153,A,N,G,B,F,A,H,-,A,A,0,Y,NA,NA,NA,Y,Y,A,01,4,0,1,0,3,0,0,0,0,-,-,34.18442916870117,-118.33841705322266,LOS ANGELES,BURBANK,-118.33834838867188,34.184600830078125
83982925,2024,2024-08-09,1912,2024-07-09,1240,13377,NA,2,5,6,1912,0,0,0,NA,0,NA,OLIVE AVENUE,5TH STREET,0,NA,Y,A,-,N,NA,NA,NA,NA,NA,NA,NA,NA,NA,N,4,0,1,2,A,-,12,22450,A,N,D,C,A,A,H,-,A,A,0,NA,NA,NA,NA,Y,NA,A,08,0,0,1,0,0,0,0,0,0,-,-,NA,NA,LOS ANGELES,BURBANK,-118.30503082275392,34.184356689453125
83982929,2024,2024-08-09,1975,2024-07-25,2158,485,NA,4,5,6,1975,0,0,0,NA,0,005,AMAR RD,OFFICER CHILES WY,0,NA,Y,A,-,N,NA,NA,NA,NA,NA,NA,NA,NA,NA,N,3,0,2,2,A,-,12,21453,A,N,D,C,A,A,H,-,C,A,0,NA,NA,NA,NA,Y,NA,A,01,0,1,1,0,0,0,0,0,0,-,-,34.03065872192383,-117.91317749023438,LOS ANGELES,WEST COVINA,-117.91319274902344,34.03065490722656
83982932,2024,2024-08-09,1975,2024-07-26,2308,464,NA,5,5,6,1975,0,0,0,NA,0,004,GLENDORA AV,VALINDA AV,0,NA,Y,A,-,N,NA,NA,NA,NA,NA,NA,NA,NA,NA,Y,3,0,2,2,A,-,01,23152,A,N,A,C,A,A,H,-,C,A,0,NA,NA,NA,NA,Y,Y,A,01,0,2,0,0,0,0,0,0,0,-,-,34.067138671875,-117.92566680908205,LOS ANGELES,WEST COVINA,-117.92569732666016,34.06709671020508
83982933,2024,2024-08-09,1975,2024-07-27,1536,495,NA,6,5,6,1975,0,0,0,NA,0,001,PUENTE AV,SUNSET AV,132,W,N,A,-,N,NA,NA,NA,NA,NA,NA,NA,NA,NA,N,4,0,1,2,A,-,05,21650,1,N,D,G,A,A,H,-,A,D,0,NA,Y,NA,NA,Y,NA,L,04,0,0,1,0,0,0,1,0,0,-,-,34.08283996582031,-117.93450927734376,LOS ANGELES,WEST COVINA,-117.93504333496094,34.082828521728516
83982973,2024,2024-08-09,1967,2024-07-14,2045,166,NA,7,5,2,1967,0,0,0,NA,0,SOUTH,WILLOW,TOWN CENTER WEST,0,NA,Y,A,-,N,NA,NA,NA,NA,NA,NA,NA,NA,NA,Y,4,0,2,2,A,-,12,21453,A,N,D,C,A,B,H,-,C,A,0,NA,NA,NA,NA,Y,NA,A,01,0,0,2,0,0,0,0,0,0,-,-,NA,NA,LOS ANGELES,SIGNAL HILL,NA,NA
83982974,2024,2024-08-09,1967,2024-07-19,1655,184,NA,5,5,2,1967,0,0,0,NA,0,SOUTH,CHERRY AV,CRESCENT HEIGHTS,0,NA,Y,A,-,N,NA,NA,NA,NA,NA,NA,NA,NA,NA,Y,4,0,3,2,A,-,09,21801,A,N,D,C,A,A,H,-,A,A,0,NA,NA,NA,NA,Y,NA,D,22,0,0,3,0,0,0,0,0,0,-,-,NA,NA,LOS ANGELES,SIGNAL HILL,-118.16769409179688,33.80255889892578
83982975,2024,2024-08-09,1967,2024-07-24,1516,136,NA,3,5,2,1967,0,0,0,NA,0,SOUTH,WILLOW,CHERRY AV,210,E,N,A,-,N,NA,NA,NA,NA,NA,NA,NA,NA,NA,N,4,0,1,2,D,-,00,NA,NA,N,B,G,A,A,H,-,A,D,0,NA,Y,NA,NA,Y,NA,-,-,0,0,1,0,0,0,1,0,0,-,-,NA,NA,LOS ANGELES,SIGNAL HILL,-118.16699981689452,33.804359436035156
83982995,2024,2024-08-09,1948,2024-08-04,1414,383,NA,7,5,5,1948,0,0,0,NA,0,004,POMELO AV,GRAVES AV,450,N,N,A,-,N,NA,NA,NA,NA,NA,NA,NA,NA,NA,Y,4,0,2,3,A,-,09,21804,A,N,D,C,A,A,H,-,A,D,0,NA,NA,NA,NA,Y,NA,A,01,0,0,2,0,0,0,0,0,0,-,-,34.05535888671875,-118.11026000976564,LOS ANGELES,MONTEREY PARK,-118.11023712158205,34.056583404541016
83982997,2024,2024-08-09,1948,2024-08-06,1646,383,NA,2,5,5,1948,0,0,0,NA,0,002,GARFIELD AV,ROSELYN PL,100,S,N,A,-,N,NA,NA,NA,NA,NA,NA,NA,NA,NA,Y,3,0,2,2,A,-,21,22106,NA,N,D,C,A,A,H,-,A,D,0,NA,NA,NA,NA,Y,NA,A,01,0,2,0,0,0,0,0,0,0,-,-,34.061309814453125,-118.12283325195313,LOS ANGELES,MONTEREY PARK,-118.12281036376952,34.061004638671875
83983029,2024,2024-08-09,1947,2024-07-30,1711,1478,NA,2,5,5,1947,0,0,0,NA,0,00E,VAIL AVE,WHITTIER BLVD,0,NA,Y,A,-,N,NA,NA,NA,NA,NA,NA,NA,NA,NA,N,4,0,1,2,A,-,09,21801,A,M,D,C,A,A,H,-,A,A,0,NA,NA,NA,NA,Y,NA,A,01,0,0,1,0,0,0,0,0,0,-,-,34.01240921020508,-118.1192626953125,LOS ANGELES,MONTEBELLO,-118.11927795410156,34.01234817504883
83983095,2024,2024-08-09,1965,2024-04-01,1148,3984,NA,1,5,5,1965,0,0,0,NA,0,B001,PICO BLVD,OCEAN AVE,0,NA,Y,A,-,N,NA,NA,NA,NA,NA,NA,NA,NA,NA,Y,2,0,1,2,D,-,00,NA,NA,N,A,C,A,A,H,-,A,A,0,NA,NA,NA,NA,Y,NA,-,-,1,0,0,0,0,0,0,0,0,-,-,NA,NA,LOS ANGELES,SANTA MONICA,-118.49032592773438,34.00749969482422
83983104,2024,2024-08-09,1965,2024-04-10,1706,4164,NA,3,5,5,1965,0,0,0,NA,0,B002,PICO BLVD,10TH ST (E),208,E,N,A,-,N,NA,NA,NA,NA,NA,NA,NA,NA,NA,N,4,0,1,2,A,-,03,22350,NA,N,H,G,A,A,H,-,A,D,0,NA,Y,NA,NA,Y,NA,A,01,0,0,1,0,0,0,1,0,0,-,-,NA,NA,LOS ANGELES,SANTA MONICA,-118.48056793212892,34.013553619384766
83983106,2024,2024-08-09,1965,2024-04-10,1836,4164,NA,3,5,5,1965,0,0,0,NA,0,B001,OCEAN AVE,SEASIDE TER,61,S,N,A,-,N,NA,NA,NA,NA,NA,NA,NA,NA,NA,N,4,0,1,2,A,-,08,22107,NA,N,B,C,A,A,H,-,A,D,0,NA,NA,Y,NA,Y,NA,A,01,0,0,1,0,0,0,0,0,1,-,-,NA,NA,LOS ANGELES,SANTA MONICA,-118.49368286132813,34.010398864746094
83983107,2024,2024-08-09,1965,2024-04-10,1950,3158,NA,3,5,5,1965,0,0,0,NA,0,B003,SANTA MONICA BLVD,PRINCETON ST,0,NA,Y,A,-,N,NA,NA,NA,NA,NA,NA,NA,NA,NA,N,4,0,1,2,A,-,09,21802,A,N,D,C,A,A,H,-,C,D,0,NA,NA,NA,NA,Y,NA,A,01,0,0,1,0,0,0,0,0,0,-,-,NA,NA,LOS ANGELES,SANTA MONICA,-118.47344207763672,34.03403854370117
83983108,2024,2024-08-09,1965,2024-04-11,801,4193,NA,4,5,5,1965,0,0,0,NA,0,B003,OLYMPIC BLVD,14TH ST,0,NA,Y,A,-,N,NA,NA,NA,NA,NA,NA,NA,NA,NA,N,4,0,1,2,A,-,03,22350,NA,N,D,G,A,A,B,-,A,A,0,NA,Y,NA,NA,Y,NA,L,04,0,0,1,0,0,0,1,0,0,-,-,NA,NA,LOS ANGELES,SANTA MONICA,-118.48065948486328,34.01974868774414
83983109,2024,2024-08-09,1965,2024-04-11,900,4146,NA,4,5,5,1965,0,0,0,NA,0,NA,WILSHIRE BLVD,2ND ST,0,NA,Y,A,-,N,NA,NA,NA,NA,NA,NA,NA,NA,NA,Y,3,0,1,2,A,-,08,22107,NA,N,D,C,A,A,H,-,A,A,0,NA,NA,NA,NA,Y,NA,A,01,0,1,0,0,0,0,0,0,0,-,-,NA,NA,LOS ANGELES,SANTA MONICA,-118.50021362304688,34.01756286621094
83983110,2024,2024-08-09,1965,2024-04-11,1740,3158,NA,4,5,5,1965,0,0,0,NA,0,B003,STEWART ST,NEBRASKA AVE,175,N,N,A,B,N,NA,NA,NA,NA,NA,NA,NA,NA,NA,N,4,0,1,2,A,-,08,22102,NA,N,D,D,A,A,H,-,A,D,0,NA,NA,NA,NA,Y,NA,A,08,0,0,1,0,0,0,0,0,0,-,-,NA,NA,LOS ANGELES,SANTA MONICA,-118.46591949462892,34.03038024902344
83983116,2024,2024-08-09,1965,2024-04-13,2322,4101,NA,6,5,5,1965,0,0,0,NA,0,003,11TH ST,BROADWAY,47,N,N,A,-,N,NA,NA,NA,NA,NA,NA,NA,NA,NA,N,2,0,1,2,A,-,11,21955,NA,N,G,B,D,A,H,-,C,A,0,Y,NA,NA,NA,Y,NA,N,60,1,0,0,0,1,0,0,0,0,-,-,NA,NA,LOS ANGELES,SANTA MONICA,-118.48711395263672,34.02055740356445
83983118,2024,2024-08-09,1965,2024-04-14,1725,4086,NA,7,5,5,1965,0,0,0,NA,0,B004,BERKELEY ST,WILSHIRE BLVD,0,NA,Y,A,-,N,NA,NA,NA,NA,NA,NA,NA,NA,NA,Y,4,0,1,2,A,-,09,21801,A,N,D,C,A,A,H,-,A,A,0,NA,NA,NA,NA,Y,NA,A,07,0,0,1,0,0,0,0,0,0,-,-,34.039798736572266,-118.47283172607422,LOS ANGELES,SANTA MONICA,-118.47283172607422,34.03971862792969
83983122,2024,2024-08-09,1965,2024-04-15,1358,4193,NA,1,5,5,1965,0,0,0,NA,0,B003,ARIZONA AVE,14TH CT,31,W,N,A,-,N,NA,NA,NA,NA,NA,NA,NA,NA,NA,Y,4,0,1,2,A,-,21,22106,NA,N,B,C,A,A,H,-,A,A,0,NA,NA,NA,NA,Y,NA,A,01,0,0,1,0,0,0,0,0,0,-,-,NA,NA,LOS ANGELES,SANTA MONICA,-118.48736572265624,34.025390625
83983127,2024,2024-08-09,1965,2024-04-16,1535,4181,NA,2,5,5,1965,0,0,0,NA,0,B003,SANTA MONICA BLVD,9TH CT,0,NA,Y,A,-,N,NA,NA,NA,NA,NA,NA,NA,NA,NA,Y,3,0,1,2,A,-,08,22107,NA,N,B,C,A,A,H,-,A,A,0,NA,NA,NA,NA,Y,NA,A,81,0,1,0,0,0,0,0,0,0,-,-,NA,NA,LOS ANGELES,SANTA MONICA,-118.49049377441406,34.0202522277832
83983130,2024,2024-08-09,1965,2024-04-17,1215,3158,NA,3,5,5,1965,0,0,0,NA,0,B003,SANTA MONICA BLVD,20TH ST,45,E,N,A,-,N,NA,NA,NA,NA,NA,NA,NA,NA,NA,N,4,0,1,2,A,-,03,22350,NA,N,C,C,A,A,H,-,A,D,0,NA,NA,NA,NA,Y,NA,A,01,0,0,1,0,0,0,0,0,0,-,-,NA,NA,LOS ANGELES,SANTA MONICA,-118.47990417480467,34.02874755859375