CASE_ID,ACCIDENT_YEAR,PROC_DATE,JURIS,COLLISION_DATE,COLLISION_TIME,OFFICER_ID,REPORTING_DISTRICT,DAY_OF_WEEK,CHP_SHIFT,POPULATION,CNTY_CITY_LOC,SPECIAL_COND,BEAT_TYPE,CHP_BEAT_TYPE,CITY_DIVISION_LAPD,CHP_BEAT_CLASS,BEAT_NUMBER,PRIMARY_RD,SECONDARY_RD,DISTANCE,DIRECTION,INTERSECTION,WEATHER_1,WEATHER_2,STATE_HWY_IND,CALTRANS_COUNTY,CALTRANS_DISTRICT,STATE_ROUTE,ROUTE_SUFFIX,POSTMILE_PREFIX,POSTMILE,LOCATION_TYPE,RAMP_INTERSECTION,SIDE_OF_HWY,TOW_AWAY,COLLISION_SEVERITY,NUMBER_KILLED,NUMBER_INJURED,PARTY_COUNT,PRIMARY_COLL_FACTOR,PCF_CODE_OF_VIOL,PCF_VIOL_CATEGORY,PCF_VIOLATION,PCF_VIOL_SUBSECTION,HIT_AND_RUN,TYPE_OF_COLLISION,MVIW,PED_ACTION,ROAD_SURFACE,ROAD_COND_1,ROAD_COND_2,LIGHTING,CONTROL_DEVICE,CHP_ROAD_TYPE,PEDESTRIAN_ACCIDENT,BICYCLE_ACCIDENT,MOTORCYCLE_ACCIDENT,TRUCK_ACCIDENT,NOT_PRIVATE_PROPERTY,ALCOHOL_INVOLVED,STWD_VEHTYPE_AT_FAULT,CHP_VEHTYPE_AT_FAULT,COUNT_SEVERE_INJ,COUNT_VISIBLE_INJ,COUNT_COMPLAINT_PAIN,COUNT_PED_KILLED,COUNT_PED_INJURED,COUNT_BICYCLIST_KILLED,COUNT_BICYCLIST_INJURED,COUNT_MC_KILLED,COUNT_MC_INJURED,PRIMARY_RAMP,SECONDARY_RAMP,LATITUDE,LONGITUDE,COUNTY,CITY,POINT_X,POINT_Y
84358841,2024,2024-08-19,1973,2024-07-30,650,679,NA,2,5,1,1973,0,0,0,NA,0,001,E 25TH ST,S ALAMEDA ST,685,E,N,A,-,N,NA,NA,NA,NA,NA,NA,NA,NA,NA,N,4,0,1,2,A,-,09,21801,A,N,D,C,A,A,H,-,B,D,0,NA,NA,NA,NA,Y,NA,A,07,0,0,1,0,0,0,0,0,0,-,-,34.01472854614258,-118.23960113525392,LOS ANGELES,VERNON,-118.23738861083984,34.014739990234375
84358869,2024,2024-08-19,1965,2024-07-16,1300,3984,NA,2,5,5,1965,0,0,0,NA,0,B004,MONTANA AVE,16TH CT,0,NA,Y,A,-,N,NA,NA,NA,NA,NA,NA,NA,NA,NA,N,4,0,2,2,A,-,09,21801,A,N,D,C,A,A,H,-,A,A,0,NA,NA,NA,NA,Y,NA,A,07,0,0,2,0,0,0,0,0,0,-,-,NA,NA,LOS ANGELES,SANTA MONICA,-118.49330902099608,34.03373336791992
84358870,2024,2024-08-19,1965,2024-07-16,1751,3831,NA,2,5,5,1965,0,0,0,NA,0,B003,LINCOLN BLVD,PICO BLVD,40,N,N,A,-,Y,NA,NA,NA,NA,NA,NA,NA,NA,NA,N,4,0,1,2,A,-,03,22350,NA,N,C,C,A,A,H,-,A,A,0,NA,NA,NA,NA,Y,NA,A,01,0,0,1,0,0,0,0,0,0,-,-,NA,NA,LOS ANGELES,SANTA MONICA,-118.48303985595705,34.01239013671875
84358871,2024,2024-08-19,1972,2024-08-03,1458,18263,NA,6,5,6,1972,0,0,0,NA,0,NA,SKYPARK DR,CRENSHAW BLVD,1200,W,N,A,-,N,NA,NA,NA,NA,NA,NA,NA,NA,NA,Y,4,0,2,2,A,-,09,21801,A,N,D,C,A,A,H,-,A,D,0,NA,NA,NA,NA,Y,NA,D,22,0,0,2,0,0,0,0,0,0,-,-,33.801490783691406,-118.32811737060548,LOS ANGELES,TORRANCE,-118.3316650390625,33.80281448364258
84358873,2024,2024-08-19,1972,2024-08-05,1120,23032,NA,1,5,6,1972,0,0,0,NA,0,NA,ANZA AVE,EMERALD ST,0,NA,Y,A,-,N,NA,NA,NA,NA,NA,NA,NA,NA,NA,N,4,0,1,2,A,-,10,21950,A,N,G,B,B,A,D,E,A,A,0,Y,NA,NA,Y,Y,NA,F,26,0,0,1,0,1,0,0,0,0,-,-,33.84138870239258,-118.36238861083984,LOS ANGELES,TORRANCE,-118.36238098144533,33.84136962890625
84358876,2024,2024-08-19,1925,2024-08-01,2117,30157,NA,4,5,6,1925,0,0,0,NA,0,004,VERDUGO ROAD,KIRKBY ROAD,16,N,N,A,-,N,NA,NA,NA,NA,NA,NA,NA,NA,NA,N,3,0,1,2,A,-,10,21950,A,N,G,B,B,A,H,-,C,A,0,Y,NA,NA,NA,Y,NA,A,01,0,1,0,0,1,0,0,0,0,-,-,34.171630859375,-118.2268524169922,LOS ANGELES,GLENDALE,-118.22684478759766,34.17169189453125
84358920,2024,2024-08-19,1955,2024-06-25,1655,42685,NA,2,5,6,1955,0,0,0,NA,0,001,HOLT AVE,WEBER ST,0,NA,Y,A,-,N,NA,NA,NA,NA,NA,NA,NA,NA,NA,N,3,0,1,2,A,-,08,22107,NA,N,D,G,A,A,H,-,A,A,0,NA,Y,NA,NA,Y,NA,A,08,0,1,0,0,0,0,1,0,0,-,-,34.0618896484375,-117.77262115478516,LOS ANGELES,POMONA,-117.77264404296876,34.06181335449219
84358923,2024,2024-08-19,1955,2024-07-10,645,42770,NA,3,5,6,1955,0,0,0,NA,0,002,TOWNE AVE,BONITA AVE,10,N,N,A,-,N,NA,NA,NA,NA,NA,NA,NA,NA,NA,N,3,0,1,2,A,-,10,21950,A,N,G,B,B,A,H,-,A,A,0,Y,NA,NA,NA,Y,NA,A,07,0,1,0,0,1,0,0,0,0,-,-,34.096309661865234,-117.73680114746094,LOS ANGELES,POMONA,-117.73680877685548,34.096221923828125
84358924,2024,2024-08-19,1955,2024-07-11,950,43013,NA,4,5,6,1955,0,0,0,NA,0,005,GAREY AVE,BEAVER CT,12,N,N,A,-,N,NA,NA,NA,NA,NA,NA,NA,NA,NA,N,3,0,1,2,A,-,09,21801,A,N,C,C,A,A,H,-,A,D,0,NA,NA,Y,NA,Y,NA,A,01,0,1,0,0,0,0,0,0,1,-,-,34.04246139526367,-117.74961853027344,LOS ANGELES,POMONA,-117.74966430664064,34.04243469238281
84358925,2024,2024-08-19,1955,2024-07-11,936,43138,NA,4,5,6,1955,0,0,0,NA,0,004,RESERVOIR ST,MISSION BLVD,0,NA,Y,A,-,N,NA,NA,NA,NA,NA,NA,NA,NA,NA,N,3,0,1,2,A,-,12,21453,A,F,H,G,A,A,H,-,A,A,0,NA,Y,NA,Y,Y,NA,F,25,0,1,0,0,0,0,1,0,0,-,-,34.05567932128906,-117.73255920410156,LOS ANGELES,POMONA,-117.73261260986328,34.0555419921875
84358927,2024,2024-08-19,1955,2024-07-12,2109,42254,NA,5,5,6,1955,0,0,0,NA,0,003,INDIAN HILL BLVD,SAN BERNARDINO AVE,100,N,N,A,-,N,NA,NA,NA,NA,NA,NA,NA,NA,NA,Y,3,0,2,2,A,-,03,22350,NA,F,C,C,A,A,H,-,C,A,0,NA,NA,NA,NA,Y,NA,A,01,0,2,0,0,0,0,0,0,0,-,-,34.07590866088867,-117.71929168701172,LOS ANGELES,POMONA,-117.71925354003906,34.07615280151367
84359020,2024,2024-08-19,1912,2024-06-29,1502,14527,NA,6,5,6,1912,0,0,0,NA,0,NA,HOLLYWOOD WAY,OAK STREET,10,S,N,A,-,N,NA,NA,NA,NA,NA,NA,NA,NA,NA,Y,4,0,1,3,A,-,09,21804,A,N,B,E,A,A,H,-,A,A,0,NA,NA,NA,NA,Y,NA,A,01,0,0,1,0,0,0,0,0,0,-,-,34.15748977661133,-118.34219360351564,LOS ANGELES,BURBANK,-118.34198760986328,34.15754318237305
84359021,2024,2024-08-19,1912,2024-07-17,1849,13208,NA,3,5,6,1912,0,0,0,NA,0,NA,HOLLYWOOD WAY,VERDUGO AVENUE,0,NA,Y,A,-,N,NA,NA,NA,NA,NA,NA,NA,NA,NA,Y,4,0,2,2,A,-,12,21453,A,N,D,C,A,A,H,-,A,A,0,NA,NA,NA,NA,Y,NA,A,01,0,0,2,0,0,0,0,0,0,-,-,34.16093063354492,-118.34384155273438,LOS ANGELES,BURBANK,-118.34364318847656,34.1610107421875
84359101,2024,2024-08-19,1925,2024-08-02,2218,30157,NA,5,5,6,1925,0,0,0,NA,0,002,PACIFIC AVENUE,COLORADO STREET,0,NA,Y,A,-,N,NA,NA,NA,NA,NA,NA,NA,NA,NA,Y,4,0,1,2,B,-,22,NA,NA,N,D,C,A,A,H,-,C,A,0,NA,NA,NA,NA,Y,NA,J,48,0,0,1,0,0,0,0,0,0,-,-,NA,NA,LOS ANGELES,GLENDALE,-118.26441955566406,34.14251708984375
84359102,2024,2024-08-19,1925,2024-08-05,1239,24810,NA,1,5,6,1925,0,0,0,NA,0,005,VERDUGO BOULEVARD,LA TOUR WAY,25,W,N,A,-,N,NA,NA,NA,NA,NA,NA,NA,NA,NA,N,3,0,1,2,A,-,03,22350,NA,N,F,A,A,A,H,-,A,B,0,NA,NA,Y,NA,Y,NA,C,02,0,1,0,0,0,0,0,0,1,-,-,34.20561981201172,-118.21501922607422,LOS ANGELES,GLENDALE,-118.2150650024414,34.205665588378906
84359104,2024,2024-08-19,1925,2024-08-06,1316,27629,NA,2,5,6,1925,0,0,0,NA,0,003,GLENDALE AVENUE,LOMITA AVENUE (N),197,S,N,A,-,N,NA,NA,NA,NA,NA,NA,NA,NA,NA,N,4,0,2,4,A,-,03,22350,NA,N,C,E,A,A,H,-,A,D,0,NA,NA,NA,NA,Y,NA,A,01,0,0,2,0,0,0,0,0,0,-,-,34.141029357910156,-118.25003051757813,LOS ANGELES,GLENDALE,-118.25035095214844,34.1403694152832
84359152,2024,2024-08-19,1955,2024-06-29,36,42958,NA,6,5,6,1955,0,0,0,NA,0,NA,GROVE ST,GLADSTONE ST,0,NA,Y,A,-,N,NA,NA,NA,NA,NA,NA,NA,NA,NA,N,4,0,1,2,A,-,12,22450,A,F,D,C,A,A,H,-,C,D,0,NA,NA,NA,NA,Y,NA,A,01,0,0,1,0,0,0,0,0,0,-,-,34.103248596191406,-117.74929809570313,LOS ANGELES,POMONA,-117.7492904663086,34.10319519042969
84359226,2024,2024-08-19,1912,2024-07-17,1458,11822,NA,3,5,6,1912,0,0,0,NA,0,NA,SAN FERNANDO BOULEVARD,DELAWARE ROAD,114,N,N,A,-,N,NA,NA,NA,NA,NA,NA,NA,NA,NA,Y,4,0,1,2,A,-,09,21804,A,N,B,C,A,A,H,-,A,A,0,NA,NA,NA,NA,Y,NA,A,07,0,0,1,0,0,0,0,0,0,-,-,NA,NA,LOS ANGELES,BURBANK,-118.31873321533205,34.18817901611328
84359227,2024,2024-08-19,1912,2024-07-18,916,12451,NA,4,5,6,1912,0,0,0,NA,0,NA,VALHALLA DRIVE,SCREENLAND DRIVE,0,NA,Y,A,-,N,NA,NA,NA,NA,NA,NA,NA,NA,NA,N,2,0,1,2,A,-,09,21802,A,N,D,C,A,A,H,-,A,A,0,NA,NA,Y,NA,Y,Y,I,11,1,0,0,0,0,0,0,0,1,-,-,NA,NA,LOS ANGELES,BURBANK,-118.3512725830078,34.190216064453125
84359228,2024,2024-08-19,1912,2024-07-18,1547,13813,NA,4,5,6,1912,0,0,0,NA,0,NA,ALAMEDA AVENUE,PARISH PLACE,138,E,N,A,-,N,NA,NA,NA,NA,NA,NA,NA,NA,NA,N,3,0,1,3,A,-,08,22107,NA,N,B,E,A,A,H,-,A,D,0,NA,NA,NA,NA,Y,NA,A,01,0,1,0,0,0,0,0,0,0,-,-,34.16014862060547,-118.32215881347656,LOS ANGELES,BURBANK,-118.32156372070313,34.16041946411133
84359234,2024,2024-08-19,1975,2024-08-07,1501,459,NA,3,5,6,1975,0,0,0,NA,0,003,FAIRGROVE AV,ORANGE AV,25,N,N,A,-,N,NA,NA,NA,NA,NA,NA,NA,NA,NA,N,3,0,1,2,A,-,10,21950,A,N,G,B,B,A,H,-,A,A,0,Y,NA,NA,NA,Y,NA,A,01,0,1,0,0,1,0,0,0,0,-,-,34.05266189575195,-117.9638671875,LOS ANGELES,WEST COVINA,-117.9638900756836,34.05268478393555
84359260,2024,2024-08-19,1965,2024-07-09,2353,3890,NA,2,5,5,1965,0,0,0,NA,0,B004,WOODACRES RD,SAN VICENTE BLVD,200,S,N,A,-,N,NA,NA,NA,NA,NA,NA,NA,NA,NA,Y,4,0,1,3,A,-,01,23152,A,N,B,E,A,A,H,-,C,A,0,NA,NA,NA,NA,Y,Y,A,01,0,0,1,0,0,0,0,0,0,-,-,NA,NA,LOS ANGELES,SANTA MONICA,-118.50404357910156,34.039798736572266
84359264,2024,2024-08-19,1972,2024-08-06,1415,21239,NA,2,5,6,1972,0,0,0,NA,0,NA,190TH ST,WESTERN AVE,50,W,N,A,-,N,NA,NA,NA,NA,NA,NA,NA,NA,NA,Y,3,0,2,3,A,-,03,22350,NA,N,C,C,A,A,H,-,A,A,0,NA,NA,NA,NA,Y,NA,A,01,0,1,1,0,0,0,0,0,0,-,-,33.85834884643555,-118.30911254882813,LOS ANGELES,TORRANCE,-118.30943298339844,33.85836410522461
84359265,2024,2024-08-19,1972,2024-08-06,1639,21239,NA,2,5,6,1972,0,0,0,NA,0,NA,PALOS VERDES BLVD,RUBY ST,0,NA,Y,A,-,N,NA,NA,NA,NA,NA,NA,NA,NA,NA,N,4,0,1,2,A,-,12,22450,A,N,D,G,A,A,H,-,A,A,0,NA,Y,NA,NA,Y,NA,A,01,0,0,1,0,0,0,1,0,0,-,-,33.833770751953125,-118.36940002441406,LOS ANGELES,TORRANCE,-118.36930084228516,33.83378982543945
84359266,2024,2024-08-19,1972,2024-08-07,1522,22884,NA,3,5,6,1972,0,0,0,NA,0,NA,SEPULVEDA BLVD,ARLINGTON AVE,100,W,N,A,-,N,NA,NA,NA,NA,NA,NA,NA,NA,NA,Y,4,0,1,2,A,-,09,21801,A,N,B,C,A,A,H,-,A,A,0,NA,NA,NA,NA,Y,NA,D,22,0,0,1,0,0,0,0,0,0,-,-,33.82014846801758,-118.31983947753906,LOS ANGELES,TORRANCE,-118.320068359375,33.820167541503906
84359269,2024,2024-08-19,1925,2024-07-23,2055,28091,NA,2,5,6,1925,0,0,0,NA,0,003,ARTSAKH,BROADWAY,231,S,N,A,-,N,NA,NA,NA,NA,NA,NA,NA,NA,NA,Y,3,0,1,2,A,-,08,22107,NA,N,B,C,A,A,H,-,C,D,0,NA,NA,Y,NA,Y,NA,A,01,0,1,0,0,0,0,0,0,1,-,-,NA,NA,LOS ANGELES,GLENDALE,-118.25389099121094,34.14628982543945
84359274,2024,2024-08-19,1925,2024-08-08,1150,21089,NA,4,5,6,1925,0,0,0,NA,0,NA,KENNETH ROAD,GRANDVIEW AVENUE,0,NA,Y,A,-,N,NA,NA,NA,NA,NA,NA,NA,NA,NA,N,4,0,1,2,A,-,10,21950,A,N,G,B,B,A,H,-,A,A,0,Y,NA,NA,NA,Y,NA,A,07,0,0,1,0,1,0,0,0,0,-,-,NA,NA,LOS ANGELES,GLENDALE,-118.27919769287108,34.172523498535156
84361017,2024,2024-08-20,1967,2024-06-18,1929,171,NA,2,5,2,1967,0,0,0,NA,0,SOUTH,CHERRY AV,SKYLINE DR,0,NA,Y,A,-,N,NA,NA,NA,NA,NA,NA,NA,NA,NA,N,1,1,0,2,A,-,12,21453,A,N,D,G,A,A,H,-,A,A,0,NA,Y,NA,NA,Y,NA,L,04,0,0,0,0,0,1,0,0,0,-,-,NA,NA,LOS ANGELES,SIGNAL HILL,-118.16754913330078,33.800750732421875
84361018,2024,2024-08-20,1967,2024-07-30,1427,157,NA,2,5,2,1967,0,0,0,NA,0,NORTH,TEMPLE AV,WILLOW,0,NA,Y,A,-,N,NA,NA,NA,NA,NA,NA,NA,NA,NA,Y,3,0,2,2,A,-,12,21453,A,N,D,C,A,A,H,-,A,A,0,NA,NA,NA,NA,Y,NA,A,01,0,2,0,0,0,0,0,0,0,-,-,NA,NA,LOS ANGELES,SIGNAL HILL,-118.15889739990234,33.804359436035156
84361019,2024,2024-08-20,1967,2024-08-02,1300,143,NA,5,5,2,1967,0,0,0,NA,0,SOUTH,19TH,DAWSON AV,94,E,N,A,-,N,NA,NA,NA,NA,NA,NA,NA,NA,NA,N,3,0,1,2,A,-,17,22517,NA,N,H,E,A,A,H,-,A,D,0,NA,Y,NA,NA,Y,NA,A,01,0,1,0,0,0,0,1,0,0,-,-,NA,NA,LOS ANGELES,SIGNAL HILL,-118.16519927978516,33.79167938232422
84361020,2024,2024-08-20,1967,2024-08-05,1637,157,NA,1,5,2,1967,0,0,0,NA,0,NORTH,WILLOW,SIGNAL PKWY,198,W,N,A,-,N,NA,NA,NA,NA,NA,NA,NA,NA,NA,Y,4,0,1,2,A,-,04,21703,NA,N,C,C,A,A,H,-,A,D,0,NA,NA,NA,NA,Y,NA,A,08,0,0,1,0,0,0,0,0,0,-,-,NA,NA,LOS ANGELES,SIGNAL HILL,-118.1617431640625,33.804359436035156
84361050,2024,2024-08-20,1969,2024-06-25,1102,10265,NA,2,5,5,1969,0,0,0,NA,0,004,FILESTONE BLVD,BURKE AV (W),200,W,N,A,-,N,NA,NA,NA,NA,NA,NA,NA,NA,NA,N,3,0,1,5,A,-,03,22350,NA,M,C,C,A,A,H,-,A,A,0,NA,NA,NA,NA,Y,NA,A,01,0,1,0,0,0,0,0,0,0,-,-,33.9521598815918,-118.18592834472656,LOS ANGELES,SOUTH GATE,-118.18662261962892,33.95221710205078
84361051,2024,2024-08-20,1969,2024-06-27,1138,20196,NA,4,5,5,1969,0,0,0,NA,0,003,FILESTONE BLVD,OTIS ST,0,NA,Y,A,-,N,NA,NA,NA,NA,NA,NA,NA,NA,NA,Y,4,0,1,2,D,-,00,NA,NA,N,D,C,A,A,H,-,A,A,0,NA,NA,NA,NA,Y,NA,-,-,0,0,1,0,0,0,0,0,0,-,-,33.95323181152344,-118.1964874267578,LOS ANGELES,SOUTH GATE,-118.196533203125,33.95322036743164
84361052,2024,2024-08-20,1969,2024-06-30,1720,10264,NA,7,5,5,1969,0,0,0,NA,0,002,SOUTHERN AV,DEARBORN AV (W),2,W,N,A,-,N,NA,NA,NA,NA,NA,NA,NA,NA,NA,N,3,0,3,2,A,-,03,22350,NA,F,C,C,A,A,H,-,A,D,0,NA,NA,NA,NA,Y,NA,-,-,0,3,0,0,0,0,0,0,0,-,-,33.95164108276367,-118.21150970458984,LOS ANGELES,SOUTH GATE,-118.21152496337892,33.951622009277344
84361053,2024,2024-08-20,1969,2024-07-03,2012,10247,NA,3,5,5,1969,0,0,0,NA,0,003,SAN GABRIEL AV,TWEEDY BLVD,7,S,N,A,-,N,NA,NA,NA,NA,NA,NA,NA,NA,NA,N,3,0,1,2,A,-,08,22100,B,N,G,B,B,A,H,-,A,D,0,Y,NA,NA,NA,Y,NA,A,01,0,1,0,0,1,0,0,0,0,-,-,33.944068908691406,-118.20426940917967,LOS ANGELES,SOUTH GATE,-118.2043228149414,33.94404983520508
84361057,2024,2024-08-20,1969,2024-07-11,1413,20226,NA,4,5,5,1969,0,0,0,NA,0,003,SAN MIGUEL AV,FILESTONE BLVD,11,N,N,A,-,N,NA,NA,NA,NA,NA,NA,NA,NA,NA,N,3,0,1,2,A,-,12,21453,A,N,D,C,A,A,H,-,A,A,0,NA,NA,NA,NA,Y,NA,A,01,0,1,0,0,0,0,0,0,0,-,-,33.953529357910156,-118.1991729736328,LOS ANGELES,SOUTH GATE,-118.19915771484376,33.95349884033203
84361058,2024,2024-08-20,1969,2024-07-13,2005,10230,NA,6,5,5,1969,0,0,0,NA,0,003,ALEXANDER AV,MISSOURI AV,0,NA,Y,A,-,Y,NA,NA,NA,NA,NA,NA,NA,NA,NA,N,4,0,1,2,A,-,09,21802,A,N,D,C,A,A,H,-,C,D,0,NA,NA,NA,NA,Y,NA,A,01,0,0,1,0,0,0,0,0,0,-,-,33.9452018737793,-118.19422149658205,LOS ANGELES,SOUTH GATE,-118.19424438476564,33.94517517089844
84362966,2024,2024-08-21,1969,2024-07-13,1500,10246,NA,6,5,5,1969,0,0,0,NA,0,NA,OTIS ST,SOUTHERN AV,0,NA,Y,A,-,N,NA,NA,NA,NA,NA,NA,NA,NA,NA,N,4,0,1,2,A,-,12,21453,A,N,D,C,A,A,H,-,A,A,0,NA,NA,NA,NA,Y,NA,A,01,0,0,1,0,0,0,0,0,0,-,-,33.9500617980957,-118.19686126708984,LOS ANGELES,SOUTH GATE,-118.19686126708984,33.9500617980957
84362971,2024,2024-08-21,1969,2024-07-18,2318,10216,NA,4,5,5,1969,0,0,0,NA,0,005,IMPERIAL HWY,AMERY AV (E),0,NA,Y,A,-,Y,NA,NA,NA,NA,NA,NA,NA,NA,NA,N,2,0,1,2,D,-,00,NA,NA,N,D,C,A,A,H,-,C,A,0,NA,NA,NA,NA,Y,NA,-,-,1,0,0,0,0,0,0,0,0,-,-,33.92945861816406,-118.16448211669922,LOS ANGELES,SOUTH GATE,-118.16494750976564,33.92953109741211
84362976,2024,2024-08-21,1969,2024-07-24,1147,20226,NA,3,5,5,1969,0,0,0,NA,0,004,ATLANTIC AV,SOUTHERN PL,0,NA,Y,A,-,N,NA,NA,NA,NA,NA,NA,NA,NA,NA,Y,3,0,1,3,A,-,09,21801,A,N,D,C,A,A,H,-,A,A,0,NA,NA,NA,NA,Y,NA,A,01,0,1,0,0,0,0,0,0,0,-,-,33.948509216308594,-118.18187713623048,LOS ANGELES,SOUTH GATE,-118.18196105957033,33.94854736328125
84362978,2024,2024-08-21,1969,2024-07-21,2040,10226,NA,7,5,5,1969,0,0,0,NA,0,003,INDEPENDENCE AV,OTIS ST,82,W,N,A,-,N,NA,NA,NA,NA,NA,NA,NA,NA,NA,N,3,0,1,2,A,-,09,21801,A,N,D,G,A,A,H,-,C,D,0,NA,Y,NA,NA,Y,NA,A,07,0,1,0,0,0,0,1,0,0,-,-,33.95669174194336,-118.19597625732422,LOS ANGELES,SOUTH GATE,-118.19625854492188,33.956729888916016
84362980,2024,2024-08-21,1969,2024-07-27,545,10226,NA,6,5,5,1969,0,0,0,NA,0,002,FILESTONE BLVD,CALIFORNIA AV,0,NA,Y,A,-,N,NA,NA,NA,NA,NA,NA,NA,NA,NA,N,3,0,2,2,A,-,12,21453,A,N,D,C,A,A,H,-,B,A,0,NA,NA,NA,NA,Y,NA,A,07,0,2,0,0,0,0,0,0,0,-,-,33.954219818115234,-118.2060775756836,LOS ANGELES,SOUTH GATE,-118.2061004638672,33.95418167114258
84362984,2024,2024-08-21,1969,2024-08-04,1344,20226,NA,7,5,5,1969,0,0,0,NA,0,004,RAYO AV,FIRESTONE BLVD (E),365,S,N,A,-,N,NA,NA,NA,NA,NA,NA,NA,NA,NA,Y,4,0,3,2,A,-,09,21804,A,N,D,C,A,A,H,-,A,A,0,NA,NA,NA,NA,Y,NA,I,11,0,0,3,0,0,0,0,0,0,-,-,33.950439453125,-118.17559051513672,LOS ANGELES,SOUTH GATE,-118.17642974853516,33.94971466064453
84362985,2024,2024-08-21,1969,2024-08-06,1700,10264,NA,2,5,5,1969,0,0,0,NA,0,NA,LONG BEACH BLVD,INDEPENDENCE AV (N),50,N,N,A,-,N,NA,NA,NA,NA,NA,NA,NA,NA,NA,N,3,0,2,3,A,-,03,22350,NA,N,C,C,A,A,H,-,A,A,0,NA,NA,NA,NA,Y,NA,-,-,0,2,0,0,0,0,0,0,0,-,-,33.959861755371094,-118.22284698486328,LOS ANGELES,SOUTH GATE,-118.22290802001952,33.95989990234375
84362987,2024,2024-08-21,1969,2024-08-11,2110,10216,NA,7,5,5,1969,0,0,0,NA,0,004,FILESTONE BLVD,HILDRETH AV,30,W,N,A,-,Y,NA,NA,NA,NA,NA,NA,NA,NA,NA,N,4,0,1,2,A,-,03,22350,NA,F,C,C,A,A,H,-,C,A,0,NA,NA,NA,NA,Y,NA,A,01,0,0,1,0,0,0,0,0,0,-,-,33.952301025390625,-118.18699645996094,LOS ANGELES,SOUTH GATE,-118.18708038330078,33.9522590637207
84364681,2024,2024-08-22,1912,2024-07-19,1632,12451,NA,5,5,6,1912,0,0,0,NA,0,NA,MAGNOLIA BOULEVARD,VARNEY STREET,0,NA,Y,A,-,N,NA,NA,NA,NA,NA,NA,NA,NA,NA,N,3,0,1,1,A,-,03,22350,NA,N,F,A,A,A,D,-,A,D,0,NA,NA,NA,NA,Y,NA,M,94,0,1,0,0,0,0,0,0,0,-,-,NA,NA,LOS ANGELES,BURBANK,-118.316162109375,34.179298400878906
84364682,2024,2024-08-22,1912,2024-07-19,2115,14849,NA,5,5,6,1912,0,0,0,NA,0,NA,VICTORY BOULEVARD,VERDUGO AVENUE,0,NA,Y,A,-,N,NA,NA,NA,NA,NA,NA,NA,NA,NA,N,4,0,1,2,A,-,08,22107,NA,N,B,C,A,A,H,-,C,A,0,NA,NA,NA,NA,Y,NA,A,01,0,0,1,0,0,0,0,0,0,-,-,34.17055892944336,-118.31504058837892,LOS ANGELES,BURBANK,-118.31507873535156,34.170570373535156
84364683,2024,2024-08-22,1912,2024-07-20,1450,14849,NA,6,5,6,1912,0,0,0,NA,0,NA,GLENOAKS BOULEVARD,MAGNOLIA BOULEVARD,0,NA,Y,A,-,N,NA,NA,NA,NA,NA,NA,NA,NA,NA,N,4,0,1,2,A,-,12,21453,A,N,D,C,A,A,H,-,A,A,0,NA,NA,NA,NA,Y,NA,A,01,0,0,1,0,0,0,0,0,0,-,-,34.18519973754883,-118.3093032836914,LOS ANGELES,BURBANK,-118.30921936035156,34.18538284301758
84364684,2024,2024-08-22,1912,2024-07-21,459,15469,NA,7,5,6,1912,0,0,0,NA,0,00J,THORNTON AVENUE,HOLLYWOOD WAY,700,E,N,A,-,N,NA,NA,NA,NA,NA,NA,NA,NA,NA,N,3,0,2,2,A,-,03,22350,NA,N,B,C,A,A,H,-,B,D,0,NA,NA,NA,NA,Y,NA,A,01,0,1,1,0,0,0,0,0,0,-,-,34.19565963745117,-118.3489227294922,LOS ANGELES,BURBANK,-118.34661102294922,34.195655822753906
84364774,2024,2024-08-22,1948,2024-08-02,1626,503,NA,5,5,5,1948,0,0,0,NA,0,002,GARVEY AV,NICHOLSON AV (W),232,E,N,A,-,N,NA,NA,NA,NA,NA,NA,NA,NA,NA,N,4,0,1,2,A,-,03,22350,NA,N,D,G,A,A,H,-,A,D,0,NA,Y,NA,NA,Y,NA,L,04,0,0,1,0,0,0,1,0,0,-,-,34.062538146972656,-118.11900329589844,LOS ANGELES,MONTEREY PARK,-118.11822509765624,34.062469482421875
84364780,2024,2024-08-22,1948,2024-08-06,2216,489,NA,2,5,5,1948,0,0,0,NA,0,003,GARFIELD AV,POMONA BLVD,0,NA,Y,A,-,N,NA,NA,NA,NA,NA,NA,NA,NA,NA,Y,3,0,2,2,A,-,12,21453,A,N,D,C,A,A,H,-,C,A,0,NA,NA,NA,NA,Y,NA,A,01,0,1,1,0,0,0,0,0,0,-,-,34.03363037109375,-118.13014221191406,LOS ANGELES,MONTEREY PARK,-118.13011169433594,34.0335807800293
84364905,2024,2024-08-22,1933,2024-06-19,1342,1088,NA,3,5,6,1933,0,0,0,NA,0,002,CENTURY BLVD,FELTON AV,20,W,N,A,-,N,NA,NA,NA,NA,NA,NA,NA,NA,NA,N,4,0,1,2,D,-,00,NA,NA,N,B,C,A,A,H,-,A,D,0,NA,NA,NA,NA,Y,Y,-,-,0,0,1,0,0,0,0,0,0,-,-,33.94551086425781,-118.36569213867188,LOS ANGELES,INGLEWOOD,-118.36579895019533,33.945430755615234