CASE_ID,ACCIDENT_YEAR,PROC_DATE,JURIS,COLLISION_DATE,COLLISION_TIME,OFFICER_ID,REPORTING_DISTRICT,DAY_OF_WEEK,CHP_SHIFT,POPULATION,CNTY_CITY_LOC,SPECIAL_COND,BEAT_TYPE,CHP_BEAT_TYPE,CITY_DIVISION_LAPD,CHP_BEAT_CLASS,BEAT_NUMBER,PRIMARY_RD,SECONDARY_RD,DISTANCE,DIRECTION,INTERSECTION,WEATHER_1,WEATHER_2,STATE_HWY_IND,CALTRANS_COUNTY,CALTRANS_DISTRICT,STATE_ROUTE,ROUTE_SUFFIX,POSTMILE_PREFIX,POSTMILE,LOCATION_TYPE,RAMP_INTERSECTION,SIDE_OF_HWY,TOW_AWAY,COLLISION_SEVERITY,NUMBER_KILLED,NUMBER_INJURED,PARTY_COUNT,PRIMARY_COLL_FACTOR,PCF_CODE_OF_VIOL,PCF_VIOL_CATEGORY,PCF_VIOLATION,PCF_VIOL_SUBSECTION,HIT_AND_RUN,TYPE_OF_COLLISION,MVIW,PED_ACTION,ROAD_SURFACE,ROAD_COND_1,ROAD_COND_2,LIGHTING,CONTROL_DEVICE,CHP_ROAD_TYPE,PEDESTRIAN_ACCIDENT,BICYCLE_ACCIDENT,MOTORCYCLE_ACCIDENT,TRUCK_ACCIDENT,NOT_PRIVATE_PROPERTY,ALCOHOL_INVOLVED,STWD_VEHTYPE_AT_FAULT,CHP_VEHTYPE_AT_FAULT,COUNT_SEVERE_INJ,COUNT_VISIBLE_INJ,COUNT_COMPLAINT_PAIN,COUNT_PED_KILLED,COUNT_PED_INJURED,COUNT_BICYCLIST_KILLED,COUNT_BICYCLIST_INJURED,COUNT_MC_KILLED,COUNT_MC_INJURED,PRIMARY_RAMP,SECONDARY_RAMP,LATITUDE,LONGITUDE,COUNTY,CITY,POINT_X,POINT_Y
84492797,2024,2024-12-05,1912,2024-10-29,1657,13208,NA,2,5,6,1912,0,0,0,NA,0,NA,HOLLYWOOD WAY,MAGNOLIA BOULEVARD,465,N,N,A,-,N,NA,NA,NA,NA,NA,NA,NA,NA,NA,Y,3,0,2,2,A,-,09,21804,A,N,D,C,A,A,H,-,A,D,0,NA,NA,NA,NA,Y,NA,A,01,0,2,0,0,0,0,0,0,0,-,-,34.167869567871094,-118.34697723388672,LOS ANGELES,BURBANK,-118.34758758544922,34.16905212402344
84492799,2024,2024-12-05,1912,2024-10-30,1535,13387,NA,3,5,6,1912,0,0,0,NA,0,NA,MAGNOLIA BOULEVARD,CALIFORNIA STREET,0,NA,Y,A,-,N,NA,NA,NA,NA,NA,NA,NA,NA,NA,Y,3,0,3,3,A,-,09,21801,A,N,D,C,A,A,H,-,A,A,0,NA,NA,NA,NA,Y,NA,A,01,0,1,2,0,0,0,0,0,0,-,-,NA,NA,LOS ANGELES,BURBANK,-118.34294891357422,34.169219970703125
84492801,2024,2024-12-05,1912,2024-10-31,858,13813,NA,4,5,6,1912,0,0,0,NA,0,NA,MAGNOLIA BOULEVARD,KEYSTONE STREET,0,NA,Y,A,-,N,NA,NA,NA,NA,NA,NA,NA,NA,NA,N,3,0,1,2,A,-,10,21950,A,N,G,B,B,A,A,-,A,A,0,Y,NA,NA,NA,Y,NA,A,01,0,1,0,0,1,0,0,0,0,-,-,NA,NA,LOS ANGELES,BURBANK,-118.33064270019533,34.1733512878418
84492809,2024,2024-12-05,1973,2024-07-18,1635,646,NA,4,5,1,1973,0,0,0,NA,0,003,BANDINI BLVD,S SUNOL DR,313,W,N,A,-,N,NA,NA,NA,NA,NA,NA,NA,NA,NA,Y,4,0,2,2,A,-,06,21755,A,N,D,C,A,A,H,-,A,A,0,NA,NA,NA,NA,Y,NA,A,01,0,0,2,0,0,0,0,0,0,-,-,34.0011100769043,-118.18406677246094,LOS ANGELES,VERNON,-118.1846923828125,34.00151443481445
84492810,2024,2024-12-05,1973,2024-07-25,1534,646,NA,4,5,1,1973,0,0,0,NA,0,003,S ATLANTIC BLVD,DISTRICT BLVD,0,NA,Y,A,-,N,NA,NA,NA,NA,NA,NA,NA,NA,NA,Y,4,0,1,3,A,-,09,21801,A,N,D,C,A,A,H,-,A,A,0,NA,NA,NA,NA,Y,NA,A,01,0,0,1,0,0,0,0,0,0,-,-,NA,NA,LOS ANGELES,VERNON,-118.1829071044922,33.993682861328125
84492811,2024,2024-12-05,1973,2024-07-25,2048,669,NA,4,5,1,1973,0,0,0,NA,0,003,S ATLANTIC BLVD,DISTRICT BLVD,75,N,N,A,-,N,NA,NA,NA,NA,NA,NA,NA,NA,NA,Y,4,0,1,2,A,-,04,21703,NA,N,C,C,A,A,H,-,D,D,0,NA,NA,Y,NA,Y,NA,A,01,0,0,1,0,0,0,0,0,1,-,-,33.9935417175293,-118.18321990966795,LOS ANGELES,VERNON,-118.18278503417967,33.993858337402344
84492812,2024,2024-12-05,1973,2024-08-01,446,675,NA,4,5,1,1973,0,0,0,NA,0,002,S SOTO ST,FRUITLAND AVE,0,NA,Y,A,-,N,NA,NA,NA,NA,NA,NA,NA,NA,NA,N,4,0,1,2,A,-,09,21801,A,N,A,C,A,A,H,-,C,A,0,NA,NA,NA,NA,Y,NA,A,01,0,0,1,0,0,0,0,0,0,-,-,33.9964485168457,-118.21949768066406,LOS ANGELES,VERNON,-118.21949768066406,33.99641036987305
84492816,2024,2024-12-05,1973,2024-08-05,805,676,NA,1,5,1,1973,0,0,0,NA,0,002,S SOTO ST,E 26TH ST,447,S,N,A,-,N,NA,NA,NA,NA,NA,NA,NA,NA,NA,N,4,0,1,2,A,-,08,22107,NA,N,D,C,A,A,H,-,A,D,0,NA,NA,NA,NA,Y,NA,A,07,0,0,1,0,0,0,0,0,0,-,-,34.01438903808594,-118.21991729736328,LOS ANGELES,VERNON,-118.21985626220705,34.01318359375
84492817,2024,2024-12-05,1973,2024-08-05,1732,676,NA,1,5,1,1973,0,0,0,NA,0,003,DISTRICT BLVD,CUDAHY AVE,22,E,N,A,-,N,NA,NA,NA,NA,NA,NA,NA,NA,NA,N,3,0,2,2,A,-,08,22101,D,N,D,C,A,A,H,-,A,A,0,NA,NA,Y,NA,Y,NA,C,02,0,1,1,0,0,0,0,0,1,-,-,33.99441146850586,-118.1847686767578,LOS ANGELES,VERNON,-118.18436431884766,33.9944953918457
84492822,2024,2024-12-05,1973,2024-08-07,1638,679,NA,3,5,1,1973,0,0,0,NA,0,003,E 26TH ST,S BONNIE BEACH PL,19,W,N,A,-,N,NA,NA,NA,NA,NA,NA,NA,NA,NA,Y,2,0,2,2,A,-,03,22350,NA,N,C,C,A,A,H,-,A,A,0,NA,NA,NA,Y,Y,NA,I,11,1,0,1,0,0,0,0,0,0,-,-,NA,NA,LOS ANGELES,VERNON,-118.18495941162108,34.00453186035156
84492831,2024,2024-12-05,1948,2024-11-02,1921,485,NA,6,5,5,1948,0,0,0,NA,0,001,CREST VISTA DR,WANDERING DR,94,N,N,C,-,N,NA,NA,NA,NA,NA,NA,NA,NA,NA,Y,4,0,1,2,A,-,08,22107,NA,N,D,E,A,B,H,-,C,D,0,NA,NA,NA,NA,Y,NA,A,01,0,0,1,0,0,0,0,0,0,-,-,34.04536056518555,-118.14623260498048,LOS ANGELES,MONTEREY PARK,-118.14635467529295,34.0455436706543
84492835,2024,2024-12-05,1948,2024-11-19,802,502,NA,2,5,5,1948,0,0,0,NA,0,003,GARFIELD AV,505,0,NA,Y,A,-,N,NA,NA,NA,NA,NA,NA,NA,NA,NA,Y,3,0,2,2,A,-,09,21801,A,N,D,C,A,A,H,-,A,A,0,NA,NA,NA,NA,Y,NA,A,01,0,2,0,0,0,0,0,0,0,-,-,34.044368743896484,-118.12841796875,LOS ANGELES,MONTEREY PARK,NA,NA
84492836,2024,2024-12-05,1948,2024-11-19,1420,506,NA,2,5,5,1948,0,0,0,NA,0,003,ATLANTIC BLVD,EL PORTAL PL,446,S,N,A,-,N,NA,NA,NA,NA,NA,NA,NA,NA,NA,N,3,0,1,3,A,-,09,21804,A,N,A,E,A,A,H,-,A,D,0,NA,NA,Y,NA,Y,NA,A,07,0,1,0,0,0,0,0,0,1,-,-,34.05424118041992,-118.13612365722656,LOS ANGELES,MONTEREY PARK,-118.1368408203125,34.05293273925781
84492838,2024,2024-12-05,1948,2024-11-21,2230,418,NA,4,5,5,1948,0,0,0,NA,0,005,POTRERO GRANDE DR,SATURN ST,62,E,N,A,-,N,NA,NA,NA,NA,NA,NA,NA,NA,NA,N,3,0,1,1,A,-,03,22350,NA,N,F,A,A,A,A,-,C,A,0,NA,NA,Y,NA,Y,NA,C,02,0,1,0,0,0,0,0,0,1,-,-,34.03948974609375,-118.10832214355467,LOS ANGELES,MONTEREY PARK,-118.10810089111328,34.03965377807617
84492850,2024,2024-12-05,1948,2024-11-26,1249,438,NA,2,5,5,1948,0,0,0,NA,0,004,ACKLEY ST,HOLLY OAK DR,0,NA,Y,A,-,N,NA,NA,NA,NA,NA,NA,NA,NA,NA,N,3,0,1,2,A,-,05,21650,1,N,D,G,A,A,H,-,A,D,0,NA,Y,NA,NA,Y,NA,L,04,0,1,0,0,0,0,1,0,0,-,-,34.044490814208984,-118.10843658447266,LOS ANGELES,MONTEREY PARK,-118.10842895507813,34.044490814208984
84492907,2024,2024-12-06,1965,2024-10-31,1556,4164,NA,4,5,5,1965,0,0,0,NA,0,B002,PICO BLVD,STEWART ST,101,W,N,A,-,N,NA,NA,NA,NA,NA,NA,NA,NA,NA,Y,3,0,1,2,A,-,08,22107,NA,N,D,C,A,A,H,-,A,A,0,NA,NA,NA,NA,Y,NA,A,01,0,1,0,0,0,0,0,0,0,-,-,NA,NA,LOS ANGELES,SANTA MONICA,-118.46080017089844,34.02410125732422
84492909,2024,2024-12-05,1965,2024-11-01,845,4214,NA,5,5,5,1965,0,0,0,NA,0,B003,LINCOLN BLVD,OLYMPIC BLVD (N),50,S,N,A,-,N,NA,NA,NA,NA,NA,NA,NA,NA,NA,N,4,0,1,2,A,-,03,22350,NA,F,C,C,A,A,H,-,A,A,0,NA,NA,NA,NA,Y,NA,A,01,0,0,1,0,0,0,0,0,0,-,-,NA,NA,LOS ANGELES,SANTA MONICA,-118.48542785644533,34.01445770263672
84492912,2024,2024-12-05,1965,2024-11-02,1556,4160,NA,6,5,5,1965,0,0,0,NA,0,B002,OCEAN PARK BLVD,21ST ST,0,NA,Y,B,-,N,NA,NA,NA,NA,NA,NA,NA,NA,NA,N,3,0,1,2,A,-,08,22107,NA,N,D,C,A,A,H,-,A,A,0,NA,NA,Y,NA,Y,NA,A,01,0,1,0,0,0,0,0,0,1,-,-,NA,NA,LOS ANGELES,SANTA MONICA,-118.46369171142578,34.014312744140625
84492914,2024,2024-12-05,1965,2024-11-03,2050,4180,NA,7,5,5,1965,0,0,0,NA,0,B001,WILSHIRE BLVD,5TH ST,0,NA,Y,-,-,N,NA,NA,NA,NA,NA,NA,NA,NA,NA,N,4,0,1,2,A,-,12,21453,A,N,D,C,A,A,H,-,C,A,0,NA,NA,NA,NA,Y,NA,-,-,0,0,1,0,0,0,0,0,0,-,-,NA,NA,LOS ANGELES,SANTA MONICA,-118.49738311767578,34.01985549926758
84494080,2024,2024-12-05,1910,2024-12-04,1324,368,NA,3,5,4,1910,0,0,0,NA,0,005,S BEVERLY DR,CHARLEVILLE BLVD,203,S,N,B,-,N,NA,NA,NA,NA,NA,NA,NA,NA,NA,Y,3,0,1,2,A,-,03,22350,NA,N,C,C,A,A,H,-,A,A,0,NA,NA,Y,NA,Y,NA,C,02,0,1,0,0,0,0,0,0,1,-,-,34.06455993652344,-118.39869689941406,LOS ANGELES,BEVERLY HILLS,-118.39911651611328,34.0644416809082
84494154,2024,2024-12-06,1912,2024-10-08,1325,16233,NA,2,5,6,1912,0,0,0,NA,0,NA,VERDUGO AVENUE,ONTARIO STREET,10,W,N,A,-,N,NA,NA,NA,NA,NA,NA,NA,NA,NA,N,2,0,1,2,A,-,10,21954,B,N,G,B,E,A,H,-,A,D,0,Y,NA,NA,NA,Y,NA,A,01,1,0,0,0,1,0,0,0,0,-,-,34.16267013549805,-118.33854675292967,LOS ANGELES,BURBANK,-118.338623046875,34.162681579589844
84494161,2024,2024-12-06,1901,2024-10-25,1225,103,NA,5,5,5,1901,0,0,0,NA,0,003,FREMONT AVE,MISSION RD,324,N,N,A,-,N,NA,NA,NA,NA,NA,NA,NA,NA,NA,Y,3,0,1,2,A,-,09,21801,A,N,D,C,A,A,H,-,A,A,0,NA,NA,Y,NA,Y,NA,A,01,0,1,0,0,0,0,0,0,1,-,-,34.07933044433594,-118.15187072753906,LOS ANGELES,ALHAMBRA,-118.15200042724608,34.080196380615234
84494167,2024,2024-12-06,1912,2024-10-31,1015,15508,NA,4,5,6,1912,0,0,0,NA,0,NA,BUENA VISTA STREET,VICTORY BOULEVARD,0,NA,Y,A,-,N,NA,NA,NA,NA,NA,NA,NA,NA,NA,N,4,0,1,2,A,-,09,21801,A,F,D,D,A,A,H,-,A,A,0,NA,NA,NA,NA,Y,NA,-,99,0,0,1,0,0,0,0,0,0,-,-,34.184539794921875,-118.33831787109376,LOS ANGELES,BURBANK,-118.33834838867188,34.184600830078125
84494170,2024,2024-12-06,1912,2024-11-01,1328,15490,NA,5,5,6,1912,0,0,0,NA,0,NA,TUFTS AVENUE,5TH STREET,0,NA,Y,A,-,N,NA,NA,NA,NA,NA,NA,NA,NA,NA,Y,4,0,1,2,A,-,12,22450,A,N,D,C,A,A,H,-,A,A,0,NA,NA,NA,NA,Y,NA,A,07,0,0,1,0,0,0,0,0,0,-,-,NA,NA,LOS ANGELES,BURBANK,-118.31903076171876,34.19453811645508
84494173,2024,2024-12-06,1912,2024-11-01,1445,15508,NA,5,5,6,1912,0,0,0,NA,0,NA,MAGNOLIA BOULEVARD,6TH STREET,17,W,N,A,-,N,NA,NA,NA,NA,NA,NA,NA,NA,NA,N,4,0,1,2,D,-,00,NA,NA,N,D,G,A,A,H,-,A,A,0,NA,Y,NA,NA,Y,NA,-,-,0,0,1,0,0,0,1,0,0,-,-,34.1875,-118.3068618774414,LOS ANGELES,BURBANK,-118.3068389892578,34.18766403198242
84494175,2024,2024-12-06,1912,2024-11-01,1639,15490,NA,5,5,6,1912,0,0,0,NA,0,NA,GLENOAKS BOULEVARD,CAMBRIDGE DRIVE,27,N,N,A,-,N,NA,NA,NA,NA,NA,NA,NA,NA,NA,Y,4,0,5,2,A,-,03,22350,NA,N,C,C,A,A,H,-,A,A,0,NA,NA,NA,NA,Y,NA,A,01,0,0,5,0,0,0,0,0,0,-,-,NA,NA,LOS ANGELES,BURBANK,-118.32296752929688,34.19540786743164
84494176,2024,2024-12-06,1912,2024-11-05,949,15554,NA,2,5,6,1912,0,0,0,NA,0,NA,OLIVE AVENUE,RIVERSIDE DRIVE,26,E,N,A,-,N,NA,NA,NA,NA,NA,NA,NA,NA,NA,Y,3,0,2,2,A,-,03,22350,NA,N,C,C,A,A,H,-,A,A,0,NA,NA,NA,NA,Y,NA,A,01,0,2,0,0,0,0,0,0,0,-,-,34.15290069580078,-118.33822631835938,LOS ANGELES,BURBANK,-118.3381805419922,34.153011322021484
84494205,2024,2024-12-06,1973,2024-08-09,1355,660,NA,5,5,1,1973,0,0,0,NA,0,002,S BOYLE AVE,FRUITLAND AVE,321,N,N,A,-,N,NA,NA,NA,NA,NA,NA,NA,NA,NA,N,3,0,1,2,A,-,03,22350,NA,N,C,C,A,A,H,-,A,D,0,NA,NA,NA,NA,Y,NA,A,01,0,1,0,0,0,0,0,0,0,-,-,33.996551513671875,-118.2129364013672,LOS ANGELES,VERNON,-118.21299743652344,33.997398376464844
84494211,2024,2024-12-06,1973,2024-08-12,740,679,NA,1,5,1,1973,0,0,0,NA,0,001,E VERNON AVE,BAKER WAY,10,W,N,A,-,N,NA,NA,NA,NA,NA,NA,NA,NA,NA,N,4,0,2,2,A,-,09,21801,A,N,D,C,A,A,H,-,A,D,0,NA,NA,NA,NA,Y,NA,A,07,0,0,2,0,0,0,0,0,0,-,-,NA,NA,LOS ANGELES,VERNON,NA,NA
84494219,2024,2024-12-06,1973,2024-08-16,1438,646,NA,5,5,1,1973,0,0,0,NA,0,003,DISTRICT BLVD,S MAYWOOD AVE,0,NA,Y,A,-,N,NA,NA,NA,NA,NA,NA,NA,NA,NA,Y,4,0,2,2,A,-,09,21801,A,N,D,C,A,A,H,-,A,A,0,NA,NA,NA,NA,Y,NA,A,01,0,0,2,0,0,0,0,0,0,-,-,NA,NA,LOS ANGELES,VERNON,-118.20213317871094,34.00016403198242
84494229,2024,2024-12-06,1948,2024-11-26,2225,489,NA,2,5,5,1948,0,0,0,NA,0,002,GARVEY AV,NEW AV,0,NA,Y,A,-,N,NA,NA,NA,NA,NA,NA,NA,NA,NA,Y,4,0,3,2,A,-,08,22107,NA,N,D,C,A,A,H,-,C,A,0,NA,NA,NA,NA,Y,NA,-,-,0,0,3,0,0,0,0,0,0,-,-,34.0626106262207,-118.1081085205078,LOS ANGELES,MONTEREY PARK,-118.10810089111328,34.062496185302734
84494262,2024,2024-12-06,1965,2024-10-29,1500,4070,NA,2,5,5,1965,0,0,0,NA,0,B001,SEASIDE TER,OCEAN AVE,100,S,N,A,-,N,NA,NA,NA,NA,NA,NA,NA,NA,NA,N,3,0,1,2,A,-,12,22450,A,N,H,G,A,A,H,-,A,A,0,NA,Y,NA,NA,Y,NA,A,01,0,1,0,0,0,0,1,0,0,-,-,NA,NA,LOS ANGELES,SANTA MONICA,-118.49405670166016,34.01032638549805
84494267,2024,2024-12-06,1925,2024-11-20,1259,26039,NA,3,5,6,1925,0,0,0,NA,0,001,GRANDVIEW AVENUE,5TH STREET,0,NA,Y,A,-,N,NA,NA,NA,NA,NA,NA,NA,NA,NA,N,4,0,3,2,A,-,12,22450,A,N,D,C,A,A,H,-,A,A,0,NA,NA,NA,NA,Y,NA,A,01,0,0,3,0,0,0,0,0,0,-,-,34.167301177978516,-118.28066253662108,LOS ANGELES,GLENDALE,-118.28069305419922,34.16739273071289
84494269,2024,2024-12-06,1925,2024-11-20,1740,26039,NA,3,5,6,1925,0,0,0,NA,0,005,LA CRESCENTA AVENUE,ANGELUS AVENUE,50,E,N,A,-,N,NA,NA,NA,NA,NA,NA,NA,NA,NA,Y,4,0,1,2,A,-,08,22107,NA,N,B,E,A,A,H,-,C,D,0,NA,NA,NA,NA,Y,NA,A,01,0,0,1,0,0,0,0,0,0,-,-,34.20111083984375,-118.23451232910156,LOS ANGELES,GLENDALE,-118.23442840576172,34.20100784301758
84494270,2024,2024-12-06,1925,2024-11-21,1058,28922,NA,4,5,6,1925,0,0,0,NA,0,003,GLENDALE AVENUE,COLORADO STREET,0,NA,Y,A,-,N,NA,NA,NA,NA,NA,NA,NA,NA,NA,N,3,0,1,2,A,-,05,21651,B,N,A,C,A,A,H,-,A,A,0,NA,NA,NA,NA,Y,NA,M,94,0,1,0,0,0,0,0,0,0,-,-,34.14250946044922,-118.24935150146484,LOS ANGELES,GLENDALE,-118.24927520751952,34.142662048339844
84494273,2024,2024-12-06,1925,2024-11-22,1220,26161,NA,5,5,6,1925,0,0,0,NA,0,004,BRAND BOULEVARD,SANCHEZ DRIVE,0,NA,Y,A,-,N,NA,NA,NA,NA,NA,NA,NA,NA,NA,Y,4,0,1,2,A,-,12,21453,A,N,D,C,A,A,H,-,A,A,0,NA,NA,Y,NA,Y,NA,A,01,0,0,1,0,0,0,0,0,1,-,-,34.15584945678711,-118.25507354736328,LOS ANGELES,GLENDALE,-118.25514221191406,34.15593719482422
84494310,2024,2024-12-09,1955,2024-10-22,1821,42952,NA,2,5,6,1955,0,0,0,NA,0,003,INDIAN HILL BLVD,LINCOLN AVE,0,NA,Y,A,-,N,NA,NA,NA,NA,NA,NA,NA,NA,NA,N,4,0,1,3,A,-,12,21453,A,N,D,C,A,A,H,-,C,A,0,NA,NA,NA,NA,Y,NA,A,07,0,0,1,0,0,0,0,0,0,-,-,34.07094955444336,-117.71925354003906,LOS ANGELES,POMONA,-117.71923828125,34.0709114074707
84494311,2024,2024-12-06,1955,2024-10-24,2018,42315,NA,4,5,6,1955,0,0,0,NA,0,005,GAREY AVE,LEXINGTON AVE,187,S,N,A,-,N,NA,NA,NA,NA,NA,NA,NA,NA,NA,Y,4,0,1,1,A,-,08,22107,NA,N,E,I,A,A,H,-,C,D,0,NA,NA,NA,NA,Y,NA,A,07,0,0,1,0,0,0,0,0,0,-,-,34.03697967529297,-117.74939727783205,LOS ANGELES,POMONA,-117.74944305419922,34.03639602661133
84494314,2024,2024-12-06,1955,2024-11-01,513,42686,NA,5,5,6,1955,0,0,0,NA,0,005,RIO RANCHO RD,RANCHO CAMINO DR,25,W,N,A,-,N,NA,NA,NA,NA,NA,NA,NA,NA,NA,Y,4,0,1,2,A,-,08,22107,NA,N,E,I,A,A,H,-,C,A,0,NA,NA,NA,NA,Y,NA,A,08,0,0,1,0,0,0,0,0,0,-,-,34.02825927734375,-117.76126861572266,LOS ANGELES,POMONA,-117.76143646240234,34.028194427490234
84494315,2024,2024-12-06,1955,2024-11-01,1630,42688,NA,5,5,6,1955,0,0,0,NA,0,NA,TOWNE AVE,LA VERNE AVE,0,NA,Y,-,-,N,NA,NA,NA,NA,NA,NA,NA,NA,NA,N,4,0,2,2,D,-,00,NA,NA,N,C,C,A,A,H,-,A,A,0,NA,NA,NA,NA,Y,NA,-,-,0,0,2,0,0,0,0,0,0,-,-,34.08042907714844,-117.7406005859375,LOS ANGELES,POMONA,-117.74057769775392,34.080318450927734
84494316,2024,2025-01-07,1955,2024-11-03,1955,43202,NA,7,5,6,1955,0,0,0,NA,0,004,GAREY AVE,3RD ST,0,NA,Y,A,-,N,NA,NA,NA,NA,NA,NA,NA,NA,NA,Y,4,0,4,2,A,-,09,21801,A,N,D,C,A,A,H,-,C,A,0,NA,NA,NA,NA,Y,NA,A,07,0,0,4,0,0,0,0,0,0,-,-,34.05693817138672,-117.7501220703125,LOS ANGELES,POMONA,-117.75013732910156,34.05689239501953
84494618,2024,2024-12-06,1910,2024-11-21,1218,368,NA,4,5,4,1910,0,0,0,NA,0,005,N BEVERLY DR,BRIGHTON WAY,204,S,N,A,-,N,NA,NA,NA,NA,NA,NA,NA,NA,NA,N,3,0,1,2,A,-,03,22350,NA,N,G,B,E,-,H,-,A,D,0,Y,NA,NA,NA,Y,NA,A,01,0,1,0,0,1,0,0,0,0,-,-,34.069271087646484,-118.40170288085938,LOS ANGELES,BEVERLY HILLS,-118.40155029296876,34.06950759887695
84494676,2024,2024-12-06,1910,2024-11-19,2139,370,NA,2,5,4,1910,0,0,0,NA,0,005,OLYMPIC BLVD,S CANON DR,0,NA,Y,A,-,N,NA,NA,NA,NA,NA,NA,NA,NA,NA,Y,3,0,1,1,A,-,03,22350,NA,N,A,I,A,A,H,-,C,D,0,NA,NA,NA,NA,Y,NA,A,01,0,1,0,0,0,0,0,0,0,-,-,34.05970001220703,-118.39910125732422,LOS ANGELES,BEVERLY HILLS,-118.39697265625,34.059356689453125
84495242,2024,2024-12-06,1910,2024-12-05,1125,368,NA,4,5,4,1910,0,0,0,NA,0,005,S BEDFORD/ROXBURY ALLEY DR,CHARLEVILLE BLVD,160,N,N,B,-,N,NA,NA,NA,NA,NA,NA,NA,NA,NA,N,4,0,1,2,A,-,21,22106,NA,N,E,E,A,A,H,-,A,D,0,NA,NA,NA,NA,Y,NA,A,07,0,0,1,0,0,0,0,0,0,-,-,34.06547164916992,-118.40480041503906,LOS ANGELES,BEVERLY HILLS,-118.40565490722656,34.06544876098633
84495374,2024,2024-12-09,1975,2024-11-25,515,436,NA,1,5,6,1975,0,0,0,NA,0,006,GIANO AV,WEDNESDAY DR,272,S,N,A,-,N,NA,NA,NA,NA,NA,NA,NA,NA,NA,N,4,0,2,2,A,-,07,21658,A,N,A,C,A,A,H,-,C,D,0,NA,NA,NA,NA,Y,NA,A,01,0,0,2,0,0,0,0,0,0,-,-,34.0152587890625,-117.90692138671876,LOS ANGELES,WEST COVINA,-117.90740966796876,34.01462173461914
84495428,2024,2024-12-09,1973,2024-08-23,700,575,NA,5,5,1,1973,0,0,0,NA,0,002,E 26TH ST,SIERRA PINE AVE,612,E,N,A,-,N,NA,NA,NA,NA,NA,NA,NA,NA,NA,N,2,0,1,3,A,-,06,21755,A,N,B,C,A,A,H,-,A,D,0,NA,NA,Y,NA,Y,NA,C,02,1,0,0,0,0,0,0,0,1,-,-,NA,NA,LOS ANGELES,VERNON,-118.20974731445313,34.01234436035156
84495429,2024,2024-12-09,1973,2024-08-23,716,613,NA,5,5,1,1973,0,0,0,NA,0,002,S BOYLE AVE,E 50TH ST,25,S,N,A,-,N,NA,NA,NA,NA,NA,NA,NA,NA,NA,N,4,0,1,2,A,-,03,22350,NA,F,C,C,A,A,H,-,A,D,0,NA,NA,NA,NA,Y,NA,A,01,0,0,1,0,0,0,0,0,0,-,-,NA,NA,LOS ANGELES,VERNON,-118.21302032470705,33.998260498046875
84495443,2024,2024-12-09,1973,2024-08-27,2028,679,NA,2,5,1,1973,0,0,0,NA,0,002,LEONIS BLVD,S BOYLE AVE,529,E,N,A,-,N,NA,NA,NA,NA,NA,NA,NA,NA,NA,Y,4,0,1,2,A,-,03,22350,NA,N,B,C,A,A,H,-,C,D,0,NA,NA,NA,NA,Y,NA,A,01,0,0,1,0,0,0,0,0,0,-,-,34.000118255615234,-118.21337890625,LOS ANGELES,VERNON,-118.21134948730467,34.00017547607422
84495444,2024,2024-12-09,1973,2024-08-29,1638,654,NA,4,5,1,1973,0,0,0,NA,0,003,BANDINI BLVD,S BONNIE BEACH PL,10,E,N,A,-,N,NA,NA,NA,NA,NA,NA,NA,NA,NA,N,4,0,1,2,A,-,10,21950,A,N,G,B,B,A,H,-,A,A,0,Y,NA,NA,NA,Y,NA,A,07,0,0,1,0,1,0,0,0,0,-,-,34.002140045166016,-118.18614196777344,LOS ANGELES,VERNON,-118.18608856201172,34.001991271972656
84495501,2024,2024-12-09,1972,2024-11-21,848,15555,NA,4,5,6,1972,0,0,0,NA,0,NA,PRAIRIE AVE,179TH ST,0,NA,Y,A,-,N,NA,NA,NA,NA,NA,NA,NA,NA,NA,Y,4,0,1,2,A,-,09,21802,A,N,D,C,A,A,H,-,A,A,0,NA,NA,NA,NA,Y,NA,A,01,0,0,1,0,0,0,0,0,0,-,-,NA,NA,LOS ANGELES,TORRANCE,-118.34381866455078,33.86806106567383
84495503,2024,2024-12-09,1925,2024-11-24,1156,30530,NA,7,5,6,1925,0,0,0,NA,0,004,BRAND BOULEVARD,DRYDEN STREET,126,N,N,A,-,N,NA,NA,NA,NA,NA,NA,NA,NA,NA,N,4,0,1,2,A,-,21,22106,NA,N,G,B,D,A,H,-,A,D,0,Y,NA,NA,NA,Y,NA,A,01,0,0,1,0,1,0,0,0,0,-,-,34.16133117675781,-118.25505828857422,LOS ANGELES,GLENDALE,-118.25505828857422,34.16179656982422
84495829,2024,2024-12-09,1912,2024-11-01,135,14849,NA,5,5,6,1912,0,0,0,NA,0,NA,SAN FERNANDO BOULEVARD,RT 5 SBOFF/R (1),15,N,N,A,-,N,NA,NA,NA,NA,NA,NA,NA,NA,NA,Y,2,0,2,1,A,-,01,23153,A,N,E,I,A,A,H,-,C,A,0,NA,NA,NA,NA,Y,Y,A,01,1,1,0,0,0,0,0,0,0,-,-,34.19329071044922,-118.330078125,LOS ANGELES,BURBANK,-118.34564971923828,34.203697204589844