CASE_ID,ACCIDENT_YEAR,PROC_DATE,JURIS,COLLISION_DATE,COLLISION_TIME,OFFICER_ID,REPORTING_DISTRICT,DAY_OF_WEEK,CHP_SHIFT,POPULATION,CNTY_CITY_LOC,SPECIAL_COND,BEAT_TYPE,CHP_BEAT_TYPE,CITY_DIVISION_LAPD,CHP_BEAT_CLASS,BEAT_NUMBER,PRIMARY_RD,SECONDARY_RD,DISTANCE,DIRECTION,INTERSECTION,WEATHER_1,WEATHER_2,STATE_HWY_IND,CALTRANS_COUNTY,CALTRANS_DISTRICT,STATE_ROUTE,ROUTE_SUFFIX,POSTMILE_PREFIX,POSTMILE,LOCATION_TYPE,RAMP_INTERSECTION,SIDE_OF_HWY,TOW_AWAY,COLLISION_SEVERITY,NUMBER_KILLED,NUMBER_INJURED,PARTY_COUNT,PRIMARY_COLL_FACTOR,PCF_CODE_OF_VIOL,PCF_VIOL_CATEGORY,PCF_VIOLATION,PCF_VIOL_SUBSECTION,HIT_AND_RUN,TYPE_OF_COLLISION,MVIW,PED_ACTION,ROAD_SURFACE,ROAD_COND_1,ROAD_COND_2,LIGHTING,CONTROL_DEVICE,CHP_ROAD_TYPE,PEDESTRIAN_ACCIDENT,BICYCLE_ACCIDENT,MOTORCYCLE_ACCIDENT,TRUCK_ACCIDENT,NOT_PRIVATE_PROPERTY,ALCOHOL_INVOLVED,STWD_VEHTYPE_AT_FAULT,CHP_VEHTYPE_AT_FAULT,COUNT_SEVERE_INJ,COUNT_VISIBLE_INJ,COUNT_COMPLAINT_PAIN,COUNT_PED_KILLED,COUNT_PED_INJURED,COUNT_BICYCLIST_KILLED,COUNT_BICYCLIST_INJURED,COUNT_MC_KILLED,COUNT_MC_INJURED,PRIMARY_RAMP,SECONDARY_RAMP,LATITUDE,LONGITUDE,COUNTY,CITY,POINT_X,POINT_Y
84522802,2024,2025-01-02,1955,2024-11-02,29,42484,NA,6,5,6,1955,0,0,0,NA,0,001,MISSION BLVD,HAMILTON BLVD,52,W,N,A,-,N,NA,NA,NA,NA,NA,NA,NA,NA,NA,Y,4,0,1,1,A,-,01,23152,A,N,E,I,A,A,H,-,C,A,0,NA,NA,NA,NA,Y,Y,D,22,0,0,1,0,0,0,0,0,0,-,-,34.0547981262207,-117.7631607055664,LOS ANGELES,POMONA,-117.76331329345705,34.054786682128906
84522803,2024,2025-01-02,1955,2024-11-16,1507,43138,NA,6,5,6,1955,0,0,0,NA,0,003,INDIAN HILL BLVD,LINCOLN AVE (N),0,NA,Y,A,-,N,NA,NA,NA,NA,NA,NA,NA,NA,NA,N,3,0,3,3,A,-,08,22107,NA,N,A,C,A,A,H,-,A,A,0,NA,NA,NA,NA,Y,NA,A,01,0,2,1,0,0,0,0,0,0,-,-,34.07099914550781,-117.73670196533205,LOS ANGELES,POMONA,-117.71923828125,34.0709114074707
84524245,2024,2025-01-03,1963,2024-12-14,1158,378,NA,6,5,3,1963,0,0,0,NA,0,001,OXFORD RD,MONTEREY RD,24,N,N,A,-,N,NA,NA,NA,NA,NA,NA,NA,NA,NA,N,3,0,2,2,A,-,21,22106,NA,N,C,C,A,A,H,-,A,D,0,NA,NA,NA,Y,Y,NA,F,26,0,1,1,0,0,0,0,0,0,-,-,NA,NA,LOS ANGELES,SAN MARINO,-118.10803985595705,34.12230682373047
84524305,2024,2025-01-03,1973,2024-12-12,1730,675,NA,4,5,1,1973,0,0,0,NA,0,003,S ATLANTIC BLVD,DISTRICT BLVD,0,NA,Y,A,-,N,NA,NA,NA,NA,NA,NA,NA,NA,NA,Y,4,0,2,3,A,-,12,21453,A,N,D,C,A,A,H,-,C,A,0,NA,NA,NA,NA,Y,NA,A,01,0,0,2,0,0,0,0,0,0,-,-,33.99378967285156,-118.18296051025392,LOS ANGELES,VERNON,-118.1829071044922,33.993682861328125
84524306,2024,2025-01-03,1973,2024-12-14,1036,676,NA,6,5,1,1973,0,0,0,NA,0,001,S SANTA FE AVE,E 37TH ST,16,S,N,A,-,N,NA,NA,NA,NA,NA,NA,NA,NA,NA,N,4,0,1,2,A,-,07,21658,A,N,C,C,A,A,H,-,A,A,0,NA,NA,NA,NA,Y,NA,A,01,0,0,1,0,0,0,0,0,0,-,-,34.008949279785156,-118.23027801513672,LOS ANGELES,VERNON,-118.23029327392578,34.008907318115234
84524312,2024,2025-01-03,1973,2024-12-16,1003,682,NA,1,5,1,1973,0,0,0,NA,0,002,2939 BANDINI BLVD,S SOTO ST,900,E,N,A,-,N,NA,NA,NA,NA,NA,NA,NA,NA,NA,N,4,0,1,2,A,-,08,22107,NA,N,B,C,A,A,H,-,A,D,0,NA,NA,NA,NA,Y,NA,A,01,0,0,1,0,0,0,0,0,0,-,-,NA,NA,LOS ANGELES,VERNON,NA,NA
84524354,2024,2025-01-03,1965,2024-11-11,1307,4142,NA,1,5,5,1965,0,0,0,NA,0,B001,WILSHIRE BLVD,7TH ST,60,E,N,A,-,N,NA,NA,NA,NA,NA,NA,NA,NA,NA,N,3,0,1,2,A,-,00,21954,NA,N,G,B,E,A,H,-,A,A,0,Y,NA,NA,NA,Y,NA,N,60,0,1,0,0,1,0,0,0,0,-,-,NA,NA,LOS ANGELES,SANTA MONICA,-118.49532318115234,34.02152633666992
84524360,2024,2025-01-06,1965,2024-11-27,1328,3764,NA,3,5,5,1965,0,0,0,NA,0,B001,4TH ST,OLYMPIC DR,0,NA,Y,A,-,Y,NA,NA,NA,NA,NA,NA,NA,NA,NA,Y,3,0,1,2,A,-,12,21453,A,N,D,C,A,A,H,-,A,A,0,NA,NA,Y,NA,Y,NA,A,01,0,1,0,0,0,0,0,0,1,-,-,NA,NA,LOS ANGELES,SANTA MONICA,-118.49002838134766,34.012054443359375
84524361,2024,2025-01-06,1965,2024-11-27,1349,3984,NA,3,5,5,1965,0,0,0,NA,0,B002,21ST ST,OCEAN PARK BLVD,0,NA,Y,A,-,N,NA,NA,NA,NA,NA,NA,NA,NA,NA,N,4,0,1,2,A,-,09,21804,A,N,B,G,A,A,H,-,A,A,0,NA,Y,NA,NA,Y,NA,L,04,0,0,1,0,0,0,1,0,0,-,-,NA,NA,LOS ANGELES,SANTA MONICA,-118.46369171142578,34.014312744140625
84524362,2024,2025-01-06,1965,2024-11-27,1435,3764,NA,3,5,5,1965,0,0,0,NA,0,B003,20TH ST,ARIZONA AVE,186,S,N,B,-,N,NA,NA,NA,NA,NA,NA,NA,NA,NA,Y,4,0,1,2,A,-,09,21804,A,N,D,C,A,A,H,-,A,D,0,NA,NA,NA,NA,Y,NA,A,07,0,0,1,0,0,0,0,0,0,-,-,NA,NA,LOS ANGELES,SANTA MONICA,-118.48119354248048,34.029685974121094
84524376,2024,2025-01-03,1965,2024-12-01,1645,3764,NA,7,5,5,1965,0,0,0,NA,0,B001,PACIFIC COAST HIGHWAY (SR-1),NOT STATED,0,NA,-,A,-,Y,NA,NA,NA,NA,NA,NA,NA,NA,NA,Y,4,0,1,2,A,-,05,21651,B,F,B,C,A,A,H,-,C,D,0,NA,NA,Y,NA,Y,NA,A,07,0,0,1,0,0,0,0,0,1,-,-,NA,NA,LOS ANGELES,SANTA MONICA,NA,NA
84524379,2024,2025-01-03,1972,2024-12-17,1748,22165,NA,2,5,6,1972,0,0,0,NA,0,NA,HAWTHORNE BLVD,HALISON ST (E),0,NA,Y,A,-,Y,LA,NA,107,NA,NA,3.206,H,NA,R,N,4,0,1,2,A,-,08,22107,NA,N,B,C,A,A,H,-,B,A,0,NA,NA,NA,NA,Y,NA,A,01,0,0,1,0,0,0,0,0,0,-,-,33.85142135620117,-118.35370635986328,LOS ANGELES,TORRANCE,-118.35360717773438,33.85142135620117
84524380,2024,2025-01-03,1972,2024-12-19,853,21239,NA,4,5,6,1972,0,0,0,NA,0,NA,SEPULVEDA BLVD,MAPLE AVE,25,W,N,A,-,N,NA,NA,NA,NA,NA,NA,NA,NA,NA,Y,3,0,1,3,A,-,09,21453,B,N,B,C,A,A,H,-,A,A,0,NA,NA,NA,NA,Y,NA,A,01,0,1,0,0,0,0,0,0,0,-,-,33.8242301940918,-118.33978271484376,LOS ANGELES,TORRANCE,-118.33994293212892,33.824195861816406
84524381,2024,2025-01-03,1972,2024-12-19,854,17433,NA,4,5,6,1972,0,0,0,NA,0,NA,PACIFIC COAST HWY,AIRPORT DR,0,NA,Y,A,-,Y,NA,NA,NA,NA,NA,NA,NA,NA,NA,Y,3,0,2,2,A,-,09,21801,A,N,A,C,A,A,H,-,A,A,0,NA,NA,NA,NA,Y,NA,A,01,0,1,1,0,0,0,0,0,0,-,-,NA,NA,LOS ANGELES,TORRANCE,-118.32915496826172,33.78961944580078
84524384,2024,2025-01-03,1972,2024-12-19,1715,22165,NA,4,5,6,1972,0,0,0,NA,0,NA,TORRANCE BLVD,HENRIETTA ST,25,E,N,B,-,N,NA,NA,NA,NA,NA,NA,NA,NA,NA,N,4,0,1,2,A,-,09,21801,A,N,D,G,A,A,H,-,C,A,0,NA,Y,NA,NA,Y,NA,A,01,0,0,1,0,0,0,1,0,0,-,-,33.83760070800781,-118.37103271484376,LOS ANGELES,TORRANCE,-118.37101745605467,33.83757019042969
84524388,2024,2025-01-03,1972,2024-12-21,356,22330,NA,6,5,6,1972,0,0,0,NA,0,NA,TORRANCE BLVD,AMIE AVE,100,E,N,A,-,N,NA,NA,NA,NA,NA,NA,NA,NA,NA,Y,3,0,1,1,A,-,01,23152,B,N,E,I,A,A,H,-,C,D,0,NA,NA,NA,NA,Y,Y,A,01,0,1,0,0,0,0,0,0,0,-,-,33.837501525878906,-118.34942626953124,LOS ANGELES,TORRANCE,-118.34902954101564,33.837589263916016
84524467,2024,2025-07-18,1955,2024-11-06,555,43013,NA,3,5,6,1955,0,0,0,NA,0,003,HOLT AVE,GIBBS ST,227,W,N,A,-,N,NA,NA,NA,NA,NA,NA,NA,NA,NA,N,2,0,1,2,A,-,11,21954,A,N,G,B,D,A,H,-,B,A,0,Y,NA,NA,NA,Y,NA,N,60,1,0,0,0,1,0,0,0,0,-,-,34.062538146972656,-117.74812316894533,LOS ANGELES,POMONA,-117.74888610839844,34.06242370605469
84524469,2024,2025-01-03,1955,2024-11-12,1406,43048,NA,2,5,6,1955,0,0,0,NA,0,001,DUDLEY ST,ELWOOD ST (N),36,N,N,A,-,N,NA,NA,NA,NA,NA,NA,NA,NA,NA,N,3,0,1,2,A,-,05,21650,NA,N,D,G,A,A,H,-,A,D,0,NA,Y,NA,NA,Y,NA,L,04,0,1,0,0,0,0,1,0,0,-,-,34.0701904296875,-117.77861785888672,LOS ANGELES,POMONA,-117.77864837646484,34.070255279541016
84524882,2024,2025-01-13,1910,2024-12-31,1411,357,NA,2,5,4,1910,0,0,0,NA,0,006,N SANTA MONICA BLVD,PALM DRIVE,99,W,N,A,-,N,NA,NA,NA,NA,NA,NA,NA,NA,NA,Y,4,0,3,4,A,-,03,22350,NA,N,C,C,A,A,A,H,A,A,0,NA,NA,NA,NA,Y,NA,A,01,0,0,3,0,0,0,0,0,0,-,-,34.077239990234375,-118.39550018310548,LOS ANGELES,BEVERLY HILLS,-118.39585876464844,34.07704162597656
84525252,2025,2025-01-03,1910,2025-01-01,2115,370,NA,3,5,4,1910,0,0,0,NA,0,006,N REXFORD DR,SUNSET BLVD,0,NA,Y,A,-,N,NA,NA,NA,NA,NA,NA,NA,NA,NA,Y,4,0,1,2,A,-,12,21453,A,N,D,D,A,A,H,-,C,A,0,NA,NA,NA,NA,Y,NA,A,01,0,0,1,0,0,0,0,0,0,-,-,34.0831184387207,-118.41010284423828,LOS ANGELES,BEVERLY HILLS,-118.41017150878906,34.08317947387695
84525629,2024,2025-01-06,1948,2024-12-13,1329,491,NA,5,5,5,1948,0,0,0,NA,0,003,RIGGIN ST,ISABELLA AV,10,E,N,A,-,N,NA,NA,NA,NA,NA,NA,NA,NA,NA,N,4,0,1,2,A,-,04,21703,NA,N,B,C,A,A,H,-,A,D,0,NA,NA,NA,NA,Y,NA,A,01,0,0,1,0,0,0,0,0,0,-,-,34.03667068481445,-118.1315689086914,LOS ANGELES,MONTEREY PARK,-118.1315460205078,34.03670883178711
84525649,2024,2025-01-06,1972,2024-12-21,1822,21483,NA,6,5,6,1972,0,0,0,NA,0,NA,PALOS VERDES BLVD,SUSANA AVE,0,NA,Y,A,-,N,NA,NA,NA,NA,NA,NA,NA,NA,NA,Y,4,0,1,2,A,-,09,21802,A,N,D,C,A,A,H,-,C,A,0,NA,NA,NA,NA,Y,NA,A,07,0,0,1,0,0,0,0,0,0,-,-,33.82270812988281,-118.37413787841795,LOS ANGELES,TORRANCE,-118.37403106689452,33.82263946533203
84525652,2024,2025-01-06,1925,2024-12-13,1922,28594,NA,5,5,6,1925,0,0,0,NA,0,001,GLENOAKS BOULEVARD,WINCHESTER AVENUE,26,W,N,A,-,N,NA,NA,NA,NA,NA,NA,NA,NA,NA,N,3,0,2,4,A,-,03,22350,NA,N,C,C,A,A,H,-,C,A,0,NA,NA,NA,NA,Y,NA,A,07,0,2,0,0,0,0,0,0,0,-,-,34.17042922973633,-118.28871154785156,LOS ANGELES,GLENDALE,-118.2888412475586,34.1703987121582
84525655,2024,2025-01-06,1925,2024-12-22,1347,24918,NA,7,5,6,1925,0,0,0,NA,0,002,PACIFIC AVENUE,PIONEER DRIVE (N),20,S,N,B,-,N,NA,NA,NA,NA,NA,NA,NA,NA,NA,Y,4,0,4,2,A,-,08,22107,NA,N,B,C,A,A,H,-,A,D,0,NA,NA,NA,NA,Y,NA,A,01,0,0,4,0,0,0,0,0,0,-,-,NA,NA,LOS ANGELES,GLENDALE,-118.2646026611328,34.15478515625
84525656,2024,2025-01-06,1925,2024-12-23,1801,28595,NA,1,5,6,1925,0,0,0,NA,0,004,BRAND BOULEVARD,GLENOAKS BOULEVARD,0,NA,Y,C,-,N,NA,NA,NA,NA,NA,NA,NA,NA,NA,N,4,0,1,2,D,-,00,NA,NA,N,G,B,B,A,H,-,C,A,0,Y,NA,NA,NA,Y,NA,-,-,0,0,1,0,1,0,0,0,0,-,-,34.159271240234375,-118.25505828857422,LOS ANGELES,GLENDALE,-118.2551498413086,34.15924072265625
84526023,2024,2025-01-06,1955,2024-11-12,1340,40764,NA,2,5,6,1955,0,0,0,NA,0,004,TOWNE AVE,8TH ST,85,N,N,A,-,N,NA,NA,NA,NA,NA,NA,NA,NA,NA,Y,4,0,1,2,A,-,08,22107,NA,N,B,E,A,A,H,-,A,D,0,NA,NA,NA,NA,Y,NA,A,08,0,0,1,0,0,0,0,0,0,-,-,34.0526008605957,-117.74124908447266,LOS ANGELES,POMONA,-117.7412338256836,34.052791595458984
84526098,2024,2025-01-06,1963,2024-12-15,1257,389,NA,7,5,3,1963,0,0,0,NA,0,001,ALLEN AV,CALIFORNIA BLVD,0,NA,Y,A,-,N,NA,NA,NA,NA,NA,NA,NA,NA,NA,Y,3,0,1,2,A,-,12,21453,A,N,D,C,A,A,H,-,A,A,0,NA,NA,NA,NA,Y,NA,A,07,0,1,0,0,0,0,0,0,0,-,-,NA,NA,LOS ANGELES,SAN MARINO,-118.11306762695313,34.1358642578125
84526124,2024,2025-01-06,1972,2024-12-17,1631,18263,NA,2,5,6,1972,0,0,0,NA,0,NA,PACIFIC COAST HWY,PASEO DE GRACIA,100,E,N,A,-,N,NA,NA,NA,NA,NA,NA,NA,NA,NA,Y,4,0,1,2,A,-,09,21804,B,N,D,C,A,A,H,-,A,D,0,NA,NA,Y,NA,Y,NA,C,02,0,0,1,0,0,0,0,0,1,-,-,33.81583023071289,-118.3757781982422,LOS ANGELES,TORRANCE,-118.37551879882813,33.81587219238281
84526125,2024,2025-01-06,1972,2024-12-19,950,18263,NA,4,5,6,1972,0,0,0,NA,0,NA,NADINE CIR,MAPLE AVE (S),520,W,N,A,-,N,NA,NA,NA,NA,NA,NA,NA,NA,NA,N,4,0,1,2,A,-,09,21804,A,N,D,C,A,A,H,-,A,D,0,NA,NA,NA,NA,Y,NA,A,01,0,0,1,0,0,0,0,0,0,-,-,33.818321228027344,-118.34104919433594,LOS ANGELES,TORRANCE,-118.3420639038086,33.81886672973633
84526127,2024,2025-01-06,1972,2024-12-23,1820,22148,NA,1,5,6,1972,0,0,0,NA,0,NA,LOMITA BLVD,COSTCO,0,NA,Y,A,-,N,NA,NA,NA,NA,NA,NA,NA,NA,NA,N,3,0,2,2,A,-,09,21801,A,N,A,C,A,A,H,-,C,A,0,NA,NA,NA,NA,Y,NA,A,01,0,2,0,0,0,0,0,0,0,-,-,33.806610107421875,-118.32958984375,LOS ANGELES,TORRANCE,NA,NA
84526132,2024,2025-01-06,1925,2024-12-21,1734,22783,NA,6,5,6,1925,0,0,0,NA,0,002,CENTRAL AVENUE,LEXINGTON DRIVE,0,NA,Y,A,-,N,NA,NA,NA,NA,NA,NA,NA,NA,NA,Y,4,0,2,2,A,-,09,21801,A,N,D,C,A,A,H,-,C,A,0,NA,NA,NA,NA,Y,NA,A,07,0,0,2,0,0,0,0,0,0,-,-,34.151611328125,-118.25794982910156,LOS ANGELES,GLENDALE,-118.25791168212892,34.151695251464844
84526184,2024,2025-01-06,1955,2024-11-24,1758,43202,NA,7,5,6,1955,0,0,0,NA,0,003,MILLS AVE,KINGSLEY AVE,0,NA,Y,A,-,N,NA,NA,NA,NA,NA,NA,NA,NA,NA,Y,4,0,1,2,A,-,09,21801,A,N,D,C,A,A,H,-,C,A,0,NA,NA,NA,NA,Y,NA,A,01,0,0,1,0,0,0,0,0,0,-,-,34.06694030761719,-117.71662902832033,LOS ANGELES,POMONA,-117.71668243408205,34.06687927246094
84526185,2024,2025-01-06,1955,2024-11-14,1844,42977,NA,4,5,6,1955,0,0,0,NA,0,005,RIO RANCHO RD,SR 71 OFFRAMP (E),50,E,N,A,-,N,NA,NA,NA,NA,NA,NA,NA,NA,NA,N,4,0,1,2,A,-,08,22107,NA,F,B,C,A,A,H,-,B,D,0,NA,NA,NA,NA,Y,NA,A,01,0,0,1,0,0,0,0,0,0,-,-,34.032371520996094,-117.75762176513672,LOS ANGELES,POMONA,-117.75850677490234,34.03179168701172
84526187,2024,2025-01-06,1955,2024-12-01,1714,42871,NA,7,5,6,1955,0,0,0,NA,0,004,LEXINGTON AVE,SAN ANTONIO AVE,35,W,N,A,-,N,NA,NA,NA,NA,NA,NA,NA,NA,NA,N,3,0,1,2,A,-,10,21950,A,N,G,B,B,A,H,-,C,A,0,Y,NA,NA,NA,Y,NA,A,07,0,1,0,0,1,0,0,0,0,-,-,34.03725051879883,-117.73631286621094,LOS ANGELES,POMONA,-117.73641204833984,34.037235260009766
84526188,2024,2025-01-06,1955,2024-12-06,929,42977,NA,5,5,6,1955,0,0,0,NA,0,003,RESERVOIR ST,HOLT AVE (E),0,NA,Y,A,-,N,NA,NA,NA,NA,NA,NA,NA,NA,NA,N,4,0,1,2,A,-,12,21453,A,N,D,C,A,A,H,-,A,A,0,NA,NA,NA,NA,Y,NA,M,94,0,0,1,0,0,0,0,0,0,-,-,34.06285095214844,-117.73175048828124,LOS ANGELES,POMONA,-117.7328643798828,34.06280517578125
84526191,2024,2025-01-06,1955,2024-11-18,1542,43138,NA,1,5,6,1955,0,0,0,NA,0,001,HOLT AVE,FILLMORE PL,80,W,N,A,-,N,NA,NA,NA,NA,NA,NA,NA,NA,NA,Y,4,0,2,2,A,-,09,21804,A,N,D,C,A,A,H,-,A,D,0,NA,NA,NA,NA,Y,NA,D,22,0,0,2,0,0,0,0,0,0,-,-,34.06203079223633,-117.76708221435548,LOS ANGELES,POMONA,-117.76739501953124,34.06195068359375
84527669,2024,2025-01-07,1967,2024-12-11,740,157,NA,3,5,2,1967,0,0,0,NA,0,SOUTH,OBISPO AV,SR-1 (PACIFIC COAST HWY),0,NA,Y,A,-,Y,NA,NA,NA,NA,NA,NA,NA,NA,NA,N,3,0,4,2,A,-,12,21453,A,N,D,C,A,A,H,-,A,A,0,NA,NA,NA,NA,Y,NA,D,22,0,1,3,0,0,0,0,0,0,-,-,NA,NA,LOS ANGELES,SIGNAL HILL,-118.15459442138672,33.789859771728516
84527670,2024,2025-01-07,1967,2024-12-14,1215,131,NA,6,5,2,1967,0,0,0,NA,0,NORTH,ORANGE AV,SPRING,0,NA,Y,A,-,N,NA,NA,NA,NA,NA,NA,NA,NA,NA,Y,3,0,2,3,A,-,12,21453,A,N,D,C,A,A,H,-,A,A,0,NA,NA,NA,NA,Y,NA,A,07,0,1,1,0,0,0,0,0,0,-,-,NA,NA,LOS ANGELES,SIGNAL HILL,-118.17630767822266,33.811676025390625
84527672,2024,2025-01-07,1967,2024-12-16,1820,186,NA,1,5,2,1967,0,0,0,NA,0,SOUTH,OBISPO AV,SR-1 (PACIFIC COAST HIGHWAY),277,N,N,A,-,N,NA,NA,NA,NA,NA,NA,NA,NA,NA,N,4,0,1,2,A,-,03,22350,NA,N,C,C,A,A,H,-,C,A,0,NA,NA,NA,NA,Y,NA,-,-,0,0,1,0,0,0,0,0,0,-,-,NA,NA,LOS ANGELES,SIGNAL HILL,-118.1545867919922,33.790618896484375
84527673,2024,2025-01-07,1967,2024-12-18,1518,157,NA,3,5,2,1967,0,0,0,NA,0,NORTH,CHERRY AV,SPRING,331,S,N,A,-,N,NA,NA,NA,NA,NA,NA,NA,NA,NA,N,4,0,2,2,D,-,00,NA,NA,F,C,C,A,A,H,-,A,D,0,NA,NA,NA,NA,Y,NA,-,-,0,0,2,0,0,0,0,0,0,-,-,NA,NA,LOS ANGELES,SIGNAL HILL,-118.16763305664064,33.81076431274414
84527674,2024,2025-01-07,1967,2024-12-21,2214,180,NA,6,5,2,1967,0,0,0,NA,0,SOUTH,SR-1 (PACIFIC COAST HWY),OHIO AV,40,W,N,A,-,Y,NA,NA,NA,NA,NA,NA,NA,NA,NA,Y,4,0,2,1,A,-,03,22350,NA,N,E,I,A,A,H,-,C,D,0,NA,NA,NA,NA,Y,NA,A,01,0,0,2,0,0,0,0,0,0,-,-,NA,NA,LOS ANGELES,SIGNAL HILL,-118.16017150878906,33.789859771728516
84527676,2024,2025-01-07,1967,2024-12-23,2154,171,NA,1,5,2,1967,0,0,0,NA,0,NA,CHERRY AV,WILLOW,0,NA,Y,A,-,N,NA,NA,NA,NA,NA,NA,NA,NA,NA,N,4,0,1,2,D,-,00,NA,NA,F,B,C,A,A,H,-,C,A,0,NA,NA,NA,NA,Y,NA,-,-,0,0,1,0,0,0,0,0,0,-,-,NA,NA,LOS ANGELES,SIGNAL HILL,-118.16769409179688,33.80437088012695
84527756,2024,2025-01-07,1925,2024-12-24,1309,30887,NA,2,5,6,1925,0,0,0,NA,0,003,HARVARD STREET,EVERETT STREET,137,W,N,B,C,N,NA,NA,NA,NA,NA,NA,NA,NA,NA,N,3,0,1,2,A,-,11,21950,B,N,G,B,E,B,H,-,A,D,0,Y,NA,NA,NA,Y,NA,N,60,0,1,0,0,1,0,0,0,0,-,-,34.14445877075195,-118.24556732177734,LOS ANGELES,GLENDALE,-118.24603271484376,34.14447784423828
84527758,2024,2025-01-07,1925,2024-12-24,1859,24582,NA,2,5,6,1925,0,0,0,NA,0,002,COLUMBUS AVENUE,WINDSOR ROAD,0,NA,Y,A,-,N,NA,NA,NA,NA,NA,NA,NA,NA,NA,Y,3,0,2,2,A,-,08,22107,NA,N,D,C,A,A,H,-,C,D,0,NA,NA,NA,NA,Y,NA,A,01,0,2,0,0,0,0,0,0,0,-,-,34.13666915893555,-118.26078033447266,LOS ANGELES,GLENDALE,-118.26075744628906,34.136531829833984
84527759,2024,2025-01-07,1925,2024-12-24,1935,28134,NA,2,5,6,1925,0,0,0,NA,0,003,BROADWAY,VERDUGO ROAD,0,NA,Y,A,-,N,NA,NA,NA,NA,NA,NA,NA,NA,NA,N,3,0,1,2,A,-,10,21950,A,N,G,B,B,A,H,-,C,A,0,Y,NA,NA,NA,Y,NA,A,01,0,1,0,0,1,0,0,0,0,-,-,34.146141052246094,-118.23504638671876,LOS ANGELES,GLENDALE,-118.2350616455078,34.14616012573242
84527760,2024,2025-01-07,1925,2024-12-24,1950,29572,NA,2,5,6,1925,0,0,0,NA,0,002,BRAND BOULEVARD,LEXINGTON DRIVE,0,NA,Y,A,-,N,NA,NA,NA,NA,NA,NA,NA,NA,NA,Y,4,0,3,2,A,-,12,21453,A,N,D,C,A,A,H,-,C,A,0,NA,NA,NA,NA,Y,NA,A,01,0,0,3,0,0,0,0,0,0,-,-,34.151729583740234,-118.25505065917967,LOS ANGELES,GLENDALE,-118.25511932373048,34.15172576904297
84527761,2024,2025-01-07,1925,2024-12-25,2039,30223,NA,3,5,6,1925,0,0,0,NA,0,004,BRAND BOULEVARD,GOODE AVENUE,0,NA,Y,A,-,N,NA,NA,NA,NA,NA,NA,NA,NA,NA,Y,4,0,2,2,A,-,12,21453,A,N,D,C,A,A,H,-,C,A,0,NA,NA,NA,NA,Y,NA,A,07,0,0,2,0,0,0,0,0,0,-,-,NA,NA,LOS ANGELES,GLENDALE,-118.2551498413086,34.15676498413086
84527765,2024,2025-01-07,1925,2024-12-27,1246,28525,NA,5,5,6,1925,0,0,0,NA,0,005,BOSTON AVENUE,FOOTHILL BOULEVARD,174,N,N,A,-,N,NA,NA,NA,NA,NA,NA,NA,NA,NA,N,4,0,1,2,A,-,09,21804,A,N,D,C,A,A,H,-,A,D,0,NA,NA,NA,NA,Y,NA,A,01,0,0,1,0,0,0,0,0,0,-,-,34.237701416015625,-118.26172637939452,LOS ANGELES,GLENDALE,-118.26177215576172,34.23816680908203
84529205,2025,2025-01-08,1947,2025-01-05,820,1423,NA,7,5,5,1947,0,0,0,NA,0,00E,WASHINGTON BLVD,MAPLE AVE,0,NA,Y,A,-,N,NA,NA,NA,NA,NA,NA,NA,NA,NA,Y,4,0,1,2,A,-,12,21453,A,N,D,C,A,A,H,-,A,A,0,NA,NA,NA,NA,Y,NA,A,01,0,0,1,0,0,0,0,0,0,-,-,33.99692153930664,-118.12374877929688,LOS ANGELES,MONTEBELLO,-118.12371826171876,33.99693298339844
84530893,2024,2025-01-09,1973,2024-12-17,550,639,NA,2,5,1,1973,0,0,0,NA,0,002,E SLAUSON AVE,ALCOA AVE,0,NA,Y,A,-,N,NA,NA,NA,NA,NA,NA,NA,NA,NA,Y,4,0,1,2,A,-,09,21801,A,N,D,C,A,A,H,-,C,A,0,NA,NA,NA,NA,Y,NA,A,01,0,0,1,0,0,0,0,0,0,-,-,33.989078521728516,-118.20877838134766,LOS ANGELES,VERNON,-118.20844268798828,33.989192962646484
84530906,2024,2025-01-09,1948,2024-12-18,1734,500,NA,3,5,5,1948,0,0,0,NA,0,002,HELLMAN AV,ATLANTIC BLVD,186,E,N,A,-,N,NA,NA,NA,NA,NA,NA,NA,NA,NA,N,4,0,1,2,A,-,11,21461,5,N,G,B,C,A,H,-,C,A,0,Y,NA,NA,NA,Y,NA,N,60,0,0,1,0,1,0,0,0,0,-,-,34.069759368896484,-118.13442993164064,LOS ANGELES,MONTEREY PARK,-118.13380432128906,34.069732666015625
84530909,2024,2025-01-09,1948,2024-12-30,1142,504,NA,1,5,5,1948,0,0,0,NA,0,002,HELLMAN AV,NEW AV,0,NA,Y,A,-,N,NA,NA,NA,NA,NA,NA,NA,NA,NA,Y,3,0,1,2,A,-,09,21801,B,N,D,C,A,A,H,-,A,B,0,NA,NA,NA,NA,Y,NA,A,01,0,1,0,0,0,0,0,0,0,-,-,34.06986999511719,-118.10816955566406,LOS ANGELES,MONTEREY PARK,-118.108154296875,34.06984329223633
84530910,2024,2025-01-09,1948,2024-12-30,1534,497,NA,1,5,5,1948,0,0,0,NA,0,001,MONTEREY PASS RD,DAVIDSON DR,305,N,N,A,-,N,NA,NA,NA,NA,NA,NA,NA,NA,NA,Y,3,0,3,2,A,-,09,21804,A,N,D,C,A,A,D,-,A,D,0,NA,NA,NA,Y,Y,NA,F,21,0,2,1,0,0,0,0,0,0,-,-,34.0483512878418,-118.16111755371094,LOS ANGELES,MONTEREY PARK,-118.16053009033205,34.049015045166016