CASE_ID,ACCIDENT_YEAR,PROC_DATE,JURIS,COLLISION_DATE,COLLISION_TIME,OFFICER_ID,REPORTING_DISTRICT,DAY_OF_WEEK,CHP_SHIFT,POPULATION,CNTY_CITY_LOC,SPECIAL_COND,BEAT_TYPE,CHP_BEAT_TYPE,CITY_DIVISION_LAPD,CHP_BEAT_CLASS,BEAT_NUMBER,PRIMARY_RD,SECONDARY_RD,DISTANCE,DIRECTION,INTERSECTION,WEATHER_1,WEATHER_2,STATE_HWY_IND,CALTRANS_COUNTY,CALTRANS_DISTRICT,STATE_ROUTE,ROUTE_SUFFIX,POSTMILE_PREFIX,POSTMILE,LOCATION_TYPE,RAMP_INTERSECTION,SIDE_OF_HWY,TOW_AWAY,COLLISION_SEVERITY,NUMBER_KILLED,NUMBER_INJURED,PARTY_COUNT,PRIMARY_COLL_FACTOR,PCF_CODE_OF_VIOL,PCF_VIOL_CATEGORY,PCF_VIOLATION,PCF_VIOL_SUBSECTION,HIT_AND_RUN,TYPE_OF_COLLISION,MVIW,PED_ACTION,ROAD_SURFACE,ROAD_COND_1,ROAD_COND_2,LIGHTING,CONTROL_DEVICE,CHP_ROAD_TYPE,PEDESTRIAN_ACCIDENT,BICYCLE_ACCIDENT,MOTORCYCLE_ACCIDENT,TRUCK_ACCIDENT,NOT_PRIVATE_PROPERTY,ALCOHOL_INVOLVED,STWD_VEHTYPE_AT_FAULT,CHP_VEHTYPE_AT_FAULT,COUNT_SEVERE_INJ,COUNT_VISIBLE_INJ,COUNT_COMPLAINT_PAIN,COUNT_PED_KILLED,COUNT_PED_INJURED,COUNT_BICYCLIST_KILLED,COUNT_BICYCLIST_INJURED,COUNT_MC_KILLED,COUNT_MC_INJURED,PRIMARY_RAMP,SECONDARY_RAMP,LATITUDE,LONGITUDE,COUNTY,CITY,POINT_X,POINT_Y
84531008,2024,2025-01-17,1965,2024-11-17,31,4191,NA,7,5,5,1965,0,0,0,NA,0,B001,LINCOLN BLVD,MICHIGAN AVE,0,NA,Y,A,-,N,NA,NA,NA,NA,NA,NA,NA,NA,NA,Y,1,1,0,3,D,-,00,NA,NA,N,D,G,A,A,H,-,C,A,0,NA,Y,NA,NA,Y,Y,-,-,0,0,0,0,0,1,0,0,0,-,-,NA,NA,LOS ANGELES,SANTA MONICA,-118.48476409912108,34.013824462890625
84531062,2024,2025-01-09,1933,2024-11-15,1128,1074,NA,5,5,6,1933,0,0,0,NA,0,001,FLORENCE AV,PRAIRIE AV,0,NA,Y,A,-,N,NA,NA,NA,NA,NA,NA,NA,NA,NA,Y,3,0,1,1,A,-,03,22350,NA,N,E,I,A,A,H,-,A,A,0,NA,NA,NA,NA,Y,NA,D,23,0,1,0,0,0,0,0,0,0,-,-,33.97127914428711,-118.34385681152344,LOS ANGELES,INGLEWOOD,-118.34410858154295,33.971282958984375
84532474,2024,2025-01-10,1965,2024-11-27,2219,4195,NA,3,5,5,1965,0,0,0,NA,0,B001,OCEAN AVE,BROADWAY,0,NA,Y,A,-,N,NA,NA,NA,NA,NA,NA,NA,NA,NA,N,2,0,1,2,A,-,05,21460,A,N,D,C,A,A,H,-,C,A,0,NA,NA,NA,NA,Y,NA,-,-,1,0,0,0,0,0,0,0,0,-,-,34.0128288269043,-118.4965591430664,LOS ANGELES,SANTA MONICA,-118.49649047851564,34.012718200683594
84532475,2024,2025-01-10,1965,2024-11-30,1223,4176,NA,6,5,5,1965,0,0,0,NA,0,B003,14TH ST,OLYMPIC BLVD,0,NA,Y,A,-,N,NA,NA,NA,NA,NA,NA,NA,NA,NA,N,3,0,2,2,D,-,00,NA,NA,N,D,C,A,A,H,-,A,A,0,NA,NA,NA,NA,Y,NA,-,-,0,2,0,0,0,0,0,0,0,-,-,34.01499938964844,-118.4800033569336,LOS ANGELES,SANTA MONICA,-118.48065948486328,34.01974868774414
84532476,2024,2025-01-13,1965,2024-12-10,757,3984,NA,2,5,5,1965,0,0,0,NA,0,B003,20TH ST,BROADWAY,8,S,N,A,-,N,NA,NA,NA,NA,NA,NA,NA,NA,NA,N,3,0,1,2,A,-,10,21950,A,N,G,B,B,A,H,-,A,A,0,Y,NA,NA,NA,Y,NA,A,01,0,1,0,0,1,0,0,0,0,-,-,NA,NA,LOS ANGELES,SANTA MONICA,-118.47846221923828,34.02734375
84532478,2024,2025-01-10,1925,2024-12-23,1708,28418,NA,1,5,6,1925,0,0,0,NA,0,002,SAN FERNANDO ROAD,DORAN STREET,0,NA,Y,A,-,N,NA,NA,NA,NA,NA,NA,NA,NA,NA,Y,3,0,1,2,A,-,09,21801,A,M,D,C,A,A,H,-,C,A,0,NA,NA,NA,NA,Y,NA,A,07,0,1,0,0,0,0,0,0,0,-,-,34.153228759765625,-118.275146484375,LOS ANGELES,GLENDALE,-118.2751235961914,34.153263092041016
84532479,2024,2025-01-10,1925,2024-12-26,1420,26161,NA,4,5,6,1925,0,0,0,NA,0,003,WILSON AVENUE,OLIVE STREET,2,E,N,A,-,N,NA,NA,NA,NA,NA,NA,NA,NA,NA,Y,4,0,2,2,A,-,09,21804,A,N,D,C,A,A,H,-,A,D,0,NA,NA,NA,NA,Y,NA,A,07,0,0,2,0,0,0,0,0,0,-,-,34.147918701171875,-118.23776245117188,LOS ANGELES,GLENDALE,-118.2377700805664,34.1480598449707
84532535,2024,2025-01-10,1955,2024-11-09,1823,43046,NA,6,5,6,1955,0,0,0,NA,0,005,LEXINGTON AVE,WHITE AVE,0,NA,Y,A,-,N,NA,NA,NA,NA,NA,NA,NA,NA,NA,Y,3,0,2,2,A,-,09,21801,A,N,D,C,A,A,H,-,A,A,0,NA,NA,NA,NA,Y,NA,A,01,0,1,1,0,0,0,0,0,0,-,-,34.03675079345703,-117.75813293457033,LOS ANGELES,POMONA,-117.75812530517578,34.036678314208984
84532537,2024,2025-01-10,1955,2024-11-16,205,42685,NA,6,5,6,1955,0,0,0,NA,0,001,PARK AVE,4TH ST,0,NA,Y,A,-,N,NA,NA,NA,NA,NA,NA,NA,NA,NA,Y,3,0,2,2,A,-,12,22450,A,F,D,C,A,A,H,-,C,A,0,NA,NA,NA,NA,Y,NA,D,22,0,2,0,0,0,0,0,0,0,-,-,34.05590057373047,-117.7544403076172,LOS ANGELES,POMONA,-117.75443267822266,34.05587387084961
84532538,2024,2025-01-10,1955,2024-11-22,1411,43213,NA,5,5,6,1955,0,0,0,NA,0,005,COUNTY RD,CHANSLOR ST,0,NA,Y,A,-,N,NA,NA,NA,NA,NA,NA,NA,NA,NA,Y,4,0,2,2,A,-,09,21803,A,N,D,C,A,A,H,-,A,A,0,NA,NA,NA,NA,Y,NA,A,01,0,0,2,0,0,0,0,0,0,-,-,34.02626037597656,-117.74510192871094,LOS ANGELES,POMONA,-117.74520874023438,34.02613067626953
84532540,2024,2025-01-10,1955,2024-11-21,630,42686,NA,4,5,6,1955,0,0,0,NA,0,004,1ST ST,SAN LORENZO ST,20,E,N,C,-,N,NA,NA,NA,NA,NA,NA,NA,NA,NA,N,4,0,2,2,A,-,03,22350,NA,N,C,C,A,B,H,-,A,A,0,NA,NA,NA,NA,Y,NA,A,01,0,0,2,0,0,0,0,0,0,-,-,34.05936050415039,-117.72547912597656,LOS ANGELES,POMONA,-117.72541046142578,34.059349060058594
84532541,2024,2025-01-10,1955,2024-11-26,2325,42929,NA,2,5,6,1955,0,0,0,NA,0,003,HOLT AVE,LORANNE AVE,38,N,N,A,-,N,NA,NA,NA,NA,NA,NA,NA,NA,NA,N,4,0,1,2,A,-,03,22350,NA,N,C,C,A,A,H,-,C,A,0,NA,NA,NA,Y,Y,NA,F,26,0,0,1,0,0,0,0,0,0,-,-,34.0629997253418,-117.73065185546876,LOS ANGELES,POMONA,-117.7306671142578,34.06285858154297
84532542,2024,2025-01-10,1955,2024-11-27,2040,43128,NA,3,5,6,1955,0,0,0,NA,0,002,ARROW HWY,TOWNE AVE,404,W,N,A,-,N,NA,NA,NA,NA,NA,NA,NA,NA,NA,N,3,0,1,2,A,-,09,21804,A,F,G,B,F,A,H,-,C,A,0,Y,NA,NA,NA,Y,NA,A,01,0,1,0,0,1,0,0,0,0,-,-,34.090248107910156,-117.7368621826172,LOS ANGELES,POMONA,-117.73812103271484,34.089969635009766
84532543,2024,2025-01-10,1955,2024-11-28,1535,43202,NA,4,5,6,1955,0,0,0,NA,0,003,HOLT AVE,MOUNTAIN VIEW AVE (E),23,W,N,A,-,N,NA,NA,NA,NA,NA,NA,NA,NA,NA,Y,4,0,1,2,A,-,08,22107,NA,N,D,E,A,A,H,-,A,A,0,NA,NA,NA,Y,Y,NA,A,08,0,0,1,0,0,0,0,0,0,-,-,34.06290054321289,-117.73448944091795,LOS ANGELES,POMONA,-117.7348861694336,34.062747955322266
84532544,2024,2025-02-21,1955,2024-11-28,2030,43110,NA,4,5,6,1955,0,0,0,NA,0,049,WHITE AVE,ORANGE GROVE AVE,22,N,N,A,-,N,NA,NA,NA,NA,NA,NA,NA,NA,NA,N,4,0,3,2,A,-,12,21453,A,N,A,C,A,A,H,-,C,A,0,NA,NA,NA,NA,Y,NA,-,-,0,0,3,0,0,0,0,0,0,-,-,34.0696907043457,-117.75930786132813,LOS ANGELES,POMONA,-117.7593231201172,34.06962203979492
84532545,2024,2025-01-10,1955,2024-11-30,2231,40478,NA,6,5,6,1955,0,0,0,NA,0,003,ORANGE GROVE AVE,MCKINLEY AVE,0,E,Y,B,-,N,NA,NA,NA,NA,NA,NA,NA,NA,NA,Y,4,0,1,2,A,-,12,21453,A,F,D,C,A,A,H,-,C,A,0,NA,NA,NA,NA,Y,NA,A,01,0,0,1,0,0,0,0,0,0,-,-,34.0742301940918,-117.7504425048828,LOS ANGELES,POMONA,-117.75045013427734,34.07416915893555
84532547,2024,2025-01-10,1955,2024-12-01,1550,43202,NA,7,5,6,1955,0,0,0,NA,0,002,GAREY AVE,FREDA AVE,239,N,N,A,-,N,NA,NA,NA,NA,NA,NA,NA,NA,NA,Y,4,0,1,2,A,-,09,21801,A,N,D,C,A,A,H,-,A,D,0,NA,NA,Y,NA,Y,NA,A,01,0,0,1,0,0,0,0,0,1,-,-,34.08802032470703,-117.75032806396484,LOS ANGELES,POMONA,-117.75000762939452,34.08856964111328
84532548,2024,2025-01-10,1955,2024-12-02,524,43004,NA,1,5,6,1955,0,0,0,NA,0,003,HOLT AVE,GAREY AVE,0,NA,Y,A,-,N,NA,NA,NA,NA,NA,NA,NA,NA,NA,N,4,0,1,2,A,-,03,22350,NA,N,G,B,B,A,H,-,C,A,0,Y,NA,NA,NA,Y,NA,A,01,0,0,1,0,1,0,0,0,0,-,-,34.062381744384766,-117.75034332275392,LOS ANGELES,POMONA,-117.75032806396484,34.0623893737793
84532549,2024,2025-01-10,1955,2024-12-02,1834,42871,NA,1,5,6,1955,0,0,0,NA,0,004,PHILLIPS BLVD,SAN ANTONIO AVE,0,NA,Y,A,-,N,NA,NA,NA,NA,NA,NA,NA,NA,NA,N,4,0,2,2,A,-,12,22450,A,N,D,C,A,A,H,-,C,A,0,NA,NA,NA,NA,Y,NA,A,01,0,0,2,0,0,0,0,0,0,-,-,34.04450988769531,-117.73658752441406,LOS ANGELES,POMONA,-117.73657989501952,34.044532775878906
84532551,2024,2025-01-10,1955,2024-12-06,1247,42977,NA,5,5,6,1955,0,0,0,NA,0,004,GAREY AVE,PHILLIPS BLVD,0,NA,Y,A,-,N,NA,NA,NA,NA,NA,NA,NA,NA,NA,N,4,0,1,2,A,-,12,21453,A,F,D,G,A,A,H,-,A,A,0,NA,Y,NA,NA,Y,NA,L,04,0,0,1,0,0,0,1,0,0,-,-,34.04425048828125,-117.74967956542967,LOS ANGELES,POMONA,-117.74971771240234,34.04420852661133
84532572,2024,2025-01-10,1955,2024-11-29,1417,43213,NA,5,5,6,1955,0,0,0,NA,0,004,MISSION BLVD,EAST END AVE,6,W,N,A,-,N,NA,NA,NA,NA,NA,NA,NA,NA,NA,Y,4,0,1,2,A,-,09,21801,A,N,D,C,A,A,H,-,A,A,0,NA,NA,NA,NA,Y,NA,A,01,0,0,1,0,0,0,0,0,0,-,-,34.05575942993164,-117.72384643554688,LOS ANGELES,POMONA,-117.72383880615234,34.05575942993164
84532573,2024,2025-03-18,1955,2024-11-30,1945,43046,NA,6,5,6,1955,0,0,0,NA,0,002,LA VERNE AVE,LOS FLORES ST,150,W,N,A,-,N,NA,NA,NA,NA,NA,NA,NA,NA,NA,Y,4,0,1,4,A,-,03,22350,NA,N,A,I,A,A,H,-,B,A,0,NA,NA,NA,NA,Y,NA,A,01,0,0,1,0,0,0,0,0,0,-,-,34.08237075805664,-117.73181915283205,LOS ANGELES,POMONA,-117.73228454589844,34.08222198486328
84532575,2024,2025-01-10,1955,2024-12-01,2057,43004,NA,7,5,6,1955,0,0,0,NA,0,003,HOLT AVE,SAN ANTONIO AVE,0,NA,Y,A,-,N,NA,NA,NA,NA,NA,NA,NA,NA,NA,Y,4,0,1,2,A,-,01,23152,A,N,D,C,A,A,H,-,C,A,0,NA,NA,NA,NA,Y,Y,A,01,0,0,1,0,0,0,0,0,0,-,-,34.062721252441406,-117.73664093017578,LOS ANGELES,POMONA,-117.73664093017578,34.062713623046875
84533128,2025,2025-01-10,1910,2025-01-08,740,357,NA,3,5,4,1910,0,0,0,NA,0,009,S LA CIENEGA BLVD,GREGORY WAY,0,NA,Y,A,-,N,NA,NA,NA,NA,NA,NA,NA,NA,NA,N,4,0,1,2,A,-,09,21801,A,N,D,C,A,A,H,-,A,A,0,NA,NA,NA,NA,Y,NA,A,01,0,0,1,0,0,0,0,0,0,-,-,34.062660217285156,-118.3760986328125,LOS ANGELES,BEVERLY HILLS,-118.37613677978516,34.062652587890625
84533927,2024,2025-01-13,1947,2024-12-01,1200,1423,NA,7,5,5,1947,0,0,0,NA,0,00D,WASHINGTON BLVD,MONTEBELLO BLVD,0,NA,Y,A,-,N,NA,NA,NA,NA,NA,NA,NA,NA,NA,Y,4,0,1,2,A,-,12,21453,A,N,D,C,A,A,H,-,A,A,0,NA,NA,Y,NA,Y,NA,C,02,0,0,1,0,0,0,0,0,1,-,-,33.99388885498047,-118.11621856689452,LOS ANGELES,MONTEBELLO,-118.11619567871094,33.99388122558594
84533940,2024,2025-01-13,1972,2024-12-27,547,15555,NA,5,5,6,1972,0,0,0,NA,0,NA,HAWTHORNE BLVD,186TH ST (N),700,S,N,A,-,Y,NA,NA,NA,NA,NA,NA,NA,NA,NA,Y,1,1,1,1,A,-,03,22350,NA,N,E,I,A,A,H,-,C,D,0,NA,NA,NA,NA,Y,NA,A,01,0,1,0,0,0,0,0,0,0,-,-,NA,NA,LOS ANGELES,TORRANCE,-118.35271453857422,33.85995101928711
84533941,2024,2025-01-13,1972,2024-12-29,2146,22884,NA,7,5,6,1972,0,0,0,NA,0,NA,HAWTHORNE BLVD,FASHION WAY,0,NA,Y,A,-,Y,NA,NA,NA,NA,NA,NA,NA,NA,NA,Y,4,0,1,2,A,-,12,21453,A,N,D,C,A,A,H,-,C,A,0,NA,NA,NA,NA,Y,NA,A,01,0,0,1,0,0,0,0,0,0,-,-,NA,NA,LOS ANGELES,TORRANCE,-118.35311889648438,33.835201263427734
84534313,2025,2025-01-13,1948,2025-01-05,1341,490,NA,7,5,5,1948,0,0,0,NA,0,001,GARVEY AV,MONTEREY PASS RD,0,NA,Y,A,-,N,NA,NA,NA,NA,NA,NA,NA,NA,NA,Y,3,0,1,2,A,-,09,21802,A,N,A,C,A,A,H,-,A,A,0,NA,NA,NA,NA,Y,NA,A,01,0,1,0,0,0,0,0,0,0,-,-,34.06196975708008,-118.14095306396484,LOS ANGELES,MONTEREY PARK,-118.14112854003906,34.06173324584961
84534315,2025,2025-01-13,1948,2025-01-05,1752,500,NA,7,5,5,1948,0,0,0,NA,0,003,RIGGIN ST,GERHART AV,15,W,N,A,-,N,NA,NA,NA,NA,NA,NA,NA,NA,NA,Y,4,0,2,2,A,-,12,22450,A,N,D,C,A,A,H,-,C,A,0,NA,NA,NA,NA,Y,NA,A,01,0,0,2,0,0,0,0,0,0,-,-,34.03657913208008,-118.14421081542967,LOS ANGELES,MONTEREY PARK,-118.14427185058594,34.03657150268555
84534332,2024,2025-01-13,1947,2024-12-07,1457,1451,NA,6,5,5,1947,0,0,0,NA,0,00C,6TH ST,BEVERLY BLVD,0,NA,Y,A,-,N,NA,NA,NA,NA,NA,NA,NA,NA,NA,N,4,0,2,2,A,-,12,21453,A,N,D,C,A,A,H,-,A,A,0,NA,NA,NA,NA,Y,NA,A,01,0,0,2,0,0,0,0,0,0,-,-,34.01673889160156,-118.10389709472656,LOS ANGELES,MONTEBELLO,-118.10386657714844,34.01675033569336
84534403,2024,2025-01-13,1965,2024-12-04,840,4053,NA,3,5,5,1965,0,0,0,NA,0,B002,LINCOLN BLVD,PEARL ST,57,N,N,B,-,N,NA,NA,NA,NA,NA,NA,NA,NA,NA,N,3,0,1,2,A,-,12,21453,A,N,D,C,A,A,H,-,A,A,0,NA,NA,Y,NA,Y,NA,A,07,0,1,0,0,0,0,0,0,1,-,-,NA,NA,LOS ANGELES,SANTA MONICA,-118.47967529296876,34.009639739990234
84534472,2024,2025-01-13,1955,2024-11-20,1405,43004,NA,3,5,6,1955,0,0,0,NA,0,003,TOWNE AVE,CENTER ST,0,NA,Y,A,-,N,NA,NA,NA,NA,NA,NA,NA,NA,NA,N,4,0,1,2,A,-,12,22450,A,N,D,C,A,A,H,-,A,A,0,NA,NA,Y,NA,Y,NA,C,03,0,0,1,0,0,0,0,0,1,-,-,NA,NA,LOS ANGELES,POMONA,-117.74153900146484,34.06165313720703
84534799,2024,2025-01-13,1947,2024-12-28,1828,1482,NA,6,5,5,1947,0,0,0,NA,0,00D,GREENWOOD AVE,MINES AVE,0,NA,Y,A,-,N,NA,NA,NA,NA,NA,NA,NA,NA,NA,N,4,0,1,2,A,-,09,21801,A,N,D,C,A,A,H,-,C,A,0,NA,NA,NA,NA,Y,NA,A,01,0,0,1,0,0,0,0,0,0,-,-,34.003379821777344,-118.11447143554688,LOS ANGELES,MONTEBELLO,-118.11448669433594,34.003360748291016
84534800,2024,2025-01-13,1947,2024-12-31,845,1429,NA,2,5,5,1947,0,0,0,NA,0,00F,MONTEBELLO BLVD,MONARCH ST,1000,S,N,E,-,N,NA,NA,NA,NA,NA,NA,NA,NA,NA,N,3,0,1,1,A,-,03,22350,NA,N,H,A,A,B,H,-,A,A,0,NA,NA,Y,NA,Y,NA,C,02,0,1,0,0,0,0,0,0,1,-,-,34.004940032958984,-118.10991668701172,LOS ANGELES,MONTEBELLO,NA,NA
84534801,2024,2025-01-15,1947,2024-12-31,1229,1453,NA,2,5,5,1947,0,0,0,NA,0,00A,VIA CAMPO,WILCOX AVE,230,W,N,A,-,N,NA,NA,NA,NA,NA,NA,NA,NA,NA,N,4,0,2,3,A,-,09,21804,A,N,D,C,A,A,H,-,A,D,0,NA,NA,NA,NA,Y,NA,A,01,0,0,2,0,0,0,0,0,0,-,-,34.03273010253906,-118.12503814697266,LOS ANGELES,MONTEBELLO,-118.12582397460938,34.03278350830078
84534804,2025,2025-01-13,1947,2025-01-02,1940,1478,NA,4,5,5,1947,0,0,0,NA,0,00C,LINCOLN AVE,POPLAR AVE,0,NA,Y,A,-,N,NA,NA,NA,NA,NA,NA,NA,NA,NA,N,4,0,1,2,A,-,12,21453,A,N,D,C,A,A,H,-,C,A,0,NA,NA,NA,NA,Y,NA,A,01,0,0,1,0,0,0,0,0,0,-,-,34.01948928833008,-118.0963134765625,LOS ANGELES,MONTEBELLO,-118.09629821777344,34.01947784423828
84534808,2024,2025-01-13,1925,2024-12-29,1951,30155,NA,7,5,6,1925,0,0,0,NA,0,001,KENNETH ROAD,HIGHLAND AVENUE,0,NA,Y,A,-,N,NA,NA,NA,NA,NA,NA,NA,NA,NA,N,3,0,1,2,A,-,09,21802,A,N,D,C,A,A,H,-,D,D,0,NA,NA,NA,NA,Y,NA,A,01,0,1,0,0,0,0,0,0,0,-,-,34.17115020751953,-118.27229309082033,LOS ANGELES,GLENDALE,-118.27230072021484,34.171119689941406
84534855,2024,2025-01-13,1955,2024-11-25,2249,43075,NA,1,5,6,1955,0,0,0,NA,0,003,MONTEREY AVE,TOBY WAY,59,W,N,A,-,N,NA,NA,NA,NA,NA,NA,NA,NA,NA,Y,4,0,1,3,A,-,08,22107,NA,N,B,E,A,A,H,-,C,A,0,NA,NA,NA,NA,Y,NA,A,01,0,0,1,0,0,0,0,0,0,-,-,34.06087875366211,-117.7421417236328,LOS ANGELES,POMONA,-117.74232482910156,34.060726165771484
84536153,2024,2025-01-13,1910,2024-12-05,1716,368,NA,4,5,4,1910,0,0,0,NA,0,004,N BEVERLY DR,N CANON DR,0,NA,Y,A,-,N,NA,NA,NA,NA,NA,NA,NA,NA,NA,Y,3,0,2,2,A,-,09,21800,B,N,D,C,A,-,H,-,C,A,0,NA,NA,NA,NA,Y,NA,A,08,0,1,1,0,0,0,0,0,0,-,-,34.07965850830078,-118.4115982055664,LOS ANGELES,BEVERLY HILLS,-118.41165161132813,34.07964324951172
84536154,2024,2025-01-13,1910,2024-12-06,1510,368,NA,5,5,4,1910,0,0,0,NA,0,007,OLYMPIC BLVD,S ELM DR,0,NA,Y,A,-,N,NA,NA,NA,NA,NA,NA,NA,NA,NA,Y,4,0,1,2,A,-,09,21802,A,N,D,C,A,A,H,-,A,A,0,NA,NA,NA,NA,Y,NA,A,07,0,0,1,0,0,0,0,0,0,-,-,34.059391021728516,-118.3947982788086,LOS ANGELES,BEVERLY HILLS,-118.39492797851564,34.059356689453125
84536212,2025,2025-01-13,1910,2025-01-13,730,391,NA,1,5,4,1910,0,0,0,NA,0,004,SUNSET BLVD,N BEDFORD DR,0,NA,Y,A,-,N,NA,NA,NA,NA,NA,NA,NA,NA,NA,Y,3,0,1,2,A,-,09,21801,A,N,D,C,A,A,H,-,A,A,0,NA,NA,NA,NA,Y,NA,A,01,0,1,0,0,0,0,0,0,0,-,-,34.07849884033203,-118.41699981689452,LOS ANGELES,BEVERLY HILLS,-118.41706848144533,34.07851028442383
84536370,2024,2025-01-14,1967,2024-12-24,1234,183,NA,2,5,2,1967,0,0,0,NA,0,SOUTH,29TH,GARDENA AVE,454,W,N,B,-,N,NA,NA,NA,NA,NA,NA,NA,NA,NA,Y,4,0,1,2,-,-,-,NA,NA,N,D,C,A,B,H,-,A,D,0,NA,NA,NA,NA,Y,NA,-,-,0,0,1,0,0,0,0,0,0,-,-,NA,NA,LOS ANGELES,SIGNAL HILL,-118.17021942138672,33.80986022949219
84536372,2024,2025-01-14,1967,2024-12-24,2043,171,NA,2,5,2,1967,0,0,0,NA,0,SOUTH,BURNETT,LEWIS AV,0,NA,Y,-,-,N,NA,NA,NA,NA,NA,NA,NA,NA,NA,N,4,0,1,2,A,-,09,21804,A,N,D,C,A,A,H,-,C,A,0,NA,NA,NA,NA,Y,NA,A,01,0,0,1,0,0,0,0,0,0,-,-,NA,NA,LOS ANGELES,SIGNAL HILL,-118.17961120605467,33.800743103027344
84536375,2024,2025-01-14,1967,2024-12-31,1343,136,NA,2,5,2,1967,0,0,0,NA,0,NORTH,SPRING,ORANGE AV,0,NA,Y,A,-,N,NA,NA,NA,NA,NA,NA,NA,NA,NA,Y,3,0,2,2,A,-,09,21801,A,N,D,C,A,A,H,-,A,A,0,NA,NA,NA,NA,Y,NA,A,07,0,1,1,0,0,0,0,0,0,-,-,NA,NA,LOS ANGELES,SIGNAL HILL,-118.17630767822266,33.811676025390625
84536376,2024,2025-01-14,1967,2024-12-31,1817,171,NA,2,5,2,1967,0,0,0,NA,0,NORTH,SPRING,ORANGE AV,0,NA,Y,A,-,N,NA,NA,NA,NA,NA,NA,NA,NA,NA,N,4,0,1,2,D,-,00,NA,NA,N,D,C,A,A,H,-,C,A,0,NA,NA,NA,NA,Y,NA,-,-,0,0,1,0,0,0,0,0,0,-,-,NA,NA,LOS ANGELES,SIGNAL HILL,-118.17630767822266,33.811676025390625
84536423,2025,2025-01-14,1972,2025-01-02,1533,22330,NA,4,5,6,1972,0,0,0,NA,0,NA,SEPULVEDA BLVD,LADEENE AVE,0,NA,Y,A,-,N,NA,NA,NA,NA,NA,NA,NA,NA,NA,Y,4,0,1,2,A,-,09,21801,A,N,D,C,A,A,H,-,A,D,0,NA,NA,Y,NA,Y,NA,A,01,0,0,1,0,0,0,0,0,1,-,-,33.8260612487793,-118.3581314086914,LOS ANGELES,TORRANCE,-118.35816192626952,33.82607650756836
84536424,2025,2025-01-14,1972,2025-01-02,1906,20947,NA,4,5,6,1972,0,0,0,NA,0,NA,MADRONA AVE,SPENCER ST,0,E,Y,B,-,N,NA,NA,NA,NA,NA,NA,NA,NA,NA,Y,2,0,3,2,A,-,09,21801,A,N,D,C,A,A,H,-,C,A,0,NA,NA,NA,NA,Y,NA,A,01,1,2,0,0,0,0,0,0,0,-,-,33.84489059448242,-118.34480285644533,LOS ANGELES,TORRANCE,-118.34482574462892,33.84511184692383
84536426,2025,2025-01-14,1972,2025-01-03,1032,22097,NA,5,5,6,1972,0,0,0,NA,0,NA,SEPULVEDA BLVD,HICKORY AVE,400,E,N,A,-,N,NA,NA,NA,NA,NA,NA,NA,NA,NA,Y,3,0,4,2,A,-,03,22350,NA,N,C,C,A,A,H,-,A,A,0,NA,NA,NA,NA,Y,NA,A,01,0,2,2,0,0,0,0,0,0,-,-,NA,NA,LOS ANGELES,TORRANCE,-118.33324432373048,33.82284164428711
84536429,2024,2025-01-14,1925,2024-12-24,1256,24810,NA,2,5,6,1925,0,0,0,NA,0,005,PENNSYLVANIA AVENUE,FOOTHILL BOULEVARD,200,N,N,C,-,N,NA,NA,NA,NA,NA,NA,NA,NA,NA,N,3,0,1,2,A,-,11,21954,A,N,G,B,D,B,H,-,A,D,0,Y,NA,NA,NA,Y,NA,N,60,0,1,0,0,1,0,0,0,0,-,-,34.22956848144531,-118.24868011474608,LOS ANGELES,GLENDALE,-118.24867248535156,34.23012924194336
84536431,2024,2025-01-14,1925,2024-12-27,1339,26161,NA,5,5,6,1925,0,0,0,NA,0,002,CONCORD STREET,FAIRMONT AVENUE,0,NA,Y,A,-,N,NA,NA,NA,NA,NA,NA,NA,NA,NA,N,3,0,2,2,A,-,12,21453,A,N,D,D,A,A,H,-,A,A,0,NA,NA,NA,NA,Y,NA,A,01,0,2,0,0,0,0,0,0,0,-,-,NA,NA,LOS ANGELES,GLENDALE,-118.2711181640625,34.15561294555664
84536432,2024,2025-01-14,1925,2024-12-27,1456,26161,NA,5,5,6,1925,0,0,0,NA,0,001,VALLEY VIEW ROAD,KENNETH ROAD,338,S,N,B,-,N,NA,NA,NA,NA,NA,NA,NA,NA,NA,Y,3,0,2,2,A,-,09,21804,A,N,D,C,A,A,H,-,A,D,0,NA,NA,NA,NA,Y,NA,A,07,0,1,1,0,0,0,0,0,0,-,-,NA,NA,LOS ANGELES,GLENDALE,-118.26107788085938,34.16899108886719
84536433,2024,2025-01-14,1925,2024-12-30,1351,24810,NA,1,5,6,1925,0,0,0,NA,0,004,BROADWAY,CEDAR STREET,10,E,N,A,-,N,NA,NA,NA,NA,NA,NA,NA,NA,NA,N,4,0,1,2,A,-,10,21950,A,N,G,B,B,A,H,-,A,A,0,Y,NA,NA,NA,Y,NA,A,01,0,0,1,0,1,0,0,0,0,-,-,34.1461296081543,-118.2443389892578,LOS ANGELES,GLENDALE,-118.24429321289064,34.146270751953125