CASE_ID,ACCIDENT_YEAR,PROC_DATE,JURIS,COLLISION_DATE,COLLISION_TIME,OFFICER_ID,REPORTING_DISTRICT,DAY_OF_WEEK,CHP_SHIFT,POPULATION,CNTY_CITY_LOC,SPECIAL_COND,BEAT_TYPE,CHP_BEAT_TYPE,CITY_DIVISION_LAPD,CHP_BEAT_CLASS,BEAT_NUMBER,PRIMARY_RD,SECONDARY_RD,DISTANCE,DIRECTION,INTERSECTION,WEATHER_1,WEATHER_2,STATE_HWY_IND,CALTRANS_COUNTY,CALTRANS_DISTRICT,STATE_ROUTE,ROUTE_SUFFIX,POSTMILE_PREFIX,POSTMILE,LOCATION_TYPE,RAMP_INTERSECTION,SIDE_OF_HWY,TOW_AWAY,COLLISION_SEVERITY,NUMBER_KILLED,NUMBER_INJURED,PARTY_COUNT,PRIMARY_COLL_FACTOR,PCF_CODE_OF_VIOL,PCF_VIOL_CATEGORY,PCF_VIOLATION,PCF_VIOL_SUBSECTION,HIT_AND_RUN,TYPE_OF_COLLISION,MVIW,PED_ACTION,ROAD_SURFACE,ROAD_COND_1,ROAD_COND_2,LIGHTING,CONTROL_DEVICE,CHP_ROAD_TYPE,PEDESTRIAN_ACCIDENT,BICYCLE_ACCIDENT,MOTORCYCLE_ACCIDENT,TRUCK_ACCIDENT,NOT_PRIVATE_PROPERTY,ALCOHOL_INVOLVED,STWD_VEHTYPE_AT_FAULT,CHP_VEHTYPE_AT_FAULT,COUNT_SEVERE_INJ,COUNT_VISIBLE_INJ,COUNT_COMPLAINT_PAIN,COUNT_PED_KILLED,COUNT_PED_INJURED,COUNT_BICYCLIST_KILLED,COUNT_BICYCLIST_INJURED,COUNT_MC_KILLED,COUNT_MC_INJURED,PRIMARY_RAMP,SECONDARY_RAMP,LATITUDE,LONGITUDE,COUNTY,CITY,POINT_X,POINT_Y
84561713,2025,2025-02-03,1933,2025-01-07,115,1083,NA,2,5,6,1933,0,0,0,NA,0,004,IMPERIAL HWY,YUKON AV,0,NA,Y,A,-,N,NA,NA,NA,NA,NA,NA,NA,NA,NA,N,2,0,1,2,A,-,08,22107,NA,N,G,B,B,A,H,-,C,A,0,Y,NA,NA,NA,Y,NA,A,01,1,0,0,0,1,0,0,0,0,-,-,33.93095016479492,-118.33522033691406,LOS ANGELES,INGLEWOOD,-118.33516693115234,33.930973052978516
84561730,2025,2025-02-03,1933,2025-01-07,1417,869,NA,2,5,6,1933,0,0,0,NA,0,001,LA BREA AV,BEACH AV,4,S,N,A,-,N,NA,NA,NA,NA,NA,NA,NA,NA,NA,Y,4,0,2,2,A,-,09,21801,A,N,D,C,A,A,H,-,A,A,0,NA,NA,NA,NA,Y,NA,A,01,0,0,2,0,0,0,0,0,0,-,-,33.96675109863281,-118.35359191894533,LOS ANGELES,INGLEWOOD,-118.35367584228516,33.96670150756836
84561749,2025,2025-02-03,1933,2025-01-01,131,1099,NA,3,5,6,1933,0,0,0,NA,0,001,INGLEWOOD AV,PLYMOUTH ST,170,S,N,A,-,N,NA,NA,NA,NA,NA,NA,NA,NA,NA,N,2,0,1,2,A,-,03,22350,NA,N,D,C,A,A,H,-,C,D,0,NA,NA,Y,NA,Y,NA,C,02,1,0,0,0,0,0,0,0,1,-,-,33.97460174560547,-118.36116027832033,LOS ANGELES,INGLEWOOD,-118.3612823486328,33.97409439086914
84561766,2025,2025-02-03,1933,2025-01-09,1504,869,NA,4,5,6,1933,0,0,0,NA,0,002,CENTURY BLVD,PRAIRIE AV,59,W,N,A,-,N,NA,NA,NA,NA,NA,NA,NA,NA,NA,Y,4,0,2,2,A,-,09,21801,A,N,D,C,A,A,H,-,A,D,0,NA,NA,NA,NA,Y,NA,A,01,0,0,2,0,0,0,0,0,0,-,-,33.94546890258789,-118.34391784667967,LOS ANGELES,INGLEWOOD,-118.34414672851564,33.94544982910156
84561779,2025,2025-02-03,1933,2025-01-01,2153,916,NA,3,5,6,1933,0,0,0,NA,0,002,LA BREA AV,LA PALMA DR,0,NA,Y,A,-,N,NA,NA,NA,NA,NA,NA,NA,NA,NA,N,4,0,1,2,A,-,08,22107,NA,M,B,C,A,A,H,-,C,A,0,NA,NA,NA,NA,Y,NA,A,01,0,0,1,0,0,0,0,0,0,-,-,33.957000732421875,-118.35211944580078,LOS ANGELES,INGLEWOOD,-118.35211181640624,33.9569091796875
84561793,2025,2025-02-03,1933,2025-01-10,739,1065,NA,5,5,6,1933,0,0,0,NA,0,001,EUCALYPTUS AV,BEACH AV,0,NA,Y,A,-,N,NA,NA,NA,NA,NA,NA,NA,NA,NA,N,4,0,2,3,A,-,10,21950,A,N,G,B,B,A,H,-,A,A,0,Y,NA,NA,NA,Y,NA,A,01,0,0,2,0,2,0,0,0,0,-,-,33.96894836425781,-118.3586883544922,LOS ANGELES,INGLEWOOD,-118.35881042480467,33.96890640258789
84561800,2025,2025-02-03,1933,2025-01-10,1833,960,NA,5,5,6,1933,0,0,0,NA,0,001,MANCHESTER BLVD,PRAIRIE AV,0,NA,Y,A,-,N,NA,NA,NA,NA,NA,NA,NA,NA,NA,N,4,0,3,3,A,-,09,21806,A,N,D,C,A,A,H,-,C,A,0,NA,NA,NA,NA,Y,NA,A,01,0,0,3,0,0,0,0,0,0,-,-,33.959861755371094,-118.34387969970705,LOS ANGELES,INGLEWOOD,-118.34396362304688,33.959842681884766
84561805,2025,2025-02-03,1933,2025-01-11,1147,960,NA,6,5,6,1933,0,0,0,NA,0,001,FLORENCE AV,MARKET ST,0,NA,Y,A,-,N,NA,NA,NA,NA,NA,NA,NA,NA,NA,N,4,0,1,2,A,-,10,21950,A,N,G,B,B,A,H,-,A,A,0,Y,NA,NA,NA,Y,NA,A,01,0,0,1,0,1,0,0,0,0,-,-,33.966121673583984,-118.35198974609376,LOS ANGELES,INGLEWOOD,-118.35216522216795,33.96615219116211
84561815,2025,2025-02-03,1933,2025-01-14,1546,869,NA,2,5,6,1933,0,0,0,NA,0,001,MANCHESTER BLVD,OAK ST,0,NA,Y,A,-,N,NA,NA,NA,NA,NA,NA,NA,NA,NA,Y,4,0,2,2,A,-,12,21453,A,N,D,C,A,A,H,-,A,A,0,NA,NA,NA,NA,Y,NA,A,01,0,0,2,0,0,0,0,0,0,-,-,33.96168899536133,-118.36611938476564,LOS ANGELES,INGLEWOOD,-118.36621856689452,33.96156311035156
84561818,2025,2025-02-03,1933,2025-01-15,1353,869,NA,3,5,6,1933,0,0,0,NA,0,002,CENTURY BLVD,MANSEL AVE,77,E,N,A,-,N,NA,NA,NA,NA,NA,NA,NA,NA,NA,N,4,0,1,2,A,-,08,22107,NA,N,D,G,A,A,H,-,A,D,0,NA,Y,NA,NA,Y,NA,A,07,0,0,1,0,0,0,1,0,0,-,-,NA,NA,LOS ANGELES,INGLEWOOD,-118.35572814941406,33.945438385009766
84561821,2025,2025-02-03,1933,2025-01-15,1405,812,NA,3,5,6,1933,0,0,0,NA,0,002,FLOWER ST,NUTWOOD ST,195,S,N,A,-,N,NA,NA,NA,NA,NA,NA,NA,NA,NA,Y,4,0,4,2,A,-,08,22107,NA,N,A,E,A,A,H,-,A,D,0,NA,NA,NA,NA,Y,NA,A,08,0,0,4,0,0,0,0,0,0,-,-,33.95859909057617,-118.3469467163086,LOS ANGELES,INGLEWOOD,-118.34702301025392,33.958045959472656
84561825,2025,2025-02-03,1933,2025-01-16,750,860,NA,4,5,6,1933,0,0,0,NA,0,001,BEACH AV,INGLEWOOD AV,18,E,N,A,-,N,NA,NA,NA,NA,NA,NA,NA,NA,NA,N,3,0,1,2,A,-,03,22350,NA,N,G,B,B,A,H,-,A,D,0,Y,NA,NA,NA,Y,Y,A,01,0,1,0,0,1,0,0,0,0,-,-,33.97011947631836,-118.36100769042967,LOS ANGELES,INGLEWOOD,-118.3611068725586,33.970054626464844
84561831,2025,2025-02-03,1933,2025-01-18,1501,1066,NA,6,5,6,1933,0,0,0,NA,0,004,PRAIRIE AV,108TH ST,60,S,N,A,-,N,NA,NA,NA,NA,NA,NA,NA,NA,NA,Y,3,0,3,2,A,-,03,22350,NA,N,D,C,A,A,H,-,A,A,0,NA,NA,NA,NA,Y,NA,A,01,0,1,2,0,0,0,0,0,0,-,-,33.93772888183594,-118.34394073486328,LOS ANGELES,INGLEWOOD,-118.34391784667967,33.93753433227539
84561834,2025,2025-02-03,1933,2025-01-18,2104,1082,NA,6,5,6,1933,0,0,0,NA,0,001,LA CIENEGA BLVD,INDUSTRIAL AV,132,N,N,A,-,N,NA,NA,NA,NA,NA,NA,NA,NA,NA,Y,4,0,1,2,A,-,03,22350,NA,F,C,C,A,A,H,-,C,A,0,NA,NA,NA,NA,Y,Y,-,99,0,0,1,0,0,0,0,0,0,-,-,33.968528747558594,-118.37001037597656,LOS ANGELES,INGLEWOOD,-118.37017059326172,33.96885299682617
84561835,2025,2025-02-03,1933,2025-01-19,1148,1073,NA,7,5,6,1933,0,0,0,NA,0,001,FLORENCE AV,HINDRY AV,10,W,N,A,-,N,NA,NA,NA,NA,NA,NA,NA,NA,NA,N,4,0,1,2,A,-,05,21202,NA,N,B,G,A,A,H,-,A,A,0,NA,Y,NA,NA,Y,NA,L,04,0,0,1,0,0,0,1,0,0,-,-,33.9622917175293,-118.3735122680664,LOS ANGELES,INGLEWOOD,-118.37362670898438,33.96217727661133
84561836,2025,2025-02-03,1933,2025-01-20,1008,812,NA,1,5,6,1933,0,0,0,NA,0,001,FLORENCE AV,PRAIRIE AV,100,E,N,A,-,N,NA,NA,NA,NA,NA,NA,NA,NA,NA,Y,3,0,3,3,A,-,01,23152,A,N,C,C,A,A,H,-,A,A,0,NA,NA,NA,NA,Y,Y,A,07,0,1,2,0,0,0,0,0,0,-,-,33.97132110595703,-118.3439483642578,LOS ANGELES,INGLEWOOD,-118.34382629394533,33.97142028808594
84561838,2025,2025-02-03,1933,2025-01-20,1443,924,NA,1,5,6,1933,0,0,0,NA,0,003,MANCHESTER BLVD,CRENSHAW DR,0,NA,Y,A,-,N,NA,NA,NA,NA,NA,NA,NA,NA,NA,N,4,0,1,2,A,-,10,21950,A,N,G,B,B,A,H,-,A,A,0,Y,NA,NA,NA,Y,NA,A,01,0,0,1,0,1,0,0,0,0,-,-,33.9599494934082,-118.33222198486328,LOS ANGELES,INGLEWOOD,-118.33222198486328,33.96004104614258
84561839,2025,2025-02-03,1933,2025-01-20,1723,1102,NA,1,5,6,1933,0,0,0,NA,0,004,VAN NESS AV,108TH ST,0,NA,Y,A,-,N,NA,NA,NA,NA,NA,NA,NA,NA,NA,Y,4,0,2,2,A,-,09,21801,A,N,D,C,A,A,H,-,C,A,0,NA,NA,NA,NA,Y,NA,A,01,0,0,2,0,0,0,0,0,0,-,-,33.9382209777832,-118.31777954101564,LOS ANGELES,INGLEWOOD,-118.31777191162108,33.93821716308594
84561840,2025,2025-02-03,1933,2025-01-03,40,1099,NA,5,5,6,1933,0,0,0,NA,0,001,CENTINELA AV,FLORENCE AV,0,NA,Y,A,-,N,NA,NA,NA,NA,NA,NA,NA,NA,NA,N,3,0,1,2,A,-,12,21453,A,N,A,G,A,A,H,-,C,D,0,NA,Y,NA,NA,Y,NA,L,04,0,1,0,0,0,0,1,0,0,-,-,33.96982955932617,-118.34716796875,LOS ANGELES,INGLEWOOD,-118.34722900390624,33.96983337402344
84561842,2025,2025-02-03,1933,2025-01-22,1532,960,NA,3,5,6,1933,0,0,0,NA,0,001,MANCHESTER BLVD,LA BREA AV,0,NA,Y,A,-,N,NA,NA,NA,NA,NA,NA,NA,NA,NA,N,4,0,1,2,A,-,09,21801,A,N,D,C,A,A,H,-,A,A,0,NA,NA,Y,NA,Y,NA,A,01,0,0,1,0,0,0,0,0,1,-,-,33.96181869506836,-118.353271484375,LOS ANGELES,INGLEWOOD,-118.35334014892578,33.961769104003906
84561849,2025,2025-02-03,1933,2025-01-23,1501,960,NA,4,5,6,1933,0,0,0,NA,0,002,ARBOR VITAE ST,ROSEWOOD AV,0,NA,Y,A,-,N,NA,NA,NA,NA,NA,NA,NA,NA,NA,N,4,0,1,3,A,-,08,22107,NA,N,C,E,A,A,H,-,A,A,0,NA,NA,NA,NA,Y,NA,A,01,0,0,1,0,0,0,0,0,0,-,-,33.95275115966797,-118.3601531982422,LOS ANGELES,INGLEWOOD,-118.36019897460938,33.95270538330078
84561850,2025,2025-02-03,1933,2025-01-23,1533,869,NA,4,5,6,1933,0,0,0,NA,0,001,FIR AV,QUEEN ST,0,NA,Y,A,-,N,NA,NA,NA,NA,NA,NA,NA,NA,NA,N,4,0,1,2,A,-,08,22107,NA,N,G,B,B,A,H,-,A,D,0,Y,NA,NA,NA,Y,NA,A,07,0,0,1,0,1,0,0,0,0,-,-,33.96295928955078,-118.35730743408205,LOS ANGELES,INGLEWOOD,-118.35736846923828,33.962921142578125
84561854,2025,2025-02-03,1933,2025-01-24,1813,1027,NA,5,5,6,1933,0,0,0,NA,0,004,CRENSHAW BLVD,111TH PL,0,NA,Y,A,-,N,NA,NA,NA,NA,NA,NA,NA,NA,NA,N,4,0,1,2,A,-,10,21950,A,N,G,B,B,A,D,-,C,A,0,Y,NA,NA,NA,Y,NA,A,01,0,0,1,0,1,0,0,0,0,-,-,NA,NA,LOS ANGELES,INGLEWOOD,-118.32656860351564,33.93388748168945
84561855,2025,2025-02-03,1933,2025-01-03,1241,960,NA,5,5,6,1933,0,0,0,NA,0,001,CENTINELA AV,INGLEWOOD AV,0,NA,Y,A,-,N,NA,NA,NA,NA,NA,NA,NA,NA,NA,N,4,0,3,2,A,-,09,21801,A,N,D,C,A,A,H,-,A,A,0,NA,NA,NA,NA,Y,NA,A,01,0,0,3,0,0,0,0,0,0,-,-,33.97663879394531,-118.36118316650392,LOS ANGELES,INGLEWOOD,-118.3613510131836,33.976558685302734
84561858,2025,2025-02-03,1933,2025-01-25,2341,1070,NA,6,5,6,1933,0,0,0,NA,0,001,WEST BLVD,FLORENCE AV,0,E,Y,A,-,N,NA,NA,NA,NA,NA,NA,NA,NA,NA,N,4,0,1,2,A,-,01,23152,A,N,D,C,A,B,H,-,C,A,0,NA,NA,NA,NA,Y,Y,A,01,0,0,1,0,0,0,0,0,0,-,-,33.974510192871094,-118.33518981933594,LOS ANGELES,INGLEWOOD,-118.335205078125,33.9744873046875
84561860,2025,2025-02-03,1933,2025-01-04,1618,1078,NA,6,5,6,1933,0,0,0,NA,0,003,CRENSHAW BLVD,HARDY ST,30,N,N,A,-,N,NA,NA,NA,NA,NA,NA,NA,NA,NA,Y,4,0,3,2,A,-,03,22350,NA,N,C,C,A,A,H,-,B,A,0,NA,NA,NA,NA,Y,NA,A,01,0,0,3,0,0,0,0,0,0,-,-,33.949180603027344,-118.32646942138672,LOS ANGELES,INGLEWOOD,-118.32672119140624,33.94923400878906
84561862,2025,2025-02-03,1933,2025-01-05,1737,1096,NA,7,5,6,1933,0,0,0,NA,0,002,BUCKTHORN ST,FLOWER ST,0,NA,Y,A,-,N,NA,NA,NA,NA,NA,NA,NA,NA,NA,N,4,0,1,2,A,-,12,22450,A,F,D,C,A,A,H,-,C,A,0,NA,NA,NA,NA,Y,NA,A,01,0,0,1,0,0,0,0,0,0,-,-,33.954158782958984,-118.34690856933594,LOS ANGELES,INGLEWOOD,-118.3469696044922,33.95412063598633
84561863,2025,2025-02-03,1933,2025-01-06,857,869,NA,1,5,6,1933,0,0,0,NA,0,001,REGENT ST,PRAIRIE AV,0,NA,Y,A,-,N,NA,NA,NA,NA,NA,NA,NA,NA,NA,N,4,0,1,2,A,-,10,21950,A,F,G,B,B,A,H,-,A,A,0,Y,NA,NA,Y,Y,NA,F,27,0,0,1,0,1,0,0,0,0,-,-,33.96458053588867,-118.3439712524414,LOS ANGELES,INGLEWOOD,-118.3439712524414,33.96450424194336
84561864,2025,2025-02-03,1933,2025-01-06,1109,812,NA,1,5,6,1933,0,0,0,NA,0,004,PRAIRIE AV,113TH ST,0,NA,Y,A,-,Y,NA,NA,NA,NA,NA,NA,NA,NA,NA,Y,3,0,3,2,A,-,09,21801,A,N,D,C,A,A,H,-,A,A,0,NA,NA,NA,NA,Y,NA,A,01,0,1,2,0,0,0,0,0,0,-,-,33.93198013305664,-118.34390258789064,LOS ANGELES,INGLEWOOD,-118.34389495849608,33.931915283203125
84563087,2024,2025-02-04,1912,2024-11-18,738,13813,NA,1,5,6,1912,0,0,0,NA,0,NA,EMPIRE AVENUE,ONTARIO STREET,664,W,N,A,-,N,NA,NA,NA,NA,NA,NA,NA,NA,NA,N,3,0,2,3,A,-,07,21658,A,N,B,E,A,A,H,-,A,D,0,NA,NA,NA,NA,Y,NA,A,01,0,1,1,0,0,0,0,0,0,-,-,34.19197082519531,-118.34458160400392,LOS ANGELES,BURBANK,-118.34679412841795,34.192012786865234
84563094,2024,2025-02-04,1912,2024-11-18,1534,13208,NA,1,5,6,1912,0,0,0,NA,0,NA,ALAMEDA AVENUE,GRIFFITH PARK DRIVE,0,NA,Y,A,-,N,NA,NA,NA,NA,NA,NA,NA,NA,NA,N,4,0,2,2,A,-,09,21804,B,N,D,C,A,A,H,-,A,A,0,NA,NA,NA,NA,Y,NA,A,01,0,0,2,0,0,0,0,0,0,-,-,34.16184997558594,-118.31707763671876,LOS ANGELES,BURBANK,-118.3169174194336,34.161964416503906
84563098,2024,2025-02-04,1912,2024-11-20,1009,15490,NA,3,5,6,1912,0,0,0,NA,0,NA,BURBANK BOULEVARD,EDISON BOULEVARD,0,NA,Y,A,-,N,NA,NA,NA,NA,NA,NA,NA,NA,NA,N,4,0,2,2,A,-,12,21453,A,N,D,C,A,A,H,-,A,A,0,NA,NA,NA,NA,Y,NA,A,01,0,0,2,0,0,0,0,0,0,-,-,NA,NA,LOS ANGELES,BURBANK,-118.35025024414064,34.1746826171875
84563101,2024,2025-02-04,1912,2024-11-21,706,15490,NA,4,5,6,1912,0,0,0,NA,0,NA,THORNTON AVENUE,BUENA VISTA STREET,0,NA,Y,A,-,N,NA,NA,NA,NA,NA,NA,NA,NA,NA,N,3,0,1,2,A,-,10,21950,A,N,G,B,B,A,H,-,A,A,0,Y,NA,NA,NA,Y,NA,D,22,0,1,0,0,1,0,0,0,0,-,-,NA,NA,LOS ANGELES,BURBANK,-118.33795928955078,34.195518493652344
84563107,2024,2025-02-04,1912,2024-11-21,951,15490,NA,4,5,6,1912,0,0,0,NA,0,NA,CLARK AVENUE,ROSEMARY LANE,0,NA,Y,A,-,N,NA,NA,NA,NA,NA,NA,NA,NA,NA,N,1,1,0,2,A,-,09,21802,A,N,D,G,A,A,H,-,A,A,0,NA,Y,NA,NA,Y,NA,A,01,0,0,0,0,0,1,0,0,0,-,-,NA,NA,LOS ANGELES,BURBANK,-118.3402099609375,34.166107177734375
84563110,2024,2025-02-04,1912,2024-11-21,1218,13208,NA,4,5,6,1912,0,0,0,NA,0,NA,ORANGE GROVE AVENUE,1ST STREET,0,NA,Y,A,-,N,NA,NA,NA,NA,NA,NA,NA,NA,NA,N,2,0,1,2,A,-,10,21950,C,N,G,B,B,A,H,-,A,A,0,Y,NA,NA,NA,Y,NA,A,01,1,0,0,0,1,0,0,0,0,-,-,34.180419921875,-118.3110122680664,LOS ANGELES,BURBANK,-118.31101989746094,34.180442810058594
84563113,2024,2025-02-04,1912,2024-11-21,1755,14849,NA,4,5,6,1912,0,0,0,NA,0,NA,VANOWEN STREET,LIMA STREET,0,NA,Y,A,-,N,NA,NA,NA,NA,NA,NA,NA,NA,NA,N,3,0,1,2,D,-,00,NA,NA,F,C,G,A,A,H,-,C,A,0,NA,Y,NA,NA,Y,Y,-,-,0,1,0,0,0,0,1,0,0,-,-,34.19126892089844,-118.34683990478516,LOS ANGELES,BURBANK,-118.34677886962892,34.19137954711914
84563114,2024,2025-02-04,1912,2024-11-22,1509,16483,NA,5,5,6,1912,0,0,0,NA,0,NA,ALAMEDA AVENUE,SAN FERNANDO BOULEVARD,52,E,N,A,-,N,NA,NA,NA,NA,NA,NA,NA,NA,NA,N,3,0,1,2,A,-,05,21650,NA,N,D,G,A,A,H,-,A,D,0,NA,Y,NA,NA,Y,NA,M,91,0,1,0,0,0,0,1,0,0,-,-,34.1744384765625,-118.29988861083984,LOS ANGELES,BURBANK,-118.29976654052734,34.17452621459961
84563116,2024,2025-02-04,1912,2024-11-22,1335,15259,NA,5,5,6,1912,0,0,0,NA,0,NA,KEYSTONE STREET,CLARK AVENUE,0,NA,Y,A,-,N,NA,NA,NA,NA,NA,NA,NA,NA,NA,N,3,0,1,2,A,-,10,21950,A,N,G,B,B,A,H,-,A,D,0,Y,NA,NA,NA,Y,NA,A,07,0,1,0,0,1,0,0,0,0,-,-,34.169891357421875,-118.32897186279295,LOS ANGELES,BURBANK,-118.32894897460938,34.16988754272461
84563117,2024,2025-02-04,1912,2024-11-23,1351,15506,NA,6,5,6,1912,0,0,0,NA,0,NA,HOLLYWOOD WAY,VICTORY BOULEVARD,195,N,N,A,-,N,NA,NA,NA,NA,NA,NA,NA,NA,NA,N,3,0,2,2,A,-,08,22107,NA,N,D,C,A,A,H,-,A,D,0,NA,NA,NA,NA,Y,NA,A,01,0,2,0,0,0,0,0,0,0,-,-,34.18465042114258,-118.34922027587892,LOS ANGELES,BURBANK,-118.34915161132813,34.18525314331055
84563124,2024,2025-02-04,1912,2024-11-28,1917,14849,NA,4,5,6,1912,0,0,0,NA,0,NA,VICTORY BOULEVARD,VERDUGO AVENUE,0,NA,Y,A,-,N,NA,NA,NA,NA,NA,NA,NA,NA,NA,N,2,0,2,2,A,-,12,21453,A,N,D,C,A,A,H,-,C,A,0,NA,NA,Y,NA,Y,NA,C,02,1,0,1,0,0,0,0,0,1,-,-,34.17055892944336,-118.31504058837892,LOS ANGELES,BURBANK,-118.31507873535156,34.170570373535156
84563129,2024,2025-02-04,1912,2024-11-30,1448,15351,NA,6,5,6,1912,0,0,0,NA,0,NA,ALAMEDA AVENUE,SHELTON STREET,359,E,N,A,-,N,NA,NA,NA,NA,NA,NA,NA,NA,NA,N,3,0,1,2,A,-,08,22107,NA,N,B,C,A,A,H,-,A,A,0,NA,NA,NA,NA,Y,NA,A,01,0,1,0,0,0,0,0,0,0,-,-,34.16265106201172,-118.3149185180664,LOS ANGELES,BURBANK,-118.31385040283205,34.16299057006836
84563132,2024,2025-02-04,1912,2024-12-02,1519,13387,NA,1,5,6,1912,0,0,0,NA,0,NA,GLENOAKS BOULEVARD,OLIVE AVENUE,7,E,N,A,-,N,NA,NA,NA,NA,NA,NA,NA,NA,NA,N,3,0,2,3,A,-,10,21950,A,N,G,B,B,A,H,-,A,A,0,Y,NA,NA,NA,Y,NA,A,01,0,2,0,0,2,0,0,0,0,-,-,34.18318176269531,-118.30622863769533,LOS ANGELES,BURBANK,-118.30626678466795,34.18321990966797
84563133,2024,2025-02-04,1912,2024-12-02,1544,13072,NA,1,5,6,1912,0,0,0,NA,0,NA,OLIVE AVENUE,7TH STREET,0,NA,Y,A,-,N,NA,NA,NA,NA,NA,NA,NA,NA,NA,Y,3,0,1,2,A,-,09,21802,A,N,D,C,A,A,H,-,A,A,0,NA,NA,NA,NA,Y,NA,A,01,0,1,0,0,0,0,0,0,0,-,-,NA,NA,LOS ANGELES,BURBANK,-118.30262756347656,34.18665313720703
84563135,2024,2025-02-04,1912,2024-12-02,1553,13387,NA,1,5,6,1912,0,0,0,NA,0,NA,GLENOAKS BOULEVARD,ORANGE GROVE AVENUE,115,S,N,A,-,N,NA,NA,NA,NA,NA,NA,NA,NA,NA,Y,4,0,1,2,A,-,03,22350,NA,N,C,C,A,A,H,-,A,D,0,NA,NA,NA,NA,Y,NA,A,01,0,0,1,0,0,0,0,0,0,-,-,34.18394088745117,-118.30728149414064,LOS ANGELES,BURBANK,-118.30697631835938,34.183753967285156
84563136,2024,2025-02-04,1912,2024-12-03,1204,13813,NA,2,5,6,1912,0,0,0,NA,0,NA,HARVARD ROAD,6TH STREET,0,NA,Y,A,-,N,NA,NA,NA,NA,NA,NA,NA,NA,NA,N,4,0,1,2,A,-,12,22450,A,N,D,C,A,A,H,-,A,A,0,NA,NA,NA,NA,Y,NA,A,01,0,0,1,0,0,0,0,0,0,-,-,34.18962860107422,-118.30975341796876,LOS ANGELES,BURBANK,-118.30970001220705,34.1898193359375
84563137,2024,2025-02-04,1912,2024-12-03,1809,15482,NA,2,5,6,1912,0,0,0,NA,0,NA,SAN FERNANDO BOULEVARD,GRINNELL DRIVE,0,NA,Y,A,-,N,NA,NA,NA,NA,NA,NA,NA,NA,NA,N,4,0,2,2,A,-,08,22107,NA,N,B,C,A,A,H,-,C,D,0,NA,NA,NA,NA,Y,NA,A,01,0,0,2,0,0,0,0,0,0,-,-,34.1855583190918,-118.31511688232422,LOS ANGELES,BURBANK,-118.31515502929688,34.1855354309082
84563138,2024,2025-02-04,1912,2024-12-05,708,15490,NA,4,5,6,1912,0,0,0,NA,0,NA,BUENA VISTA STREET,EMPIRE AVENUE,0,NA,Y,A,-,N,NA,NA,NA,NA,NA,NA,NA,NA,NA,Y,3,0,1,2,A,-,12,21453,A,N,D,C,A,A,H,-,A,A,0,NA,NA,NA,NA,Y,NA,A,07,0,1,0,0,0,0,0,0,0,-,-,NA,NA,LOS ANGELES,BURBANK,-118.33802795410156,34.19181823730469
84563139,2024,2025-02-04,1912,2024-12-05,1116,13813,NA,4,5,6,1912,0,0,0,NA,0,NA,ALAMEDA AVENUE,HOLLYWOOD WAY,0,NA,Y,A,-,N,NA,NA,NA,NA,NA,NA,NA,NA,NA,N,3,0,2,2,A,-,12,21453,A,N,D,C,A,A,H,-,A,A,0,NA,NA,NA,NA,Y,NA,A,01,0,1,1,0,0,0,0,0,0,-,-,34.15406036376953,-118.34056091308594,LOS ANGELES,BURBANK,-118.34031677246094,34.15415573120117
84563140,2024,2025-02-05,1912,2024-12-05,1318,15490,NA,4,5,6,1912,0,0,0,NA,0,NA,BURBANK BOULEVARD,ONTARIO STREET (W),17,W,N,A,-,N,NA,NA,NA,NA,NA,NA,NA,NA,NA,N,4,0,2,3,A,-,03,22350,NA,F,C,C,A,A,H,-,A,A,0,NA,NA,NA,NA,Y,NA,A,01,0,0,2,0,0,0,0,0,0,-,-,NA,NA,LOS ANGELES,BURBANK,-118.34529113769533,34.176353454589844
84563142,2024,2025-02-04,1912,2024-12-05,1710,14849,NA,4,5,6,1912,0,0,0,NA,0,NA,BUENA VISTA STREET,CLARK AVENUE,390,N,N,A,-,N,NA,NA,NA,NA,NA,NA,NA,NA,NA,N,4,0,1,2,A,-,03,22350,NA,N,C,C,A,A,H,-,A,A,0,NA,NA,NA,NA,Y,NA,A,01,0,0,1,0,0,0,0,0,0,-,-,34.168521881103516,-118.33307647705078,LOS ANGELES,BURBANK,-118.3335418701172,34.16948318481445
84563147,2024,2025-02-04,1912,2024-12-06,1348,13813,NA,5,5,6,1912,0,0,0,NA,0,NA,3RD STREET,BURBANK BOULEVARD,0,NA,Y,A,-,N,NA,NA,NA,NA,NA,NA,NA,NA,NA,N,4,0,2,2,A,-,09,21801,A,N,A,C,A,A,A,-,A,A,0,NA,NA,NA,NA,Y,NA,A,01,0,0,2,0,0,0,0,0,0,-,-,34.18743133544922,-118.31482696533205,LOS ANGELES,BURBANK,-118.31484985351564,34.187435150146484