CASE_ID,ACCIDENT_YEAR,PROC_DATE,JURIS,COLLISION_DATE,COLLISION_TIME,OFFICER_ID,REPORTING_DISTRICT,DAY_OF_WEEK,CHP_SHIFT,POPULATION,CNTY_CITY_LOC,SPECIAL_COND,BEAT_TYPE,CHP_BEAT_TYPE,CITY_DIVISION_LAPD,CHP_BEAT_CLASS,BEAT_NUMBER,PRIMARY_RD,SECONDARY_RD,DISTANCE,DIRECTION,INTERSECTION,WEATHER_1,WEATHER_2,STATE_HWY_IND,CALTRANS_COUNTY,CALTRANS_DISTRICT,STATE_ROUTE,ROUTE_SUFFIX,POSTMILE_PREFIX,POSTMILE,LOCATION_TYPE,RAMP_INTERSECTION,SIDE_OF_HWY,TOW_AWAY,COLLISION_SEVERITY,NUMBER_KILLED,NUMBER_INJURED,PARTY_COUNT,PRIMARY_COLL_FACTOR,PCF_CODE_OF_VIOL,PCF_VIOL_CATEGORY,PCF_VIOLATION,PCF_VIOL_SUBSECTION,HIT_AND_RUN,TYPE_OF_COLLISION,MVIW,PED_ACTION,ROAD_SURFACE,ROAD_COND_1,ROAD_COND_2,LIGHTING,CONTROL_DEVICE,CHP_ROAD_TYPE,PEDESTRIAN_ACCIDENT,BICYCLE_ACCIDENT,MOTORCYCLE_ACCIDENT,TRUCK_ACCIDENT,NOT_PRIVATE_PROPERTY,ALCOHOL_INVOLVED,STWD_VEHTYPE_AT_FAULT,CHP_VEHTYPE_AT_FAULT,COUNT_SEVERE_INJ,COUNT_VISIBLE_INJ,COUNT_COMPLAINT_PAIN,COUNT_PED_KILLED,COUNT_PED_INJURED,COUNT_BICYCLIST_KILLED,COUNT_BICYCLIST_INJURED,COUNT_MC_KILLED,COUNT_MC_INJURED,PRIMARY_RAMP,SECONDARY_RAMP,LATITUDE,LONGITUDE,COUNTY,CITY,POINT_X,POINT_Y
84569693,2025,2025-02-07,1933,2025-01-29,1941,960,NA,3,5,6,1933,0,0,0,NA,0,004,CRENSHAW BLVD,102ND ST,213,S,N,A,-,N,NA,NA,NA,NA,NA,NA,NA,NA,NA,N,4,0,1,2,A,-,08,22107,NA,F,B,C,A,A,H,-,C,A,0,NA,NA,NA,NA,Y,NA,A,01,0,0,1,0,0,0,0,0,0,-,-,33.943641662597656,-118.32649230957033,LOS ANGELES,INGLEWOOD,-118.32655334472656,33.94303512573242
84569694,2025,2025-02-07,1933,2025-02-03,1309,812,NA,1,5,6,1933,0,0,0,NA,0,003,PRAIRIE AV,PINCAY DR,0,NA,Y,B,-,N,NA,NA,NA,NA,NA,NA,NA,NA,NA,Y,4,0,2,2,A,-,09,21801,A,N,D,C,A,A,H,-,A,A,0,NA,NA,NA,NA,Y,NA,A,01,0,0,2,0,0,0,0,0,0,-,-,33.956790924072266,-118.34388732910156,LOS ANGELES,INGLEWOOD,-118.3439483642578,33.956729888916016
84569695,2025,2025-02-07,1933,2025-01-05,1217,913,NA,7,5,6,1933,0,0,0,NA,0,003,CENTURY BLVD,3RD AV,0,NA,Y,C,-,N,NA,NA,NA,NA,NA,NA,NA,NA,NA,Y,4,0,1,1,A,-,03,22350,NA,N,E,I,A,B,H,-,A,D,0,NA,NA,NA,NA,Y,NA,A,01,0,0,1,0,0,0,0,0,0,-,-,33.94548034667969,-118.31992340087892,LOS ANGELES,INGLEWOOD,-118.3199462890625,33.94550704956055
84569704,2025,2025-02-07,1955,2025-01-03,1153,43138,NA,5,5,6,1955,0,0,0,NA,0,005,WHITE AVE,PHILLIPS BLVD,0,NA,Y,B,-,N,NA,NA,NA,NA,NA,NA,NA,NA,NA,Y,3,0,2,2,A,-,12,21453,A,N,D,C,A,A,H,-,A,A,0,NA,NA,NA,NA,Y,NA,-,-,0,1,1,0,0,0,0,0,0,-,-,34.044010162353516,-117.75840759277344,LOS ANGELES,POMONA,-117.75839233398438,34.04399490356445
84569955,2025,2025-02-07,1910,2025-02-04,1424,430,NA,2,5,4,1910,0,0,0,NA,0,004,N BEVERLY DR,LEXINGTON DR,300,S,N,A,-,N,NA,NA,NA,NA,NA,NA,NA,NA,NA,Y,3,0,2,2,A,-,08,22107,NA,N,D,C,A,A,H,-,A,D,0,NA,NA,NA,NA,Y,NA,A,01,0,2,0,0,0,0,0,0,0,-,-,34.082740783691406,-118.41200256347656,LOS ANGELES,BEVERLY HILLS,-118.41244506835938,34.08478927612305
84570458,2024,2025-02-10,1901,2024-09-16,1227,136,NA,1,5,5,1901,0,0,0,NA,0,002,MISSION RD,HIDALGO AVE,0,NA,Y,A,-,N,NA,NA,NA,NA,NA,NA,NA,NA,NA,N,4,0,1,2,A,-,09,21802,A,N,D,G,A,A,H,-,A,A,0,NA,Y,NA,NA,Y,NA,A,01,0,0,1,0,0,0,1,0,0,-,-,34.09272003173828,-118.11598205566406,LOS ANGELES,ALHAMBRA,-118.1159210205078,34.09270095825195
84570460,2025,2025-02-10,1975,2025-01-21,1324,494,NA,2,5,6,1975,0,0,0,NA,0,004,VINCENT AV,RT 10 EB ONRAMP (N),292,N,N,A,-,N,NA,NA,NA,NA,NA,NA,NA,NA,NA,Y,1,1,0,2,A,-,11,21950,B,N,G,B,D,A,H,-,A,D,0,Y,NA,NA,NA,Y,NA,N,60,0,0,0,1,0,0,0,0,0,-,-,34.07204818725586,-117.92674255371094,LOS ANGELES,WEST COVINA,NA,NA
84570461,2025,2025-02-10,1975,2025-01-27,1916,505,NA,1,5,6,1975,0,0,0,NA,0,NA,AZUSA AV,FAIRGROVE AV,0,NA,Y,A,-,N,NA,NA,NA,NA,NA,NA,NA,NA,NA,Y,2,0,1,2,A,-,11,21456,A,N,G,B,B,A,H,-,C,A,0,Y,NA,NA,NA,Y,NA,-,-,1,0,0,0,1,0,0,0,0,-,-,34.04314041137695,-117.91105651855467,LOS ANGELES,WEST COVINA,-117.91114807128906,34.04314041137695
84570462,2024,2025-02-10,1901,2024-10-03,1907,114,NA,4,5,5,1901,0,0,0,NA,0,003,COMMONWEALTH AVE,DATE AVE,0,NA,Y,A,-,N,NA,NA,NA,NA,NA,NA,NA,NA,NA,Y,3,0,1,2,A,-,12,21453,A,N,G,B,B,A,H,-,C,A,0,Y,NA,NA,NA,Y,NA,A,01,0,1,0,0,1,0,0,0,0,-,-,34.08784866333008,-118.14820098876952,LOS ANGELES,ALHAMBRA,-118.14818572998048,34.08784103393555
84570464,2024,2025-03-18,1912,2024-12-27,2020,14849,NA,5,5,6,1912,0,0,0,NA,0,NA,VICTORY BOULEVARD,BRIGHTON STREET,15,W,N,A,-,N,NA,NA,NA,NA,NA,NA,NA,NA,NA,Y,2,0,1,2,A,-,08,22100,B,N,D,C,A,A,H,-,C,A,0,NA,NA,Y,NA,Y,NA,A,01,1,0,0,0,0,0,0,0,1,-,-,34.18452072143555,-118.33709716796876,LOS ANGELES,BURBANK,-118.3371810913086,34.1845703125
84570466,2024,2025-02-10,1901,2024-10-20,930,209,NA,7,5,5,1901,0,0,0,NA,0,003,MAIN ST,POPLAR BLVD,0,NA,Y,A,-,N,NA,NA,NA,NA,NA,NA,NA,NA,NA,Y,4,0,3,2,A,-,09,21801,A,N,D,C,A,A,H,-,A,A,0,NA,NA,NA,NA,Y,NA,A,07,0,0,3,0,0,0,0,0,0,-,-,34.09220886230469,-118.14685821533205,LOS ANGELES,ALHAMBRA,-118.14691162109376,34.09214401245117
84570467,2024,2025-02-10,1901,2024-10-20,1616,209,NA,7,5,5,1901,0,0,0,NA,0,003,ALHAMBRA RD,CURTIS AVE (W),0,NA,Y,A,-,N,NA,NA,NA,NA,NA,NA,NA,NA,NA,Y,4,0,2,2,A,-,08,22107,NA,N,C,E,A,A,H,-,A,A,0,NA,NA,NA,NA,Y,NA,A,07,0,0,2,0,0,0,0,0,0,-,-,34.09870910644531,-118.13719177246094,LOS ANGELES,ALHAMBRA,-118.13719177246094,34.098731994628906
84570471,2024,2025-02-10,1901,2024-10-31,1753,631,NA,4,5,5,1901,0,0,0,NA,0,001,MISSION RD,CHAPEL AVE,0,NA,Y,A,-,N,NA,NA,NA,NA,NA,NA,NA,NA,NA,N,4,0,2,2,A,-,09,21801,A,N,D,C,A,A,H,-,B,A,0,NA,NA,NA,NA,Y,NA,A,07,0,0,2,0,0,0,0,0,0,-,-,34.090980529785156,-118.11981964111328,LOS ANGELES,ALHAMBRA,-118.11975860595705,34.09103775024414
84570476,2024,2025-02-26,1901,2024-10-10,2009,136,NA,4,5,5,1901,0,0,0,NA,0,001,MAIN ST,GARFIELD AVE,0,NA,Y,A,-,N,NA,NA,NA,NA,NA,NA,NA,NA,NA,Y,4,0,1,2,A,-,12,21453,A,N,D,C,A,A,H,-,C,A,0,NA,NA,NA,NA,Y,NA,A,01,0,0,1,0,0,0,0,0,0,-,-,34.09518814086914,-118.12689208984376,LOS ANGELES,ALHAMBRA,-118.12683868408205,34.09516906738281
84570478,2025,2025-02-10,1912,2025-01-06,1715,11832,NA,1,5,6,1912,0,0,0,NA,0,NA,OLIVE AVENUE,SAN FERNANDO BOULEVARD,190,E,N,A,-,N,NA,NA,NA,NA,NA,NA,NA,NA,NA,N,4,0,1,2,A,-,10,21954,B,N,G,B,F,A,H,-,B,D,0,Y,NA,NA,NA,Y,NA,A,01,0,0,1,0,1,0,0,0,0,-,-,NA,NA,LOS ANGELES,BURBANK,-118.30833435058594,34.1812744140625
84570479,2024,2025-02-10,1901,2024-11-07,947,119,NA,4,5,5,1901,0,0,0,NA,0,003,ATLANTIC BLVD,ALHAMBRA RD,110,S,N,A,-,N,NA,NA,NA,NA,NA,NA,NA,NA,NA,Y,4,0,1,2,A,-,09,21801,A,N,D,C,A,A,H,-,A,D,0,NA,NA,NA,NA,Y,NA,A,01,0,0,1,0,0,0,0,0,0,-,-,34.09878921508789,-118.13469696044922,LOS ANGELES,ALHAMBRA,-118.13468933105467,34.09845733642578
84570481,2024,2025-02-10,1901,2024-11-08,2218,136,NA,5,5,5,1901,0,0,0,NA,0,002,1131 SOUTH GARFIELD AVENUE,SAN MARINO AVE,390,S,N,A,-,N,NA,NA,NA,NA,NA,NA,NA,NA,NA,Y,4,0,1,2,A,-,08,22107,NA,N,C,E,A,A,H,-,C,A,0,NA,NA,NA,NA,Y,Y,A,01,0,0,1,0,0,0,0,0,0,-,-,NA,NA,LOS ANGELES,ALHAMBRA,-118.12306213378906,34.08169937133789
84570482,2024,2025-02-10,1901,2024-11-09,1019,106,NA,6,5,5,1901,0,0,0,NA,0,002,GARFIELD AVE,GLENDON WY,105,S,N,A,-,N,NA,NA,NA,NA,NA,NA,NA,NA,NA,N,4,0,1,2,A,-,04,21703,NA,N,C,C,A,A,H,-,A,A,0,NA,NA,NA,NA,Y,NA,D,22,0,0,1,0,0,0,0,0,0,-,-,34.074058532714844,-118.12300872802734,LOS ANGELES,ALHAMBRA,-118.12297821044922,34.07377243041992
84570483,2024,2025-02-10,1901,2024-11-12,952,119,NA,2,5,5,1901,0,0,0,NA,0,NA,VALLEY BLVD,MARKET LN,0,NA,Y,A,-,N,NA,NA,NA,NA,NA,NA,NA,NA,NA,N,4,0,1,2,A,-,08,22107,NA,N,C,C,A,A,H,-,A,D,0,NA,NA,NA,NA,Y,NA,A,01,0,0,1,0,0,0,0,0,0,-,-,34.079139709472656,-118.11247253417967,LOS ANGELES,ALHAMBRA,-118.11244201660156,34.07912826538086
84570485,2024,2025-02-10,1901,2024-11-15,1545,203,NA,5,5,5,1901,0,0,0,NA,0,002,VALLEY BLVD,ALMANSOR ST,0,NA,Y,A,-,N,NA,NA,NA,NA,NA,NA,NA,NA,NA,N,2,0,1,2,A,-,09,21801,A,N,D,G,A,A,H,-,A,A,0,NA,Y,NA,NA,Y,NA,A,01,1,0,0,0,0,0,1,0,0,-,-,34.07892990112305,-118.1169204711914,LOS ANGELES,ALHAMBRA,-118.11690521240234,34.07884979248047
84570487,2024,2025-02-10,1901,2024-11-14,1825,116,NA,4,5,5,1901,0,0,0,NA,0,002,VALLEY BLVD,9TH ST,0,NA,Y,A,-,N,NA,NA,NA,NA,NA,NA,NA,NA,NA,Y,3,0,1,2,-,-,-,NA,NA,N,D,C,A,A,H,-,C,A,0,NA,NA,NA,NA,Y,NA,-,-,0,1,0,0,0,0,0,0,0,-,-,34.0779914855957,-118.13316345214844,LOS ANGELES,ALHAMBRA,-118.13317108154295,34.07798767089844
84570491,2024,2025-02-10,1901,2024-11-21,1058,112,NA,4,5,5,1901,0,0,0,NA,0,001,ATLANTIC BLVD,GARFIELD AVE,0,NA,Y,A,-,N,NA,NA,NA,NA,NA,NA,NA,NA,NA,Y,4,0,1,2,A,-,12,21453,A,N,D,C,A,A,H,-,A,A,0,NA,NA,NA,NA,Y,NA,A,01,0,0,1,0,0,0,0,0,0,-,-,34.105751037597656,-118.1347198486328,LOS ANGELES,ALHAMBRA,-118.13471221923828,34.105735778808594
84570493,2024,2025-02-10,1901,2024-11-22,1350,142,NA,5,5,5,1901,0,0,0,NA,0,003,ATLANTIC BLVD,PINE ST,10,N,N,A,-,N,NA,NA,NA,NA,NA,NA,NA,NA,NA,N,3,0,1,2,A,-,03,22350,NA,N,C,C,A,A,H,-,A,A,0,NA,NA,NA,NA,Y,NA,A,01,0,1,0,0,0,0,0,0,0,-,-,34.104061126708984,-118.13469696044922,LOS ANGELES,ALHAMBRA,-118.13471221923828,34.104087829589844
84570494,2024,2025-02-10,1901,2024-11-23,1550,142,NA,6,5,5,1901,0,0,0,NA,0,003,MARGUERITA AVE,COMMONWEALTH AVE,0,NA,Y,A,-,N,NA,NA,NA,NA,NA,NA,NA,NA,NA,N,2,0,1,2,A,-,12,22450,A,N,D,G,A,A,H,-,A,D,0,NA,Y,NA,NA,Y,NA,L,04,1,0,0,0,0,0,1,0,0,-,-,34.08740997314453,-118.13829040527344,LOS ANGELES,ALHAMBRA,-118.13826751708984,34.08740997314453
84570495,2024,2025-02-10,1901,2024-11-22,1603,103,NA,5,5,5,1901,0,0,0,NA,0,002,GARFIELD AVE,LOS HIGOS ST,11,E,N,A,-,N,NA,NA,NA,NA,NA,NA,NA,NA,NA,N,3,0,1,2,A,-,10,21950,A,N,G,B,B,A,H,-,A,A,0,Y,NA,NA,NA,Y,NA,A,01,0,1,0,0,1,0,0,0,0,-,-,34.085670471191406,-118.1230926513672,LOS ANGELES,ALHAMBRA,-118.12306213378906,34.085750579833984
84570498,2024,2025-02-10,1901,2024-11-23,1758,654,NA,6,5,5,1901,0,0,0,NA,0,004,MARENGO AVE,VALLEY BLVD,176,N,N,A,-,N,NA,NA,NA,NA,NA,NA,NA,NA,NA,N,4,0,1,2,A,-,09,21804,A,M,D,C,A,A,H,-,A,A,0,NA,NA,NA,NA,Y,NA,-,99,0,0,1,0,0,0,0,0,0,-,-,NA,NA,LOS ANGELES,ALHAMBRA,-118.14192199707033,34.07802200317383
84570499,2024,2025-02-10,1901,2024-11-23,2242,103,NA,6,5,5,1901,0,0,0,NA,0,002,VALLEY BLVD,STONEMAN AVE,30,W,N,A,-,N,NA,NA,NA,NA,NA,NA,NA,NA,NA,Y,2,0,1,1,A,-,01,23152,NA,N,E,I,A,A,H,-,C,D,0,NA,NA,NA,NA,Y,Y,A,07,1,0,0,0,0,0,0,0,0,-,-,34.07862091064453,-118.12193298339844,LOS ANGELES,ALHAMBRA,-118.12205505371094,34.078575134277344
84570501,2024,2025-03-06,1901,2024-11-24,2139,142,NA,7,5,5,1901,0,0,0,NA,0,004,VALLEY BLVD,MERIDIAN AVE,0,NA,Y,A,-,N,NA,NA,NA,NA,NA,NA,NA,NA,NA,Y,3,0,1,2,A,-,16,24002,A,N,B,C,A,A,H,-,C,D,0,NA,NA,NA,NA,Y,NA,A,01,0,1,0,0,0,0,0,0,0,-,-,34.076751708984375,-118.1539306640625,LOS ANGELES,ALHAMBRA,-118.15389251708984,34.07676315307617
84570502,2024,2025-02-10,1901,2024-11-29,1912,290,NA,5,5,5,1901,0,0,0,NA,0,004,GARVEY AVE,RAMONA RD,110,W,N,A,-,N,NA,NA,NA,NA,NA,NA,NA,NA,NA,Y,2,0,3,2,A,-,08,22103,NA,F,D,C,A,A,H,-,A,D,0,NA,NA,NA,NA,Y,NA,A,01,1,0,2,0,0,0,0,0,0,-,-,34.0654411315918,-118.15553283691406,LOS ANGELES,ALHAMBRA,-118.15579223632813,34.0654296875
84570505,2024,2025-02-10,1901,2024-12-01,1504,106,NA,7,5,5,1901,0,0,0,NA,0,002,GARFIELD AVE,GLENDON WY,0,NA,Y,A,-,N,NA,NA,NA,NA,NA,NA,NA,NA,NA,Y,4,0,1,2,A,-,12,21453,A,N,D,C,A,A,H,-,A,A,0,NA,NA,NA,NA,Y,NA,A,01,0,0,1,0,0,0,0,0,0,-,-,34.07392120361328,-118.13449096679688,LOS ANGELES,ALHAMBRA,-118.12297821044922,34.07406234741211
84570506,2024,2025-02-10,1901,2024-12-01,1622,133,NA,7,5,5,1901,0,0,0,NA,0,001,MAIN ST,EL MOLINO ST,0,W,Y,A,-,N,NA,NA,NA,NA,NA,NA,NA,NA,NA,N,2,0,1,2,A,-,12,21453,A,F,G,B,B,A,H,-,A,A,0,Y,NA,NA,NA,Y,NA,A,01,1,0,0,0,1,0,0,0,0,-,-,34.10049057006836,-118.11569213867188,LOS ANGELES,ALHAMBRA,-118.11566925048828,34.10047912597656
84570509,2024,2025-02-10,1901,2024-12-02,1706,106,NA,1,5,5,1901,0,0,0,NA,0,004,VALLEY BLVD,ELM ST,0,NA,Y,A,-,N,NA,NA,NA,NA,NA,NA,NA,NA,NA,N,4,0,1,3,A,-,09,21802,A,N,D,C,A,A,H,-,C,A,0,NA,NA,NA,NA,Y,NA,A,07,0,0,1,0,0,0,0,0,0,-,-,34.07698059082031,-118.15078735351564,LOS ANGELES,ALHAMBRA,-118.15086364746094,34.076961517333984
84570600,2025,2025-02-12,1922,2025-01-12,2118,658,NA,7,5,6,1922,0,0,0,NA,0,004,DURFEE AVE,VALLEY BLVD,0,NA,Y,A,-,N,NA,NA,NA,NA,NA,NA,NA,NA,NA,Y,4,0,1,2,A,-,12,21453,A,N,D,C,A,A,H,-,C,A,0,NA,NA,NA,NA,Y,NA,J,48,0,0,1,0,0,0,0,0,0,-,-,34.05978012084961,-118.01329040527344,LOS ANGELES,EL MONTE,-118.01325225830078,34.05972671508789
84570606,2025,2025-02-11,1925,2025-01-18,1903,28942,NA,6,5,6,1925,0,0,0,NA,0,003,COLORADO STREET,CHEVY CHASE DRIVE,0,NA,Y,A,-,N,NA,NA,NA,NA,NA,NA,NA,NA,NA,Y,4,0,2,2,A,-,12,21453,A,N,D,D,A,A,H,-,B,A,0,NA,NA,NA,NA,Y,NA,A,07,0,0,2,0,0,0,0,0,0,-,-,NA,NA,LOS ANGELES,GLENDALE,-118.23960876464844,34.142635345458984
84570607,2025,2025-02-10,1925,2025-01-23,1548,28922,NA,4,5,6,1925,0,0,0,NA,0,004,BRAND BOULEVARD,GOODE AVENUE,0,NA,Y,A,-,N,NA,NA,NA,NA,NA,NA,NA,NA,NA,Y,4,0,2,2,A,-,12,21453,A,N,D,C,A,A,H,-,A,A,0,NA,NA,NA,NA,Y,NA,A,07,0,0,2,0,0,0,0,0,0,-,-,34.156761169433594,-118.25507354736328,LOS ANGELES,GLENDALE,-118.2551498413086,34.15676498413086
84570612,2025,2025-03-04,1925,2025-01-27,1420,28418,NA,1,5,6,1925,0,0,0,NA,0,005,VERDUGO ROAD,SUNVIEW DRIVE,0,NA,Y,A,-,N,NA,NA,NA,NA,NA,NA,NA,NA,NA,N,3,0,2,3,C,-,18,NA,NA,N,G,B,B,A,H,-,A,D,0,Y,NA,NA,NA,Y,NA,-,-,0,1,1,0,2,0,0,0,0,-,-,34.20262145996094,-118.226806640625,LOS ANGELES,GLENDALE,-118.22693634033205,34.20260238647461
84570806,2024,2025-02-10,1912,2024-12-24,1059,13377,NA,2,5,6,1912,0,0,0,NA,0,NA,HOLLYWOOD WAY,CLARK AVENUE,770,N,N,B,-,N,NA,NA,NA,NA,NA,NA,NA,NA,NA,Y,4,0,1,2,A,-,09,21801,A,N,D,C,A,A,H,-,A,A,0,NA,NA,NA,NA,Y,NA,A,01,0,0,1,0,0,0,0,0,0,-,-,NA,NA,LOS ANGELES,BURBANK,-118.34626007080078,34.16636276245117
84570808,2025,2025-02-10,1912,2025-01-08,1211,13377,NA,3,5,6,1912,0,0,0,NA,0,NA,BUENA VISTA STREET,CHANDLER BOULEVARD,275,N,N,A,G,N,NA,NA,NA,NA,NA,NA,NA,NA,NA,Y,4,0,1,2,C,-,18,NA,NA,N,A,E,A,A,H,-,A,D,0,NA,NA,NA,NA,Y,NA,-,-,0,0,1,0,0,0,0,0,0,-,-,NA,NA,LOS ANGELES,BURBANK,-118.3367919921875,34.176170349121094
84570810,2025,2025-02-10,1905,2025-01-02,1753,1221,NA,4,5,4,1905,0,0,0,NA,0,002,SAN GABRIEL AV,METRO RR,218,N,-,A,-,N,NA,NA,NA,NA,NA,NA,NA,NA,NA,Y,4,0,2,3,A,-,08,22107,NA,N,B,C,A,A,H,-,C,A,0,NA,NA,NA,NA,Y,NA,A,01,0,0,2,0,0,0,0,0,0,-,-,34.13568878173828,-117.90875244140624,LOS ANGELES,AZUSA,NA,NA
84570816,2025,2025-02-10,1923,2025-01-28,2100,577,NA,2,5,3,1923,0,0,0,NA,0,003,DOUGLAS ST,PARK PL,0,NA,Y,A,-,N,NA,NA,NA,NA,NA,NA,NA,NA,NA,Y,3,0,1,2,A,-,12,22450,A,N,D,C,A,A,H,-,C,A,0,NA,NA,NA,NA,Y,NA,A,01,0,1,0,0,0,0,0,0,0,-,-,33.9043083190918,-118.3831787109375,LOS ANGELES,EL SEGUNDO,-118.38314819335938,33.90433120727539
84570873,2025,2025-02-10,1972,2025-01-23,47,23032,NA,4,5,6,1972,0,0,0,NA,0,NA,CRENSHAW BLVD,ROLLING HILLS ROAD,0,NA,Y,A,-,N,NA,NA,NA,NA,NA,NA,NA,NA,NA,N,3,0,1,2,A,-,12,21453,A,N,D,C,A,A,H,-,C,A,0,NA,NA,NA,NA,Y,NA,A,07,0,1,0,0,0,0,0,0,0,-,-,33.78826904296875,-118.3410873413086,LOS ANGELES,TORRANCE,-118.34085083007813,33.788448333740234
84570876,2025,2025-02-10,1972,2025-01-27,753,21239,NA,1,5,6,1972,0,0,0,NA,0,NA,ARTESIA BLVD,YUKON AVE,0,NA,Y,A,-,N,NA,NA,NA,NA,NA,NA,NA,NA,NA,N,3,0,1,2,A,-,08,22107,NA,N,B,C,A,A,H,-,A,A,0,NA,NA,NA,NA,Y,NA,A,01,0,1,0,0,0,0,0,0,0,-,-,33.87282943725586,-118.33513641357422,LOS ANGELES,TORRANCE,-118.3351821899414,33.87278747558594
84570877,2025,2025-02-10,1972,2025-01-28,1515,21151,NA,2,5,6,1972,0,0,0,NA,0,NA,3212 SEPULVEDA,MAPLE,530,E,N,A,-,N,NA,NA,NA,NA,NA,NA,NA,NA,NA,N,3,0,2,2,A,-,09,21804,A,N,D,C,A,A,H,-,A,D,0,NA,NA,NA,NA,Y,NA,A,01,0,2,0,0,0,0,0,0,0,-,-,NA,NA,LOS ANGELES,TORRANCE,-118.33816528320313,33.82383728027344
84570878,2025,2025-02-10,1925,2025-01-27,1900,21089,NA,1,5,6,1925,0,0,0,NA,0,004,GLENDALE AVENUE,WILSON AVENUE,0,NA,Y,A,-,N,NA,NA,NA,NA,NA,NA,NA,NA,NA,N,4,0,1,3,A,-,12,21453,A,N,D,C,A,A,H,-,C,A,0,NA,NA,NA,NA,Y,NA,A,07,0,0,1,0,0,0,0,0,0,-,-,NA,NA,LOS ANGELES,GLENDALE,-118.24645233154295,34.14815139770508
84570930,2024,2025-02-10,1955,2024-12-30,1733,43215,NA,1,5,6,1955,0,0,0,NA,0,003,INDIAN HILL BLVD,KEYSTONE AVE,288,S,N,A,-,N,NA,NA,NA,NA,NA,NA,NA,NA,NA,Y,3,0,1,2,A,-,09,21804,A,F,D,C,A,A,H,-,C,A,0,NA,NA,NA,NA,Y,NA,A,01,0,1,0,0,0,0,0,0,0,-,-,34.06597900390625,-117.71922302246094,LOS ANGELES,POMONA,-117.71920013427734,34.06500244140625
84570931,2024,2025-02-12,1955,2024-12-31,1915,43202,NA,2,5,6,1955,0,0,0,NA,0,004,RESERVOIR ST,7TH ST,6,N,N,A,-,N,NA,NA,NA,NA,NA,NA,NA,NA,NA,N,4,0,1,2,A,-,11,21954,A,N,G,B,E,A,H,-,D,D,0,Y,NA,NA,NA,Y,NA,N,60,0,0,1,0,1,0,0,0,0,-,-,34.05364990234375,-117.73252105712892,LOS ANGELES,POMONA,-117.73252868652344,34.05363464355469
84570932,2025,2025-02-10,1955,2025-01-04,1204,43110,NA,6,5,6,1955,0,0,0,NA,0,003,INDIAN HILL BLVD,LINCOLN AVE,0,NA,Y,A,-,N,NA,NA,NA,NA,NA,NA,NA,NA,NA,N,4,0,4,2,A,-,12,21453,A,N,D,C,A,A,H,-,A,A,0,NA,NA,NA,NA,Y,NA,D,22,0,0,4,0,0,0,0,0,0,-,-,34.07109069824219,-117.71923828125,LOS ANGELES,POMONA,-117.71923828125,34.0709114074707
84570934,2025,2025-02-10,1955,2025-01-07,227,42928,NA,2,5,6,1955,0,0,0,NA,0,001,ORANGE GROVE AVE,WHITE AVE,308,W,N,A,-,N,NA,NA,NA,NA,NA,NA,NA,NA,NA,N,3,0,1,2,A,-,01,23152,A,N,C,E,A,A,H,-,C,A,0,NA,NA,NA,NA,Y,Y,A,01,0,1,0,0,0,0,0,0,0,-,-,34.0696907043457,-117.75930786132813,LOS ANGELES,POMONA,-117.7602310180664,34.069183349609375
84571066,2025,2025-02-10,1905,2025-01-20,110,1202,NA,1,5,4,1905,0,0,0,NA,0,002,SANTA FE AV,AZUSA AV,20,E,-,A,-,N,NA,NA,NA,NA,NA,NA,NA,NA,NA,N,4,0,1,2,A,-,21,22106,NA,N,G,B,E,A,H,-,C,A,0,Y,NA,NA,NA,Y,NA,B,01,0,0,1,0,1,0,0,0,0,-,-,NA,NA,LOS ANGELES,AZUSA,-117.9074478149414,34.13520812988281
84571069,2025,2025-02-10,1967,2025-01-23,1749,159,NA,4,5,2,1967,0,0,0,NA,0,SOUTH,SR-1 (PACIFIC COAST HWY),FREEMAN AV,0,NA,Y,A,-,Y,NA,NA,NA,NA,NA,NA,NA,NA,NA,Y,2,0,1,2,A,-,09,21801,A,N,D,C,A,A,H,-,C,D,0,NA,NA,Y,NA,Y,NA,A,07,1,0,0,0,0,0,0,0,1,-,-,NA,NA,LOS ANGELES,SIGNAL HILL,-118.15570068359376,33.789859771728516
84571070,2025,2025-02-10,1967,2025-01-27,712,131,NA,1,5,2,1967,0,0,0,NA,0,NORTH,SPRING,CALIFORNIA AV,0,NA,Y,A,-,N,NA,NA,NA,NA,NA,NA,NA,NA,NA,Y,4,0,1,2,A,-,09,21801,A,N,D,C,A,A,H,-,A,A,0,NA,NA,NA,NA,Y,NA,D,22,0,0,1,0,0,0,0,0,0,-,-,NA,NA,LOS ANGELES,SIGNAL HILL,-118.18069458007813,33.811668395996094
84571071,2025,2025-02-10,1967,2025-01-27,800,107,NA,1,5,2,1967,0,0,0,NA,0,NORTH,SPRING,WALNUT AV,0,NA,Y,B,-,N,NA,NA,NA,NA,NA,NA,NA,NA,NA,Y,4,0,4,2,A,-,12,21453,A,N,D,C,A,B,H,-,A,A,0,NA,NA,NA,NA,Y,NA,A,01,0,0,4,0,0,0,0,0,0,-,-,NA,NA,LOS ANGELES,SIGNAL HILL,-118.17195892333984,33.811668395996094
84571083,2025,2025-02-10,1923,2025-01-23,1715,437,NA,4,5,3,1923,0,0,0,NA,0,001,VISTA DEL MAR,45TH ST,2373,N,N,A,-,N,NA,NA,NA,NA,NA,NA,NA,NA,NA,Y,2,0,1,1,A,-,03,22350,NA,N,E,J,A,A,H,-,C,A,0,NA,NA,Y,NA,Y,Y,C,02,1,0,0,0,0,0,0,0,1,-,-,33.90584182739258,-118.42069244384766,LOS ANGELES,EL SEGUNDO,-118.42418670654295,33.911521911621094