CASE_ID,ACCIDENT_YEAR,PROC_DATE,JURIS,COLLISION_DATE,COLLISION_TIME,OFFICER_ID,REPORTING_DISTRICT,DAY_OF_WEEK,CHP_SHIFT,POPULATION,CNTY_CITY_LOC,SPECIAL_COND,BEAT_TYPE,CHP_BEAT_TYPE,CITY_DIVISION_LAPD,CHP_BEAT_CLASS,BEAT_NUMBER,PRIMARY_RD,SECONDARY_RD,DISTANCE,DIRECTION,INTERSECTION,WEATHER_1,WEATHER_2,STATE_HWY_IND,CALTRANS_COUNTY,CALTRANS_DISTRICT,STATE_ROUTE,ROUTE_SUFFIX,POSTMILE_PREFIX,POSTMILE,LOCATION_TYPE,RAMP_INTERSECTION,SIDE_OF_HWY,TOW_AWAY,COLLISION_SEVERITY,NUMBER_KILLED,NUMBER_INJURED,PARTY_COUNT,PRIMARY_COLL_FACTOR,PCF_CODE_OF_VIOL,PCF_VIOL_CATEGORY,PCF_VIOLATION,PCF_VIOL_SUBSECTION,HIT_AND_RUN,TYPE_OF_COLLISION,MVIW,PED_ACTION,ROAD_SURFACE,ROAD_COND_1,ROAD_COND_2,LIGHTING,CONTROL_DEVICE,CHP_ROAD_TYPE,PEDESTRIAN_ACCIDENT,BICYCLE_ACCIDENT,MOTORCYCLE_ACCIDENT,TRUCK_ACCIDENT,NOT_PRIVATE_PROPERTY,ALCOHOL_INVOLVED,STWD_VEHTYPE_AT_FAULT,CHP_VEHTYPE_AT_FAULT,COUNT_SEVERE_INJ,COUNT_VISIBLE_INJ,COUNT_COMPLAINT_PAIN,COUNT_PED_KILLED,COUNT_PED_INJURED,COUNT_BICYCLIST_KILLED,COUNT_BICYCLIST_INJURED,COUNT_MC_KILLED,COUNT_MC_INJURED,PRIMARY_RAMP,SECONDARY_RAMP,LATITUDE,LONGITUDE,COUNTY,CITY,POINT_X,POINT_Y
84639004,2025,2025-04-07,1923,2025-03-20,533,489,NA,4,5,3,1923,0,0,0,NA,0,001,PACIFIC COAST HIGHWAY,HUGHES WY,0,NA,Y,A,-,Y,LA,NA,1,NA,NA,24.314,H,NA,L,Y,3,0,1,2,A,-,03,22350,NA,N,C,C,A,A,H,-,C,A,0,NA,NA,NA,NA,Y,NA,A,01,0,1,0,0,0,0,0,0,0,-,-,33.90774917602539,-118.3960189819336,LOS ANGELES,EL SEGUNDO,-118.3960418701172,33.90774917602539
84639005,2025,2025-04-07,1923,2025-03-25,924,528,NA,2,5,3,1923,0,0,0,NA,0,002,PACIFIC COAST HIGHWAY,PALM AVE,0,NA,Y,B,-,Y,LA,NA,1,NA,NA,25.545,H,NA,L,N,4,0,1,2,A,-,08,22101,D,N,D,C,A,A,H,-,A,A,0,NA,NA,NA,NA,Y,NA,A,07,0,0,1,0,0,0,0,0,0,-,-,33.92502975463867,-118.39631652832033,LOS ANGELES,EL SEGUNDO,-118.39638519287108,33.92502975463867
84639045,2025,2025-04-07,1922,2025-03-21,1809,605,NA,5,5,6,1922,0,0,0,NA,0,004,MOUNTAIN VIEW RD,GARVEY AVE,0,NA,Y,A,-,N,NA,NA,NA,NA,NA,NA,NA,NA,NA,N,3,0,1,2,A,-,12,21453,A,N,D,G,A,A,H,-,A,A,0,NA,Y,NA,NA,Y,NA,L,04,0,1,0,0,0,0,1,0,0,-,-,34.06283187866211,-118.02176666259766,LOS ANGELES,EL MONTE,-118.02173614501952,34.06283950805664
84640296,2025,2025-04-07,1942,2025-03-03,1140,38111,NA,1,5,7,1942,0,0,0,NA,0,1239,SLAUSON AVE,VERMONT AVE,0,NA,N,A,-,N,NA,NA,NA,NA,NA,NA,NA,NA,NA,N,4,0,1,2,A,-,21,22106,NA,F,G,B,F,A,H,-,A,D,0,Y,NA,NA,NA,Y,NA,-,-,0,0,1,0,1,0,0,0,0,-,-,NA,NA,LOS ANGELES,LOS ANGELES,-118.29146575927734,33.98912811279297
84640297,2025,2025-04-07,1942,2025-03-13,1625,40690,NA,4,5,7,1942,0,0,0,NA,0,1241,CRENSHAW BLVD,67TH ST,0,NA,Y,A,-,N,NA,NA,NA,NA,NA,NA,NA,NA,NA,Y,3,0,7,4,A,-,09,21800,D,N,D,C,A,A,H,-,A,B,0,NA,NA,NA,NA,Y,NA,A,07,0,7,0,0,0,0,0,0,0,-,-,NA,NA,LOS ANGELES,LOS ANGELES,-118.33087921142578,33.97813034057617
84640298,2025,2025-04-07,1942,2025-03-13,1640,39028,NA,4,5,7,1942,0,0,0,NA,0,1263,SAINT ANDREWS PL,MANCHESTER AVE,0,NA,Y,A,-,N,NA,NA,NA,NA,NA,NA,NA,NA,NA,Y,2,0,4,3,A,-,09,21802,A,N,D,C,A,A,H,-,A,A,0,NA,NA,NA,NA,Y,NA,A,01,1,1,2,0,0,0,0,0,0,-,-,NA,NA,LOS ANGELES,LOS ANGELES,-118.31120300292967,33.9599609375
84640299,2025,2025-04-07,1942,2025-03-17,1100,43207,NA,1,5,7,1942,0,0,0,NA,0,1204,VERNON AV,NORMANDIE AV,0,NA,Y,A,-,N,NA,NA,NA,NA,NA,NA,NA,NA,NA,N,2,0,1,2,A,-,03,22350,NA,N,G,B,B,A,H,-,A,A,0,Y,NA,NA,NA,Y,NA,-,-,1,0,0,0,1,0,0,0,0,-,-,NA,NA,LOS ANGELES,LOS ANGELES,-118.30018615722656,34.003700256347656
84640302,2025,2025-04-07,1942,2025-03-17,1955,39360,NA,1,5,7,1942,0,0,0,NA,0,1232,SLAUSON AV,2ND AV,16,W,N,A,-,N,NA,NA,NA,NA,NA,NA,NA,NA,NA,N,2,0,1,2,A,-,11,21950,B,F,G,B,D,A,H,-,C,D,0,Y,NA,NA,NA,Y,NA,N,60,1,0,0,0,1,0,0,0,0,-,-,NA,NA,LOS ANGELES,LOS ANGELES,-118.31967163085938,33.98910140991211
84640310,2025,2025-04-07,1942,2025-03-18,1519,45677,NA,2,5,7,1942,0,0,0,NA,0,0521,W ANAHEIM ST.,I ST.,650,W,N,A,-,N,NA,NA,NA,NA,NA,NA,NA,NA,NA,Y,2,0,1,2,A,-,08,22102,NA,N,D,C,A,A,H,-,A,D,0,NA,NA,Y,NA,Y,NA,A,01,1,0,0,0,0,0,0,0,1,-,-,NA,NA,LOS ANGELES,LOS ANGELES,-118.2841567993164,33.77878952026367
84640311,2025,2025-04-07,1942,2025-03-19,1930,37146,NA,3,5,7,1942,0,0,0,NA,0,1248,GAGE AV,HOOVER ST,250,W,N,A,-,N,NA,NA,NA,NA,NA,NA,NA,NA,NA,N,2,0,1,2,A,-,11,21954,A,F,G,B,D,A,H,-,C,A,0,Y,NA,NA,NA,Y,NA,N,60,1,0,0,0,1,0,0,0,0,-,-,NA,NA,LOS ANGELES,LOS ANGELES,-118.28789520263672,33.98193359375
84640317,2025,2025-04-07,1942,2025-03-21,2155,43270,NA,5,5,7,1942,0,0,0,NA,0,1215,VERMONT AVE.,W. 54TH ST.,0,NA,Y,A,-,N,NA,NA,NA,NA,NA,NA,NA,NA,NA,Y,4,0,1,2,A,-,09,21453,B,F,D,C,A,A,H,-,C,A,0,NA,NA,NA,NA,Y,NA,D,22,0,0,1,0,0,0,0,0,0,-,-,NA,NA,LOS ANGELES,LOS ANGELES,-118.29149627685548,33.99320602416992
84640319,2025,2025-04-07,1942,2025-03-21,538,43804,NA,5,5,7,1942,0,0,0,NA,0,1842,MAIN ST,112TH ST,70,N,N,A,-,N,NA,NA,NA,NA,NA,NA,NA,NA,NA,N,2,0,1,2,A,-,11,21954,A,N,G,B,E,A,H,-,A,A,0,Y,NA,NA,NA,Y,NA,N,60,1,0,0,0,1,0,0,0,0,-,-,NA,NA,LOS ANGELES,LOS ANGELES,-118.27388763427734,33.933170318603516
84640320,2025,2025-04-07,1942,2025-03-22,1950,45534,NA,6,5,7,1942,0,0,0,NA,0,0311,HAUSER BLVD,BLACKWELDER ST,0,NA,Y,A,-,N,NA,NA,NA,NA,NA,NA,NA,NA,NA,N,2,0,1,2,A,-,11,21954,A,N,B,B,E,A,H,-,C,A,0,Y,NA,NA,NA,Y,NA,N,60,1,0,0,0,1,0,0,0,0,-,-,NA,NA,LOS ANGELES,LOS ANGELES,-118.36415100097656,34.02865982055664
84640341,2025,2025-04-07,1942,2025-03-18,1750,42069,NA,2,5,7,1942,0,0,0,NA,0,1862,IMPERIAL HWY,S GRAND AVE,0,NA,Y,A,-,N,NA,NA,NA,NA,NA,NA,NA,NA,NA,Y,4,0,1,2,A,-,12,21453,A,N,D,C,A,A,H,-,A,A,0,NA,NA,NA,NA,Y,NA,A,01,0,0,1,0,0,0,0,0,0,-,-,NA,NA,LOS ANGELES,LOS ANGELES,-118.28170776367188,33.930999755859375
84640342,2025,2025-04-07,1942,2025-03-25,1000,41933,NA,2,5,7,1942,0,0,0,NA,0,0392,11TH AVE,48TH ST,20,S,N,A,-,N,NA,NA,NA,NA,NA,NA,NA,NA,NA,Y,4,0,1,1,A,-,03,22350,NA,N,E,I,A,A,H,-,A,D,0,NA,NA,NA,NA,Y,NA,D,22,0,0,1,0,0,0,0,0,0,-,-,NA,NA,LOS ANGELES,LOS ANGELES,-118.32937622070313,33.99994659423828
84640343,2025,2025-04-07,1942,2025-03-30,840,33296,NA,7,5,7,1942,0,0,0,NA,0,1801,MANCHESTER BLVD,HOOVER ST,0,NA,Y,B,-,N,NA,NA,NA,NA,NA,NA,NA,NA,NA,N,3,0,3,2,A,-,09,21801,A,N,D,C,A,B,H,-,A,D,0,NA,NA,NA,NA,Y,NA,A,07,0,1,2,0,0,0,0,0,0,-,-,NA,NA,LOS ANGELES,LOS ANGELES,-118.28705596923828,33.960052490234375
84640345,2025,2025-04-07,1942,2025-04-04,5,43270,NA,5,5,7,1942,0,0,0,NA,0,1821,CENTURY BLVD,FIGUEROA ST,0,NA,Y,A,-,N,NA,NA,NA,NA,NA,NA,NA,NA,NA,Y,4,0,3,2,A,-,12,21453,A,N,D,C,A,A,H,-,C,A,0,NA,NA,NA,NA,Y,NA,-,98,0,0,3,0,0,0,0,0,0,-,-,NA,NA,LOS ANGELES,LOS ANGELES,-118.28264617919922,33.94554138183594
84640347,2025,2025-04-07,1942,2025-03-27,345,42364,NA,4,5,7,1942,0,0,0,NA,0,1266,FIGUEROA,80TH STREET,0,NA,N,A,-,N,NA,NA,NA,NA,NA,NA,NA,NA,NA,Y,1,1,0,2,A,-,10,21950,A,N,G,B,B,A,H,-,C,D,0,Y,NA,NA,NA,Y,NA,A,01,0,0,0,1,0,0,0,0,0,-,-,NA,NA,LOS ANGELES,LOS ANGELES,-118.28272247314452,33.96672058105469
84640348,2025,2025-04-07,1942,2025-03-25,2245,38503,NA,2,5,7,1942,0,0,0,NA,0,1215,VERMONT AVE.,54TH ST.,95,N,N,A,-,N,NA,NA,NA,NA,NA,NA,NA,NA,NA,Y,3,0,2,2,A,-,12,21453,A,F,D,C,A,A,H,-,C,A,0,NA,NA,NA,NA,Y,NA,A,01,0,2,0,0,0,0,0,0,0,-,-,NA,NA,LOS ANGELES,LOS ANGELES,-118.29150390625,33.99346923828125
84640349,2025,2025-04-07,1942,2025-04-01,335,42364,NA,2,5,7,1942,0,0,0,NA,0,1861,IMPERIAL HIGHWAY,VERMONT AVENUE,0,NA,Y,A,-,N,NA,NA,NA,NA,NA,NA,NA,NA,NA,Y,3,0,1,3,A,-,12,21453,A,F,D,C,A,A,H,-,C,A,0,NA,NA,NA,NA,Y,NA,-,99,0,1,0,0,0,0,0,0,0,-,-,NA,NA,LOS ANGELES,LOS ANGELES,-118.29190826416016,33.93098068237305
84640350,2025,2025-04-07,1942,2025-04-03,30,40717,NA,4,5,7,1942,0,0,0,NA,0,1822,MAIN ST,101ST ST,105,N,N,A,-,N,NA,NA,NA,NA,NA,NA,NA,NA,NA,N,3,0,1,2,A,-,03,22350,NA,F,G,B,D,A,H,-,C,D,0,Y,NA,NA,NA,Y,NA,-,99,0,1,0,0,1,0,0,0,0,-,-,NA,NA,LOS ANGELES,LOS ANGELES,-118.27388763427734,33.944976806640625
84640351,2025,2025-04-07,1942,2025-03-28,1750,38088,NA,5,5,7,1942,0,0,0,NA,0,1249,GAGE AVE,FIGUEROA ST,0,NA,Y,A,-,N,NA,NA,NA,NA,NA,NA,NA,NA,NA,N,3,0,1,2,A,-,11,21953,NA,F,G,B,B,A,H,-,A,A,0,Y,NA,NA,NA,Y,NA,N,60,0,1,0,0,1,0,0,0,0,-,-,NA,NA,LOS ANGELES,LOS ANGELES,-118.2826690673828,33.98237991333008
84640352,2025,2025-04-07,1942,2025-03-27,1800,42011,NA,4,5,7,1942,0,0,0,NA,0,1844,IMPERIAL HWY,MENLO AV,140,W,N,B,-,Y,NA,NA,NA,NA,NA,NA,NA,NA,NA,N,3,0,1,2,A,-,11,21954,A,F,G,B,D,A,H,-,A,A,0,Y,NA,NA,NA,Y,NA,N,60,0,1,0,0,1,0,0,0,0,-,-,NA,NA,LOS ANGELES,LOS ANGELES,-118.28973388671876,33.93098068237305
84640357,2025,2025-04-07,1942,2025-03-26,2340,42364,NA,3,5,7,1942,0,0,0,NA,0,1864,CENTRAL AV.,120TH STREET,75,N,N,A,-,N,NA,NA,NA,NA,NA,NA,NA,NA,NA,Y,4,0,1,3,A,-,03,22350,NA,M,D,E,A,A,H,-,E,D,0,NA,NA,NA,NA,Y,NA,D,22,0,0,1,0,0,0,0,0,0,-,-,NA,NA,LOS ANGELES,LOS ANGELES,-118.25435638427734,33.92393493652344
84640359,2025,2025-04-07,1942,2025-04-03,1855,42364,NA,4,5,7,1942,0,0,0,NA,0,0505,VERMONT AVENUE,190TH STREET,0,NA,Y,A,-,N,NA,NA,NA,NA,NA,NA,NA,NA,NA,Y,2,0,2,4,A,-,09,21801,A,N,A,C,A,A,H,-,C,A,0,NA,NA,NA,NA,Y,NA,A,01,1,0,1,0,0,0,0,0,0,-,-,NA,NA,LOS ANGELES,LOS ANGELES,-118.29054260253906,33.858829498291016
84640363,2025,2025-04-07,1942,2025-04-02,1030,41729,NA,3,5,7,1942,0,0,0,NA,0,0331,CRENSHAW BLVD,ADAMS BLVD,40,S,N,A,-,N,NA,NA,NA,NA,NA,NA,NA,NA,NA,N,2,0,1,2,A,-,09,21804,A,N,D,C,A,A,H,-,A,A,0,NA,Y,NA,NA,Y,NA,M,91,1,0,0,0,0,0,1,0,0,-,-,NA,NA,LOS ANGELES,LOS ANGELES,-118.33503723144533,34.032470703125
84640364,2025,2025-04-07,1942,2025-04-04,2109,42863,NA,5,5,7,1942,0,0,0,NA,0,1251,CRENSHAW BLVD,67TH STREET,0,NA,Y,A,-,N,NA,NA,NA,NA,NA,NA,NA,NA,NA,Y,2,0,1,2,A,-,12,21453,A,N,D,C,A,A,H,-,C,A,0,NA,NA,Y,NA,Y,NA,C,03,1,0,0,0,0,0,0,0,1,-,-,NA,NA,LOS ANGELES,LOS ANGELES,-118.33087921142578,33.97813034057617
84640365,2025,2025-04-07,1942,2025-03-16,500,43804,NA,7,5,7,1942,0,0,0,NA,0,0311,JEFFERSON BLVD,CLYDE AV.,0,NA,Y,A,-,N,NA,NA,NA,NA,NA,NA,NA,NA,NA,Y,2,0,2,2,A,-,03,22350,NA,N,A,C,A,A,H,-,B,A,0,NA,NA,NA,NA,Y,NA,A,01,1,0,1,0,0,0,0,0,0,-,-,NA,NA,LOS ANGELES,LOS ANGELES,-118.36859893798828,34.026309967041016
84640366,2025,2025-04-07,1942,2025-03-29,400,43070,NA,6,5,7,1942,0,0,0,NA,0,1801,FIGUEROA ST,90TH ST,0,NA,Y,A,-,N,NA,NA,NA,NA,NA,NA,NA,NA,NA,N,2,0,1,2,A,-,10,21950,A,F,G,B,B,A,H,-,C,D,0,Y,NA,NA,NA,Y,NA,-,99,1,0,0,0,1,0,0,0,0,-,-,NA,NA,LOS ANGELES,LOS ANGELES,-118.28272247314452,33.955081939697266
84640367,2025,2025-04-07,1942,2025-03-20,2300,39360,NA,4,5,7,1942,0,0,0,NA,0,0341,COLISEUM ST,LA BREA AV,300,E,N,A,-,N,NA,NA,NA,NA,NA,NA,NA,NA,NA,N,2,0,1,2,A,-,03,22350,NA,F,G,B,D,A,H,-,C,D,0,Y,NA,NA,NA,Y,NA,-,99,1,0,0,0,1,0,0,0,0,-,-,NA,NA,LOS ANGELES,LOS ANGELES,-118.35459899902344,34.0182991027832
84640369,2025,2025-04-07,1942,2025-03-27,100,42364,NA,4,5,7,1942,0,0,0,NA,0,1832,FIGUEROA,105TH STREET,38,S,N,A,-,N,NA,NA,NA,NA,NA,NA,NA,NA,NA,N,2,0,1,2,A,-,11,21954,A,F,G,B,D,A,H,-,C,D,0,Y,NA,NA,NA,Y,NA,N,60,1,0,0,0,1,0,0,0,0,-,-,NA,NA,LOS ANGELES,LOS ANGELES,-118.28260040283205,33.94064712524414
84640371,2025,2025-04-07,1942,2025-03-29,550,41747,NA,6,5,7,1942,0,0,0,NA,0,0356,WESTERN AVE.,JEFFERSON BLVD.,0,NA,Y,A,-,N,NA,NA,NA,NA,NA,NA,NA,NA,NA,Y,2,0,5,2,A,-,12,21453,A,N,D,C,A,A,H,-,B,A,0,NA,NA,NA,NA,Y,NA,A,01,1,3,1,0,0,0,0,0,0,-,-,NA,NA,LOS ANGELES,LOS ANGELES,-118.30889129638672,34.02555465698242
84640372,2025,2025-04-07,1942,2025-03-27,615,40440,NA,4,5,7,1942,0,0,0,NA,0,0326,28TH ST,WESTERN AV,70,W,N,A,-,N,NA,NA,NA,NA,NA,NA,NA,NA,NA,N,2,0,1,2,A,-,11,21954,A,N,G,B,E,A,H,-,C,D,0,Y,NA,NA,NA,Y,NA,N,60,1,0,0,0,1,0,0,0,0,-,-,NA,NA,LOS ANGELES,LOS ANGELES,-118.30918121337892,34.029930114746094
84640373,2025,2025-04-07,1942,2025-03-27,130,45050,NA,4,5,7,1942,0,0,0,NA,0,1268,E 79TH ST,MAIN ST,465,E,N,A,-,N,NA,NA,NA,NA,NA,NA,NA,NA,NA,Y,2,0,3,5,A,-,03,22350,NA,N,C,C,A,A,H,-,C,D,0,NA,NA,NA,NA,Y,NA,A,01,2,0,1,0,0,0,0,0,0,-,-,NA,NA,LOS ANGELES,LOS ANGELES,-118.27237701416016,33.967891693115234
84640375,2025,2025-04-07,1942,2025-03-20,710,39397,NA,4,5,7,1942,0,0,0,NA,0,0396,VERMONT AV,42ND ST,127,N,N,A,-,N,NA,NA,NA,NA,NA,NA,NA,NA,NA,N,2,0,1,2,A,-,11,21954,A,N,G,B,D,A,H,-,A,A,0,Y,NA,NA,NA,Y,NA,N,60,1,0,0,0,1,0,0,0,0,-,-,NA,NA,LOS ANGELES,LOS ANGELES,-118.2915496826172,34.00764846801758
84640376,2025,2025-04-07,1942,2025-03-25,2055,42364,NA,2,5,7,1942,0,0,0,NA,0,1804,CENTRAL,88TH PLACE,4,N,N,A,-,N,NA,NA,NA,NA,NA,NA,NA,NA,NA,N,2,0,1,2,A,-,10,21950,A,F,G,B,B,A,H,-,C,A,0,Y,NA,NA,NA,Y,NA,-,99,1,0,0,0,1,0,0,0,0,-,-,NA,NA,LOS ANGELES,LOS ANGELES,-118.25641632080078,33.956539154052734
84640378,2025,2025-04-07,1942,2025-03-29,1235,45306,NA,6,5,7,1942,0,0,0,NA,0,0363,SANTA ROSALIA DR,MARLTON AV.,25,W,N,A,-,N,NA,NA,NA,NA,NA,NA,NA,NA,NA,Y,2,0,1,3,A,-,03,22350,NA,F,D,C,A,A,H,-,A,A,0,NA,NA,NA,NA,Y,NA,A,01,1,0,0,0,0,0,0,0,0,-,-,NA,NA,LOS ANGELES,LOS ANGELES,-118.33985900878906,34.01044464111328
84640380,2025,2025-04-07,1942,2025-04-02,1040,44907,NA,3,5,7,1942,0,0,0,NA,0,0374,MARTIN LUTHER KING JR,ARLINGTON AVE.,0,NA,Y,A,-,N,NA,NA,NA,NA,NA,NA,NA,NA,NA,N,2,0,2,2,A,-,09,21801,A,N,D,C,A,A,H,-,A,A,0,NA,NA,NA,NA,Y,NA,A,01,1,0,1,0,0,0,0,0,0,-,-,NA,NA,LOS ANGELES,LOS ANGELES,-118.31824493408205,34.01081848144531
84640381,2025,2025-04-07,1942,2025-03-31,1915,42720,NA,1,5,7,1942,0,0,0,NA,0,1822,MAIN ST,CENTURY BLVD,0,NA,Y,A,-,N,NA,NA,NA,NA,NA,NA,NA,NA,NA,N,2,0,1,2,A,-,10,21950,A,N,G,B,B,A,H,-,B,A,0,Y,NA,NA,NA,Y,NA,D,22,1,0,0,0,1,0,0,0,0,-,-,NA,NA,LOS ANGELES,LOS ANGELES,-118.27389526367188,33.945560455322266
84640382,2025,2025-04-07,1942,2025-03-26,2230,40717,NA,3,5,7,1942,0,0,0,NA,0,1215,SLAUSON AVE,VERMONT AVE,0,NA,N,A,-,N,NA,NA,NA,NA,NA,NA,NA,NA,NA,Y,2,0,1,2,A,-,09,21801,A,F,C,C,A,A,H,-,C,A,0,NA,NA,Y,NA,Y,NA,-,-,1,0,0,0,0,0,0,0,1,-,-,NA,NA,LOS ANGELES,LOS ANGELES,-118.29146575927734,33.98912811279297
84640384,2025,2025-04-07,1942,2025-04-03,1315,43270,NA,4,5,7,1942,0,0,0,NA,0,0504,NORMANDIE AVE,W 190TH ST,578,S,N,A,-,N,NA,NA,NA,NA,NA,NA,NA,NA,NA,N,4,0,1,2,B,-,22,NA,NA,F,C,B,F,A,H,-,A,A,0,Y,NA,NA,NA,Y,NA,A,01,0,0,1,0,1,0,0,0,0,-,-,NA,NA,LOS ANGELES,LOS ANGELES,-118.29923248291016,33.856754302978516
84640435,2025,2025-04-08,1963,2025-03-20,2240,389,NA,4,5,3,1963,0,0,0,NA,0,002,SAN GABRIEL BLVD,HUNTINGTON DR,69,S,N,A,-,N,NA,NA,NA,NA,NA,NA,NA,NA,NA,Y,3,0,1,1,A,-,17,21663,NA,N,E,I,A,A,H,-,C,A,0,NA,NA,NA,NA,Y,NA,A,01,0,1,0,0,0,0,0,0,0,-,-,NA,NA,LOS ANGELES,SAN MARINO,-118.09095764160156,34.126644134521484
84640437,2025,2025-04-08,1912,2025-03-06,1805,14446,NA,4,5,6,1912,0,0,0,NA,0,NA,VICTORY BOULEVARD,MAGNOLIA BOULEVARD,394,N,N,C,-,N,NA,NA,NA,NA,NA,NA,NA,NA,NA,Y,3,0,1,2,A,-,08,22107,NA,N,B,C,A,B,H,-,C,D,0,NA,NA,NA,NA,Y,Y,A,01,0,1,0,0,0,0,0,0,0,-,-,34.1774787902832,-118.31832885742188,LOS ANGELES,BURBANK,-118.31890869140624,34.17848205566406
84640438,2025,2025-04-08,1912,2025-03-05,1330,15407,NA,3,5,6,1912,0,0,0,NA,0,NA,GLENOAKS BOULEVARD,ANGELENO AVENUE,0,NA,Y,C,-,N,NA,NA,NA,NA,NA,NA,NA,NA,NA,N,3,0,1,2,A,-,08,22107,NA,N,G,B,B,B,H,-,A,A,0,Y,NA,NA,NA,Y,NA,A,01,0,1,0,0,1,0,0,0,0,-,-,34.182430267333984,-118.3052215576172,LOS ANGELES,BURBANK,-118.30521392822266,34.18244934082031
84640484,2025,2025-04-08,1948,2025-01-25,2138,466,NA,6,5,5,1948,0,0,0,NA,0,002,GARVEY AV,ORANGE AV (E),37,E,N,C,-,N,NA,NA,NA,NA,NA,NA,NA,NA,NA,N,3,0,1,2,A,-,09,21801,A,N,A,C,A,B,H,-,C,D,0,NA,NA,NA,NA,Y,NA,A,01,0,1,0,0,0,0,0,0,0,-,-,34.06258010864258,-118.11244964599608,LOS ANGELES,MONTEREY PARK,-118.11231994628906,34.0624885559082
84640528,2025,2025-04-08,1969,2025-03-06,945,10226,NA,4,5,5,1969,0,0,0,NA,0,005,SANTA ANA AV,CALIFORNIA AVE,50,W,N,A,-,N,NA,NA,NA,NA,NA,NA,NA,NA,NA,N,3,0,1,3,A,-,09,21804,A,N,C,C,A,A,H,-,A,D,0,NA,NA,NA,NA,Y,NA,A,07,0,1,0,0,0,0,0,0,0,-,-,NA,NA,LOS ANGELES,SOUTH GATE,-118.20496368408205,33.96284866333008
84640562,2024,2025-04-08,1965,2024-05-05,1817,4163,NA,7,5,5,1965,0,0,0,NA,0,B002,LINCOLN BLVD,HILL ST,75,N,N,A,-,N,NA,NA,NA,NA,NA,NA,NA,NA,NA,N,2,0,1,2,A,-,09,21801,A,N,D,G,A,A,H,-,A,D,0,NA,Y,NA,NA,Y,NA,A,01,1,0,0,0,0,0,1,0,0,-,-,NA,NA,LOS ANGELES,SANTA MONICA,-118.47492218017578,34.005916595458984
84640563,2024,2025-04-08,1965,2024-05-07,1840,3158,NA,2,5,5,1965,0,0,0,NA,0,B003,CLOVERFIELD BLVD,VIRGINIA AVE,0,NA,Y,A,-,N,NA,NA,NA,NA,NA,NA,NA,NA,NA,N,4,0,3,2,A,-,09,21801,A,N,A,C,A,A,H,-,A,A,0,NA,NA,NA,NA,Y,NA,A,07,0,0,3,0,0,0,0,0,0,-,-,NA,NA,LOS ANGELES,SANTA MONICA,-118.4675521850586,34.023067474365234
84640564,2024,2025-04-08,1965,2024-05-13,1720,3158,NA,1,5,5,1965,0,0,0,NA,0,B002,EUCLID ST,PEARL ST,0,NA,Y,A,-,N,NA,NA,NA,NA,NA,NA,NA,NA,NA,N,3,0,1,2,A,-,12,22450,A,N,H,G,A,A,H,-,A,D,0,NA,Y,NA,NA,Y,NA,L,04,0,1,0,0,0,0,1,0,0,-,-,NA,NA,LOS ANGELES,SANTA MONICA,-118.47484588623048,34.012359619140625
84640566,2024,2025-04-10,1965,2024-05-19,150,4172,NA,7,5,5,1965,0,0,0,NA,0,B003,WILSHIRE BLVD,21ST ST,0,NA,Y,A,-,N,NA,NA,NA,NA,NA,NA,NA,NA,NA,Y,3,0,3,1,A,-,03,22350,NA,N,E,I,A,A,H,-,C,D,0,NA,NA,NA,NA,Y,NA,A,01,0,2,1,0,0,0,0,0,0,-,-,NA,NA,LOS ANGELES,SANTA MONICA,-118.48223114013672,34.03217697143555
84640567,2024,2025-04-08,1965,2024-05-25,1400,4146,NA,6,5,5,1965,0,0,0,NA,0,NA,OLYMPIC BLVD,14TH ST,0,NA,Y,A,-,N,NA,NA,NA,NA,NA,NA,NA,NA,NA,Y,3,0,1,2,A,-,08,22107,NA,N,D,C,A,A,H,-,A,A,0,NA,NA,NA,NA,Y,NA,A,01,0,1,0,0,0,0,0,0,0,-,-,NA,NA,LOS ANGELES,SANTA MONICA,-118.48065948486328,34.01974868774414
84640568,2024,2025-04-08,1965,2024-05-27,1745,4146,NA,1,5,5,1965,0,0,0,NA,0,NA,1550 PACIFIC COAST HIGHWAY,NOT STATED,0,NA,-,A,-,N,NA,NA,NA,NA,NA,NA,NA,NA,NA,N,3,0,1,2,A,-,21,22106,NA,N,G,B,F,A,H,-,A,A,0,Y,NA,NA,NA,Y,NA,A,01,0,1,0,0,1,0,0,0,0,-,-,NA,NA,LOS ANGELES,SANTA MONICA,-118.497637,34.012779
84640571,2025,2025-04-08,1925,2025-03-22,1232,28922,NA,6,5,6,1925,0,0,0,NA,0,004,BRAND BOULEVARD,DORAN STREET,0,NA,Y,A,-,N,NA,NA,NA,NA,NA,NA,NA,NA,NA,N,4,0,1,2,A,-,12,21453,A,N,D,C,A,A,H,-,A,A,0,NA,NA,NA,NA,Y,NA,A,07,0,0,1,0,0,0,0,0,0,-,-,NA,NA,LOS ANGELES,GLENDALE,-118.25511169433594,34.15464782714844
84640576,2025,2025-04-08,1925,2025-03-28,1210,26161,NA,5,5,6,1925,0,0,0,NA,0,001,WESTERN AVENUE,FLOWER STREET,23,N,N,A,-,N,NA,NA,NA,NA,NA,NA,NA,NA,NA,N,4,0,1,2,A,-,12,21453,A,N,D,C,A,A,H,-,A,A,0,NA,NA,NA,NA,Y,NA,A,07,0,0,1,0,0,0,0,0,0,-,-,NA,NA,LOS ANGELES,GLENDALE,-118.29524230957033,34.165828704833984
84640612,2025,2025-04-08,1942,2025-03-13,2005,36023,NA,4,5,7,1942,0,0,0,NA,0,0265,WESTLAKE AVE,JAMES M WOOD,0,NA,Y,B,G,N,NA,NA,NA,NA,NA,NA,NA,NA,NA,Y,3,0,1,2,A,-,01,23152,A,N,C,C,A,B,H,-,C,A,0,NA,NA,NA,NA,Y,Y,D,22,0,1,0,0,0,0,0,0,0,-,-,NA,NA,LOS ANGELES,LOS ANGELES,-118.27764129638672,34.05287551879883