CASE_ID,ACCIDENT_YEAR,PROC_DATE,JURIS,COLLISION_DATE,COLLISION_TIME,OFFICER_ID,REPORTING_DISTRICT,DAY_OF_WEEK,CHP_SHIFT,POPULATION,CNTY_CITY_LOC,SPECIAL_COND,BEAT_TYPE,CHP_BEAT_TYPE,CITY_DIVISION_LAPD,CHP_BEAT_CLASS,BEAT_NUMBER,PRIMARY_RD,SECONDARY_RD,DISTANCE,DIRECTION,INTERSECTION,WEATHER_1,WEATHER_2,STATE_HWY_IND,CALTRANS_COUNTY,CALTRANS_DISTRICT,STATE_ROUTE,ROUTE_SUFFIX,POSTMILE_PREFIX,POSTMILE,LOCATION_TYPE,RAMP_INTERSECTION,SIDE_OF_HWY,TOW_AWAY,COLLISION_SEVERITY,NUMBER_KILLED,NUMBER_INJURED,PARTY_COUNT,PRIMARY_COLL_FACTOR,PCF_CODE_OF_VIOL,PCF_VIOL_CATEGORY,PCF_VIOLATION,PCF_VIOL_SUBSECTION,HIT_AND_RUN,TYPE_OF_COLLISION,MVIW,PED_ACTION,ROAD_SURFACE,ROAD_COND_1,ROAD_COND_2,LIGHTING,CONTROL_DEVICE,CHP_ROAD_TYPE,PEDESTRIAN_ACCIDENT,BICYCLE_ACCIDENT,MOTORCYCLE_ACCIDENT,TRUCK_ACCIDENT,NOT_PRIVATE_PROPERTY,ALCOHOL_INVOLVED,STWD_VEHTYPE_AT_FAULT,CHP_VEHTYPE_AT_FAULT,COUNT_SEVERE_INJ,COUNT_VISIBLE_INJ,COUNT_COMPLAINT_PAIN,COUNT_PED_KILLED,COUNT_PED_INJURED,COUNT_BICYCLIST_KILLED,COUNT_BICYCLIST_INJURED,COUNT_MC_KILLED,COUNT_MC_INJURED,PRIMARY_RAMP,SECONDARY_RAMP,LATITUDE,LONGITUDE,COUNTY,CITY,POINT_X,POINT_Y
84642430,2025,2025-04-09,1933,2025-04-03,1724,1005,NA,4,5,6,1933,0,0,0,NA,0,001,LA BREA AV,HAZEL ST,0,NA,Y,A,-,N,NA,NA,NA,NA,NA,NA,NA,NA,NA,Y,4,0,4,2,A,-,12,21453,A,N,D,C,A,A,H,-,A,A,0,NA,NA,NA,NA,Y,NA,-,-,0,0,4,0,0,0,0,0,0,-,-,33.96892166137695,-118.35552215576172,LOS ANGELES,INGLEWOOD,-118.35563659667967,33.96888732910156
84642431,2025,2025-04-09,1933,2025-04-04,1321,960,NA,5,5,6,1933,0,0,0,NA,0,002,HAWTHORNE BLVD,CENTURY BLVD,0,NA,Y,A,-,N,NA,NA,NA,NA,NA,NA,NA,NA,NA,N,4,0,1,2,A,-,01,23152,A,N,C,C,A,A,H,-,A,A,0,NA,NA,NA,NA,Y,Y,A,01,0,0,1,0,0,0,0,0,0,-,-,33.94548034667969,-118.35263061523438,LOS ANGELES,INGLEWOOD,-118.35272979736328,33.94544219970703
84642432,2025,2025-04-09,1933,2025-04-04,1521,1072,NA,5,5,6,1933,0,0,0,NA,0,002,CENTURY BLVD,GREVILLEA AV,0,NA,Y,A,-,N,NA,NA,NA,NA,NA,NA,NA,NA,NA,N,4,0,2,2,A,-,09,21804,A,N,A,C,A,A,H,-,A,A,0,NA,NA,NA,NA,Y,NA,A,01,0,0,2,0,0,0,0,0,0,-,-,33.945491790771484,-118.35485076904295,LOS ANGELES,INGLEWOOD,-118.35486602783205,33.94544219970703
84642480,2025,2025-04-09,1942,2025-04-08,2300,35688,NA,2,5,7,1942,0,0,0,NA,0,0362,MARTIN LUTHER KING JR BL,VERMONT AV,40,W,N,A,-,N,NA,NA,NA,NA,NA,NA,NA,NA,NA,N,2,0,1,2,A,-,11,21954,A,N,G,B,D,A,H,-,C,A,0,Y,NA,NA,NA,Y,NA,N,60,1,0,0,0,1,0,0,0,0,-,-,NA,NA,LOS ANGELES,LOS ANGELES,-118.29166412353516,34.01087188720703
84642642,2025,2025-04-09,1942,2025-04-06,100,44392,NA,7,5,7,1942,0,0,0,NA,0,0701,LA CIENEGA BLVD,WARING AVE,0,NA,Y,A,-,N,NA,NA,NA,NA,NA,NA,NA,NA,NA,Y,4,0,1,3,A,-,08,22107,NA,F,B,C,A,A,H,-,C,D,0,NA,NA,NA,NA,Y,NA,A,01,0,0,1,0,0,0,0,0,0,-,-,NA,NA,LOS ANGELES,LOS ANGELES,-118.3764877319336,34.085330963134766
84642800,2025,2025-04-09,1942,2025-04-02,1830,42640,NA,3,5,7,1942,0,0,0,NA,0,0745,LA BREA AV,SYCAMORE AV,0,NA,Y,A,-,N,NA,NA,NA,NA,NA,NA,NA,NA,NA,Y,3,0,2,3,A,-,09,21801,A,F,D,C,A,A,H,-,A,A,0,NA,NA,NA,NA,Y,NA,-,99,0,1,1,0,0,0,0,0,0,-,-,NA,NA,LOS ANGELES,LOS ANGELES,-118.34487152099608,34.05612564086914
84642877,2025,2025-04-09,1942,2025-03-15,1250,40008,NA,6,5,7,1942,0,0,0,NA,0,0464,CHICAGO ST,EAST 4TH ST,0,NA,N,A,-,N,NA,NA,NA,NA,NA,NA,NA,NA,NA,Y,3,0,1,4,A,-,12,21453,A,F,D,C,A,A,H,-,A,A,0,NA,NA,NA,NA,Y,NA,A,01,0,1,0,0,0,0,0,0,0,-,-,NA,NA,LOS ANGELES,LOS ANGELES,-118.21424102783205,34.041717529296875
84642879,2025,2025-04-09,1942,2025-03-15,1725,35077,NA,6,5,7,1942,0,0,0,NA,0,0422,BROADWAY BL,HANCOCK ST,0,NA,Y,A,-,N,NA,NA,NA,NA,NA,NA,NA,NA,NA,Y,3,0,1,2,A,-,09,21453,B,F,D,C,A,A,-,-,A,A,0,NA,NA,NA,NA,Y,NA,-,99,0,1,0,0,0,0,0,0,0,-,-,NA,NA,LOS ANGELES,LOS ANGELES,-118.20909881591795,34.07373809814453
84642886,2025,2025-04-09,1942,2025-03-18,2245,42286,NA,2,5,7,1942,0,0,0,NA,0,2013,3RD ST,HOBART BL,0,NA,Y,A,-,N,NA,NA,NA,NA,NA,NA,NA,NA,NA,N,3,0,1,2,A,-,09,21801,A,F,D,C,A,A,H,-,C,A,0,NA,NA,Y,NA,Y,NA,-,99,0,1,0,0,0,0,0,0,1,-,-,NA,NA,LOS ANGELES,LOS ANGELES,-118.30543518066406,34.06898880004883
84642890,2025,2025-04-09,1942,2025-03-23,1845,42664,NA,7,5,7,1942,0,0,0,NA,0,2015,VERMONT AVE,BEVERLY BLVD,74,S,N,A,-,N,NA,NA,NA,NA,NA,NA,NA,NA,NA,N,2,0,1,2,A,-,11,21955,NA,F,G,B,D,A,H,-,C,D,0,Y,NA,NA,NA,Y,NA,N,60,1,0,0,0,1,0,0,0,0,-,-,NA,NA,LOS ANGELES,LOS ANGELES,-118.29168701171876,34.07611846923828
84642898,2025,2025-04-09,1942,2025-03-22,2353,38090,NA,6,5,7,1942,0,0,0,NA,0,0853,BELOIT AVE,SANTA MONICA BLVD,0,NA,Y,A,-,Y,NA,NA,NA,NA,NA,NA,NA,NA,NA,Y,3,0,2,2,A,-,01,23152,A,F,D,C,A,A,H,-,C,A,0,NA,NA,NA,NA,Y,Y,A,01,0,1,1,0,0,0,0,0,0,-,-,NA,NA,LOS ANGELES,LOS ANGELES,-118.44723510742188,34.04680252075195
84642909,2025,2025-04-09,1942,2025-03-15,1726,41387,NA,6,5,7,1942,0,0,0,NA,0,0233,3RD ST,BENTON WY,0,NA,Y,A,-,N,NA,NA,NA,NA,NA,NA,NA,NA,NA,Y,2,0,1,2,A,-,08,22101,D,N,D,G,A,A,H,-,A,A,0,NA,Y,NA,NA,Y,NA,M,91,1,0,0,0,0,0,1,0,0,-,-,NA,NA,LOS ANGELES,LOS ANGELES,-118.27969360351564,34.06669235229492
84642911,2025,2025-04-09,1942,2025-03-15,1341,36379,NA,6,5,7,1942,0,0,0,NA,0,0118,N. MAIN STREET,WILHARDT ST,0,NA,Y,A,-,N,NA,NA,NA,NA,NA,NA,NA,NA,NA,N,3,0,1,2,A,-,08,22100,A,M,B,C,A,A,H,-,A,D,0,NA,NA,NA,NA,Y,NA,D,22,0,1,0,0,0,0,0,0,0,-,-,NA,NA,LOS ANGELES,LOS ANGELES,-118.22593688964844,34.06767272949219
84642957,2025,2025-04-09,1942,2025-03-19,1145,42344,NA,3,5,7,1942,0,0,0,NA,0,0677,SANTA MONICA BL,GOWER ST,225,W,N,A,-,Y,NA,NA,NA,NA,NA,NA,NA,NA,NA,Y,3,0,1,2,A,-,08,22107,NA,F,B,C,A,A,H,-,A,D,0,NA,NA,NA,NA,Y,NA,-,99,0,1,0,0,0,0,0,0,0,-,-,NA,NA,LOS ANGELES,LOS ANGELES,-118.3230209350586,34.09074401855469
84642969,2025,2025-04-09,1942,2025-03-19,1335,41671,NA,3,5,7,1942,0,0,0,NA,0,2038,8TH ST,WESTMORELAND AV,0,NA,Y,A,-,N,NA,NA,NA,NA,NA,NA,NA,NA,NA,Y,2,0,5,4,A,-,09,21801,A,N,D,C,F,A,H,-,A,A,0,Y,NA,NA,NA,Y,NA,A,01,2,1,2,0,2,0,0,0,0,-,-,NA,NA,LOS ANGELES,LOS ANGELES,-118.28907775878906,34.057735443115234
84642972,2025,2025-04-09,1942,2025-03-16,1910,41978,NA,7,5,7,1942,0,0,0,NA,0,1492,VISTA DEL MAR,NAPOLEAN ST,2475,S,N,A,-,N,NA,NA,NA,NA,NA,NA,NA,NA,NA,Y,1,1,1,3,A,-,11,21954,A,N,B,B,E,A,H,-,C,D,0,Y,NA,NA,NA,Y,NA,N,60,0,1,0,1,0,0,0,0,0,-,-,NA,NA,LOS ANGELES,LOS ANGELES,-118.44288635253906,33.94578552246094
84642979,2025,2025-04-09,1942,2025-03-16,1515,42157,NA,7,5,7,1942,0,0,0,NA,0,2039,COMMONWEALTH AVE,WILSHIRE BLVD,135,N,N,A,-,N,NA,NA,NA,NA,NA,NA,NA,NA,NA,Y,3,0,2,3,A,-,05,21460,NA,F,B,C,A,A,H,-,A,A,0,NA,NA,NA,NA,Y,Y,A,01,0,2,0,0,0,0,0,0,0,-,-,NA,NA,LOS ANGELES,LOS ANGELES,-118.28565216064452,34.06217956542969
84643004,2025,2025-04-09,1942,2025-03-19,2110,42664,NA,3,5,7,1942,0,0,0,NA,0,2022,3RD ST,GRAMERCY PL,0,NA,Y,A,-,N,NA,NA,NA,NA,NA,NA,NA,NA,NA,Y,3,0,1,3,A,-,01,23152,A,F,D,C,A,A,H,-,C,D,0,NA,NA,NA,NA,Y,Y,A,01,0,1,0,0,0,0,0,0,0,-,-,NA,NA,LOS ANGELES,LOS ANGELES,-118.31282043457033,34.06897735595703
84643181,2025,2025-04-09,1942,2025-03-13,1840,45568,NA,4,5,7,1942,0,0,0,NA,0,0625,N HIGHLAND AVE,PAT MOORE WY,0,NA,Y,A,G,N,NA,NA,NA,NA,NA,NA,NA,NA,NA,Y,3,0,2,2,A,-,03,22350,NA,F,C,C,A,A,H,-,A,A,0,NA,NA,NA,NA,Y,NA,A,08,0,1,1,0,0,0,0,0,0,-,-,NA,NA,LOS ANGELES,LOS ANGELES,-118.3362274169922,34.111385345458984
84643242,2025,2025-04-09,1942,2025-04-08,1155,40440,NA,2,5,7,1942,0,0,0,NA,0,0308,ADAMS BL,PORTLAND ST,13,E,N,A,-,N,NA,NA,NA,NA,NA,NA,NA,NA,NA,N,2,0,1,2,A,-,09,21804,A,N,H,C,A,A,H,-,A,A,0,NA,NA,Y,NA,Y,NA,C,03,1,0,0,0,0,0,0,0,1,-,-,NA,NA,LOS ANGELES,LOS ANGELES,-118.28266143798828,34.03111267089844
84643250,2025,2025-04-09,1942,2025-03-21,2345,44387,NA,5,5,7,1942,0,0,0,NA,0,1861,S. FIGUEROA,W 120TH ST,0,NA,Y,A,-,N,NA,NA,NA,NA,NA,NA,NA,NA,NA,Y,3,0,1,2,A,-,09,21801,A,M,D,C,A,A,H,-,C,A,0,NA,NA,NA,NA,Y,NA,A,01,0,1,0,0,0,0,0,0,0,-,-,NA,NA,LOS ANGELES,LOS ANGELES,-118.28260040283205,33.9237174987793
84643316,2025,2025-04-09,1942,2025-03-14,1915,41978,NA,5,5,7,1942,0,0,0,NA,0,0663,SANTA MONICA BL,MANSFIELD AV,0,NA,Y,A,-,N,NA,NA,NA,NA,NA,NA,NA,NA,NA,N,4,0,1,2,A,-,10,21950,A,F,G,B,B,A,H,-,C,D,0,Y,NA,NA,NA,Y,NA,-,99,0,0,1,0,1,0,0,0,0,-,-,NA,NA,LOS ANGELES,LOS ANGELES,-118.34043121337892,34.090721130371094
84643691,2025,2025-04-09,1910,2025-03-29,1455,396,NA,6,5,4,1910,0,0,0,NA,0,004,CARMELITA AVE,N BEVERLY DR,0,NA,Y,A,-,N,NA,NA,NA,NA,NA,NA,NA,NA,NA,Y,4,0,1,2,A,-,09,21802,A,N,D,C,A,A,H,-,A,A,0,NA,NA,NA,NA,Y,NA,A,01,0,0,1,0,0,0,0,0,0,-,-,34.07429885864258,-118.40691375732422,LOS ANGELES,BEVERLY HILLS,-118.4069366455078,34.07429885864258
84643753,2025,2025-04-10,1963,2025-03-19,1019,369,NA,3,5,3,1963,0,0,0,NA,0,002,CALIFORNIA BLVD,WINSTON AV,0,NA,Y,A,-,N,NA,NA,NA,NA,NA,NA,NA,NA,NA,Y,3,0,1,2,A,-,12,22450,A,N,D,C,A,A,H,-,A,A,0,NA,NA,NA,NA,Y,NA,-,-,0,1,0,0,0,0,0,0,0,-,-,NA,NA,LOS ANGELES,SAN MARINO,-118.10011291503906,34.13588333129883
84643762,2025,2025-04-10,1912,2025-02-10,2000,12979,NA,1,5,6,1912,0,0,0,NA,0,NA,ALAMEDA AVENUE,134 FWY,0,NA,Y,A,-,N,NA,NA,NA,NA,NA,NA,NA,NA,NA,Y,3,0,1,2,A,-,09,21801,A,N,A,C,A,A,H,-,C,A,0,NA,NA,NA,NA,Y,NA,A,01,0,1,0,0,0,0,0,0,0,-,-,34.15446853637695,-118.3393325805664,LOS ANGELES,BURBANK,-118.22268676757813,33.910621643066406
84643765,2025,2025-04-10,1912,2025-02-16,1306,15683,NA,7,5,6,1912,0,0,0,NA,0,NA,TUJUNGA AVENUE,7TH STREET,0,NA,Y,A,-,N,NA,NA,NA,NA,NA,NA,NA,NA,NA,N,2,0,1,2,A,-,10,21950,A,N,G,B,B,A,H,-,A,D,0,Y,NA,NA,NA,Y,NA,A,08,1,0,0,0,1,0,0,0,0,-,-,34.185218811035156,-118.300537109375,LOS ANGELES,BURBANK,-118.30059814453124,34.185176849365234
84643921,2025,2025-04-10,1925,2025-03-07,2143,30886,NA,5,5,6,1925,0,0,0,NA,0,NA,GLENDALE AVENUE,CHEVY CHASE DRIVE,0,NA,Y,A,-,N,NA,NA,NA,NA,NA,NA,NA,NA,NA,N,4,0,1,2,A,-,12,21453,A,F,G,B,B,A,H,-,C,A,0,Y,NA,NA,NA,Y,NA,A,07,0,0,1,0,1,0,0,0,0,-,-,34.133541107177734,-118.25198364257813,LOS ANGELES,GLENDALE,-118.25199127197266,34.13351821899414
84643926,2025,2025-04-10,1925,2025-03-29,2130,30886,NA,6,5,6,1925,0,0,0,NA,0,NA,OCEAN VIEW BOULEVARD,HONOLULU AVENUE,0,NA,Y,A,-,N,NA,NA,NA,NA,NA,NA,NA,NA,NA,N,4,0,1,2,A,-,08,22107,NA,N,A,C,A,B,H,-,C,A,0,NA,NA,NA,NA,Y,NA,A,01,0,0,1,0,0,0,0,0,0,-,-,34.205318450927734,-118.22785186767578,LOS ANGELES,GLENDALE,-118.22799682617188,34.20549011230469
84644110,2025,2025-04-10,1942,2025-04-09,2130,41978,NA,3,5,7,1942,0,0,0,NA,0,0637,HOLLYWOOD BLVD,BRONSON AVE,350,W,N,A,-,N,NA,NA,NA,NA,NA,NA,NA,NA,NA,Y,2,0,1,2,A,-,08,22102,NA,F,D,C,A,A,H,-,C,A,0,NA,NA,Y,NA,Y,NA,-,99,1,0,0,0,0,0,0,0,1,-,-,NA,NA,LOS ANGELES,LOS ANGELES,-118.31914520263672,34.10166931152344
84644180,2025,2025-04-10,1942,2025-03-14,2100,39360,NA,5,5,7,1942,0,0,0,NA,0,1243,VAN NESS AVE,FLORENCE AVE,0,NA,Y,B,-,N,NA,NA,NA,NA,NA,NA,NA,NA,NA,N,3,0,1,2,A,-,10,21950,A,F,G,B,B,A,H,-,C,A,0,Y,NA,NA,NA,Y,NA,-,99,0,1,0,0,1,0,0,0,0,-,-,NA,NA,LOS ANGELES,LOS ANGELES,-118.31773376464844,33.974605560302734
84644183,2025,2025-04-10,1942,2025-03-09,942,41747,NA,7,5,7,1942,0,0,0,NA,0,0505,190TH ST.,VERMONT AVE.,0,NA,Y,A,-,N,NA,NA,NA,NA,NA,NA,NA,NA,NA,Y,2,0,4,2,A,-,09,21801,A,N,A,C,A,A,H,-,A,A,0,NA,NA,NA,NA,Y,NA,A,01,1,0,3,0,0,0,0,0,0,-,-,NA,NA,LOS ANGELES,LOS ANGELES,-118.29054260253906,33.858829498291016
84644187,2025,2025-04-10,1942,2025-03-14,1540,42011,NA,5,5,7,1942,0,0,0,NA,0,0503,PCH,MCCOY AVE,80,W,N,C,-,N,NA,NA,NA,NA,NA,NA,NA,NA,NA,Y,4,0,5,5,A,-,07,21658,A,F,B,C,A,B,H,-,A,D,0,NA,NA,NA,NA,Y,NA,-,99,0,0,5,0,0,0,0,0,0,-,-,NA,NA,LOS ANGELES,LOS ANGELES,-118.29019927978516,33.79100036621094
84644194,2025,2025-04-10,1942,2025-03-17,750,43139,NA,1,5,7,1942,0,0,0,NA,0,0245,ALVARADO ST,6TH STREET,37,S,N,A,-,N,NA,NA,NA,NA,NA,NA,NA,NA,NA,N,2,0,1,2,A,-,11,21954,A,N,G,B,E,A,H,-,A,D,0,Y,NA,NA,Y,Y,NA,N,60,1,0,0,0,1,0,0,0,0,-,-,NA,NA,LOS ANGELES,LOS ANGELES,-118.2749252319336,34.0594482421875
84644211,2025,2025-04-10,1942,2025-04-06,5,37677,NA,7,5,7,1942,0,0,0,NA,0,2091,WASHINGTON BLVD,MANHATTAN PLACE,0,NA,Y,-,-,N,NA,NA,NA,NA,NA,NA,NA,NA,NA,N,2,0,1,1,A,-,08,22107,NA,N,E,I,A,-,-,-,-,D,0,NA,NA,NA,NA,Y,NA,M,94,1,0,0,0,0,0,0,0,0,-,-,NA,NA,LOS ANGELES,LOS ANGELES,-118.31014251708984,34.0399169921875
84644212,2025,2025-04-10,1942,2025-03-19,815,44907,NA,3,5,7,1942,0,0,0,NA,0,0335,5TH AVE,30TH ST,0,NA,N,A,-,N,NA,NA,NA,NA,NA,NA,NA,NA,NA,N,2,0,1,2,A,-,00,22450,B,N,D,G,A,A,H,-,A,A,0,NA,Y,NA,NA,Y,NA,D,22,1,0,0,0,0,0,1,0,0,-,-,NA,NA,LOS ANGELES,LOS ANGELES,-118.32241058349608,34.02764129638672
84644243,2025,2025-04-10,1942,2025-03-13,2220,37146,NA,4,5,7,1942,0,0,0,NA,0,1881,GARDENA BL,VERMONT AV,20,E,N,A,-,N,NA,NA,NA,NA,NA,NA,NA,NA,NA,N,3,0,1,2,A,-,10,21950,A,F,G,B,B,A,H,-,C,A,0,Y,NA,NA,NA,Y,NA,-,99,0,1,0,0,1,0,0,0,0,-,-,NA,NA,LOS ANGELES,LOS ANGELES,-118.29124450683594,33.881591796875
84644262,2025,2025-04-10,1942,2025-03-27,546,34959,NA,4,5,7,1942,0,0,0,NA,0,2027,6TH STREET,CATALINA STREET,25,W,N,B,-,N,NA,NA,NA,NA,NA,NA,NA,NA,NA,N,1,1,0,2,A,-,00,21954,NA,F,G,B,E,A,H,-,C,D,0,Y,NA,NA,NA,Y,NA,-,99,0,0,0,1,0,0,0,0,0,-,-,NA,NA,LOS ANGELES,LOS ANGELES,-118.2954559326172,34.0636100769043
84644285,2025,2025-04-10,1942,2025-04-08,735,38264,NA,2,5,7,1942,0,0,0,NA,0,2103,ROSCOE BL,FARRALONE AV,0,NA,N,A,-,N,NA,NA,NA,NA,NA,NA,NA,NA,NA,Y,3,0,1,2,A,-,04,21703,NA,N,C,C,A,A,H,-,A,D,0,NA,NA,NA,NA,Y,NA,A,01,0,1,0,0,0,0,0,0,0,-,-,NA,NA,LOS ANGELES,LOS ANGELES,-118.61038208007813,34.21958541870117
84644299,2025,2025-04-10,1942,2025-03-25,1600,45891,NA,2,5,7,1942,0,0,0,NA,0,1004,RESEDA BLVD.,KESWICK ST,200,N,N,A,-,N,NA,NA,NA,NA,NA,NA,NA,NA,NA,N,2,0,1,2,A,-,00,20015,NA,F,G,B,E,A,H,-,A,D,0,Y,NA,NA,NA,Y,NA,-,-,1,0,0,0,1,0,0,0,0,-,-,NA,NA,LOS ANGELES,LOS ANGELES,-118.53605651855467,34.210758209228516
84644322,2025,2025-04-10,1942,2025-04-08,1659,34735,NA,2,5,7,1942,0,0,0,NA,0,1555,TUJUNGA AV,MORRISON ST,200,N,N,A,-,N,NA,NA,NA,NA,NA,NA,NA,NA,NA,N,4,0,1,4,A,-,08,22107,NA,F,B,E,E,A,H,-,A,D,0,Y,NA,NA,NA,Y,Y,-,99,0,0,1,0,1,0,0,0,0,-,-,NA,NA,LOS ANGELES,LOS ANGELES,-118.37901306152344,34.161376953125
84644369,2025,2025-04-10,1942,2025-04-01,1130,39151,NA,2,5,7,1942,0,0,0,NA,0,1832,108TH ST.,FIGUEROA ST.,140,W,N,A,-,N,NA,NA,NA,NA,NA,NA,NA,NA,NA,N,4,0,1,2,A,-,11,21954,A,F,G,B,D,A,H,-,A,D,0,Y,NA,NA,NA,Y,NA,N,60,0,0,1,0,1,0,0,0,0,-,-,NA,NA,LOS ANGELES,LOS ANGELES,-118.28307342529295,33.93825149536133
84644375,2025,2025-04-10,1942,2025-04-03,2055,45999,NA,4,5,7,1942,0,0,0,NA,0,1249,FLORENCE AVE,FIGUEROA ST,0,NA,Y,A,-,N,NA,NA,NA,NA,NA,NA,NA,NA,NA,N,3,0,1,2,A,-,10,21950,A,F,G,B,B,A,H,-,C,A,0,Y,NA,NA,NA,Y,NA,-,99,0,1,0,0,1,0,0,0,0,-,-,NA,NA,LOS ANGELES,LOS ANGELES,-118.28269958496094,33.97465896606445
84644463,2025,2025-04-10,1942,2025-04-09,1250,46022,NA,3,5,7,1942,0,0,0,NA,0,1569,RIVERSIDE DR,PONCA AVE,80,W,N,A,-,N,NA,NA,NA,NA,NA,NA,NA,NA,NA,N,2,0,2,3,A,-,17,22517,NA,N,H,E,A,A,H,-,A,D,0,NA,Y,NA,NA,Y,NA,A,01,1,1,0,0,0,0,1,0,0,-,-,NA,NA,LOS ANGELES,LOS ANGELES,-118.3498764038086,34.15219497680664
84644490,2025,2025-04-10,1942,2025-03-16,2045,44387,NA,7,5,7,1942,0,0,0,NA,0,1802,W MANCHESTER AV,110 FWY N (OFF RAMP),0,NA,Y,A,-,N,NA,NA,NA,NA,NA,NA,NA,NA,NA,N,3,0,2,2,A,-,03,22350,NA,F,C,C,A,A,H,-,C,A,0,NA,NA,NA,NA,Y,NA,A,01,0,1,1,0,0,0,0,0,0,-,-,NA,NA,LOS ANGELES,LOS ANGELES,-118.28052520751952,33.960086822509766
84644492,2025,2025-04-10,1942,2025-04-03,730,44280,NA,4,5,7,1942,0,0,0,NA,0,0504,NORMANDIE AVENUE,190TH STREET,0,NA,Y,A,-,N,NA,NA,NA,NA,NA,NA,NA,NA,NA,N,3,0,1,2,A,-,09,21801,A,F,D,C,A,A,H,-,A,A,0,NA,NA,NA,NA,Y,NA,-,99,0,1,0,0,0,0,0,0,0,-,-,NA,NA,LOS ANGELES,LOS ANGELES,-118.29924774169922,33.858341217041016
84644496,2025,2025-04-10,1942,2025-04-04,620,41747,NA,5,5,7,1942,0,0,0,NA,0,1263,WESTERN AVE.,81ST  ST.,50,S,N,A,-,N,NA,NA,NA,NA,NA,NA,NA,NA,NA,N,3,0,1,3,A,-,07,21658,A,F,B,B,E,A,H,-,B,D,0,Y,NA,NA,NA,Y,NA,-,99,0,1,0,0,1,0,0,0,0,-,-,NA,NA,LOS ANGELES,LOS ANGELES,-118.30902099609376,33.96533203125
84644497,2025,2025-04-10,1942,2025-03-28,2500,35936,NA,5,5,7,1942,0,0,0,NA,0,0321,LA CIENEGA BL,CLEMSON ST,0,NA,Y,A,-,N,NA,NA,NA,NA,NA,NA,NA,NA,NA,N,3,0,1,2,A,-,00,20015,A,F,D,C,A,A,H,-,A,A,0,NA,NA,NA,NA,Y,NA,-,-,0,1,0,0,0,0,0,0,0,-,-,NA,NA,LOS ANGELES,LOS ANGELES,-118.37220001220705,34.024192810058594
84644522,2025,2025-04-10,1942,2025-04-08,1940,33504,NA,2,5,7,1942,0,0,0,NA,0,1622,VAN NUYS BL,KEWEN AVE,62,E,N,A,-,N,NA,NA,NA,NA,NA,NA,NA,NA,NA,Y,3,0,3,3,A,-,03,22350,NA,F,C,C,A,A,H,-,A,A,0,NA,NA,NA,NA,Y,NA,D,22,0,2,1,0,0,0,0,0,0,-,-,NA,NA,LOS ANGELES,LOS ANGELES,-118.4270477294922,34.26249313354492
84644528,2025,2025-04-10,1942,2025-04-04,1140,41747,NA,5,5,7,1942,0,0,0,NA,0,1235,NORMANDIE AVE.,66TH STREET,50,S,N,A,-,N,NA,NA,NA,NA,NA,NA,NA,NA,NA,N,3,0,1,2,A,-,07,21658,A,F,B,B,E,A,H,-,A,A,0,Y,NA,NA,NA,Y,NA,-,99,0,1,0,0,1,0,0,0,0,-,-,NA,NA,LOS ANGELES,LOS ANGELES,-118.30027770996094,33.9789924621582
84644529,2025,2025-04-10,1942,2025-03-14,1305,43354,NA,5,5,7,1942,0,0,0,NA,0,0256,WILSHIRE BLVD,UNION AVE,80,W,N,C,-,N,NA,NA,NA,NA,NA,NA,NA,NA,NA,N,3,0,1,2,A,-,00,20015,NA,F,G,B,F,B,H,-,A,D,0,Y,NA,NA,NA,Y,NA,-,-,0,1,0,0,1,0,0,0,0,-,-,NA,NA,LOS ANGELES,LOS ANGELES,-118.27041625976564,34.05548095703125
84644578,2025,2025-04-10,1942,2025-04-04,1430,45912,NA,5,5,7,1942,0,0,0,NA,0,1547,BURBANK BLVD & TROOST ST,TROOST ST,0,NA,Y,A,-,N,NA,NA,NA,NA,NA,NA,NA,NA,NA,N,3,0,1,2,A,-,12,21453,A,F,B,D,A,A,H,-,A,A,0,NA,NA,Y,NA,Y,NA,A,01,0,1,0,0,0,0,0,0,1,-,-,NA,NA,LOS ANGELES,LOS ANGELES,-118.38661956787108,34.17215347290039
84644608,2025,2025-04-10,1942,2025-04-08,120,45502,NA,2,5,7,1942,0,0,0,NA,0,0632,SUNSET BL,FAIRFAX AVE,0,NA,Y,A,-,N,NA,NA,NA,NA,NA,NA,NA,NA,NA,Y,2,0,2,2,A,-,09,21801,A,N,D,C,A,A,H,-,C,A,0,NA,NA,NA,NA,Y,NA,A,01,2,0,0,0,0,0,0,0,0,-,-,NA,NA,LOS ANGELES,LOS ANGELES,-118.3615493774414,34.09805679321289
84644657,2025,2025-04-10,1942,2025-04-09,750,33340,NA,3,5,7,1942,0,0,0,NA,0,1735,SAN FERNANDO MISSION,ZELZAH AVE,99,E,N,A,-,N,NA,NA,NA,NA,NA,NA,NA,NA,NA,Y,2,0,2,1,A,-,03,22350,NA,N,E,I,A,A,H,-,A,D,0,NA,NA,NA,NA,Y,NA,A,01,2,0,0,0,0,0,0,0,0,-,-,NA,NA,LOS ANGELES,LOS ANGELES,-118.52315521240234,34.27214050292969
84644684,2025,2025-04-10,1942,2025-04-03,2010,38090,NA,4,5,7,1942,0,0,0,NA,0,0832,SAN VICENTE BLVD,DARLINGTON AVE,0,NA,Y,A,-,N,NA,NA,NA,NA,NA,NA,NA,NA,NA,Y,2,0,3,2,A,-,08,22107,NA,N,D,C,A,A,H,-,C,A,0,NA,NA,Y,NA,Y,NA,-,-,1,0,2,0,0,0,0,0,1,-,-,NA,NA,LOS ANGELES,LOS ANGELES,-118.46356201171876,34.05400085449219
84644686,2025,2025-04-10,1942,2025-03-18,145,42357,NA,2,5,7,1942,0,0,0,NA,0,0453,10 US FWY,STATE STREET,0,NA,Y,A,-,N,NA,NA,NA,NA,NA,NA,NA,NA,NA,Y,3,0,1,2,A,-,07,21658,A,N,B,C,A,A,H,-,C,A,0,NA,NA,NA,NA,Y,NA,A,01,0,1,0,0,0,0,0,0,0,-,-,NA,NA,LOS ANGELES,LOS ANGELES,NA,NA