CASE_ID,ACCIDENT_YEAR,PROC_DATE,JURIS,COLLISION_DATE,COLLISION_TIME,OFFICER_ID,REPORTING_DISTRICT,DAY_OF_WEEK,CHP_SHIFT,POPULATION,CNTY_CITY_LOC,SPECIAL_COND,BEAT_TYPE,CHP_BEAT_TYPE,CITY_DIVISION_LAPD,CHP_BEAT_CLASS,BEAT_NUMBER,PRIMARY_RD,SECONDARY_RD,DISTANCE,DIRECTION,INTERSECTION,WEATHER_1,WEATHER_2,STATE_HWY_IND,CALTRANS_COUNTY,CALTRANS_DISTRICT,STATE_ROUTE,ROUTE_SUFFIX,POSTMILE_PREFIX,POSTMILE,LOCATION_TYPE,RAMP_INTERSECTION,SIDE_OF_HWY,TOW_AWAY,COLLISION_SEVERITY,NUMBER_KILLED,NUMBER_INJURED,PARTY_COUNT,PRIMARY_COLL_FACTOR,PCF_CODE_OF_VIOL,PCF_VIOL_CATEGORY,PCF_VIOLATION,PCF_VIOL_SUBSECTION,HIT_AND_RUN,TYPE_OF_COLLISION,MVIW,PED_ACTION,ROAD_SURFACE,ROAD_COND_1,ROAD_COND_2,LIGHTING,CONTROL_DEVICE,CHP_ROAD_TYPE,PEDESTRIAN_ACCIDENT,BICYCLE_ACCIDENT,MOTORCYCLE_ACCIDENT,TRUCK_ACCIDENT,NOT_PRIVATE_PROPERTY,ALCOHOL_INVOLVED,STWD_VEHTYPE_AT_FAULT,CHP_VEHTYPE_AT_FAULT,COUNT_SEVERE_INJ,COUNT_VISIBLE_INJ,COUNT_COMPLAINT_PAIN,COUNT_PED_KILLED,COUNT_PED_INJURED,COUNT_BICYCLIST_KILLED,COUNT_BICYCLIST_INJURED,COUNT_MC_KILLED,COUNT_MC_INJURED,PRIMARY_RAMP,SECONDARY_RAMP,LATITUDE,LONGITUDE,COUNTY,CITY,POINT_X,POINT_Y
84644695,2025,2025-04-10,1942,2025-04-05,200,45989,NA,6,5,7,1942,0,0,0,NA,0,1665,11326 WENTWORTH ST,SHELDON ST,0,NA,Y,A,-,N,NA,NA,NA,NA,NA,NA,NA,NA,NA,Y,2,0,1,3,A,-,03,22350,NA,N,A,4,A,A,H,-,C,D,0,NA,NA,NA,NA,Y,NA,A,01,1,0,0,0,0,0,0,0,0,-,-,NA,NA,LOS ANGELES,LOS ANGELES,-118.37998962402344,34.24970626831055
84644702,2025,2025-04-10,1942,2025-03-17,1,45311,NA,1,5,7,1942,0,0,0,NA,0,0421,N BROADWAY STREET,DALY STREET,0,NA,Y,B,-,N,NA,NA,NA,NA,NA,NA,NA,NA,NA,N,4,0,1,2,A,-,09,21453,B,F,D,C,A,A,H,-,C,A,0,NA,NA,NA,NA,Y,NA,A,01,0,0,1,0,0,0,0,0,0,-,-,NA,NA,LOS ANGELES,LOS ANGELES,-118.21561431884766,34.073638916015625
84644704,2025,2025-04-10,1942,2025-03-25,1720,44035,NA,2,5,7,1942,0,0,0,NA,0,0752,FAIRFAX AVE,PACKARD STREET,0,NA,Y,B,-,N,NA,NA,NA,NA,NA,NA,NA,NA,NA,N,4,0,1,2,A,-,09,21802,A,F,D,C,A,A,H,-,A,A,0,NA,NA,NA,NA,Y,NA,-,99,0,0,1,0,0,0,0,0,0,-,-,NA,NA,LOS ANGELES,LOS ANGELES,-118.36603546142578,34.05339813232422
84644706,2025,2025-04-10,1942,2025-04-04,1235,43804,NA,5,5,7,1942,0,0,0,NA,0,1841,IMPERIAL HWY,VERMONT AVE,0,NA,Y,A,-,N,NA,NA,NA,NA,NA,NA,NA,NA,NA,N,3,0,2,3,A,-,09,21806,A,N,B,C,A,A,H,-,A,A,0,NA,NA,NA,NA,Y,NA,A,01,0,2,0,0,0,0,0,0,0,-,-,NA,NA,LOS ANGELES,LOS ANGELES,-118.29190826416016,33.93098068237305
84644737,2025,2025-04-10,1942,2025-03-29,1535,34959,NA,6,5,7,1942,0,0,0,NA,0,2069,PICO BOULEVARD,VERMONT AVENUE,0,NA,Y,A,-,Y,NA,NA,NA,NA,NA,NA,NA,NA,NA,Y,4,0,2,3,A,-,01,23152,F,F,D,C,A,A,H,-,A,A,0,NA,NA,NA,NA,Y,NA,A,01,0,0,2,0,0,0,0,0,0,-,-,NA,NA,LOS ANGELES,LOS ANGELES,-118.29159545898438,34.04726028442383
84644744,2025,2025-04-10,1942,2025-03-29,1530,44035,NA,6,5,7,1942,0,0,0,NA,0,0852,SANTA MONICA BLVD,GRANVILLE AVE,15,W,N,A,-,N,NA,NA,NA,NA,NA,NA,NA,NA,NA,N,2,0,1,2,A,-,10,21950,A,F,G,B,C,A,H,-,A,A,0,Y,NA,NA,NA,Y,NA,-,99,1,0,0,0,1,0,0,0,0,-,-,NA,NA,LOS ANGELES,LOS ANGELES,-118.4582061767578,34.04280090332031
84644748,2025,2025-04-10,1942,2025-04-08,1127,42775,NA,2,5,7,1942,0,0,0,NA,0,1067,LOUISE AVE,KILLION ST,27,S,N,A,-,Y,NA,NA,NA,NA,NA,NA,NA,NA,NA,Y,3,0,2,3,A,-,03,22350,NA,N,C,C,A,A,H,-,A,A,0,NA,NA,NA,NA,Y,NA,A,07,0,1,1,0,0,0,0,0,0,-,-,NA,NA,LOS ANGELES,LOS ANGELES,-118.50987243652344,34.170806884765625
84644753,2025,2025-04-10,1942,2025-04-10,55,34563,NA,4,5,7,1942,0,0,0,NA,0,1701,PORTER RANCH DRIVE,CORBIN AVENUE,300,S,N,A,-,N,NA,NA,NA,NA,NA,NA,NA,NA,NA,N,3,0,1,1,A,-,03,22350,NA,N,E,I,A,A,H,-,C,A,0,NA,NA,NA,NA,Y,NA,A,01,0,1,0,0,0,0,0,0,0,-,-,NA,NA,LOS ANGELES,LOS ANGELES,-118.5714111328125,34.28075408935547
84644781,2025,2025-04-10,1942,2025-04-08,1930,37304,NA,2,5,7,1942,0,0,0,NA,0,1921,AMBOY AVE,LA VALLE ST,18,N,N,A,-,N,NA,NA,NA,NA,NA,NA,NA,NA,NA,N,3,0,1,2,A,-,08,22107,NA,M,B,E,A,A,H,-,B,D,0,NA,NA,NA,NA,Y,NA,D,22,0,1,0,0,0,0,0,0,0,-,-,NA,NA,LOS ANGELES,LOS ANGELES,-118.47145080566406,34.29905319213867
84644793,2025,2025-04-10,1942,2025-04-01,1305,40165,NA,2,5,7,1942,0,0,0,NA,0,1788,NORDHOFF ST,AMESTOY AV,0,NA,N,A,-,N,NA,NA,NA,NA,NA,NA,NA,NA,NA,Y,3,0,2,3,A,-,03,22350,NA,N,B,C,A,A,H,-,A,D,0,NA,NA,NA,NA,Y,Y,A,01,0,2,0,0,0,0,0,0,0,-,-,NA,NA,LOS ANGELES,LOS ANGELES,-118.50692749023438,34.235755920410156
84644855,2025,2025-04-10,1942,2025-04-08,1600,41158,NA,2,5,7,1942,0,0,0,NA,0,1031,VICTORY BL,TAMPA AVE,693,W,N,A,-,N,NA,NA,NA,NA,NA,NA,NA,NA,NA,Y,3,0,5,3,A,-,09,21801,A,N,D,C,A,A,H,-,A,D,0,NA,NA,NA,NA,Y,NA,A,01,0,1,4,0,0,0,0,0,0,-,-,NA,NA,LOS ANGELES,LOS ANGELES,-118.55581665039064,34.186561584472656
84644859,2025,2025-04-10,1942,2025-04-05,557,42656,NA,6,5,7,1942,0,0,0,NA,0,0743,FAIRFAX AVE,8TH ST,175,S,N,A,-,N,NA,NA,NA,NA,NA,NA,NA,NA,NA,Y,2,0,1,3,A,-,08,22107,NA,M,B,E,A,A,H,-,C,D,0,NA,Y,NA,NA,Y,NA,M,91,1,0,0,0,0,0,1,0,0,-,-,NA,NA,LOS ANGELES,LOS ANGELES,-118.36263275146484,34.06059646606445
84644887,2025,2025-04-10,1910,2025-03-23,2030,389,NA,7,5,4,1910,0,0,0,NA,0,009,S ROBERTSON BLVD,CHALMERS DR,181,N,N,A,-,N,NA,NA,NA,NA,NA,NA,NA,NA,NA,Y,3,0,3,2,A,-,08,22107,NA,N,B,C,A,A,H,-,C,D,0,NA,NA,NA,NA,Y,NA,A,01,0,3,0,0,0,0,0,0,0,-,-,34.06147003173828,-118.38339996337892,LOS ANGELES,BEVERLY HILLS,-118.3835906982422,34.06141662597656
84644897,2025,2025-04-10,1942,2025-03-17,1300,39655,NA,1,5,7,1942,0,0,0,NA,0,1427,OLYMPIC BLVD,SAWTELLE BLVD,45,W,N,B,-,N,NA,NA,NA,NA,NA,NA,NA,NA,NA,N,4,0,1,2,A,-,03,22350,NA,F,C,E,A,A,H,-,A,D,0,NA,NA,NA,Y,Y,NA,-,99,0,0,1,0,0,0,0,0,0,-,-,NA,NA,LOS ANGELES,LOS ANGELES,-118.44132995605467,34.03810501098633
84644936,2025,2025-04-10,1942,2025-03-16,250,44661,NA,7,5,7,1942,0,0,0,NA,0,0217,W. TEMPLE ST,GLENDALE BLVD,0,NA,Y,A,-,N,NA,NA,NA,NA,NA,NA,NA,NA,NA,N,4,0,2,2,A,-,00,20015,NA,F,D,C,A,A,H,-,D,A,0,NA,NA,NA,NA,Y,NA,-,-,0,0,2,0,0,0,0,0,0,-,-,NA,NA,LOS ANGELES,LOS ANGELES,-118.26087951660156,34.06814956665039
84645040,2025,2025-04-10,1942,2025-03-29,1030,43818,NA,6,5,7,1942,0,0,0,NA,0,2076,NEW HAMPSHIRE AVE,VENICE BL,0,NA,Y,B,-,N,NA,NA,NA,NA,NA,NA,NA,NA,NA,Y,2,0,1,2,A,-,09,21802,A,N,D,C,A,A,H,-,A,A,0,NA,NA,Y,NA,Y,NA,A,01,1,0,0,0,0,0,0,0,1,-,-,NA,NA,LOS ANGELES,LOS ANGELES,-118.29239654541016,34.044246673583984
84645048,2025,2025-04-10,1942,2025-04-01,2310,42286,NA,2,5,7,1942,0,0,0,NA,0,0742,LA CIENEGA BL,OLYMPIC BL,0,NA,Y,A,-,N,NA,NA,NA,NA,NA,NA,NA,NA,NA,N,3,0,1,2,A,-,09,21806,A,F,D,C,A,A,H,-,C,A,0,NA,NA,NA,NA,Y,NA,-,99,0,1,0,0,0,0,0,0,0,-,-,NA,NA,LOS ANGELES,LOS ANGELES,-118.3761978149414,34.0594367980957
84645053,2025,2025-04-10,1942,2025-04-01,1505,39655,NA,2,5,7,1942,0,0,0,NA,0,2035,8TH ST,CATALINA ST,112,E,N,A,-,N,NA,NA,NA,NA,NA,NA,NA,NA,NA,N,2,0,1,2,A,-,11,21950,B,N,G,B,E,A,H,-,A,D,0,Y,NA,NA,NA,Y,NA,N,60,1,0,0,0,1,0,0,0,0,-,-,NA,NA,LOS ANGELES,LOS ANGELES,-118.29502105712892,34.0577392578125
84645060,2025,2025-04-10,1942,2025-03-31,130,42624,NA,1,5,7,1942,0,0,0,NA,0,0727,HIGHLAND AV,1ST ST,0,NA,Y,C,-,N,NA,NA,NA,NA,NA,NA,NA,NA,NA,Y,1,1,4,2,A,-,03,22350,NA,F,D,C,A,B,H,-,C,A,0,NA,NA,NA,NA,Y,NA,A,07,2,1,1,0,0,0,0,0,0,-,-,NA,NA,LOS ANGELES,LOS ANGELES,-118.33865356445313,34.073577880859375
84645069,2025,2025-04-10,1942,2025-03-23,1040,42656,NA,7,5,7,1942,0,0,0,NA,0,1488,AIRPORT BLVD,98TH ST,0,NA,Y,A,-,N,NA,NA,NA,NA,NA,NA,NA,NA,NA,Y,2,0,1,2,A,-,09,21801,A,N,D,C,A,A,H,-,A,A,0,NA,NA,Y,NA,Y,NA,A,07,1,0,0,0,0,0,0,0,1,-,-,NA,NA,LOS ANGELES,LOS ANGELES,-118.38599395751952,33.94734191894531
84645082,2025,2025-04-10,1942,2025-03-21,1155,35988,NA,5,5,7,1942,0,0,0,NA,0,1415,WALGROVE AVE,MORNINGSIDE WY,338,S,N,A,-,N,NA,NA,NA,NA,NA,NA,NA,NA,NA,Y,2,0,1,2,A,-,09,21801,A,N,B,C,A,A,H,-,A,A,0,NA,NA,Y,NA,Y,NA,A,01,1,0,0,0,0,0,0,0,1,-,-,NA,NA,LOS ANGELES,LOS ANGELES,-118.45263671875,34.005455017089844
84645133,2025,2025-04-10,1942,2025-03-30,335,45642,NA,7,5,7,1942,0,0,0,NA,0,2056,OLYMPIC BLVD,VERMONT AVE,0,NA,Y,A,-,N,NA,NA,NA,NA,NA,NA,NA,NA,NA,Y,3,0,1,2,A,-,01,23153,A,N,B,2,A,A,H,-,C,A,0,NA,NA,NA,NA,Y,Y,A,01,0,1,0,0,0,0,0,0,0,-,-,NA,NA,LOS ANGELES,LOS ANGELES,-118.29161834716795,34.05255126953125
84645311,2025,2025-04-10,1910,2025-04-05,1740,358,NA,6,5,4,1910,0,0,0,NA,0,NA,SUNSET BLVD,N CANON DR,0,NA,Y,A,-,N,NA,NA,NA,NA,NA,NA,NA,NA,NA,Y,3,0,1,2,A,-,09,21801,A,N,A,C,A,A,H,-,A,A,0,NA,NA,NA,NA,Y,NA,A,01,0,1,0,0,0,0,0,0,0,-,-,NA,NA,LOS ANGELES,BEVERLY HILLS,-118.41400909423828,34.080101013183594
84645426,2025,2025-04-11,1912,2025-02-12,852,14023,NA,3,5,6,1912,0,0,0,NA,0,NA,GLENOAKS BOULEVARD,BIRMINGHAM ROAD,130,N,N,B,C,N,NA,NA,NA,NA,NA,NA,NA,NA,NA,Y,3,0,2,2,A,-,09,21804,A,N,D,C,A,B,H,-,A,D,0,NA,NA,NA,NA,Y,NA,A,01,0,1,1,0,0,0,0,0,0,-,-,34.19456100463867,-118.32200622558594,LOS ANGELES,BURBANK,-118.32231903076172,34.19493103027344
84645428,2025,2025-04-11,1975,2025-03-25,1947,459,NA,2,5,6,1975,0,0,0,NA,0,001,PUENTE AV,FOXDALE AV,0,NA,Y,A,-,N,NA,NA,NA,NA,NA,NA,NA,NA,NA,Y,3,0,2,2,A,-,05,21651,B,N,A,C,A,A,H,-,C,A,0,NA,NA,NA,NA,Y,NA,A,01,0,1,1,0,0,0,0,0,0,-,-,34.07918167114258,-117.90299224853516,LOS ANGELES,WEST COVINA,-117.93746948242188,34.08292007446289
84645429,2025,2025-04-11,1975,2025-03-26,1542,5037,NA,3,5,6,1975,0,0,0,NA,0,004,LARK ELLEN AV,IDAHOME ST,0,NA,N,B,-,N,NA,NA,NA,NA,NA,NA,NA,NA,NA,N,4,0,1,2,A,-,03,22350,NA,N,C,C,A,A,H,-,A,A,0,NA,NA,NA,NA,Y,NA,A,01,0,0,1,0,0,0,0,0,0,-,-,34.07469177246094,-117.91655731201172,LOS ANGELES,WEST COVINA,-117.91655731201172,34.07465744018555
84645431,2025,2025-04-11,1975,2025-03-27,1421,5037,NA,4,5,6,1975,0,0,0,NA,0,001,LARK ELLEN AV,GROVECENTER ST,0,NA,N,A,-,N,NA,NA,NA,NA,NA,NA,NA,NA,NA,Y,4,0,1,2,A,-,07,21658,A,N,C,E,A,A,H,-,A,A,0,NA,NA,NA,NA,Y,Y,A,01,0,0,1,0,0,0,0,0,0,-,-,34.085060119628906,-117.91661071777344,LOS ANGELES,WEST COVINA,-117.91660308837892,34.085044860839844
84645432,2025,2025-04-11,1975,2025-03-28,1556,493,NA,5,5,6,1975,0,0,0,NA,0,003,BAINBRIDGE AV,BELMONT AV,0,NA,Y,B,-,N,NA,NA,NA,NA,NA,NA,NA,NA,NA,Y,4,0,1,1,A,-,03,22350,NA,N,E,I,A,A,H,-,A,D,0,NA,NA,NA,NA,Y,NA,A,08,0,0,1,0,0,0,0,0,0,-,-,34.05514907836914,-117.94687652587892,LOS ANGELES,WEST COVINA,-117.94688415527344,34.05512619018555
84645433,2025,2025-04-11,1975,2025-03-29,1219,495,NA,6,5,6,1975,0,0,0,NA,0,003,SUNSET AV,CAMERON AV,0,NA,Y,A,-,N,NA,NA,NA,NA,NA,NA,NA,NA,NA,Y,4,0,3,3,A,-,12,21453,A,N,D,C,A,A,H,-,A,A,0,NA,NA,NA,NA,Y,NA,A,01,0,0,3,0,0,0,0,0,0,-,-,34.06690979003906,-117.94026184082033,LOS ANGELES,WEST COVINA,-117.94032287597656,34.06694412231445
84645471,2025,2025-04-11,1948,2025-03-07,2056,409,NA,5,5,5,1948,0,0,0,NA,0,004,GARFIELD AV,GRAVES AVE,30,N,N,A,-,N,NA,NA,NA,NA,NA,NA,NA,NA,NA,Y,3,0,1,2,A,-,08,22107,NA,N,A,C,A,A,H,-,C,A,0,NA,NA,NA,NA,Y,NA,A,01,0,1,0,0,0,0,0,0,0,-,-,NA,NA,LOS ANGELES,MONTEREY PARK,-118.12578582763672,34.055259704589844
84645519,2025,2025-04-11,1922,2025-03-22,1200,711,NA,6,5,6,1922,0,0,0,NA,0,NA,SANTA ANITA AVE,BROCKWAY ST,0,NA,Y,A,-,N,NA,NA,NA,NA,NA,NA,NA,NA,NA,Y,4,0,2,2,A,-,12,21453,A,N,D,C,A,A,H,-,A,A,0,NA,NA,NA,NA,Y,NA,A,07,0,0,2,0,0,0,0,0,0,-,-,34.069190979003906,-118.04215240478516,LOS ANGELES,EL MONTE,-118.04216003417967,34.069122314453125
84645522,2025,2025-04-11,1922,2025-03-26,1105,569,NA,3,5,6,1922,0,0,0,NA,0,004,GARVEY AVE,MT VIEW RD,500,W,N,B,-,N,NA,NA,NA,NA,NA,NA,NA,NA,NA,Y,3,0,1,2,A,-,08,22107,NA,N,C,E,A,A,H,-,A,D,0,NA,NA,NA,NA,Y,NA,A,01,0,1,0,0,0,0,0,0,0,-,-,NA,NA,LOS ANGELES,EL MONTE,-118.02338409423828,34.06283950805664
84645523,2025,2025-04-11,1947,2025-04-08,1756,1452,NA,2,5,5,1947,0,0,0,NA,0,00E,GREENWOOD AVE,OAKWOOD ST,0,NA,Y,A,-,N,NA,NA,NA,NA,NA,NA,NA,NA,NA,N,3,0,1,2,A,-,09,21801,A,N,A,G,A,A,H,-,A,A,0,NA,Y,NA,NA,Y,NA,A,08,0,1,0,0,0,0,1,0,0,-,-,33.98894119262695,-118.12301635742188,LOS ANGELES,MONTEBELLO,-118.12294769287108,33.98896026611328
84645590,2025,2025-04-11,1925,2025-03-27,1306,28043,NA,4,5,6,1925,0,0,0,NA,0,003,WINDSOR ROAD,GRANADA STREET,650,E,N,B,-,N,NA,NA,NA,NA,NA,NA,NA,NA,NA,Y,3,0,1,3,A,-,08,22107,NA,N,C,E,A,A,H,-,A,D,0,NA,NA,NA,NA,Y,NA,A,07,0,1,0,0,0,0,0,0,0,-,-,34.13703155517578,-118.24842071533205,LOS ANGELES,GLENDALE,-118.24619293212892,34.13713836669922
84645635,2025,2025-04-11,1955,2025-01-28,520,42530,NA,2,5,6,1955,0,0,0,NA,0,002,TOWNE AVE,ARROW HWY,30,N,N,-,-,N,NA,NA,NA,NA,NA,NA,NA,NA,NA,Y,4,0,1,2,A,-,12,21453,A,N,A,C,A,A,H,-,C,A,0,NA,NA,NA,NA,Y,NA,-,-,0,0,1,0,0,0,0,0,0,-,-,34.09012985229492,-117.73674774169922,LOS ANGELES,POMONA,-117.73680114746094,34.09016036987305
84645647,2025,2025-04-11,1955,2025-02-12,1428,43202,NA,3,5,6,1955,0,0,0,NA,0,005,WHITE AVE,9TH ST,0,NA,Y,C,-,N,NA,NA,NA,NA,NA,NA,NA,NA,NA,Y,4,0,1,2,A,-,12,21453,A,N,D,C,A,B,H,-,A,A,0,NA,NA,NA,NA,Y,NA,-,-,0,0,1,0,0,0,0,0,0,-,-,34.05133819580078,-117.75861358642578,LOS ANGELES,POMONA,-117.75865936279295,34.051239013671875
84645655,2025,2025-04-11,1933,2025-04-05,2356,1070,NA,6,5,6,1933,0,0,0,NA,0,001,FAIRVIEW BLVD,EUCALYPTUS AV,500,E,N,A,-,N,NA,NA,NA,NA,NA,NA,NA,NA,NA,N,3,0,2,1,A,-,03,22350,NA,N,E,I,A,A,H,-,C,A,0,NA,NA,NA,NA,Y,NA,A,01,0,1,1,0,0,0,0,0,0,-,-,33.9793701171875,-118.36002349853516,LOS ANGELES,INGLEWOOD,-118.35855865478516,33.97917938232422
84645657,2025,2025-04-11,1933,2025-04-06,1354,913,NA,7,5,6,1933,0,0,0,NA,0,004,IMPERIAL HWY,LEMOLI AV,136,E,N,A,-,N,NA,NA,NA,NA,NA,NA,NA,NA,NA,N,2,0,1,2,A,-,03,22350,NA,F,G,B,D,A,H,-,A,A,0,Y,NA,NA,NA,Y,Y,-,99,1,0,0,0,1,0,0,0,0,-,-,NA,NA,LOS ANGELES,INGLEWOOD,-118.32999420166016,33.93090057373047
84645658,2025,2025-04-11,1933,2025-04-06,1409,1072,NA,7,5,6,1933,0,0,0,NA,0,003,CRENSHAW DR,82ND ST (W),0,NA,Y,A,-,N,NA,NA,NA,NA,NA,NA,NA,NA,NA,N,4,0,1,2,A,-,12,21453,A,N,D,C,A,A,H,-,A,A,0,NA,NA,NA,NA,Y,NA,A,01,0,0,1,0,0,0,0,0,0,-,-,33.96453857421875,-118.3308563232422,LOS ANGELES,INGLEWOOD,-118.33090209960938,33.964534759521484
84645663,2025,2025-04-11,1933,2025-04-07,1320,812,NA,1,5,6,1933,0,0,0,NA,0,002,ARBOR VITAE ST,OAK ST (W),15,W,N,A,-,N,NA,NA,NA,NA,NA,NA,NA,NA,NA,Y,4,0,1,2,A,-,03,22350,NA,F,C,C,A,A,H,-,A,A,0,NA,NA,NA,NA,Y,NA,I,11,0,0,1,0,0,0,0,0,0,-,-,33.9527587890625,-118.36595916748048,LOS ANGELES,INGLEWOOD,-118.36588287353516,33.952701568603516
84645664,2025,2025-04-11,1933,2025-04-07,1612,1072,NA,1,5,6,1933,0,0,0,NA,0,004,YUKON AV,102ND ST,200,N,N,A,-,N,NA,NA,NA,NA,NA,NA,NA,NA,NA,Y,4,0,1,3,A,-,09,21804,A,N,A,C,A,A,H,-,A,D,0,NA,NA,NA,NA,Y,NA,A,01,0,0,1,0,0,0,0,0,0,-,-,33.943668365478516,-118.33511352539064,LOS ANGELES,INGLEWOOD,-118.3351593017578,33.944210052490234
84645666,2025,2025-04-11,1933,2025-04-07,1826,913,NA,1,5,6,1933,0,0,0,NA,0,004,CRENSHAW BLVD,104TH ST,0,NA,Y,A,-,N,NA,NA,NA,NA,NA,NA,NA,NA,NA,Y,3,0,2,2,A,-,12,21453,A,N,D,C,A,A,H,-,A,A,0,NA,NA,NA,NA,Y,NA,A,01,0,1,1,0,0,0,0,0,0,-,-,NA,NA,LOS ANGELES,INGLEWOOD,-118.32669830322266,33.94181823730469
84645669,2025,2025-04-11,1955,2025-03-01,1303,43138,NA,6,5,6,1955,0,0,0,NA,0,001,ALVARADO ST,WHITE AVE,0,NA,Y,A,-,N,NA,NA,NA,NA,NA,NA,NA,NA,NA,N,3,0,1,2,A,-,11,21954,A,N,G,C,A,A,H,-,A,A,0,NA,NA,NA,NA,Y,NA,M,94,0,1,0,0,0,0,0,0,0,-,-,34.06795883178711,-117.75929260253906,LOS ANGELES,POMONA,-117.7592544555664,34.06794357299805
84645672,2025,2025-04-11,1955,2025-03-04,905,42888,NA,2,5,6,1955,0,0,0,NA,0,052,HAMILTON BLVD,9TH ST,0,W,Y,A,-,N,NA,NA,NA,NA,NA,NA,NA,NA,NA,N,4,0,1,2,A,-,12,22450,A,N,D,C,A,A,H,-,A,A,0,NA,NA,NA,NA,Y,NA,A,01,0,0,1,0,0,0,0,0,0,-,-,NA,NA,LOS ANGELES,POMONA,-117.7629852294922,34.05113220214844
84645673,2025,2025-04-11,1933,2025-04-08,1950,1072,NA,2,5,6,1933,0,0,0,NA,0,001,FAIRVIEW BLVD,LA TIJERA BLVD,0,NA,Y,A,-,N,NA,NA,NA,NA,NA,NA,NA,NA,NA,Y,4,0,1,2,A,-,09,21804,A,N,D,C,A,A,H,-,C,D,0,NA,NA,NA,NA,Y,NA,A,01,0,0,1,0,0,0,0,0,0,-,-,33.979949951171875,-118.3693618774414,LOS ANGELES,INGLEWOOD,-118.36953735351564,33.9798583984375
84645674,2025,2025-04-14,1955,2025-03-07,910,40624,NA,5,5,6,1955,0,0,0,NA,0,001,ORANGE GROVE AVE,WEBER ST,0,NA,Y,A,-,N,NA,NA,NA,NA,NA,NA,NA,NA,NA,N,4,0,1,2,A,-,10,21950,A,N,G,B,B,A,H,-,A,A,0,Y,NA,NA,NA,Y,NA,A,07,0,0,1,0,1,0,0,0,0,-,-,34.065818786621094,-117.77279663085938,LOS ANGELES,POMONA,-117.77278137207033,34.065792083740234
84645684,2025,2025-04-11,1933,2025-04-09,1600,1101,NA,3,5,6,1933,0,0,0,NA,0,003,YUKON AV,CENTURY BLVD,0,NA,Y,A,-,N,NA,NA,NA,NA,NA,NA,NA,NA,NA,Y,3,0,2,3,A,-,12,21453,A,N,D,C,A,A,H,-,A,A,0,NA,NA,NA,NA,Y,NA,A,01,0,2,0,0,0,0,0,0,0,-,-,NA,NA,LOS ANGELES,INGLEWOOD,-118.33516693115234,33.94546127319336
84645685,2025,2025-04-11,1955,2025-02-24,1658,43056,NA,1,5,6,1955,0,0,0,NA,0,001,WHITE AVE,ORANGE GROVE AVE,0,NA,Y,A,-,N,NA,NA,NA,NA,NA,NA,NA,NA,NA,Y,4,0,1,2,A,-,09,21801,A,N,D,C,A,A,H,-,B,A,0,NA,NA,NA,NA,Y,NA,A,01,0,0,1,0,0,0,0,0,0,-,-,34.06962966918945,-117.75933837890624,LOS ANGELES,POMONA,-117.7593231201172,34.06956481933594
84645689,2025,2025-04-14,1955,2025-02-25,1508,43202,NA,2,5,6,1955,0,0,0,NA,0,001,GAREY AVE,ALVARADO ST,108,S,N,A,-,N,NA,NA,NA,NA,NA,NA,NA,NA,NA,Y,4,0,2,2,A,-,09,21804,A,N,F,A,A,A,H,-,A,A,0,NA,NA,Y,NA,Y,NA,A,01,0,0,2,0,0,0,0,0,2,-,-,34.06782150268555,-117.75202178955078,LOS ANGELES,POMONA,-117.75196838378906,34.06740188598633
84645861,2025,2025-04-11,1942,2025-03-25,1435,43395,NA,2,5,7,1942,0,0,0,NA,0,2185,VENTURA BLVD,TOPANGA CYN BLVD,0,NA,Y,A,-,N,NA,NA,NA,NA,NA,NA,NA,NA,NA,N,4,0,1,2,A,-,08,22107,NA,F,G,B,B,A,H,-,A,A,0,Y,NA,NA,NA,Y,NA,-,99,0,0,1,0,1,0,0,0,0,-,-,NA,NA,LOS ANGELES,LOS ANGELES,-118.6059112548828,34.16851043701172
84645916,2025,2025-04-11,1942,2025-03-26,1130,43395,NA,3,5,7,1942,0,0,0,NA,0,1035,WHITE OAK AVE,VICTORY BLVD,0,NA,N,A,-,N,NA,NA,NA,NA,NA,NA,NA,NA,NA,Y,4,0,3,3,A,-,04,21703,NA,F,C,C,A,A,H,-,A,D,0,NA,NA,NA,NA,Y,NA,-,99,0,0,3,0,0,0,0,0,0,-,-,NA,NA,LOS ANGELES,LOS ANGELES,-118.51848602294922,34.18661880493164
84645947,2025,2025-04-11,1942,2025-04-10,849,38264,NA,4,5,7,1942,0,0,0,NA,0,1758,LASSEN ST,WOODLAYE AV,60,W,N,A,-,N,NA,NA,NA,NA,NA,NA,NA,NA,NA,Y,3,0,1,2,A,-,12,21453,A,F,D,D,A,A,H,-,A,A,0,NA,NA,NA,NA,Y,NA,A,01,0,1,0,0,0,0,0,0,0,-,-,NA,NA,LOS ANGELES,LOS ANGELES,NA,NA
84645961,2025,2025-04-11,1942,2025-04-08,1805,40165,NA,2,5,7,1942,0,0,0,NA,0,1917,BROMONT AV,ASTORIA ST,125,S,N,A,-,N,NA,NA,NA,NA,NA,NA,NA,NA,NA,N,3,0,1,2,A,-,21,22106,NA,F,G,B,E,A,H,-,A,D,0,Y,NA,NA,NA,Y,NA,-,99,0,1,0,0,1,0,0,0,0,-,-,NA,NA,LOS ANGELES,LOS ANGELES,-118.4384765625,34.311275482177734