CASE_ID,ACCIDENT_YEAR,PROC_DATE,JURIS,COLLISION_DATE,COLLISION_TIME,OFFICER_ID,REPORTING_DISTRICT,DAY_OF_WEEK,CHP_SHIFT,POPULATION,CNTY_CITY_LOC,SPECIAL_COND,BEAT_TYPE,CHP_BEAT_TYPE,CITY_DIVISION_LAPD,CHP_BEAT_CLASS,BEAT_NUMBER,PRIMARY_RD,SECONDARY_RD,DISTANCE,DIRECTION,INTERSECTION,WEATHER_1,WEATHER_2,STATE_HWY_IND,CALTRANS_COUNTY,CALTRANS_DISTRICT,STATE_ROUTE,ROUTE_SUFFIX,POSTMILE_PREFIX,POSTMILE,LOCATION_TYPE,RAMP_INTERSECTION,SIDE_OF_HWY,TOW_AWAY,COLLISION_SEVERITY,NUMBER_KILLED,NUMBER_INJURED,PARTY_COUNT,PRIMARY_COLL_FACTOR,PCF_CODE_OF_VIOL,PCF_VIOL_CATEGORY,PCF_VIOLATION,PCF_VIOL_SUBSECTION,HIT_AND_RUN,TYPE_OF_COLLISION,MVIW,PED_ACTION,ROAD_SURFACE,ROAD_COND_1,ROAD_COND_2,LIGHTING,CONTROL_DEVICE,CHP_ROAD_TYPE,PEDESTRIAN_ACCIDENT,BICYCLE_ACCIDENT,MOTORCYCLE_ACCIDENT,TRUCK_ACCIDENT,NOT_PRIVATE_PROPERTY,ALCOHOL_INVOLVED,STWD_VEHTYPE_AT_FAULT,CHP_VEHTYPE_AT_FAULT,COUNT_SEVERE_INJ,COUNT_VISIBLE_INJ,COUNT_COMPLAINT_PAIN,COUNT_PED_KILLED,COUNT_PED_INJURED,COUNT_BICYCLIST_KILLED,COUNT_BICYCLIST_INJURED,COUNT_MC_KILLED,COUNT_MC_INJURED,PRIMARY_RAMP,SECONDARY_RAMP,LATITUDE,LONGITUDE,COUNTY,CITY,POINT_X,POINT_Y
84689518,2025,2025-05-16,1975,2025-04-16,827,506,NA,3,5,6,1975,0,0,0,NA,0,004,LARK ELLEN AV,GARVEY AV S,0,NA,Y,B,-,N,NA,NA,NA,NA,NA,NA,NA,NA,NA,Y,4,0,1,2,A,-,09,21801,A,N,D,C,A,A,H,-,A,A,0,NA,NA,NA,NA,Y,NA,A,01,0,0,1,0,0,0,0,0,0,-,-,34.07147979736328,-117.91658782958984,LOS ANGELES,WEST COVINA,-117.91658782958984,34.07144546508789
84689525,2025,2025-05-19,1975,2025-04-20,225,481,NA,7,5,6,1975,0,0,0,NA,0,001,VINCENT AV,PUENTE AV,0,NA,Y,A,-,N,NA,NA,NA,NA,NA,NA,NA,NA,NA,Y,3,0,2,2,A,-,12,21453,A,N,D,C,A,A,H,-,C,A,0,NA,NA,NA,NA,Y,NA,A,01,0,2,0,0,0,0,0,0,0,-,-,34.08277130126953,-117.92565155029295,LOS ANGELES,WEST COVINA,-117.92568969726564,34.08275604248047
84689526,2025,2025-05-16,1975,2025-04-20,1906,435,NA,7,5,6,1975,0,0,0,NA,0,003,DURNESS ST,SUNSET AV,0,NA,Y,A,-,N,NA,NA,NA,NA,NA,NA,NA,NA,NA,Y,3,0,3,2,A,-,12,21453,A,N,D,C,A,A,H,-,B,A,0,NA,NA,NA,NA,Y,NA,A,01,0,1,2,0,0,0,0,0,0,-,-,34.058841705322266,-117.94880676269533,LOS ANGELES,WEST COVINA,-117.94879913330078,34.05885314941406
84689528,2025,2025-05-16,1975,2025-04-21,1713,487,NA,1,5,6,1975,0,0,0,NA,0,005,AZUSA AV,AROMA DR,256,N,N,A,-,N,NA,NA,NA,NA,NA,NA,NA,NA,NA,Y,4,0,1,2,A,-,09,21804,A,N,D,C,A,A,H,-,A,D,0,NA,NA,NA,NA,Y,NA,A,07,0,0,1,0,0,0,0,0,0,-,-,34.04779815673828,-117.90818786621094,LOS ANGELES,WEST COVINA,-117.907958984375,34.048065185546875
84689530,2025,2025-05-16,1975,2025-04-22,2355,505,NA,2,5,6,1975,0,0,0,NA,0,002,AZUSA AV,I 10 W OFF RAMP,0,NA,Y,A,-,N,NA,NA,NA,NA,NA,NA,NA,NA,NA,Y,3,0,1,2,A,-,12,21453,A,N,D,D,A,A,H,-,C,A,0,NA,NA,NA,NA,Y,NA,A,01,0,1,0,0,0,0,0,0,0,-,-,NA,NA,LOS ANGELES,WEST COVINA,NA,NA
84689531,2025,2025-05-16,1975,2025-04-23,934,5043,NA,3,5,6,1975,0,0,0,NA,0,005,AZUSA AV,FAIRGROVE AV,72,S,N,A,B,N,NA,NA,NA,NA,NA,NA,NA,NA,NA,Y,4,0,2,3,A,-,03,22350,NA,N,C,C,A,A,H,-,A,A,0,NA,NA,NA,NA,Y,NA,I,11,0,0,2,0,0,0,0,0,0,-,-,34.04310989379883,-117.9111099243164,LOS ANGELES,WEST COVINA,-117.91127777099608,34.04297637939453
84689533,2025,2025-05-16,1975,2025-04-24,1516,383,NA,4,5,6,1975,0,0,0,NA,0,006,AMAR RD,NOGALES ST,0,NA,Y,B,-,N,NA,NA,NA,NA,NA,NA,NA,NA,NA,N,3,0,1,2,A,-,12,21453,A,N,D,G,A,A,H,-,A,A,0,NA,Y,NA,NA,Y,NA,L,04,0,1,0,0,0,0,1,0,0,-,-,34.02758026123047,-117.89569854736328,LOS ANGELES,WEST COVINA,-117.8957290649414,34.02759552001953
84689534,2025,2025-05-16,1975,2025-04-24,2350,464,NA,4,5,6,1975,0,0,0,NA,0,005,AZUSA AV,AROMA DR,537,S,N,A,-,N,NA,NA,NA,NA,NA,NA,NA,NA,NA,Y,4,0,1,1,A,-,08,22107,NA,N,E,I,A,A,H,-,C,D,0,NA,NA,NA,NA,Y,NA,A,01,0,0,1,0,0,0,0,0,0,-,-,34.04779815673828,-117.90818786621094,LOS ANGELES,WEST COVINA,-117.90862274169922,34.045989990234375
84689537,2025,2025-05-16,1975,2025-04-28,1332,5037,NA,1,5,6,1975,0,0,0,NA,0,004,VINCENT AV,LAKES DR,0,NA,Y,A,-,N,NA,NA,NA,NA,NA,NA,NA,NA,NA,Y,4,0,1,2,A,-,12,21453,A,N,D,C,A,A,H,-,A,A,0,NA,NA,NA,NA,Y,NA,D,22,0,0,1,0,0,0,0,0,0,-,-,34.06978988647461,-117.92678833007813,LOS ANGELES,WEST COVINA,-117.9267578125,34.06971740722656
84689539,2025,2025-05-16,1975,2025-04-28,1900,508,NA,1,5,6,1975,0,0,0,NA,0,005,AMAR RD,BRENTWOOD DR,0,NA,Y,A,-,N,NA,NA,NA,NA,NA,NA,NA,NA,NA,N,3,0,1,1,A,-,03,22350,NA,N,F,A,A,A,A,-,A,D,0,NA,NA,Y,NA,Y,NA,C,03,0,1,0,0,0,0,0,0,1,-,-,34.0342903137207,-117.91751098632813,LOS ANGELES,WEST COVINA,-117.91748809814452,34.03428268432617
84689543,2025,2025-05-16,1975,2025-04-30,1530,5036,NA,3,5,6,1975,0,0,0,NA,0,004,VALINDA AV,SERVICE AV,0,NA,Y,A,-,N,NA,NA,NA,NA,NA,NA,NA,NA,NA,Y,4,0,1,2,A,-,09,21801,A,N,B,C,A,A,H,-,A,A,0,NA,NA,NA,NA,Y,NA,A,01,0,0,1,0,0,0,0,0,0,-,-,34.0649299621582,-117.92540740966795,LOS ANGELES,WEST COVINA,-117.92536163330078,34.06489181518555
84689548,2025,2025-05-16,1975,2025-05-05,422,481,NA,1,5,6,1975,0,0,0,NA,0,001,CAMERON AV,PACIFIC AV (1),0,NA,Y,A,C,N,NA,NA,NA,NA,NA,NA,NA,NA,NA,Y,2,0,2,2,A,-,09,21801,A,N,A,C,A,B,H,-,C,A,0,NA,NA,NA,NA,Y,NA,A,01,2,0,0,0,0,0,0,0,0,-,-,34.073360443115234,-117.94444274902344,LOS ANGELES,WEST COVINA,-117.94622802734376,34.074745178222656
84689606,2025,2025-05-16,1922,2025-04-05,2027,632,NA,6,5,6,1922,0,0,0,NA,0,004,RICHWOOD AVE,MEEKER AVE,150,N,N,A,-,N,NA,NA,NA,NA,NA,NA,NA,NA,NA,N,3,0,1,2,A,-,01,23152,A,N,B,E,A,A,H,-,C,D,0,NA,NA,NA,NA,Y,Y,A,01,0,1,0,0,0,0,0,0,0,-,-,34.06340026855469,-118.02723693847656,LOS ANGELES,EL MONTE,-118.02692413330078,34.06359100341797
84689616,2025,2025-05-16,1922,2025-04-23,1318,727,NA,3,5,6,1922,0,0,0,NA,0,002,PECK RD,VALLEY BLVD,0,NA,Y,A,-,N,NA,NA,NA,NA,NA,NA,NA,NA,NA,Y,3,0,1,2,A,-,06,21755,A,N,D,G,A,A,D,H,A,A,0,NA,Y,NA,Y,Y,NA,M,91,0,1,0,0,0,0,1,0,0,-,-,34.06882858276367,-118.02816772460938,LOS ANGELES,EL MONTE,-118.0281219482422,34.068931579589844
84689618,2025,2025-05-16,1922,2025-04-29,1531,655,NA,2,5,6,1922,0,0,0,NA,0,001,CEDAR AVE,LOWER AZUSA RD,244,N,N,A,-,N,NA,NA,NA,NA,NA,NA,NA,NA,NA,N,4,0,1,2,A,-,09,21804,A,N,G,B,F,A,H,-,A,D,0,Y,NA,NA,NA,Y,NA,A,01,0,0,1,0,1,0,0,0,0,-,-,34.09170913696289,-118.02120208740234,LOS ANGELES,EL MONTE,-118.02092742919922,34.092227935791016
84689630,2025,2025-05-16,1969,2025-04-21,1230,10226,NA,1,5,5,1969,0,0,0,NA,0,005,IMPERIAL HWY,RUCHTI RD,0,NA,Y,-,-,N,NA,NA,NA,NA,NA,NA,NA,NA,NA,N,3,0,1,3,A,-,09,21801,A,N,D,C,A,A,H,-,A,A,0,NA,NA,NA,NA,Y,NA,A,01,0,1,0,0,0,0,0,0,0,-,-,33.930049896240234,-118.169921875,LOS ANGELES,SOUTH GATE,-118.16986846923828,33.93001937866211
84689803,2025,2025-05-16,1955,2025-04-09,831,43219,NA,3,5,6,1955,0,0,0,NA,0,005,DUDLEY ST,MESERVE ST,41,S,N,A,-,Y,NA,NA,NA,NA,NA,NA,NA,NA,NA,Y,4,0,1,2,A,-,09,21804,A,N,D,C,A,A,H,-,A,A,0,NA,NA,Y,NA,Y,NA,A,07,0,0,1,0,0,0,0,0,1,-,-,34.051719665527344,-117.77279663085938,LOS ANGELES,POMONA,-117.772705078125,34.05158233642578
84689804,2025,2025-05-16,1955,2025-04-10,1347,42888,NA,4,5,6,1955,0,0,0,NA,0,001,TEMPLE AVE,SR 57 OFFRAMP (N),0,NA,Y,A,-,N,NA,NA,NA,NA,NA,NA,NA,NA,NA,Y,3,0,2,2,A,-,12,21453,A,N,D,C,A,A,H,-,A,A,0,NA,NA,NA,NA,Y,NA,-,-,0,2,0,0,0,0,0,0,0,-,-,34.045230865478516,-117.80255889892578,LOS ANGELES,POMONA,-117.80077362060548,34.04349899291992
84689808,2025,2025-05-19,1955,2025-03-15,1928,43174,NA,6,5,6,1955,0,0,0,NA,0,005,PHILLIPS BLVD,WHITE AVE,0,NA,Y,A,-,N,NA,NA,NA,NA,NA,NA,NA,NA,NA,Y,4,0,2,2,A,-,01,23152,A,F,D,C,A,A,H,-,C,A,0,NA,NA,NA,NA,Y,Y,A,01,0,0,2,0,0,0,0,0,0,-,-,34.044071197509766,-117.75833129882813,LOS ANGELES,POMONA,-117.75839233398438,34.04399490356445
84689823,2025,2025-05-16,1955,2025-04-07,1716,43215,NA,1,5,6,1955,0,0,0,NA,0,001,GAREY AVE,4TH ST,20,S,N,A,-,N,NA,NA,NA,NA,NA,NA,NA,NA,NA,N,4,0,1,2,A,-,03,22350,NA,N,C,C,A,A,H,-,A,A,0,NA,NA,NA,NA,Y,NA,A,01,0,0,1,0,0,0,0,0,0,-,-,34.056129455566406,-117.75006866455078,LOS ANGELES,POMONA,-117.75009155273438,34.05595397949219
84689873,2025,2025-05-16,1942,2025-04-02,1414,36760,NA,3,5,7,1942,0,0,0,NA,0,1511,VARNA AVE,SHERMAN WAY,0,NA,Y,A,-,N,NA,NA,NA,NA,NA,NA,NA,NA,NA,N,4,0,1,2,A,-,03,22350,NA,F,C,C,A,A,H,-,A,A,0,NA,NA,NA,NA,Y,NA,-,99,0,0,1,0,0,0,0,0,0,-,-,NA,NA,LOS ANGELES,LOS ANGELES,-118.42474365234376,34.20119857788086
84689955,2025,2025-05-16,1942,2025-04-10,1120,35267,NA,4,5,7,1942,0,0,0,NA,0,NA,6TH ST,ARDEN AVE,0,NA,Y,A,-,N,NA,NA,NA,NA,NA,NA,NA,NA,NA,Y,4,0,1,1,A,-,08,22107,NA,N,E,I,A,A,H,-,A,D,0,NA,NA,NA,NA,Y,NA,A,01,0,0,1,0,0,0,0,0,0,-,-,NA,NA,LOS ANGELES,LOS ANGELES,-118.32582855224608,34.06364822387695
84689967,2025,2025-05-16,1942,2025-05-10,1654,46086,NA,6,5,7,1942,0,0,0,NA,0,0916,7058 HAZELTINE AVE,GAULT ST,0,NA,Y,A,-,N,NA,NA,NA,NA,NA,NA,NA,NA,NA,Y,2,0,1,5,A,-,08,22107,NA,N,F,E,A,A,H,-,A,D,0,NA,NA,NA,NA,Y,NA,D,22,1,0,0,0,0,0,0,0,0,-,-,NA,NA,LOS ANGELES,LOS ANGELES,-118.43994903564452,34.1993522644043
84689986,2025,2025-05-16,1942,2025-05-10,1035,34959,NA,6,5,7,1942,0,0,0,NA,0,0841,BUNDY DRIVE,SANTA MONICA BOULEVARD,232,N,N,A,-,N,NA,NA,NA,NA,NA,NA,NA,NA,NA,Y,3,0,2,2,A,-,21,22106,NA,N,B,C,A,A,H,-,A,D,0,NA,NA,NA,NA,Y,NA,A,01,0,1,1,0,0,0,0,0,0,-,-,NA,NA,LOS ANGELES,LOS ANGELES,-118.46382904052734,34.04098892211914
84689992,2025,2025-05-16,1942,2025-05-14,620,39281,NA,3,5,7,1942,0,0,0,NA,0,2118,MASON AV,SATICOY ST,0,NA,Y,A,-,N,NA,NA,NA,NA,NA,NA,NA,NA,NA,Y,2,0,5,3,A,-,09,21801,A,N,D,C,A,A,H,-,A,A,0,NA,NA,NA,NA,Y,NA,A,01,1,3,1,0,0,0,0,0,0,-,-,NA,NA,LOS ANGELES,LOS ANGELES,-118.57971954345705,34.208343505859375
84690015,2025,2025-05-16,1942,2025-05-08,1218,39655,NA,4,5,7,1942,0,0,0,NA,0,0773,WASHINGTON BLVD,HAUSER BLVD,56,W,N,A,-,N,NA,NA,NA,NA,NA,NA,NA,NA,NA,Y,4,0,2,3,A,-,03,22350,NA,F,C,C,A,A,H,-,A,A,0,NA,NA,NA,NA,Y,NA,A,01,0,0,2,0,0,0,0,0,0,-,-,NA,NA,LOS ANGELES,LOS ANGELES,-118.36046600341795,34.0390510559082
84690039,2025,2025-05-16,1942,2025-04-18,940,34959,NA,5,5,7,1942,0,0,0,NA,0,1445,MITCHELL AVENUE,CENTINELA AVENUE,66,E,N,B,-,N,NA,NA,NA,NA,NA,NA,NA,NA,NA,N,4,0,1,2,A,-,09,21804,A,N,H,G,A,A,H,-,A,D,0,NA,Y,NA,NA,Y,NA,L,04,0,0,1,0,0,0,1,0,0,-,-,NA,NA,LOS ANGELES,LOS ANGELES,-118.43092346191406,34.00025939941406
84690068,2025,2025-05-16,1942,2025-05-14,2250,37304,NA,3,5,7,1942,0,0,0,NA,0,1721,VALLEY CIRCLE BLVD,GERMAIN ST,830,S,N,A,-,N,NA,NA,NA,NA,NA,NA,NA,NA,NA,N,2,0,1,2,A,-,11,21954,A,N,G,B,F,A,H,-,D,D,0,Y,NA,NA,NA,Y,NA,N,60,1,0,0,0,1,0,0,0,0,-,-,NA,NA,LOS ANGELES,LOS ANGELES,-118.61053466796876,34.26030349731445
84690118,2025,2025-05-16,1942,2025-05-05,35,46038,NA,1,5,7,1942,0,0,0,NA,0,1637,PLAINVIEW / SUMMITROSE,SUMMITROSE / PLAINVIEW,0,NA,Y,C,-,N,NA,NA,NA,NA,NA,NA,NA,NA,NA,Y,3,0,2,2,A,-,12,22450,A,F,D,C,A,B,H,-,C,D,0,NA,NA,NA,NA,Y,NA,A,07,0,1,1,0,0,0,0,0,0,-,-,NA,NA,LOS ANGELES,LOS ANGELES,-118.29792785644533,34.25959014892578
84690357,2025,2025-05-16,1942,2025-05-15,1550,38264,NA,4,5,7,1942,0,0,0,NA,0,1543,CORTEEN PL,CHANDLER BL,0,NA,Y,A,-,N,NA,NA,NA,NA,NA,NA,NA,NA,NA,N,3,0,1,2,A,-,12,21453,A,N,B,C,A,A,H,-,A,A,0,NA,NA,NA,NA,Y,NA,A,07,0,1,0,0,0,0,0,0,0,-,-,NA,NA,LOS ANGELES,LOS ANGELES,-118.40196990966795,34.168643951416016
84690362,2025,2025-05-16,1942,2025-05-07,2010,39476,NA,3,5,7,1942,0,0,0,NA,0,1003,RESEDA BL,SATICOY ST,0,NA,N,A,-,N,NA,NA,NA,NA,NA,NA,NA,NA,NA,N,2,0,1,2,A,-,12,21453,A,F,H,G,A,A,H,-,C,A,0,NA,Y,NA,NA,Y,NA,-,-,1,0,0,0,0,0,1,0,0,-,-,NA,NA,LOS ANGELES,LOS ANGELES,-118.53604888916016,34.208404541015625
84690459,2025,2025-05-16,1942,2025-05-15,1337,41661,NA,4,5,7,1942,0,0,0,NA,0,0469,LORENA ST,4TH ST,47,S,N,A,-,N,NA,NA,NA,NA,NA,NA,NA,NA,NA,Y,3,0,1,1,A,-,03,22350,NA,N,E,I,A,A,H,-,A,A,0,NA,NA,NA,NA,Y,NA,D,22,0,1,0,0,0,0,0,0,0,-,-,NA,NA,LOS ANGELES,LOS ANGELES,-118.19703674316406,34.034053802490234
84690497,2025,2025-05-16,1942,2025-04-22,840,42656,NA,2,5,7,1942,0,0,0,NA,0,0758,LE CLAIRE PL,OLYMPIC BLVD,0,NA,Y,A,-,N,NA,NA,NA,NA,NA,NA,NA,NA,NA,N,4,0,1,2,A,-,12,22450,A,N,D,C,A,A,H,-,A,A,0,NA,NA,NA,NA,Y,NA,A,07,0,0,1,0,0,0,0,0,0,-,-,NA,NA,LOS ANGELES,LOS ANGELES,-118.32884216308594,34.0555305480957
84690529,2025,2025-05-16,1942,2025-05-15,1100,34561,NA,4,5,7,1942,0,0,0,NA,0,1775,BALBOA BL,NORDHOFF ST,0,NA,Y,A,-,N,NA,NA,NA,NA,NA,NA,NA,NA,NA,Y,3,0,2,3,A,-,12,21453,A,N,D,C,A,A,H,-,A,A,0,NA,NA,NA,NA,Y,NA,A,01,0,2,0,0,0,0,0,0,0,-,-,NA,NA,LOS ANGELES,LOS ANGELES,-118.50251770019533,34.235755920410156
84690989,2025,2025-05-19,1975,2025-04-11,1456,452,NA,5,5,6,1975,0,0,0,NA,0,002,HOLLENBECK ST,ALASKA ST,0,NA,Y,A,-,N,NA,NA,NA,NA,NA,NA,NA,NA,NA,N,3,0,1,2,A,-,08,22107,NA,N,D,C,A,A,H,-,A,D,0,NA,NA,NA,NA,Y,NA,A,01,0,1,0,0,0,0,0,0,0,-,-,NA,NA,LOS ANGELES,WEST COVINA,-117.89907073974608,34.06005096435547
84690991,2025,2025-05-19,1975,2025-04-26,1027,507,NA,6,5,6,1975,0,0,0,NA,0,006,NOGALES ST,VALLEY VIEW AV,0,NA,Y,C,-,N,NA,NA,NA,NA,NA,NA,NA,NA,NA,Y,4,0,1,2,A,-,09,21802,A,N,D,C,A,B,H,-,A,D,0,NA,NA,NA,NA,Y,Y,A,01,0,0,1,0,0,0,0,0,0,-,-,34.00482177734375,-117.88745880126952,LOS ANGELES,WEST COVINA,-117.88750457763672,34.0047721862793
84690994,2025,2025-05-19,1975,2025-05-06,848,436,NA,2,5,6,1975,0,0,0,NA,0,005,LARK ELLEN AV,FAIRGROVE AV,26,N,N,B,-,N,NA,NA,NA,NA,NA,NA,NA,NA,NA,N,3,0,1,2,A,-,03,22350,NA,N,C,C,A,B,H,-,A,D,0,NA,NA,NA,NA,Y,NA,A,01,0,1,0,0,0,0,0,0,0,-,-,34.0401496887207,-117.9204330444336,LOS ANGELES,WEST COVINA,-117.9203872680664,34.04018020629883
84691045,2025,2025-05-19,1922,2025-04-27,1542,624,NA,7,5,6,1922,0,0,0,NA,0,002,RAMONA BLVD,COGSWELL RD,0,NA,Y,B,-,N,NA,NA,NA,NA,NA,NA,NA,NA,NA,N,4,0,3,2,A,-,12,21453,A,N,D,C,A,A,H,-,A,A,0,NA,NA,NA,NA,Y,NA,A,07,0,0,3,0,0,0,0,0,0,-,-,34.07542037963867,-118.01274871826172,LOS ANGELES,EL MONTE,-118.01268768310548,34.075294494628906
84691049,2025,2025-05-19,1922,2025-04-30,2331,690,NA,3,5,6,1922,0,0,0,NA,0,002,MAXSON RD,DEANA ST,0,NA,Y,A,-,N,NA,NA,NA,NA,NA,NA,NA,NA,NA,Y,4,0,1,2,A,-,12,22450,A,F,D,C,A,A,H,-,C,D,0,NA,NA,NA,Y,Y,NA,F,26,0,0,1,0,0,0,0,0,0,-,-,34.07101058959961,-118.01022338867188,LOS ANGELES,EL MONTE,-118.01021575927734,34.07084274291992
84691074,2025,2025-05-19,1948,2025-04-25,702,477,NA,5,5,5,1948,0,0,0,NA,0,002,NEW AV,WHITMORE ST,275,S,N,A,-,N,NA,NA,NA,NA,NA,NA,NA,NA,NA,N,3,0,1,2,A,-,08,22107,NA,N,B,C,A,A,H,-,A,D,0,NA,NA,NA,NA,Y,NA,A,01,0,1,0,0,0,0,0,0,0,-,-,34.06502151489258,-118.1081314086914,LOS ANGELES,MONTEREY PARK,-118.10812377929688,34.06423568725586
84691248,2025,2025-05-19,1910,2025-05-05,1801,430,NA,1,5,4,1910,0,0,0,NA,0,004,N BEVERLY DR,N REXFORD DR,0,NA,Y,B,-,N,NA,NA,NA,NA,NA,NA,NA,NA,NA,Y,3,0,2,2,A,-,09,21801,A,N,A,C,A,A,H,-,A,D,0,NA,NA,NA,NA,Y,NA,A,01,0,2,0,0,0,0,0,0,0,-,-,34.08721923828125,-118.41259765625,LOS ANGELES,BEVERLY HILLS,-118.41267395019533,34.08717727661133
84691250,2025,2025-05-19,1910,2025-05-15,1521,373,NA,4,5,4,1910,0,0,0,NA,0,005,WILSHIRE BLVD,LINDEN DR.,70,E,N,A,-,N,NA,NA,NA,NA,NA,NA,NA,NA,NA,N,3,0,1,2,A,-,21,22106,NA,N,C,C,A,A,H,-,A,D,0,NA,NA,NA,NA,Y,NA,A,01,0,1,0,0,0,0,0,0,0,-,-,34.06708908081055,-118.40769958496094,LOS ANGELES,BEVERLY HILLS,-118.40756225585938,34.067081451416016
84691308,2025,2025-05-19,1975,2025-05-06,1424,5037,NA,2,5,6,1975,0,0,0,NA,0,004,FRANCISQUITO AV,WALNUT AV,0,N,N,B,-,N,NA,NA,NA,NA,NA,NA,NA,NA,NA,Y,4,0,4,2,A,-,09,21802,A,N,D,C,A,A,H,-,A,A,0,NA,NA,NA,NA,Y,NA,-,-,0,0,4,0,0,0,0,0,0,-,-,34.05049133300781,-117.9342803955078,LOS ANGELES,WEST COVINA,-117.93431854248048,34.050445556640625
84691319,2025,2025-05-19,1923,2025-04-30,1738,469,NA,3,5,3,1923,0,0,0,NA,0,3L2D,EL SEGUNDO BLVD,CENTER ST,0,NA,Y,F,-,N,NA,NA,NA,NA,NA,NA,NA,NA,NA,Y,3,0,3,2,A,-,08,22107,NA,N,D,C,A,A,H,-,A,A,0,NA,NA,NA,NA,Y,NA,D,22,0,3,0,0,0,0,0,0,0,-,-,33.91633987426758,-118.40489959716795,LOS ANGELES,EL SEGUNDO,-118.40489196777344,33.9163818359375
84691355,2025,2025-05-19,1948,2025-04-26,2128,506,NA,6,5,5,1948,0,0,0,NA,0,NA,GARVEY AV,LINCOLN AV (E),0,NA,Y,B,-,N,NA,NA,NA,NA,NA,NA,NA,NA,NA,N,4,0,1,2,A,-,01,23152,B,F,C,C,A,A,H,-,C,A,0,NA,NA,NA,NA,Y,Y,A,01,0,0,1,0,0,0,0,0,0,-,-,34.06248092651367,-118.12078094482422,LOS ANGELES,MONTEREY PARK,-118.12116241455078,34.06245422363281
84691391,2025,2025-05-19,1925,2025-05-05,1649,17256,NA,1,5,6,1925,0,0,0,NA,0,003,ADAMS STREET,MAPLE STREET,0,NA,Y,A,-,N,NA,NA,NA,NA,NA,NA,NA,NA,NA,Y,3,0,1,2,A,-,12,22450,A,N,D,C,A,A,H,-,A,A,0,NA,NA,NA,NA,Y,NA,A,08,0,1,0,0,0,0,0,0,0,-,-,34.138999938964844,-118.24176025390624,LOS ANGELES,GLENDALE,-118.24181365966795,34.139007568359375
84691392,2025,2025-05-19,1925,2025-05-06,1517,21089,NA,2,5,6,1925,0,0,0,NA,0,004,HARVEY DRIVE,GLENOAKS BOULEVARD,0,NA,Y,B,-,N,NA,NA,NA,NA,NA,NA,NA,NA,NA,Y,3,0,1,3,A,-,12,21453,A,N,D,C,A,A,H,-,A,A,0,NA,NA,NA,NA,Y,NA,A,07,0,1,0,0,0,0,0,0,0,-,-,NA,NA,LOS ANGELES,GLENDALE,-118.22606658935548,34.15256881713867
84691543,2025,2025-05-19,1975,2025-05-07,1047,483,NA,3,5,6,1975,0,0,0,NA,0,002,ROWLAND AV,LA BREDA AV,98,W,N,A,-,N,NA,NA,NA,NA,NA,NA,NA,NA,NA,Y,3,0,5,3,A,-,08,22107,NA,N,C,C,A,A,H,-,A,D,0,NA,NA,NA,Y,Y,NA,A,08,0,5,0,0,0,0,0,0,0,-,-,34.082908630371094,-117.94072723388672,LOS ANGELES,WEST COVINA,-117.90652465820313,34.079185485839844
84691544,2025,2025-05-19,1975,2025-05-08,1420,459,NA,4,5,6,1975,0,0,0,NA,0,002,AZUSA AV,GARVEY AV S,0,NA,Y,A,-,N,NA,NA,NA,NA,NA,NA,NA,NA,NA,N,3,0,2,2,A,-,09,21453,C,N,D,C,A,A,H,-,A,A,0,NA,NA,NA,NA,Y,NA,J,48,0,1,1,0,0,0,0,0,0,-,-,34.070091247558594,-117.90772247314452,LOS ANGELES,WEST COVINA,-117.90782165527344,34.07002258300781
84691628,2025,2025-05-19,1925,2025-05-01,2119,29009,NA,4,5,6,1925,0,0,0,NA,0,NA,HONOLULU AVENUE,BOSTON AVENUE,290,W,N,A,-,N,NA,NA,NA,NA,NA,NA,NA,NA,NA,Y,3,0,1,2,A,-,08,22107,NA,N,D,C,A,A,H,-,C,D,0,NA,NA,NA,NA,Y,NA,A,01,0,1,0,0,0,0,0,0,0,-,-,34.22861862182617,-118.26187133789064,LOS ANGELES,GLENDALE,-118.26266479492188,34.22909164428711
84691709,2025,2025-05-19,1955,2025-03-30,2100,43139,NA,7,5,6,1955,0,0,0,NA,0,002,GAREY AVE,LA VERNE AVE,200,N,N,A,-,N,NA,NA,NA,NA,NA,NA,NA,NA,NA,N,2,0,1,2,A,-,08,22107,NA,N,D,G,A,A,H,-,C,D,0,NA,Y,NA,NA,Y,NA,L,04,1,0,0,0,0,0,1,0,0,-,-,34.08563995361328,-117.7515106201172,LOS ANGELES,POMONA,-117.75122833251952,34.08610534667969
84691710,2025,2025-05-20,1955,2025-04-03,1322,43138,NA,4,5,6,1955,0,0,0,NA,0,001,HOLT AVE,HAMILTON BLVD,0,NA,Y,A,-,N,NA,NA,NA,NA,NA,NA,NA,NA,NA,Y,4,0,1,2,A,-,12,21453,A,N,D,C,A,A,H,-,A,A,0,NA,NA,NA,NA,Y,NA,D,22,0,0,1,0,0,0,0,0,0,-,-,34.062068939208984,-117.76344299316406,LOS ANGELES,POMONA,-117.76341247558594,34.062049865722656