CASE_ID,ACCIDENT_YEAR,PROC_DATE,JURIS,COLLISION_DATE,COLLISION_TIME,OFFICER_ID,REPORTING_DISTRICT,DAY_OF_WEEK,CHP_SHIFT,POPULATION,CNTY_CITY_LOC,SPECIAL_COND,BEAT_TYPE,CHP_BEAT_TYPE,CITY_DIVISION_LAPD,CHP_BEAT_CLASS,BEAT_NUMBER,PRIMARY_RD,SECONDARY_RD,DISTANCE,DIRECTION,INTERSECTION,WEATHER_1,WEATHER_2,STATE_HWY_IND,CALTRANS_COUNTY,CALTRANS_DISTRICT,STATE_ROUTE,ROUTE_SUFFIX,POSTMILE_PREFIX,POSTMILE,LOCATION_TYPE,RAMP_INTERSECTION,SIDE_OF_HWY,TOW_AWAY,COLLISION_SEVERITY,NUMBER_KILLED,NUMBER_INJURED,PARTY_COUNT,PRIMARY_COLL_FACTOR,PCF_CODE_OF_VIOL,PCF_VIOL_CATEGORY,PCF_VIOLATION,PCF_VIOL_SUBSECTION,HIT_AND_RUN,TYPE_OF_COLLISION,MVIW,PED_ACTION,ROAD_SURFACE,ROAD_COND_1,ROAD_COND_2,LIGHTING,CONTROL_DEVICE,CHP_ROAD_TYPE,PEDESTRIAN_ACCIDENT,BICYCLE_ACCIDENT,MOTORCYCLE_ACCIDENT,TRUCK_ACCIDENT,NOT_PRIVATE_PROPERTY,ALCOHOL_INVOLVED,STWD_VEHTYPE_AT_FAULT,CHP_VEHTYPE_AT_FAULT,COUNT_SEVERE_INJ,COUNT_VISIBLE_INJ,COUNT_COMPLAINT_PAIN,COUNT_PED_KILLED,COUNT_PED_INJURED,COUNT_BICYCLIST_KILLED,COUNT_BICYCLIST_INJURED,COUNT_MC_KILLED,COUNT_MC_INJURED,PRIMARY_RAMP,SECONDARY_RAMP,LATITUDE,LONGITUDE,COUNTY,CITY,POINT_X,POINT_Y
84702296,2025,2025-05-27,1942,2025-05-26,1420,44035,NA,1,5,7,1942,0,0,0,NA,0,1484,MANCHESTER AVE,LOYOLA BLVD,200,E,N,B,-,N,NA,NA,NA,NA,NA,NA,NA,NA,NA,N,3,0,1,3,A,-,07,21658,A,F,B,C,A,A,H,-,A,A,0,NA,NA,NA,NA,Y,NA,-,99,0,1,0,0,0,0,0,0,0,-,-,NA,NA,LOS ANGELES,LOS ANGELES,-118.41603088378906,33.959720611572266
84702316,2025,2025-05-27,1942,2025-05-25,415,42901,NA,7,5,7,1942,0,0,0,NA,0,2064,IROLO ST,12TH ST,300,N,N,A,-,N,NA,NA,NA,NA,NA,NA,NA,NA,NA,N,3,0,1,2,A,-,21,22106,NA,F,G,B,D,A,H,-,C,D,0,Y,NA,NA,NA,Y,NA,-,99,0,1,0,0,1,0,0,0,0,-,-,NA,NA,LOS ANGELES,LOS ANGELES,-118.30104064941406,34.04988098144531
84702587,2025,2025-05-28,1922,2025-05-11,2020,714,NA,7,5,6,1922,0,0,0,NA,0,001,PECK RD,STEWART ST,0,NA,Y,A,-,N,NA,NA,NA,NA,NA,NA,NA,NA,NA,N,4,0,2,2,A,-,07,21658,A,F,B,C,A,A,H,-,C,A,0,NA,NA,NA,NA,Y,NA,A,07,0,0,2,0,0,0,0,0,0,-,-,34.071590423583984,-118.0254364013672,LOS ANGELES,EL MONTE,-118.02549743652344,34.07155227661133
84702595,2025,2025-05-28,1948,2025-01-05,1725,500,NA,7,5,5,1948,0,0,0,NA,0,003,POMONA BLVD,GARFIELD AV,7,S,N,A,-,N,NA,NA,NA,NA,NA,NA,NA,NA,NA,N,3,0,3,2,A,-,08,22100,A,F,B,C,A,A,H,-,C,D,0,NA,NA,NA,NA,Y,NA,A,01,0,3,0,0,0,0,0,0,0,-,-,34.03363037109375,-118.13014221191406,LOS ANGELES,MONTEREY PARK,-118.13011169433594,34.0335807800293
84702601,2025,2025-05-28,1948,2025-01-23,1529,383,NA,4,5,5,1948,0,0,0,NA,0,002,NEWMARK AV,RUSSELL AV (E),0,NA,Y,A,-,N,NA,NA,NA,NA,NA,NA,NA,NA,NA,N,3,0,1,2,A,-,09,21802,A,N,D,C,A,A,H,-,A,D,0,NA,NA,NA,NA,Y,NA,A,01,0,1,0,0,0,0,0,0,0,-,-,34.05986022949219,-118.11969757080078,LOS ANGELES,MONTEREY PARK,-118.12004089355467,34.05980682373047
84702634,2025,2025-05-28,1948,2025-04-30,1601,477,NA,3,5,5,1948,0,0,0,NA,0,002,ATLANTIC BLVD,NEWMARK AV,0,NA,Y,A,-,N,NA,NA,NA,NA,NA,NA,NA,NA,NA,N,4,0,2,2,A,-,09,21801,A,N,A,C,A,A,H,-,A,A,0,NA,NA,NA,NA,Y,NA,A,01,0,0,2,0,0,0,0,0,0,-,-,34.05976104736328,-118.1335906982422,LOS ANGELES,MONTEREY PARK,-118.13362121582033,34.05978012084961
84702635,2025,2025-05-28,1969,2025-05-02,1659,20226,NA,5,5,5,1969,0,0,0,NA,0,004,ALEXANDER AV,MICHIGAN AV,0,NA,Y,A,-,N,NA,NA,NA,NA,NA,NA,NA,NA,NA,Y,3,0,2,3,A,-,12,22450,A,N,D,C,A,A,H,-,A,A,0,NA,NA,NA,NA,Y,NA,D,22,0,2,0,0,0,0,0,0,0,-,-,33.940330505371094,-118.19490051269533,LOS ANGELES,SOUTH GATE,-118.1948699951172,33.940330505371094
84702641,2025,2025-05-28,1969,2025-05-07,1500,10245,NA,3,5,5,1969,0,0,0,NA,0,002,FILESTONE BLVD,MADISON AV,10,W,N,A,-,N,NA,NA,NA,NA,NA,NA,NA,NA,NA,N,3,0,1,2,A,-,10,21950,A,F,G,B,C,A,H,-,A,A,0,Y,NA,NA,NA,Y,NA,A,01,0,1,0,0,1,0,0,0,0,-,-,33.95497131347656,-118.2134017944336,LOS ANGELES,SOUTH GATE,-118.21348571777344,33.954864501953125
84702644,2025,2025-05-28,1969,2025-05-11,840,20226,NA,7,5,5,1969,0,0,0,NA,0,001,LONG BEACH BLVD,KANSAS AV,52,S,N,A,-,N,NA,NA,NA,NA,NA,NA,NA,NA,NA,N,3,0,1,2,A,-,11,21950,B,N,G,B,D,A,H,-,A,A,0,Y,NA,NA,NA,Y,Y,N,60,0,1,0,0,1,0,0,0,0,-,-,33.94866943359375,-118.21720123291016,LOS ANGELES,SOUTH GATE,-118.21714782714844,33.94851303100586
84702648,2025,2025-07-07,1969,2025-05-25,120,10263,NA,7,5,5,1969,0,0,0,NA,0,001,FILESTONE BLVD,SANTA FE AV,0,NA,Y,A,-,N,NA,NA,NA,NA,NA,NA,NA,NA,NA,Y,3,0,2,2,A,-,01,23152,A,N,D,C,A,A,H,-,C,A,0,NA,NA,NA,NA,Y,Y,A,01,0,2,0,0,0,0,0,0,0,-,-,33.956138610839844,-118.22482299804688,LOS ANGELES,SOUTH GATE,-118.2248077392578,33.95600891113281
84702957,2025,2025-05-28,1942,2025-05-27,2255,43822,NA,2,5,7,1942,0,0,0,NA,0,1037,VANOWEN ST,WISH AVE,0,NA,Y,A,-,N,NA,NA,NA,NA,NA,NA,NA,NA,NA,Y,3,0,2,2,A,-,12,22450,A,F,D,C,A,A,H,-,C,A,0,NA,NA,NA,NA,Y,NA,A,07,0,1,1,0,0,0,0,0,0,-,-,NA,NA,LOS ANGELES,LOS ANGELES,-118.50691986083984,34.193878173828125
84702970,2025,2025-05-28,1942,2025-05-27,1759,38033,NA,2,5,7,1942,0,0,0,NA,0,1001,ROSCOE BLVD,TAMPA AVE,35,E,N,A,-,N,NA,NA,NA,NA,NA,NA,NA,NA,NA,N,4,0,1,2,A,-,09,21804,A,F,D,G,A,A,H,-,A,D,0,NA,Y,NA,NA,Y,NA,-,99,0,0,1,0,0,0,1,0,0,-,-,NA,NA,LOS ANGELES,LOS ANGELES,-118.55339813232422,34.220481872558594
84702988,2025,2025-05-28,1942,2025-05-27,1430,40291,NA,2,5,7,1942,0,0,0,NA,0,1987,COMMUNITY ST,WOODMAN AVE,5,W,N,A,-,N,NA,NA,NA,NA,NA,NA,NA,NA,NA,Y,3,0,1,2,A,-,03,22350,NA,F,C,C,A,A,H,-,A,A,0,NA,NA,NA,NA,Y,Y,D,22,0,1,0,0,0,0,0,0,0,-,-,NA,NA,LOS ANGELES,LOS ANGELES,-118.43275451660156,34.2227897644043
84703005,2025,2025-05-28,1942,2025-05-27,1443,39485,NA,2,5,7,1942,0,0,0,NA,0,0904,SATICOY ST,KESTER AVE,200,W,N,A,-,N,NA,NA,NA,NA,NA,NA,NA,NA,NA,N,3,0,2,2,A,-,04,21703,NA,F,C,C,A,A,H,-,A,D,0,NA,NA,NA,NA,Y,NA,-,99,0,2,0,0,0,0,0,0,0,-,-,NA,NA,LOS ANGELES,LOS ANGELES,-118.4581298828125,34.208457946777344
84703059,2025,2025-05-28,1942,2025-05-23,905,34959,NA,5,5,7,1942,0,0,0,NA,0,2055,11TH STREET,NORMANDIE AVENUE,0,NA,Y,A,-,N,NA,NA,NA,NA,NA,NA,NA,NA,NA,Y,4,0,1,2,A,-,12,21453,A,F,D,C,A,A,H,-,A,A,0,NA,NA,NA,NA,Y,NA,-,99,0,0,1,0,0,0,0,0,0,-,-,NA,NA,LOS ANGELES,LOS ANGELES,-118.29998779296876,34.05086898803711
84703078,2025,2025-05-28,1942,2025-05-22,1606,34251,NA,4,5,7,1942,0,0,0,NA,0,0678,MELROSE AVE,OXFORD AVE,0,NA,Y,A,-,N,NA,NA,NA,NA,NA,NA,NA,NA,NA,N,3,0,1,2,A,-,09,21802,A,F,H,G,A,A,H,-,A,A,0,NA,Y,NA,NA,Y,NA,-,99,0,1,0,0,0,0,1,0,0,-,-,NA,NA,LOS ANGELES,LOS ANGELES,-118.30796813964844,34.08351135253906
84703127,2025,2025-05-28,1942,2025-05-14,945,40325,NA,3,5,7,1942,0,0,0,NA,0,0192,GRAND AVE,VENICE BLVD,45,N,N,A,-,N,NA,NA,NA,NA,NA,NA,NA,NA,NA,N,4,0,1,3,A,-,03,22350,NA,F,C,C,A,A,H,-,A,A,0,NA,NA,NA,NA,Y,NA,A,07,0,0,1,0,0,0,0,0,0,-,-,NA,NA,LOS ANGELES,LOS ANGELES,-118.26625823974608,34.03583908081055
84703328,2025,2025-05-28,1942,2025-05-19,150,45216,NA,1,5,7,1942,0,0,0,NA,0,0742,LA CIENEGA BLVD.,OLYMPIC BLVD.,0,NA,Y,A,-,N,NA,NA,NA,NA,NA,NA,NA,NA,NA,Y,3,0,2,2,A,-,09,21801,A,F,B,C,A,A,H,-,C,A,0,NA,NA,NA,NA,Y,NA,-,99,0,1,1,0,0,0,0,0,0,-,-,NA,NA,LOS ANGELES,LOS ANGELES,-118.3761978149414,34.0594367980957
84703390,2025,2025-05-28,1942,2025-04-28,1115,40008,NA,1,5,7,1942,0,0,0,NA,0,0217,GLENDALE BL,TEMPLE AVE,80,S,N,A,-,N,NA,NA,NA,NA,NA,NA,NA,NA,NA,N,3,0,1,2,A,-,09,21804,A,F,G,B,F,A,H,-,A,D,0,Y,NA,NA,NA,Y,NA,-,99,0,1,0,0,1,0,0,0,0,-,-,NA,NA,LOS ANGELES,LOS ANGELES,-118.26082611083984,34.067935943603516
84703401,2025,2025-05-28,1942,2025-04-30,520,31542,NA,3,5,7,1942,0,0,0,NA,0,1363,CENTRAL AVENUE,50TH STREET,101,S,N,B,-,N,NA,NA,NA,NA,NA,NA,NA,NA,NA,N,2,0,1,2,A,-,11,21954,A,F,D,B,D,A,H,-,C,A,0,Y,NA,NA,NA,Y,NA,N,60,1,0,0,0,1,0,0,0,0,-,-,NA,NA,LOS ANGELES,LOS ANGELES,-118.2564697265625,33.99772262573242
84703421,2025,2025-05-28,1942,2025-04-30,1000,40325,NA,3,5,7,1942,0,0,0,NA,0,0112,HILL ST,TEMPLE ST,450,N,N,B,-,N,NA,NA,NA,NA,NA,NA,NA,NA,NA,N,4,0,1,2,A,-,11,21954,A,F,G,B,E,A,H,-,A,A,0,Y,NA,NA,NA,Y,NA,N,60,0,0,1,0,1,0,0,0,0,-,-,NA,NA,LOS ANGELES,LOS ANGELES,-118.24330139160156,34.057220458984375
84703425,2025,2025-05-28,1942,2025-05-22,1105,42788,NA,4,5,7,1942,0,0,0,NA,0,1401,OCEAN PARK BLVD,CENTINELA AVE,30,W,N,A,-,N,NA,NA,NA,NA,NA,NA,NA,NA,NA,Y,4,0,1,2,A,-,03,22350,NA,F,C,C,A,A,H,-,A,A,0,NA,NA,NA,NA,Y,NA,-,99,0,0,1,0,0,0,0,0,0,-,-,NA,NA,LOS ANGELES,LOS ANGELES,-118.4488525390625,34.0230712890625
84703440,2025,2025-05-28,1942,2025-05-04,1150,44035,NA,7,5,7,1942,0,0,0,NA,0,1406,OVERLAND AVE,WASHINGTON BLVD,71,N,N,B,-,N,NA,NA,NA,NA,NA,NA,NA,NA,NA,Y,4,0,1,1,A,-,03,22350,NA,N,E,I,A,A,H,-,A,A,0,NA,NA,NA,NA,Y,NA,A,01,0,0,1,0,0,0,0,0,0,-,-,NA,NA,LOS ANGELES,LOS ANGELES,-118.40561676025392,34.01700210571289
84703478,2025,2025-05-28,1942,2025-04-30,2115,38357,NA,3,5,7,1942,0,0,0,NA,0,1184,SUNSET BLVD,PORTIA ST,0,NA,Y,A,-,N,NA,NA,NA,NA,NA,NA,NA,NA,NA,N,2,0,1,2,A,-,11,21456,NA,N,G,B,B,A,H,-,C,D,0,Y,NA,NA,NA,Y,NA,N,60,1,0,0,0,1,0,0,0,0,-,-,NA,NA,LOS ANGELES,LOS ANGELES,-118.2543716430664,34.07545852661133
84703482,2025,2025-05-28,1942,2025-05-27,1954,33504,NA,2,5,7,1942,0,0,0,NA,0,1031,FRIAR ST,TAMPA AVE,59,W,N,A,-,N,NA,NA,NA,NA,NA,NA,NA,NA,NA,Y,3,0,1,2,A,-,00,23103,A,N,A,E,A,A,H,-,A,D,0,NA,NA,NA,NA,Y,NA,A,01,0,1,0,0,0,0,0,0,0,-,-,NA,NA,LOS ANGELES,LOS ANGELES,-118.55370330810548,34.18565368652344
84703484,2025,2025-05-28,1942,2025-03-22,1845,42364,NA,6,5,7,1942,0,0,0,NA,0,1242,62ND STREET,2ND AVE,54,W,N,A,-,N,NA,NA,NA,NA,NA,NA,NA,NA,NA,Y,1,1,0,2,A,-,11,21954,A,N,G,B,D,A,H,-,A,D,0,Y,NA,NA,NA,Y,NA,N,60,0,0,0,1,0,0,0,0,0,-,-,NA,NA,LOS ANGELES,LOS ANGELES,-118.31983947753906,33.98366165161133
84703512,2025,2025-05-28,1942,2025-05-27,1035,42974,NA,2,5,7,1942,0,0,0,NA,0,2146,SHERMAN WAY,CANOGA AVE,108,W,N,A,-,N,NA,NA,NA,NA,NA,NA,NA,NA,NA,N,4,0,1,2,A,-,08,22107,NA,N,D,C,A,A,H,-,A,A,0,NA,NA,NA,NA,Y,NA,A,01,0,0,1,0,0,0,0,0,0,-,-,NA,NA,LOS ANGELES,LOS ANGELES,-118.59806823730467,34.20103073120117
84703518,2025,2025-05-28,1942,2025-05-04,1210,43958,NA,7,5,7,1942,0,0,0,NA,0,0775,VENICE BL,RIMPAU BL,0,NA,Y,B,-,N,NA,NA,NA,NA,NA,NA,NA,NA,NA,N,3,0,1,2,A,-,09,21801,A,N,D,G,A,A,H,-,A,A,0,NA,Y,NA,NA,Y,NA,A,01,0,1,0,0,0,0,1,0,0,-,-,NA,NA,LOS ANGELES,LOS ANGELES,-118.34056854248048,34.046722412109375
84703530,2025,2025-05-28,1942,2025-04-20,2200,42958,NA,7,5,7,1942,0,0,0,NA,0,1827,103RD ST,WILMINGTON AVE,0,NA,Y,A,-,N,NA,NA,NA,NA,NA,NA,NA,NA,NA,N,2,0,1,2,A,-,03,22350,NA,F,H,B,-,A,H,-,B,A,0,Y,NA,NA,NA,Y,NA,-,99,1,0,0,0,1,0,0,0,0,-,-,NA,NA,LOS ANGELES,LOS ANGELES,-118.23908996582033,33.94315719604492
84703546,2025,2025-05-28,1942,2025-04-04,1955,43546,NA,5,5,7,1942,0,0,0,NA,0,1233,WESTERN AVE,60TH ST,125,S,N,A,-,N,NA,NA,NA,NA,NA,NA,NA,NA,NA,N,2,0,1,2,B,-,22,NA,NA,F,G,B,-,A,H,-,D,D,0,Y,NA,NA,NA,Y,NA,-,99,1,0,0,0,1,0,0,0,0,-,-,NA,NA,LOS ANGELES,LOS ANGELES,-118.3089599609375,33.98489761352539
84703559,2025,2025-05-28,1942,2025-04-17,2000,40717,NA,4,5,7,1942,0,0,0,NA,0,0373,COLISEUM ST,BRONSON AV,0,NA,Y,A,-,N,NA,NA,NA,NA,NA,NA,NA,NA,NA,N,2,0,1,2,A,-,10,21950,A,N,G,B,B,A,H,-,D,D,0,Y,NA,NA,Y,Y,NA,F,26,1,0,0,0,1,0,0,0,0,-,-,NA,NA,LOS ANGELES,LOS ANGELES,-118.3339385986328,34.018218994140625
84703582,2025,2025-05-28,1942,2025-04-10,1055,42926,NA,4,5,7,1942,0,0,0,NA,0,1347,ALAMEDA ST,MARTIN LUTHER KING BL,60,N,N,A,-,N,NA,NA,NA,NA,NA,NA,NA,NA,NA,N,3,0,1,2,A,-,03,22350,NA,N,B,C,A,A,H,-,A,D,0,NA,NA,NA,Y,Y,NA,F,26,0,1,0,0,0,0,0,0,0,-,-,NA,NA,LOS ANGELES,LOS ANGELES,-118.23964691162108,34.00998306274414
84703630,2025,2025-05-28,1942,2025-03-19,2222,41004,NA,3,5,7,1942,0,0,0,NA,0,0376,NORMANDIE AVE,BROWNING BLVD,0,NA,Y,A,-,N,NA,NA,NA,NA,NA,NA,NA,NA,NA,Y,3,0,1,3,A,-,01,23152,A,N,D,C,A,A,H,-,C,D,0,NA,NA,NA,NA,Y,Y,A,01,0,1,0,0,0,0,0,0,0,-,-,NA,NA,LOS ANGELES,LOS ANGELES,-118.30017852783205,34.012107849121094
84703646,2025,2025-05-28,1942,2025-05-24,1438,44887,NA,6,5,7,1942,0,0,0,NA,0,1708,SEPULVEDA BLVD,SAN FERNANDO RD,270,S,N,A,-,N,NA,NA,NA,NA,NA,NA,NA,NA,NA,Y,2,0,2,1,A,-,08,22107,NA,N,E,I,A,A,H,-,A,D,0,NA,NA,NA,NA,Y,Y,D,22,2,0,0,0,0,0,0,0,0,-,-,NA,NA,LOS ANGELES,LOS ANGELES,-118.49051666259766,34.31440353393555
84703647,2025,2025-05-28,1942,2025-04-02,2140,43452,NA,3,5,7,1942,0,0,0,NA,0,0644,FULLER AVE,FOUNTAIN AVE,550,N,N,A,-,N,NA,NA,NA,NA,NA,NA,NA,NA,NA,Y,4,0,1,4,A,-,03,22350,NA,F,B,E,A,A,H,-,C,D,0,NA,NA,NA,NA,Y,NA,A,07,0,0,1,0,0,0,0,0,0,-,-,NA,NA,LOS ANGELES,LOS ANGELES,-118.3495635986328,34.09587860107422
84703666,2025,2025-05-28,1942,2025-05-22,1200,40165,NA,4,5,7,1942,0,0,0,NA,0,1673,TUXFORD ST,REFERENCE POINT,40,E,N,A,-,N,NA,NA,NA,NA,NA,NA,NA,NA,NA,N,1,1,0,2,A,-,11,21954,A,N,G,B,E,A,H,-,A,A,0,Y,NA,NA,NA,Y,NA,N,60,0,0,0,1,0,0,0,0,0,-,-,NA,NA,LOS ANGELES,LOS ANGELES,NA,NA
84703667,2025,2025-05-28,1942,2025-04-10,30,37146,NA,4,5,7,1942,0,0,0,NA,0,0325,VERMONT AV,DANA ST,12,S,N,A,-,N,NA,NA,NA,NA,NA,NA,NA,NA,NA,N,2,0,1,2,A,-,10,21950,A,F,G,B,B,A,H,-,C,A,0,Y,NA,NA,NA,Y,NA,-,99,1,0,0,0,1,0,0,0,0,-,-,NA,NA,LOS ANGELES,LOS ANGELES,-118.29154205322266,34.031558990478516
84703670,2025,2025-05-28,1942,2025-04-08,1200,45715,NA,2,5,7,1942,0,0,0,NA,0,0235,TEMPLE ST,ROSEMONT AVE,20,W,N,A,-,N,NA,NA,NA,NA,NA,NA,NA,NA,NA,N,2,0,1,2,A,-,11,21954,A,N,G,B,D,A,H,-,A,A,0,Y,NA,NA,NA,Y,NA,N,60,1,0,0,0,1,0,0,0,0,-,-,NA,NA,LOS ANGELES,LOS ANGELES,-118.27079010009766,34.071189880371094
84703673,2025,2025-05-28,1942,2025-04-20,404,40325,NA,7,5,7,1942,0,0,0,NA,0,0497,UNION PACIFIC AVE,DE LA TORRE WAY,40,W,N,A,-,N,NA,NA,NA,NA,NA,NA,NA,NA,NA,N,1,1,0,1,A,-,17,21712,A,F,H,A,A,A,H,-,C,A,0,NA,NA,NA,NA,Y,NA,-,99,0,0,0,0,0,0,0,0,0,-,-,NA,NA,LOS ANGELES,LOS ANGELES,-118.20597839355467,34.016544342041016
84703685,2025,2025-05-28,1942,2025-05-01,816,43139,NA,4,5,7,1942,0,0,0,NA,0,0265,ALVARADO ST,7TH ST,201,N,N,B,-,N,NA,NA,NA,NA,NA,NA,NA,NA,NA,Y,4,0,1,2,A,-,03,22350,NA,F,C,C,A,A,H,-,A,A,0,NA,NA,NA,NA,Y,NA,A,01,0,0,1,0,0,0,0,0,0,-,-,NA,NA,LOS ANGELES,LOS ANGELES,-118.27649688720705,34.05696487426758
84703758,2025,2025-05-28,1942,2025-05-25,1250,42656,NA,7,5,7,1942,0,0,0,NA,0,NA,CANYON LAKE DR,ARROWHEAD DR,360,S,N,B,-,N,NA,NA,NA,NA,NA,NA,NA,NA,NA,N,3,0,2,4,A,-,03,22350,NA,N,G,B,E,A,H,-,A,D,0,Y,NA,NA,NA,Y,NA,A,01,0,2,0,0,2,0,0,0,0,-,-,NA,NA,LOS ANGELES,LOS ANGELES,-118.32655334472656,34.12674331665039
84703921,2025,2025-05-28,1942,2025-05-01,1710,45021,NA,4,5,7,1942,0,0,0,NA,0,0455,CITY VIEW AVENUE,ST LOUIS STREET,198,W,N,A,-,N,NA,NA,NA,NA,NA,NA,NA,NA,NA,Y,3,0,1,8,A,-,07,21658,A,N,B,E,A,A,H,-,A,D,0,NA,NA,NA,NA,Y,NA,-,-,0,1,0,0,0,0,0,0,0,-,-,NA,NA,LOS ANGELES,LOS ANGELES,-118.20909118652344,34.05234909057617
84703995,2025,2025-05-28,1942,2025-04-20,2030,38598,NA,7,5,7,1942,0,0,0,NA,0,0557,GAFFEY ST,1ST ST,0,NA,Y,A,-,N,NA,NA,NA,NA,NA,NA,NA,NA,NA,Y,2,0,3,2,A,-,09,21801,A,N,A,C,A,A,H,-,C,A,0,NA,NA,Y,NA,Y,NA,A,07,2,0,1,0,0,0,0,0,2,-,-,NA,NA,LOS ANGELES,LOS ANGELES,-118.29232025146484,33.74331283569336
84704162,2025,2025-05-28,1913,2025-05-02,1112,4286,NA,5,5,4,1913,0,0,0,NA,0,003,835 W FOOTHILL BLVD,MOUNTAIN AVE,142,W,-,A,-,N,NA,NA,NA,NA,NA,NA,NA,NA,NA,N,4,0,1,1,B,-,22,NA,NA,N,E,I,A,A,H,-,A,D,0,NA,NA,NA,NA,Y,NA,A,01,0,0,1,0,0,0,0,0,0,-,-,34.10757827758789,-117.72985076904295,LOS ANGELES,CLAREMONT,-117.72947692871094,34.10697937011719
84704287,2025,2025-05-29,1901,2025-04-06,1618,285,NA,7,5,5,1901,0,0,0,NA,0,003,MISSION RD,MERIDIAN AVE,150,W,N,A,-,Y,NA,NA,NA,NA,NA,NA,NA,NA,NA,Y,4,0,2,2,A,-,08,22107,NA,N,D,C,A,A,H,-,A,D,0,NA,NA,NA,NA,Y,NA,A,01,0,0,2,0,0,0,0,0,0,-,-,34.07912063598633,-118.15379333496094,LOS ANGELES,ALHAMBRA,-118.15428161621094,34.079071044921875
84704291,2025,2025-05-29,1901,2025-04-13,1911,203,NA,7,5,5,1901,0,0,0,NA,0,002,GARFIELD AVE,LINDA VISTA AVE,0,NA,Y,A,-,N,NA,NA,NA,NA,NA,NA,NA,NA,NA,N,3,0,1,2,A,-,03,22350,NA,N,C,C,A,A,H,-,A,D,0,NA,NA,NA,NA,Y,NA,J,48,0,1,0,0,0,0,0,0,0,-,-,NA,NA,LOS ANGELES,ALHAMBRA,-118.1230697631836,34.08476257324219
84704293,2025,2025-05-29,1901,2025-04-21,647,136,NA,1,5,5,1901,0,0,0,NA,0,004,VALLEY BLVD,ELECTRIC AVE,0,NA,Y,A,-,N,NA,NA,NA,NA,NA,NA,NA,NA,NA,N,2,0,1,2,A,-,09,21801,A,N,D,C,A,A,H,-,A,A,0,NA,NA,Y,NA,Y,NA,A,01,1,0,0,0,0,0,0,0,1,-,-,34.077640533447266,-118.13915252685548,LOS ANGELES,ALHAMBRA,-118.1391372680664,34.07758331298828
84704448,2025,2025-05-29,1922,2025-05-12,1517,668,NA,1,5,6,1922,0,0,0,NA,0,001,LOWER AZUSA RD,SANTA ANITA AVE (E),200,E,N,A,-,N,NA,NA,NA,NA,NA,NA,NA,NA,NA,N,4,0,2,2,A,-,04,21703,NA,N,C,C,A,A,H,-,A,D,0,NA,NA,NA,NA,Y,NA,A,01,0,0,2,0,0,0,0,0,0,-,-,34.09212875366211,-118.02631378173828,LOS ANGELES,EL MONTE,-118.02573394775392,34.092044830322266
84704597,2025,2025-05-29,1925,2025-03-27,2301,30341,NA,4,5,6,1925,0,0,0,NA,0,002,CHEVY CHASE DRIVE,SAN FERNANDO ROAD,300,W,N,B,-,N,NA,NA,NA,NA,NA,NA,NA,NA,NA,Y,4,0,1,2,A,-,07,21658,A,N,B,E,A,A,H,-,C,D,0,NA,NA,Y,NA,Y,NA,A,01,0,0,1,0,0,0,0,0,0,-,-,34.13344955444336,-118.2624969482422,LOS ANGELES,GLENDALE,-118.26351165771484,34.13347244262695
84704599,2025,2025-05-29,1925,2025-05-09,2132,29009,NA,5,5,6,1925,0,0,0,NA,0,005,OCEAN VIEW BOULEVARD,SUNVIEW DRIVE,0,NA,Y,A,-,N,NA,NA,NA,NA,NA,NA,NA,NA,NA,Y,3,0,1,2,A,-,12,22450,A,N,D,C,A,A,H,-,C,D,0,NA,NA,NA,NA,Y,NA,A,01,0,1,0,0,0,0,0,0,0,-,-,34.202659606933594,-118.22817993164064,LOS ANGELES,GLENDALE,-118.22819519042967,34.20263671875
84704601,2025,2025-05-29,1925,2025-05-11,1957,30416,NA,7,5,6,1925,0,0,0,NA,0,004,WILSON AVENUE,OLIVE STREET,390,W,N,A,-,N,NA,NA,NA,NA,NA,NA,NA,NA,NA,N,4,0,3,2,A,-,09,21804,A,N,D,C,A,A,H,-,B,A,0,NA,NA,NA,NA,Y,NA,A,01,0,0,3,0,0,0,0,0,0,-,-,34.148048400878906,-118.23776245117188,LOS ANGELES,GLENDALE,-118.23906707763672,34.14809036254883
84704753,2025,2025-05-29,1942,2025-05-25,330,45929,NA,7,5,7,1942,0,0,0,NA,0,1959,TERRA BELLA ST,ARLETA AVE,0,NA,Y,B,-,N,NA,NA,NA,NA,NA,NA,NA,NA,NA,Y,3,0,3,2,A,-,01,23152,A,N,C,C,A,A,H,-,C,A,0,NA,NA,NA,NA,Y,Y,B,01,0,3,0,0,0,0,0,0,0,-,-,NA,NA,LOS ANGELES,LOS ANGELES,-118.43241119384766,34.248043060302734
84704845,2025,2025-05-29,1942,2025-05-28,1110,42721,NA,3,5,7,1942,0,0,0,NA,0,2187,TOPANGA CANYON BL,VENTURA BLVD,0,NA,Y,B,-,Y,NA,NA,NA,NA,NA,NA,NA,NA,NA,N,2,0,1,2,A,-,08,22107,NA,F,B,G,A,A,H,-,A,A,0,NA,Y,NA,NA,Y,NA,-,99,1,0,0,0,0,0,1,0,0,-,-,NA,NA,LOS ANGELES,LOS ANGELES,-118.6059112548828,34.16851043701172
84705016,2025,2025-05-29,1942,2025-05-28,1952,32774,NA,3,5,7,1942,0,0,0,NA,0,1642,PIERCE ST,KEWEN AVE,200,W,N,A,-,N,NA,NA,NA,NA,NA,NA,NA,NA,NA,N,3,0,1,3,A,-,01,23152,A,F,D,C,A,A,H,-,A,D,0,NA,NA,NA,NA,Y,Y,D,22,0,1,0,0,0,0,0,0,0,-,-,NA,NA,LOS ANGELES,LOS ANGELES,-118.424560546875,34.259010314941406