CASE_ID,ACCIDENT_YEAR,PROC_DATE,JURIS,COLLISION_DATE,COLLISION_TIME,OFFICER_ID,REPORTING_DISTRICT,DAY_OF_WEEK,CHP_SHIFT,POPULATION,CNTY_CITY_LOC,SPECIAL_COND,BEAT_TYPE,CHP_BEAT_TYPE,CITY_DIVISION_LAPD,CHP_BEAT_CLASS,BEAT_NUMBER,PRIMARY_RD,SECONDARY_RD,DISTANCE,DIRECTION,INTERSECTION,WEATHER_1,WEATHER_2,STATE_HWY_IND,CALTRANS_COUNTY,CALTRANS_DISTRICT,STATE_ROUTE,ROUTE_SUFFIX,POSTMILE_PREFIX,POSTMILE,LOCATION_TYPE,RAMP_INTERSECTION,SIDE_OF_HWY,TOW_AWAY,COLLISION_SEVERITY,NUMBER_KILLED,NUMBER_INJURED,PARTY_COUNT,PRIMARY_COLL_FACTOR,PCF_CODE_OF_VIOL,PCF_VIOL_CATEGORY,PCF_VIOLATION,PCF_VIOL_SUBSECTION,HIT_AND_RUN,TYPE_OF_COLLISION,MVIW,PED_ACTION,ROAD_SURFACE,ROAD_COND_1,ROAD_COND_2,LIGHTING,CONTROL_DEVICE,CHP_ROAD_TYPE,PEDESTRIAN_ACCIDENT,BICYCLE_ACCIDENT,MOTORCYCLE_ACCIDENT,TRUCK_ACCIDENT,NOT_PRIVATE_PROPERTY,ALCOHOL_INVOLVED,STWD_VEHTYPE_AT_FAULT,CHP_VEHTYPE_AT_FAULT,COUNT_SEVERE_INJ,COUNT_VISIBLE_INJ,COUNT_COMPLAINT_PAIN,COUNT_PED_KILLED,COUNT_PED_INJURED,COUNT_BICYCLIST_KILLED,COUNT_BICYCLIST_INJURED,COUNT_MC_KILLED,COUNT_MC_INJURED,PRIMARY_RAMP,SECONDARY_RAMP,LATITUDE,LONGITUDE,COUNTY,CITY,POINT_X,POINT_Y
84724426,2025,2025-06-13,1925,2025-05-16,1432,26161,NA,5,5,6,1925,0,0,0,NA,0,004,CHEVY CHASE DRIVE,BUCKINGHAM ROAD,1504,N,N,A,-,N,NA,NA,NA,NA,NA,NA,NA,NA,NA,N,3,0,1,2,A,-,05,21460,A,N,A,G,A,A,H,-,A,D,0,NA,Y,NA,NA,Y,NA,L,04,0,1,0,0,0,0,1,0,0,-,-,34.173439025878906,-118.19943237304688,LOS ANGELES,GLENDALE,-118.19841003417967,34.175811767578125
84724429,2025,2025-06-13,1925,2025-02-22,1620,28644,NA,6,5,6,1925,0,0,0,NA,0,001,THOMPSON AVENUE,MOUNTAIN STREET,393,S,N,A,-,N,NA,NA,NA,NA,NA,NA,NA,NA,NA,N,4,0,1,2,C,-,18,NA,NA,N,A,E,A,A,H,-,A,A,0,NA,NA,NA,NA,Y,NA,-,-,0,0,1,0,0,0,0,0,0,-,-,34.18294143676758,-118.2806396484375,LOS ANGELES,GLENDALE,-118.2814712524414,34.182106018066406
84724431,2025,2025-06-13,1925,2025-05-23,1551,28043,NA,5,5,6,1925,0,0,0,NA,0,001,RIVERSIDE DRIVE,WINCHESTER AVENUE,50,E,N,A,-,N,NA,NA,NA,NA,NA,NA,NA,NA,NA,N,2,0,1,2,A,-,03,22350,NA,N,C,C,A,A,H,-,A,A,0,NA,NA,Y,NA,Y,NA,C,02,1,0,0,0,0,0,0,0,1,-,-,34.158931732177734,-118.30059051513672,LOS ANGELES,GLENDALE,-118.30036926269533,34.15890121459961
84724432,2025,2025-06-13,1925,2025-05-23,1655,28644,NA,5,5,6,1925,0,0,0,NA,0,001,BRAND BOULEVARD,GOODE AVENUE,0,NA,Y,A,-,N,NA,NA,NA,NA,NA,NA,NA,NA,NA,N,3,0,2,2,A,-,12,21453,A,N,D,C,A,A,H,-,A,A,0,NA,NA,NA,NA,Y,NA,-,-,0,1,1,0,0,0,0,0,0,-,-,34.156761169433594,-118.25507354736328,LOS ANGELES,GLENDALE,-118.2551498413086,34.15676498413086
84724436,2025,2025-06-13,1925,2025-05-30,815,28043,NA,5,5,6,1925,0,0,0,NA,0,005,VERDUGO ROAD,WABASSO WAY,50,S,N,A,-,N,NA,NA,NA,NA,NA,NA,NA,NA,NA,N,3,0,1,2,A,-,03,22350,NA,N,C,C,A,A,H,-,A,A,0,NA,NA,NA,NA,Y,NA,D,22,0,1,0,0,0,0,0,0,0,-,-,34.17844009399414,-118.22554779052734,LOS ANGELES,GLENDALE,-118.2255630493164,34.17828369140625
84724437,2025,2025-06-13,1925,2025-05-31,830,28644,NA,6,5,6,1925,0,0,0,NA,0,003,MAPLE STREET,GLENDALE AVENUE (S),135,W,N,A,-,N,NA,NA,NA,NA,NA,NA,NA,NA,NA,N,3,0,1,2,A,-,21,22106,NA,N,D,C,A,A,H,-,A,A,0,NA,NA,NA,NA,Y,NA,A,07,0,1,0,0,0,0,0,0,0,-,-,34.13880157470703,-118.25096130371094,LOS ANGELES,GLENDALE,-118.25144958496094,34.138736724853516
84724441,2025,2025-06-13,1925,2025-06-01,1357,26039,NA,7,5,6,1925,0,0,0,NA,0,002,BRAND BOULEVARD,GOODE AVENUE,0,NA,Y,A,-,Y,NA,NA,NA,NA,NA,NA,NA,NA,NA,Y,4,0,1,2,A,-,12,21457,A,N,D,C,A,A,H,-,A,A,0,NA,NA,NA,NA,Y,NA,A,01,0,0,1,0,0,0,0,0,0,-,-,34.156761169433594,-118.25507354736328,LOS ANGELES,GLENDALE,-118.2551498413086,34.15676498413086
84724442,2025,2025-06-13,1925,2025-06-02,916,27629,NA,1,5,6,1925,0,0,0,NA,0,001,BURCHETT STREET,COLUMBUS AVENUE,134,W,N,A,-,N,NA,NA,NA,NA,NA,NA,NA,NA,NA,N,3,0,1,2,A,-,09,21804,A,N,D,C,A,A,H,-,A,D,0,NA,NA,NA,NA,Y,NA,A,07,0,1,0,0,0,0,0,0,0,-,-,NA,NA,LOS ANGELES,GLENDALE,-118.26187133789064,34.15737533569336
84724503,2025,2025-06-13,1955,2025-03-18,1040,43004,NA,2,5,6,1955,0,0,0,NA,0,003,LINCOLN AVE,DENSMORE ST,40,E,N,A,-,N,NA,NA,NA,NA,NA,NA,NA,NA,NA,Y,4,0,1,2,C,-,18,NA,NA,N,B,E,A,A,H,-,A,A,0,NA,NA,NA,NA,Y,NA,-,-,0,0,1,0,0,0,0,0,0,-,-,34.07101821899414,-117.72544860839844,LOS ANGELES,POMONA,-117.72530364990234,34.070926666259766
84724508,2025,2025-06-13,1933,2025-06-07,302,1088,NA,6,5,6,1933,0,0,0,NA,0,003,CRENSHAW BLVD,MANCHESTER BLVD,10,S,N,A,-,N,NA,NA,NA,NA,NA,NA,NA,NA,NA,Y,4,0,1,1,A,-,03,22350,NA,N,E,I,A,A,H,-,C,A,0,NA,NA,NA,NA,Y,Y,A,01,0,0,1,0,0,0,0,0,0,-,-,33.95998001098633,-118.32653045654295,LOS ANGELES,INGLEWOOD,-118.32649993896484,33.95988082885742
84724510,2025,2025-06-13,1933,2025-06-07,1750,1035,NA,6,5,6,1933,0,0,0,NA,0,001,BEACH AV,HAZEL ST,0,NA,Y,A,-,N,NA,NA,NA,NA,NA,NA,NA,NA,NA,Y,4,0,4,2,A,-,09,21800,A,N,D,C,A,A,H,-,B,D,0,NA,NA,NA,NA,Y,NA,A,01,0,0,4,0,0,0,0,0,0,-,-,NA,NA,LOS ANGELES,INGLEWOOD,-118.3568878173828,33.96780776977539
84724518,2025,2025-06-13,1955,2025-05-03,1146,42484,NA,6,5,6,1955,0,0,0,NA,0,004,PHILADELPHIA ST,PALOMARES ST,180,W,N,B,-,N,NA,NA,NA,NA,NA,NA,NA,NA,NA,Y,4,0,1,3,A,-,08,22107,NA,N,B,E,A,A,H,-,A,A,0,NA,NA,NA,NA,Y,NA,A,01,0,0,1,0,0,0,0,0,0,-,-,34.033531188964844,-117.74481964111328,LOS ANGELES,POMONA,-117.74549865722656,34.03340530395508
84724519,2025,2025-06-13,1933,2025-06-11,1134,869,NA,3,5,6,1933,0,0,0,NA,0,004,PRAIRIE AV,112TH ST,0,NA,Y,A,-,N,NA,NA,NA,NA,NA,NA,NA,NA,NA,N,4,0,1,2,A,-,12,21453,A,N,D,G,A,A,H,-,A,A,0,NA,Y,NA,NA,Y,NA,A,07,0,0,1,0,0,0,1,0,0,-,-,33.93294143676758,-118.34390258789064,LOS ANGELES,INGLEWOOD,-118.34391021728516,33.93290710449219
84724546,2025,2025-06-13,1942,2025-06-12,2130,42324,NA,4,5,7,1942,0,0,0,NA,0,1633,OSBORNE ST,GLENOAKS BLVD,0,NA,Y,A,-,N,NA,NA,NA,NA,NA,NA,NA,NA,NA,N,2,0,1,2,A,-,12,21453,A,F,D,G,A,A,H,-,C,A,0,NA,Y,NA,NA,Y,Y,-,99,1,0,0,0,0,0,1,0,0,-,-,NA,NA,LOS ANGELES,LOS ANGELES,-118.40196990966795,34.26465606689453
84724553,2025,2025-06-13,1942,2025-06-10,1120,45380,NA,2,5,7,1942,0,0,0,NA,0,1011,WILBUR AVE,SATICOY ST.,0,NA,Y,A,-,N,NA,NA,NA,NA,NA,NA,NA,NA,NA,Y,2,0,2,4,A,-,09,21801,A,N,D,C,A,A,H,-,A,A,0,NA,NA,NA,NA,Y,NA,A,01,1,1,0,0,0,0,0,0,0,-,-,NA,NA,LOS ANGELES,LOS ANGELES,-118.54477691650392,34.2083625793457
84724567,2025,2025-06-13,1942,2025-06-11,2010,40972,NA,3,5,7,1942,0,0,0,NA,0,0957,WOODMAN AVE,MAGNOLIA BL,0,NA,Y,A,-,N,NA,NA,NA,NA,NA,NA,NA,NA,NA,Y,2,0,2,2,A,-,09,21801,A,N,A,C,A,A,H,-,C,A,0,NA,NA,Y,NA,Y,NA,A,01,1,1,0,0,0,0,0,0,1,-,-,NA,NA,LOS ANGELES,LOS ANGELES,-118.43125152587892,34.16487121582031
84724568,2025,2025-06-13,1942,2025-05-03,1900,45514,NA,6,5,7,1942,0,0,0,NA,0,0162,FLOWER ST,8TH STREET,0,NA,Y,B,-,N,NA,NA,NA,NA,NA,NA,NA,NA,NA,N,3,0,1,2,A,-,10,21950,A,F,H,B,B,A,H,-,A,A,0,Y,NA,NA,NA,Y,NA,-,99,0,1,0,0,1,0,0,0,0,-,-,NA,NA,LOS ANGELES,LOS ANGELES,-118.26012420654295,34.0472526550293
84724575,2025,2025-06-13,1942,2025-05-04,1234,31542,NA,7,5,7,1942,0,0,0,NA,0,0275,OLYMPIC BOULEVARD,ALBANY STREET,20,E,N,B,-,N,NA,NA,NA,NA,NA,NA,NA,NA,NA,N,3,0,1,2,A,-,08,22107,NA,F,B,C,A,A,H,-,A,A,0,NA,NA,NA,NA,Y,NA,A,01,0,1,0,0,0,0,0,0,0,-,-,NA,NA,LOS ANGELES,LOS ANGELES,-118.27108001708984,34.047794342041016
84724577,2025,2025-06-13,1942,2025-05-04,2115,38050,NA,7,5,7,1942,0,0,0,NA,0,0236,BEVERLY BL,UNION AV,15,W,N,B,-,N,NA,NA,NA,NA,NA,NA,NA,NA,NA,N,2,0,1,2,A,-,10,21950,A,F,G,B,B,A,H,-,C,A,0,Y,NA,NA,NA,Y,NA,-,99,1,0,0,0,1,0,0,0,0,-,-,NA,NA,LOS ANGELES,LOS ANGELES,-118.26568603515624,34.064579010009766
84724578,2025,2025-06-13,1942,2025-05-04,1648,41661,NA,7,5,7,1942,0,0,0,NA,0,1146,RIVERSIDE DR,FLETCHER DR,10,S,N,B,-,N,NA,NA,NA,NA,NA,NA,NA,NA,NA,N,3,0,1,2,A,-,21,22106,NA,N,D,C,A,A,H,-,A,D,0,NA,NA,NA,NA,Y,NA,I,19,0,1,0,0,0,0,0,0,0,-,-,NA,NA,LOS ANGELES,LOS ANGELES,-118.25652313232422,34.10597229003906
84724583,2025,2025-06-13,1942,2025-04-13,30,44977,NA,7,5,7,1942,0,0,0,NA,0,0515,PACIFIC COAST HWY,FIGUEROA AVE,0,NA,Y,A,-,N,NA,NA,NA,NA,NA,NA,NA,NA,NA,Y,3,0,2,1,A,-,03,22350,NA,N,A,I,A,A,H,-,C,A,0,NA,NA,NA,NA,Y,NA,A,01,0,1,1,0,0,0,0,0,0,-,-,NA,NA,LOS ANGELES,LOS ANGELES,-118.28112030029295,33.790462493896484
84724603,2025,2025-06-13,1942,2025-04-29,2130,41492,NA,2,5,7,1942,0,0,0,NA,0,1125,LINCOLN AVE,N AVE 45,0,NA,Y,A,-,N,NA,NA,NA,NA,NA,NA,NA,NA,NA,N,3,0,2,2,A,-,08,22107,NA,F,B,C,A,A,H,-,C,D,0,NA,NA,NA,NA,Y,NA,-,99,0,2,0,0,0,0,0,0,0,-,-,NA,NA,LOS ANGELES,LOS ANGELES,-118.21854400634766,34.12284469604492
84724636,2025,2025-06-13,1942,2025-06-12,2055,32297,NA,4,5,7,1942,0,0,0,NA,0,2069,ARAPAHOE ST,12TH ST,196,S,N,B,-,N,NA,NA,NA,NA,NA,NA,NA,NA,NA,Y,4,0,1,4,A,-,01,23152,A,N,H,E,A,A,H,-,E,D,0,NA,NA,NA,NA,Y,Y,A,08,0,0,1,0,0,0,0,0,0,-,-,NA,NA,LOS ANGELES,LOS ANGELES,-118.28536224365234,34.04860305786133
84724643,2025,2025-06-13,1942,2025-06-08,1642,39035,NA,7,5,7,1942,0,0,0,NA,0,0831,26TH STREET,SAN VICENTE BLVD,260,S,N,A,-,N,NA,NA,NA,NA,NA,NA,NA,NA,NA,N,1,1,0,2,B,-,22,NA,NA,N,G,B,F,A,H,-,A,D,0,Y,NA,NA,NA,Y,NA,D,22,0,0,0,1,0,0,0,0,0,-,-,NA,NA,LOS ANGELES,LOS ANGELES,-118.49141693115234,34.04793930053711
84724692,2025,2025-06-13,1942,2025-06-09,1255,37080,NA,1,5,7,1942,0,0,0,NA,0,1067,BALBOA BLVD,MAGNOLIA BLVD,30,N,N,A,-,N,NA,NA,NA,NA,NA,NA,NA,NA,NA,N,3,0,1,2,A,-,00,20015,NA,F,D,C,A,A,H,-,A,A,0,NA,NA,NA,NA,Y,NA,-,99,0,1,0,0,0,0,0,0,0,-,-,NA,NA,LOS ANGELES,LOS ANGELES,-118.50109100341795,34.16503143310547
84724729,2025,2025-06-13,1942,2025-06-03,200,37080,NA,2,5,7,1942,0,0,0,NA,0,1944,LAUREL CANYON BLVD,CHATSWORTH ST,60,S,N,A,-,N,NA,NA,NA,NA,NA,NA,NA,NA,NA,Y,3,0,1,2,A,-,00,20015,NA,F,D,C,A,A,H,-,C,A,0,NA,NA,NA,NA,Y,NA,-,99,0,1,0,0,0,0,0,0,0,-,-,NA,NA,LOS ANGELES,LOS ANGELES,-118.44821166992188,34.27389907836914
84724749,2025,2025-06-13,1910,2025-06-11,1656,368,NA,3,5,4,1910,0,0,0,NA,0,009,BURTON WAY,N PALM DR,0,NA,Y,-,-,N,NA,NA,NA,NA,NA,NA,NA,NA,NA,Y,3,0,1,2,A,-,09,21802,A,N,D,C,A,A,H,-,A,A,0,NA,NA,NA,NA,Y,NA,A,01,0,1,0,0,0,0,0,0,0,-,-,34.07209014892578,-118.39219665527344,LOS ANGELES,BEVERLY HILLS,-118.39225769042967,34.07209014892578
84724750,2025,2025-06-13,1942,2025-06-11,1317,44535,NA,3,5,7,1942,0,0,0,NA,0,1687,VINELAND AVE,STRATHERN ST,39,S,N,A,-,N,NA,NA,NA,NA,NA,NA,NA,NA,NA,N,4,0,2,2,A,-,03,22350,NA,F,C,C,A,A,H,-,A,D,0,NA,NA,NA,NA,Y,NA,-,99,0,0,2,0,0,0,0,0,0,-,-,NA,NA,LOS ANGELES,LOS ANGELES,-118.37035369873048,34.215614318847656
84724803,2025,2025-06-13,1942,2025-05-20,1500,41376,NA,2,5,7,1942,0,0,0,NA,0,0669,SANTA MONICA BLVD,NORMANDIE AVE,0,NA,Y,A,-,N,NA,NA,NA,NA,NA,NA,NA,NA,NA,N,4,0,1,2,A,-,05,21460,A,N,D,G,A,A,H,-,A,A,0,NA,Y,NA,NA,Y,NA,L,04,0,0,1,0,0,0,1,0,0,-,-,NA,NA,LOS ANGELES,LOS ANGELES,-118.3004913330078,34.0908317565918
84724837,2025,2025-06-13,1942,2025-05-23,918,42379,NA,5,5,7,1942,0,0,0,NA,0,1466,SEPULVEDA BL,76TH ST,34,N,N,A,-,N,NA,NA,NA,NA,NA,NA,NA,NA,NA,N,4,0,1,2,A,-,21,22106,NA,N,C,C,A,A,H,-,A,A,0,NA,NA,NA,NA,Y,NA,J,41,0,0,1,0,0,0,0,0,0,-,-,NA,NA,LOS ANGELES,LOS ANGELES,-118.39492034912108,33.97178268432617
84724838,2025,2025-06-13,1942,2025-05-22,750,37080,NA,4,5,7,1942,0,0,0,NA,0,1735,LOUISE AVE,CHATSWORTH ST,0,NA,Y,A,-,N,NA,NA,NA,NA,NA,NA,NA,NA,NA,N,2,0,1,2,A,-,00,20015,NA,N,G,B,B,A,H,-,A,A,0,Y,NA,NA,NA,Y,NA,-,-,1,0,0,0,1,0,0,0,0,-,-,NA,NA,LOS ANGELES,LOS ANGELES,-118.51100158691406,34.264835357666016
84724861,2025,2025-06-13,1942,2025-05-22,1700,41671,NA,4,5,7,1942,0,0,0,NA,0,2029,WILSHIRE BL,WILSHIRE PL,0,NA,Y,A,-,N,NA,NA,NA,NA,NA,NA,NA,NA,NA,N,4,0,1,2,A,-,09,21804,A,N,H,G,A,A,H,-,A,A,0,NA,Y,NA,NA,Y,NA,L,04,0,0,1,0,0,0,1,0,0,-,-,NA,NA,LOS ANGELES,LOS ANGELES,-118.28782653808594,34.061832427978516
84724867,2025,2025-06-13,1942,2025-06-12,1455,34561,NA,4,5,7,1942,0,0,0,NA,0,2134,COVELLO ST,MOORCROFT AV,375,W,N,A,-,N,NA,NA,NA,NA,NA,NA,NA,NA,NA,Y,3,0,1,4,A,-,08,22107,NA,N,B,E,F,A,H,-,A,D,0,Y,NA,NA,NA,Y,NA,A,07,0,1,0,0,1,0,0,0,0,-,-,NA,NA,LOS ANGELES,LOS ANGELES,-118.61251068115234,34.20738983154297
84724955,2025,2025-06-13,1942,2025-05-04,1225,36023,NA,7,5,7,1942,0,0,0,NA,0,0275,OLYMPIC BLVD,UNION AVE,0,NA,Y,B,-,N,NA,NA,NA,NA,NA,NA,NA,NA,NA,Y,1,2,5,4,A,-,01,23152,A,F,D,C,A,A,H,-,A,A,0,NA,NA,NA,NA,Y,Y,A,01,1,4,0,0,0,0,0,0,0,-,-,NA,NA,LOS ANGELES,LOS ANGELES,-118.27422332763672,34.04921340942383
84724960,2025,2025-06-13,1942,2025-05-05,1610,41629,NA,1,5,7,1942,0,0,0,NA,0,1363,MCKINLEY AVE,VERNON AVE,167,S,N,B,-,N,NA,NA,NA,NA,NA,NA,NA,NA,NA,N,3,0,1,2,A,-,03,22350,NA,F,C,C,A,A,H,-,A,D,0,NA,NA,NA,NA,Y,Y,-,99,0,1,0,0,0,0,0,0,0,-,-,NA,NA,LOS ANGELES,LOS ANGELES,-118.26089477539064,34.003440856933594
84724966,2025,2025-06-13,1942,2025-05-05,2125,39062,NA,1,5,7,1942,0,0,0,NA,0,0217,TEMPLE ST.,WESTLAKE AV.,41,W,N,A,-,N,NA,NA,NA,NA,NA,NA,NA,NA,NA,N,2,0,1,2,A,-,11,21954,A,N,G,B,D,A,-,-,E,D,0,Y,NA,NA,NA,Y,NA,N,60,1,0,0,0,1,0,0,0,0,-,-,NA,NA,LOS ANGELES,LOS ANGELES,-118.2666473388672,34.06980895996094
84724968,2025,2025-06-13,1942,2025-05-05,2010,38357,NA,1,5,7,1942,0,0,0,NA,0,1139,LA RIBA WAY,AVENUE 64,0,NA,N,A,-,Y,NA,NA,NA,NA,NA,NA,NA,NA,NA,N,2,0,1,2,A,-,08,22107,NA,F,A,C,A,A,H,-,C,D,0,NA,NA,NA,NA,Y,NA,-,99,1,0,0,0,0,0,0,0,0,-,-,NA,NA,LOS ANGELES,LOS ANGELES,-118.18286895751952,34.11261749267578
84724975,2025,2025-06-13,1942,2025-05-03,1405,45226,NA,6,5,7,1942,0,0,0,NA,0,0124,1ST ST,LOS ANGELES,0,NA,Y,B,-,N,NA,NA,NA,NA,NA,NA,NA,NA,NA,N,3,0,1,2,A,-,08,22107,NA,N,B,C,A,A,H,-,A,D,0,NA,NA,NA,NA,Y,NA,I,20,0,1,0,0,0,0,0,0,0,-,-,NA,NA,LOS ANGELES,LOS ANGELES,-118.242431640625,34.05149841308594
84725013,2025,2025-06-13,1942,2025-04-19,2130,45951,NA,6,5,7,1942,0,0,0,NA,0,0233,2ND ST,OCCIDENTAL ST,25,W,N,A,-,N,NA,NA,NA,NA,NA,NA,NA,NA,NA,N,3,0,1,2,A,-,21,22106,NA,N,G,B,D,A,H,-,C,A,0,Y,NA,NA,NA,Y,NA,A,01,0,1,0,0,1,0,0,0,0,-,-,NA,NA,LOS ANGELES,LOS ANGELES,-118.28125762939452,34.069374084472656
84725038,2025,2025-06-13,1942,2025-04-25,2220,45828,NA,5,5,7,1942,0,0,0,NA,0,0236,ALVARADO ST,WILSHIRE  BLVD,0,NA,Y,A,-,N,NA,NA,NA,NA,NA,NA,NA,NA,NA,N,2,0,1,2,A,-,10,21950,A,F,G,B,D,A,H,-,C,A,0,Y,NA,NA,NA,Y,Y,-,99,1,0,0,0,1,0,0,0,0,-,-,NA,NA,LOS ANGELES,LOS ANGELES,-118.27587127685548,34.057945251464844
84725058,2025,2025-06-13,1942,2025-04-30,1945,41792,NA,3,5,7,1942,0,0,0,NA,0,0231,W. TEMPLE STREET,ROBINSON ST,0,NA,Y,A,-,N,NA,NA,NA,NA,NA,NA,NA,NA,NA,Y,3,0,1,4,A,-,01,23152,B,N,B,E,A,A,H,-,C,D,0,NA,NA,NA,NA,Y,Y,A,01,0,1,0,0,0,0,0,0,0,-,-,NA,NA,LOS ANGELES,LOS ANGELES,-118.28208160400392,34.0756721496582
84725078,2025,2025-06-13,1942,2025-05-05,1815,41629,NA,1,5,7,1942,0,0,0,NA,0,0257,UNION PL,4TH ST,0,NA,Y,B,-,N,NA,NA,NA,NA,NA,NA,NA,NA,NA,N,3,0,1,2,A,-,11,21950,B,F,G,B,B,A,H,-,A,A,0,Y,NA,NA,NA,Y,Y,-,99,0,1,0,0,1,0,0,0,0,-,-,NA,NA,LOS ANGELES,LOS ANGELES,-118.2680435180664,34.059654235839844
84725089,2025,2025-06-13,1942,2025-05-06,1600,39129,NA,2,5,7,1942,0,0,0,NA,0,0231,BEVERLY BLVD,ROBINSON ST,0,NA,Y,A,-,N,NA,NA,NA,NA,NA,NA,NA,NA,NA,N,2,0,1,2,A,-,09,21801,A,N,D,G,A,A,H,-,A,A,0,NA,Y,NA,NA,Y,NA,L,04,1,0,0,0,0,0,1,0,0,-,-,NA,NA,LOS ANGELES,LOS ANGELES,-118.28404998779295,34.07262420654297
84725097,2025,2025-06-13,1942,2025-05-06,1700,41629,NA,2,5,7,1942,0,0,0,NA,0,1128,MARMION WAY,110 FWY,0,NA,Y,B,C,N,NA,NA,NA,NA,NA,NA,NA,NA,NA,N,3,0,1,2,A,-,05,21651,B,F,A,C,A,B,H,-,A,A,0,NA,NA,NA,NA,Y,NA,A,01,0,1,0,0,0,0,0,0,0,-,-,NA,NA,LOS ANGELES,LOS ANGELES,NA,NA
84725107,2025,2025-06-13,1942,2025-05-06,405,39395,NA,2,5,7,1942,0,0,0,NA,0,0152,OLIVE STREET,6TH STREET,0,NA,Y,A,-,N,NA,NA,NA,NA,NA,NA,NA,NA,NA,N,3,0,1,2,A,-,17,21657,NA,F,D,C,A,A,H,-,C,A,0,NA,NA,NA,NA,Y,NA,M,94,0,1,0,0,0,0,0,0,0,-,-,NA,NA,LOS ANGELES,LOS ANGELES,-118.2541961669922,34.04804229736328
84725136,2025,2025-06-13,1942,2025-06-11,1705,39035,NA,3,5,7,1942,0,0,0,NA,0,0835,OLYMPIC BLVD,SELBY AVE,0,NA,Y,A,-,N,NA,NA,NA,NA,NA,NA,NA,NA,NA,Y,2,0,1,2,A,-,03,22350,NA,N,D,C,A,A,H,-,A,A,0,NA,NA,Y,NA,Y,NA,C,02,1,0,0,0,0,0,0,0,1,-,-,NA,NA,LOS ANGELES,LOS ANGELES,-118.42909240722656,34.04547882080078
84725392,2025,2025-06-16,1963,2025-05-29,842,335,NA,4,5,3,1963,0,0,0,NA,0,TWO,RIDGEWAY RD,HUNTINGTON DR (W),0,NA,Y,B,-,N,NA,NA,NA,NA,NA,NA,NA,NA,NA,N,3,0,1,2,A,-,10,21950,A,N,G,B,B,A,H,-,A,A,0,Y,NA,NA,NA,Y,NA,A,07,0,1,0,0,1,0,0,0,0,-,-,NA,NA,LOS ANGELES,SAN MARINO,-118.10494232177734,34.12245559692383
84725566,2025,2025-06-16,1925,2025-06-03,935,26039,NA,2,5,6,1925,0,0,0,NA,0,001,CONCORD STREET,PALM DRIVE,0,NA,Y,A,-,N,NA,NA,NA,NA,NA,NA,NA,NA,NA,N,4,0,1,2,A,-,09,21802,A,N,D,C,A,A,H,-,A,A,0,NA,NA,NA,NA,Y,NA,A,01,0,0,1,0,0,0,0,0,0,-,-,34.16178894042969,-118.27063751220705,LOS ANGELES,GLENDALE,-118.27063751220705,34.16182327270508
84725626,2025,2025-06-16,1955,2025-04-29,2037,43215,NA,2,5,6,1955,0,0,0,NA,0,002,ALAMEDA ST,ALISO ST,0,NA,Y,A,-,N,NA,NA,NA,NA,NA,NA,NA,NA,NA,Y,3,0,1,2,A,-,12,22450,A,N,D,C,A,A,H,-,C,D,0,NA,NA,NA,NA,Y,NA,D,22,0,1,0,0,0,0,0,0,0,-,-,34.081138610839844,-117.75351715087892,LOS ANGELES,POMONA,-117.75348663330078,34.081092834472656
84725627,2025,2025-06-16,1955,2025-05-05,1618,43215,NA,1,5,6,1955,0,0,0,NA,0,004,NORTH ALLEY OF 400 BLOCK OF W. MISSION BLVD,S GORDON ST.,30,W,N,B,-,N,NA,NA,NA,NA,NA,NA,NA,NA,NA,N,4,0,1,2,A,-,06,21951,NA,N,D,G,A,A,H,-,A,D,0,NA,Y,NA,NA,Y,NA,A,01,0,0,1,0,0,0,1,0,0,-,-,NA,NA,LOS ANGELES,POMONA,NA,NA
84725629,2025,2025-06-16,1955,2025-05-08,1000,42952,NA,4,5,6,1955,0,0,0,NA,0,001,VALLEY BLVD,KELLOGG DR,38,E,N,A,-,N,NA,NA,NA,NA,NA,NA,NA,NA,NA,Y,4,0,1,2,A,-,03,22350,NA,N,C,C,A,A,H,-,A,A,0,NA,NA,NA,NA,Y,NA,A,07,0,0,1,0,0,0,0,0,0,-,-,34.05215835571289,-117.8094482421875,LOS ANGELES,POMONA,-117.80946350097656,34.05219268798828
84725632,2025,2025-06-16,1955,2025-05-10,2045,42448,NA,6,5,6,1955,0,0,0,NA,0,003,INDIAN HILL BLVD,COBBLESTONE LN,1,N,N,A,-,N,NA,NA,NA,NA,NA,NA,NA,NA,NA,N,4,0,1,2,A,-,03,22350,NA,F,C,C,A,A,H,-,C,A,0,NA,NA,NA,NA,Y,NA,-,99,0,0,1,0,0,0,0,0,0,-,-,34.078548431396484,-117.71929931640624,LOS ANGELES,POMONA,-117.7192611694336,34.07853317260742
84725643,2025,2025-06-16,1955,2025-03-20,23,42784,NA,4,5,6,1955,0,0,0,NA,0,004,RIVERSIDE DR,HILLCREST DR,50,W,N,A,-,N,NA,NA,NA,NA,NA,NA,NA,NA,NA,Y,3,0,1,1,A,-,08,22107,NA,N,E,J,A,A,H,-,C,A,0,NA,NA,NA,NA,Y,NA,A,07,0,1,0,0,0,0,0,0,0,-,-,34.01866912841797,-117.73584747314452,LOS ANGELES,POMONA,-117.73693084716795,34.018917083740234
84725646,2025,2025-06-16,1955,2025-05-14,115,41949,NA,3,5,6,1955,0,0,0,NA,0,001,TEMPLE AVE,SOUTH CAMPUS DR,0,NA,Y,A,-,N,NA,NA,NA,NA,NA,NA,NA,NA,NA,Y,4,0,1,1,A,-,01,23152,A,N,E,I,A,A,H,-,C,A,0,NA,NA,NA,NA,Y,Y,A,07,0,0,1,0,0,0,0,0,0,-,-,34.05017852783203,-117.81668090820313,LOS ANGELES,POMONA,-117.8166046142578,34.050113677978516