CASE_ID,ACCIDENT_YEAR,PROC_DATE,JURIS,COLLISION_DATE,COLLISION_TIME,OFFICER_ID,REPORTING_DISTRICT,DAY_OF_WEEK,CHP_SHIFT,POPULATION,CNTY_CITY_LOC,SPECIAL_COND,BEAT_TYPE,CHP_BEAT_TYPE,CITY_DIVISION_LAPD,CHP_BEAT_CLASS,BEAT_NUMBER,PRIMARY_RD,SECONDARY_RD,DISTANCE,DIRECTION,INTERSECTION,WEATHER_1,WEATHER_2,STATE_HWY_IND,CALTRANS_COUNTY,CALTRANS_DISTRICT,STATE_ROUTE,ROUTE_SUFFIX,POSTMILE_PREFIX,POSTMILE,LOCATION_TYPE,RAMP_INTERSECTION,SIDE_OF_HWY,TOW_AWAY,COLLISION_SEVERITY,NUMBER_KILLED,NUMBER_INJURED,PARTY_COUNT,PRIMARY_COLL_FACTOR,PCF_CODE_OF_VIOL,PCF_VIOL_CATEGORY,PCF_VIOLATION,PCF_VIOL_SUBSECTION,HIT_AND_RUN,TYPE_OF_COLLISION,MVIW,PED_ACTION,ROAD_SURFACE,ROAD_COND_1,ROAD_COND_2,LIGHTING,CONTROL_DEVICE,CHP_ROAD_TYPE,PEDESTRIAN_ACCIDENT,BICYCLE_ACCIDENT,MOTORCYCLE_ACCIDENT,TRUCK_ACCIDENT,NOT_PRIVATE_PROPERTY,ALCOHOL_INVOLVED,STWD_VEHTYPE_AT_FAULT,CHP_VEHTYPE_AT_FAULT,COUNT_SEVERE_INJ,COUNT_VISIBLE_INJ,COUNT_COMPLAINT_PAIN,COUNT_PED_KILLED,COUNT_PED_INJURED,COUNT_BICYCLIST_KILLED,COUNT_BICYCLIST_INJURED,COUNT_MC_KILLED,COUNT_MC_INJURED,PRIMARY_RAMP,SECONDARY_RAMP,LATITUDE,LONGITUDE,COUNTY,CITY,POINT_X,POINT_Y
84740216,2025,2025-06-26,1955,2025-03-18,604,43074,NA,2,5,6,1955,0,0,0,NA,0,005,RIO RANCHO RD,SR 71 OFFRAMP (E),0,NA,Y,A,-,Y,NA,NA,NA,NA,NA,NA,NA,NA,NA,Y,3,0,2,2,A,-,12,21453,A,N,D,C,A,A,H,-,B,A,0,NA,NA,NA,NA,Y,NA,-,-,0,1,1,0,0,0,0,0,0,-,-,34.032318115234375,-117.7576904296875,LOS ANGELES,POMONA,-117.7585220336914,34.03178024291992
84740227,2025,2025-07-14,1955,2025-04-27,19,43114,NA,7,5,6,1955,0,0,0,NA,0,004,PHILLIPS BLVD,MOUNTAIN VIEW AVE,52,W,N,A,-,N,NA,NA,NA,NA,NA,NA,NA,NA,NA,N,2,0,1,2,A,-,11,21954,A,F,G,B,D,A,H,-,C,A,0,Y,NA,NA,NA,Y,NA,N,60,1,0,0,0,1,0,0,0,0,-,-,34.04473114013672,-117.73380279541016,LOS ANGELES,POMONA,-117.73403930664064,34.04458236694336
84740231,2025,2025-06-26,1955,2025-05-02,2140,42484,NA,5,5,6,1955,0,0,0,NA,0,001,VALLEY BLVD,HUMANE WAY,0,NA,Y,A,-,N,NA,NA,NA,NA,NA,NA,NA,NA,NA,N,4,0,1,2,A,-,12,21453,A,N,B,G,A,A,H,-,C,A,0,NA,Y,NA,NA,Y,NA,-,-,0,0,1,0,0,0,1,0,0,-,-,34.061378479003906,-117.79142761230467,LOS ANGELES,POMONA,-117.79141998291016,34.06137466430664
84740234,2025,2025-06-26,1955,2025-05-18,2014,43138,NA,7,5,6,1955,0,0,0,NA,0,001,FILLMORE PL,HOLT AVE,29,N,N,A,-,N,NA,NA,NA,NA,NA,NA,NA,NA,NA,N,4,0,1,2,A,-,11,21954,A,N,G,B,D,A,H,-,C,A,0,Y,NA,NA,NA,Y,NA,N,60,0,0,1,0,1,0,0,0,0,-,-,34.06203079223633,-117.76708221435548,LOS ANGELES,POMONA,-117.76708221435548,34.06203842163086
84740235,2025,2025-06-26,1955,2025-05-18,2120,42929,NA,7,5,6,1955,0,0,0,NA,0,044,DUDLEY ST,ELWOOD ST (N),3,S,N,A,-,N,NA,NA,NA,NA,NA,NA,NA,NA,NA,N,4,0,1,2,A,-,03,22350,NA,M,C,C,A,A,H,-,C,A,0,NA,NA,NA,NA,Y,NA,A,01,0,0,1,0,0,0,0,0,0,-,-,34.0701904296875,-117.77861785888672,LOS ANGELES,POMONA,-117.77861785888672,34.070152282714844
84740253,2025,2025-06-26,1955,2025-05-10,211,42929,NA,6,5,6,1955,0,0,0,NA,0,001,WHITE AVE,TEXAS ST,87,S,N,A,-,N,NA,NA,NA,NA,NA,NA,NA,NA,NA,N,2,0,1,2,A,-,11,21950,B,F,G,B,E,A,H,-,C,A,0,Y,NA,NA,NA,Y,NA,N,60,1,0,0,0,1,0,0,0,0,-,-,34.06509017944336,-117.75917816162108,LOS ANGELES,POMONA,-117.75913238525392,34.064842224121094
84740254,2025,2025-06-27,1955,2025-05-14,1314,43213,NA,3,5,6,1955,0,0,0,NA,0,001,HAMILTON BLVD,HOLT AVE,0,NA,Y,A,-,N,NA,NA,NA,NA,NA,NA,NA,NA,NA,Y,4,0,1,2,A,-,12,21453,A,N,A,C,A,A,H,-,A,A,0,NA,NA,NA,Y,Y,NA,A,01,0,0,1,0,0,0,0,0,0,-,-,34.062068939208984,-117.76344299316406,LOS ANGELES,POMONA,-117.76341247558594,34.062049865722656
84740271,2025,2025-06-26,1942,2025-05-23,1050,41747,NA,5,5,7,1942,0,0,0,NA,0,0529,ANAHEIM ST.,ALAMEDA ST.,15,W,N,A,-,N,NA,NA,NA,NA,NA,NA,NA,NA,NA,Y,2,0,1,1,A,-,03,22350,NA,M,E,I,A,A,H,-,A,A,0,NA,NA,NA,NA,Y,NA,A,01,1,0,0,0,0,0,0,0,0,-,-,NA,NA,LOS ANGELES,LOS ANGELES,-118.24526977539064,33.78092575073242
84740276,2025,2025-06-26,1942,2025-03-18,620,38111,NA,2,5,7,1942,0,0,0,NA,0,1863,120TH ST,AVALON BLVD,124,W,N,A,-,N,NA,NA,NA,NA,NA,NA,NA,NA,NA,Y,4,0,1,3,A,-,03,22350,NA,F,C,C,A,A,H,-,A,D,0,NA,NA,NA,NA,Y,NA,A,01,0,0,1,0,0,0,0,0,0,-,-,NA,NA,LOS ANGELES,LOS ANGELES,-118.2656478881836,33.923709869384766
84740277,2025,2025-06-26,1942,2025-06-04,815,33599,NA,3,5,7,1942,0,0,0,NA,0,0328,JEFFERSON BL,FIGUEROA ST,0,NA,Y,B,-,N,NA,NA,NA,NA,NA,NA,NA,NA,NA,Y,4,0,2,2,A,-,12,21453,A,N,A,C,A,A,H,-,A,A,0,NA,NA,NA,NA,Y,NA,D,22,0,0,2,0,0,0,0,0,0,-,-,NA,NA,LOS ANGELES,LOS ANGELES,-118.27999877929688,34.02195358276367
84740284,2025,2025-06-26,1942,2025-06-24,805,38349,NA,2,5,7,1942,0,0,0,NA,0,0938,VICTORY BLVD,VENTURA CANYON AVE,232,E,N,A,-,N,NA,NA,NA,NA,NA,NA,NA,NA,NA,Y,3,0,1,2,A,-,01,23152,A,N,C,C,A,A,H,-,A,A,0,NA,NA,NA,NA,Y,Y,A,01,0,1,0,0,0,0,0,0,0,-,-,NA,NA,LOS ANGELES,LOS ANGELES,-118.42828369140624,34.18667984008789
84740296,2025,2025-06-26,1942,2025-06-25,1246,34561,NA,3,5,7,1942,0,0,0,NA,0,1794,LINDLEY AV,NAPA ST,280,N,N,A,-,N,NA,NA,NA,NA,NA,NA,NA,NA,NA,N,2,0,1,2,C,-,18,NA,NA,N,G,B,F,A,H,-,A,A,0,Y,NA,NA,NA,Y,NA,-,-,1,0,0,0,1,0,0,0,0,-,-,NA,NA,LOS ANGELES,LOS ANGELES,-118.52735137939452,34.22715759277344
84740301,2025,2025-06-26,1942,2025-05-08,20,43717,NA,4,5,7,1942,0,0,0,NA,0,1008,ODESSA AVE,HAYNES ST,75,N,N,A,-,N,NA,NA,NA,NA,NA,NA,NA,NA,NA,Y,4,0,1,2,A,-,03,22350,NA,N,C,E,A,A,H,-,C,D,0,NA,NA,NA,NA,Y,Y,A,01,0,0,1,0,0,0,0,0,0,-,-,NA,NA,LOS ANGELES,LOS ANGELES,-118.49021911621094,34.18940734863281
84740383,2025,2025-06-26,1942,2025-06-16,1125,42664,NA,1,5,7,1942,0,0,0,NA,0,1494,IMPERIAL HIGHWAY,PERSHING DR,500,W,N,A,-,Y,NA,NA,NA,NA,NA,NA,NA,NA,NA,N,2,0,1,2,D,-,00,NA,NA,N,D,G,A,A,H,-,A,D,0,NA,Y,NA,NA,Y,NA,-,-,1,0,0,0,0,0,1,0,0,-,-,NA,NA,LOS ANGELES,LOS ANGELES,-118.43093872070313,33.930908203125
84740392,2024,2025-06-26,1942,2024-04-02,1555,33340,NA,2,5,7,1942,0,0,0,NA,0,1985,ROSCOE BLVD,VAN NUYS BLVD,0,NA,Y,A,-,N,NA,NA,NA,NA,NA,NA,NA,NA,NA,N,2,0,1,2,A,-,00,20015,NA,N,G,B,B,A,H,-,A,D,0,Y,NA,NA,NA,Y,NA,-,-,1,0,0,0,1,0,0,0,0,-,-,NA,NA,LOS ANGELES,LOS ANGELES,-118.4487762451172,34.221527099609375
84740480,2025,2025-06-26,1942,2025-06-24,1900,37080,NA,2,5,7,1942,0,0,0,NA,0,1641,VAN NUYS BLVD,LAUREL CANYON BLVD,0,NA,Y,A,-,N,NA,NA,NA,NA,NA,NA,NA,NA,NA,N,2,0,1,2,A,-,00,20015,NA,N,D,G,A,A,H,-,C,A,0,NA,Y,NA,NA,Y,NA,-,-,1,0,0,0,0,0,1,0,0,-,-,NA,NA,LOS ANGELES,LOS ANGELES,-118.43209838867188,34.2587890625
84740658,2025,2025-06-26,1942,2025-05-11,430,41387,NA,7,5,7,1942,0,0,0,NA,0,1385,VERNON AVE.,HOOPER AVE,174,E,N,A,-,N,NA,NA,NA,NA,NA,NA,NA,NA,NA,Y,1,1,0,2,A,-,11,21954,A,N,G,B,D,A,H,-,C,D,0,Y,NA,NA,NA,Y,NA,N,60,0,0,0,1,0,0,0,0,0,-,-,NA,NA,LOS ANGELES,LOS ANGELES,-118.25156402587892,34.00389099121094
84740749,2025,2025-06-26,1942,2025-06-24,1445,34251,NA,2,5,7,1942,0,0,0,NA,0,2099,VERMONT AVE,10 FWY W/B OFF-RAMP,0,NA,Y,A,-,N,NA,NA,NA,NA,NA,NA,NA,NA,NA,Y,2,0,4,2,A,-,12,21453,A,N,D,C,A,A,H,-,A,A,0,NA,NA,NA,NA,Y,NA,A,07,1,0,3,0,0,0,0,0,0,-,-,NA,NA,LOS ANGELES,LOS ANGELES,NA,NA
84740835,2025,2025-06-26,1942,2025-06-25,1100,35023,NA,3,5,7,1942,0,0,0,NA,0,2076,VERMONT AVE,VENICE BLVD,290,N,N,A,-,N,NA,NA,NA,NA,NA,NA,NA,NA,NA,N,4,0,1,2,A,-,09,21801,A,F,D,C,A,A,H,-,A,D,0,NA,NA,NA,NA,Y,NA,A,01,0,0,1,0,0,0,0,0,0,-,-,NA,NA,LOS ANGELES,LOS ANGELES,-118.29161071777344,34.0450553894043
84740913,2025,2025-06-26,1942,2025-05-29,1230,34251,NA,4,5,7,1942,0,0,0,NA,0,1444,WASHINGTON BL,THATCHER AVE,0,NA,Y,A,-,N,NA,NA,NA,NA,NA,NA,NA,NA,NA,Y,3,0,1,2,A,-,03,22350,NA,N,C,C,A,A,H,-,A,D,0,NA,NA,NA,NA,Y,NA,A,01,0,1,0,0,0,0,0,0,0,-,-,NA,NA,LOS ANGELES,LOS ANGELES,-118.45062255859376,33.98904800415039
84741024,2025,2025-06-26,1942,2025-06-25,900,37437,NA,3,5,7,1942,0,0,0,NA,0,2042,WESTERN AVENUE,8TH STREET,0,NA,Y,A,-,N,NA,NA,NA,NA,NA,NA,NA,NA,NA,Y,4,0,2,3,A,-,12,21453,A,F,D,C,A,A,H,-,A,A,0,NA,NA,NA,NA,Y,NA,A,07,0,0,2,0,0,0,0,0,0,-,-,NA,NA,LOS ANGELES,LOS ANGELES,-118.30908966064452,34.0576286315918
84741511,2025,2025-06-27,1963,2025-06-09,801,335,NA,1,5,3,1963,0,0,0,NA,0,ONE,ORLANDO RD,AVONDALE RD (E),0,NA,Y,B,-,N,NA,NA,NA,NA,NA,NA,NA,NA,NA,Y,4,0,6,2,A,-,09,21804,A,N,D,C,A,A,H,-,A,D,0,NA,NA,NA,NA,Y,NA,A,07,0,0,6,0,0,0,0,0,0,-,-,NA,NA,LOS ANGELES,SAN MARINO,-118.12216186523438,34.13132858276367
84741519,2025,2025-06-27,1975,2025-06-03,1620,370,NA,2,5,6,1975,0,0,0,NA,0,NA,PUENTE AV,LA SENA AVE.,0,NA,Y,B,C,N,NA,NA,NA,NA,NA,NA,NA,NA,NA,Y,3,0,1,2,A,-,09,21801,A,N,D,C,A,B,H,-,A,D,0,NA,NA,NA,NA,Y,NA,A,01,0,1,0,0,0,0,0,0,0,-,-,NA,NA,LOS ANGELES,WEST COVINA,-117.94451141357422,34.08294677734375
84741522,2025,2025-06-27,1975,2025-06-13,1210,5043,NA,5,5,6,1975,0,0,0,NA,0,003,FRANCISQUITO AV,WILLOW AV,0,NA,Y,A,-,N,NA,NA,NA,NA,NA,NA,NA,NA,NA,Y,4,0,3,2,A,-,08,22107,NA,N,D,C,A,A,H,-,A,A,0,NA,NA,NA,NA,Y,NA,A,07,0,0,3,0,0,0,0,0,0,-,-,34.060829162597656,-117.96353912353516,LOS ANGELES,WEST COVINA,-117.96354675292967,34.06079864501953
84741523,2025,2025-06-27,1975,2025-06-15,1834,490,NA,7,5,6,1975,0,0,0,NA,0,003,SUNSET AV,CAMERON AV,0,NA,Y,A,-,N,NA,NA,NA,NA,NA,NA,NA,NA,NA,N,4,0,2,2,A,-,09,21804,A,N,D,C,A,A,H,-,A,A,0,NA,NA,NA,NA,Y,NA,A,01,0,0,2,0,0,0,0,0,0,-,-,34.06690979003906,-117.94026184082033,LOS ANGELES,WEST COVINA,-117.94032287597656,34.06694412231445
84741528,2025,2025-06-27,1901,2025-05-22,1245,112,NA,4,5,5,1901,0,0,0,NA,0,004,VALLEY BLVD,CABRILLO AVE,0,N,Y,A,-,N,NA,NA,NA,NA,NA,NA,NA,NA,NA,Y,4,0,2,2,A,-,09,21801,A,N,D,C,A,A,H,-,A,A,0,NA,NA,NA,NA,Y,NA,A,07,0,0,2,0,0,0,0,0,0,-,-,34.07638931274414,-118.15836334228516,LOS ANGELES,ALHAMBRA,-118.15830993652344,34.076332092285156
84741575,2025,2025-06-27,1947,2025-06-18,1415,1429,NA,3,5,5,1947,0,0,0,NA,0,00A,FINDLAY AVE,VIA SAN DELARRO,0,NA,Y,A,-,N,NA,NA,NA,NA,NA,NA,NA,NA,NA,N,3,0,1,2,A,-,12,22450,A,N,D,G,A,A,H,-,A,A,0,NA,Y,NA,NA,Y,NA,L,04,0,1,0,0,0,0,1,0,0,-,-,34.0246696472168,-118.1378936767578,LOS ANGELES,MONTEBELLO,-118.13787841796876,34.024696350097656
84741707,2025,2025-06-27,1925,2025-06-16,917,28418,NA,1,5,6,1925,0,0,0,NA,0,002,COLORADO STREET,KENILWORTH AVENUE,0,NA,Y,A,-,N,NA,NA,NA,NA,NA,NA,NA,NA,NA,N,4,0,1,2,A,-,12,21453,A,N,D,C,A,A,H,-,A,A,0,NA,NA,NA,NA,Y,NA,-,-,0,0,1,0,0,0,0,0,0,-,-,34.14252853393555,-118.26717376708984,LOS ANGELES,GLENDALE,-118.26718902587892,34.14251708984375
84741728,2025,2025-06-27,1933,2025-06-12,855,1101,NA,4,5,6,1933,0,0,0,NA,0,002,MANCHESTER BLVD,HILLCREST BLVD,0,NA,Y,B,-,N,NA,NA,NA,NA,NA,NA,NA,NA,NA,Y,3,0,2,2,A,-,09,21801,A,N,A,C,A,A,H,-,A,A,0,NA,NA,NA,NA,Y,NA,A,01,0,2,0,0,0,0,0,0,0,-,-,33.961761474609375,-118.34873199462892,LOS ANGELES,INGLEWOOD,-118.34882354736328,33.96174240112305
84741729,2025,2025-06-27,1933,2025-06-16,648,869,NA,1,5,6,1933,0,0,0,NA,0,004,IMPERIAL HWY,YUKON AV,0,NA,Y,A,-,N,NA,NA,NA,NA,NA,NA,NA,NA,NA,Y,4,0,2,3,A,-,12,21453,A,N,D,C,A,A,H,-,A,A,0,NA,NA,NA,NA,Y,NA,A,07,0,0,2,0,0,0,0,0,0,-,-,33.93098068237305,-118.3351593017578,LOS ANGELES,INGLEWOOD,-118.33516693115234,33.930973052978516
84741766,2025,2025-06-27,1955,2025-05-05,951,43219,NA,1,5,6,1955,0,0,0,NA,0,003,HOLT AVE,PALOMARES ST,0,NA,Y,A,-,N,NA,NA,NA,NA,NA,NA,NA,NA,NA,Y,4,0,3,2,A,-,12,21453,A,N,D,C,A,A,H,-,A,A,0,NA,NA,NA,NA,Y,NA,A,01,0,0,3,0,0,0,0,0,0,-,-,34.062599182128906,-117.74594116210938,LOS ANGELES,POMONA,-117.74596405029295,34.0624885559082
84741767,2025,2025-08-05,1955,2025-05-08,1559,42888,NA,4,5,6,1955,0,0,0,NA,0,002,MCKINLEY AVE,LARKIN WAY,0,NA,Y,A,-,N,NA,NA,NA,NA,NA,NA,NA,NA,NA,N,3,0,2,2,A,-,05,21651,A,N,B,C,A,A,H,-,A,A,0,NA,NA,Y,NA,Y,NA,C,02,0,2,0,0,0,0,0,0,2,-,-,34.07611846923828,-117.75596618652344,LOS ANGELES,POMONA,-117.75589752197266,34.076133728027344
84741784,2025,2025-06-27,1955,2025-05-19,221,42448,NA,1,5,6,1955,0,0,0,NA,0,003,SAN BERNARDINO AVE,WAYNE ST,6,E,N,A,-,N,NA,NA,NA,NA,NA,NA,NA,NA,NA,Y,3,0,1,3,A,-,08,22107,NA,N,B,E,A,A,H,-,C,A,0,NA,NA,NA,NA,Y,NA,A,07,0,1,0,0,0,0,0,0,0,-,-,34.076019287109375,-117.72473907470705,LOS ANGELES,POMONA,-117.72470855712892,34.07585906982422
84741785,2025,2025-06-30,1955,2025-05-19,1043,43219,NA,1,5,6,1955,0,0,0,NA,0,007,WHITE AVE,HOLT AVE,0,NA,Y,A,-,Y,NA,NA,NA,NA,NA,NA,NA,NA,NA,Y,4,0,1,2,A,-,12,21453,A,F,A,C,A,A,H,-,A,A,0,NA,NA,NA,NA,Y,NA,D,22,0,0,1,0,0,0,0,0,0,-,-,34.06214904785156,-117.75907135009766,LOS ANGELES,POMONA,-117.75902557373048,34.06218338012695
84741786,2025,2025-06-27,1955,2025-05-21,305,43174,NA,3,5,6,1955,0,0,0,NA,0,004,FRANKLIN AVE,SAN ANTONIO AVE,0,NA,Y,A,-,N,NA,NA,NA,NA,NA,NA,NA,NA,NA,Y,4,0,3,1,A,-,01,23153,A,N,E,I,A,A,B,D,C,A,0,NA,NA,NA,NA,Y,Y,A,01,0,0,3,0,0,0,0,0,0,-,-,34.040870666503906,-117.7364501953125,LOS ANGELES,POMONA,-117.73642730712892,34.040889739990234
84742132,2025,2025-06-27,1942,2025-06-14,1605,45733,NA,6,5,7,1942,0,0,0,NA,0,1545,BEN AVE,EMELITA ST,0,NA,Y,B,-,N,NA,NA,NA,NA,NA,NA,NA,NA,NA,N,2,0,1,2,A,-,00,20015,NA,N,A,G,A,A,H,-,A,D,0,NA,Y,NA,NA,Y,NA,-,-,1,0,0,0,0,0,1,0,0,-,-,NA,NA,LOS ANGELES,LOS ANGELES,-118.39437103271484,34.1762580871582
84742168,2025,2025-06-27,1942,2025-06-24,1915,41957,NA,2,5,7,1942,0,0,0,NA,0,2021,WILSHIRE BLVD,WILTON PL,65,E,N,A,-,N,NA,NA,NA,NA,NA,NA,NA,NA,NA,N,2,0,1,2,A,-,05,21650,NA,N,D,C,A,A,H,-,A,A,0,NA,NA,NA,NA,Y,NA,M,94,1,0,0,0,0,0,0,0,0,-,-,NA,NA,LOS ANGELES,LOS ANGELES,-118.31399536132813,34.06169509887695
84742181,2025,2025-06-27,1942,2025-06-21,2130,41957,NA,6,5,7,1942,0,0,0,NA,0,2024,6TH ST,WESTERN AVE,30,W,N,A,-,N,NA,NA,NA,NA,NA,NA,NA,NA,NA,N,4,0,1,2,A,-,08,22100,A,F,B,C,A,A,H,-,C,A,0,NA,NA,NA,NA,Y,NA,-,99,0,0,1,0,0,0,0,0,0,-,-,NA,NA,LOS ANGELES,LOS ANGELES,-118.30921173095705,34.06351852416992
84742311,2025,2025-06-27,1942,2025-05-31,1300,34959,NA,6,5,7,1942,0,0,0,NA,0,0642,SUNSET BLVD,GENESEE AVENUE,0,NA,Y,A,-,N,NA,NA,NA,NA,NA,NA,NA,NA,NA,Y,3,0,1,2,A,-,09,21801,A,N,D,C,A,A,H,-,A,D,0,NA,NA,NA,NA,Y,NA,I,11,0,1,0,0,0,0,0,0,0,-,-,NA,NA,LOS ANGELES,LOS ANGELES,-118.35831451416016,34.09805679321289
84742335,2025,2025-06-27,1942,2025-05-30,805,42656,NA,5,5,7,1942,0,0,0,NA,0,0782,COLOGNE ST,SPAULDING AVE,26,W,N,B,-,N,NA,NA,NA,NA,NA,NA,NA,NA,NA,N,3,0,1,2,A,-,12,22450,A,N,A,G,A,A,H,-,A,A,0,NA,Y,NA,NA,Y,NA,M,91,0,1,0,0,0,0,1,0,0,-,-,NA,NA,LOS ANGELES,LOS ANGELES,-118.36700439453124,34.03897476196289
84742424,2025,2025-06-27,1942,2025-06-22,2010,45860,NA,7,5,7,1942,0,0,0,NA,0,1723,MASON AVE,BERMUDA ST,0,NA,Y,A,-,N,NA,NA,NA,NA,NA,NA,NA,NA,NA,N,2,0,1,2,A,-,05,21651,A,N,A,G,A,A,H,-,B,D,0,NA,Y,NA,NA,Y,NA,L,04,1,0,0,0,0,0,1,0,0,-,-,NA,NA,LOS ANGELES,LOS ANGELES,-118.57981872558594,34.26602554321289
84742740,2025,2025-06-30,1901,2025-04-30,1209,194,NA,3,5,5,1901,0,0,0,NA,0,002,VALLEY BLVD,ALMANSOR ST,0,NA,Y,A,B,N,NA,NA,NA,NA,NA,NA,NA,NA,NA,N,4,0,1,2,A,-,09,21801,A,N,D,C,A,A,H,-,A,A,0,NA,NA,NA,NA,Y,NA,A,01,0,0,1,0,0,0,0,0,0,-,-,34.078861236572266,-118.11695861816406,LOS ANGELES,ALHAMBRA,-118.11690521240234,34.07884979248047
84742816,2025,2025-06-30,1923,2025-06-15,1314,585,NA,7,5,3,1923,0,0,0,NA,0,003,800 NORTH PACIFIC COAST HIGHWAY,WALNUT AVENUE,0,NA,Y,A,-,Y,NA,NA,NA,NA,NA,NA,NA,NA,NA,N,3,0,1,2,A,-,12,21453,A,N,D,G,A,A,H,-,A,A,0,NA,Y,NA,NA,Y,NA,A,01,0,1,0,0,0,0,1,0,0,-,-,NA,NA,LOS ANGELES,EL SEGUNDO,-118.39640045166016,33.929080963134766
84742913,2025,2025-06-30,1925,2025-06-12,1400,21055,NA,4,5,6,1925,0,0,0,NA,0,002,SAN FERNANDO ROAD,RIVERDALE DRIVE,92,N,N,A,-,N,NA,NA,NA,NA,NA,NA,NA,NA,NA,Y,4,0,3,3,A,-,08,22107,NA,N,C,C,A,A,H,-,A,A,0,NA,NA,NA,NA,Y,NA,A,08,0,0,3,0,0,0,0,0,0,-,-,NA,NA,LOS ANGELES,GLENDALE,-118.26773834228516,34.138851165771484
84742918,2025,2025-06-30,1925,2025-06-16,1248,30699,NA,1,5,6,1925,0,0,0,NA,0,002,RIVERDALE DRIVE,PACIFIC AVENUE,0,NA,Y,A,-,N,NA,NA,NA,NA,NA,NA,NA,NA,NA,N,4,0,1,2,A,-,08,22107,NA,N,B,D,A,A,H,-,A,A,0,NA,NA,NA,NA,Y,NA,A,07,0,0,1,0,0,0,0,0,0,-,-,34.13874816894531,-118.26441955566406,LOS ANGELES,GLENDALE,-118.26441192626952,34.138710021972656
84742921,2025,2025-06-30,1925,2025-06-16,2127,30654,NA,1,5,6,1925,0,0,0,NA,0,NA,BRAND BOULEVARD,GOODE AVENUE,0,S,Y,A,-,N,NA,NA,NA,NA,NA,NA,NA,NA,NA,Y,3,0,1,2,A,-,12,21453,A,N,D,C,A,A,H,-,C,A,0,NA,NA,NA,NA,Y,NA,-,-,0,1,0,0,0,0,0,0,0,-,-,NA,NA,LOS ANGELES,GLENDALE,-118.2551498413086,34.15676498413086
84742979,2025,2025-06-30,1955,2025-04-28,1754,43212,NA,1,5,6,1955,0,0,0,NA,0,004,RESERVOIR ST,COUNTY RD,0,NA,Y,A,-,N,NA,NA,NA,NA,NA,NA,NA,NA,NA,N,4,0,1,2,A,-,12,21453,A,N,D,C,A,A,H,-,A,A,0,NA,NA,NA,NA,Y,NA,A,07,0,0,1,0,0,0,0,0,0,-,-,34.0263786315918,-117.73175048828124,LOS ANGELES,POMONA,-117.73152160644533,34.026451110839844
84742997,2025,2025-06-30,1955,2025-05-19,723,42952,NA,1,5,6,1955,0,0,0,NA,0,005,PARK AVE,7TH ST,0,NA,Y,A,-,N,NA,NA,NA,NA,NA,NA,NA,NA,NA,Y,3,0,2,2,A,-,09,21802,A,N,D,C,A,A,H,-,A,A,0,NA,NA,NA,NA,Y,NA,A,07,0,1,1,0,0,0,0,0,0,-,-,34.0532112121582,-117.7543716430664,LOS ANGELES,POMONA,-117.7543716430664,34.05317306518555
84742998,2025,2025-08-12,1955,2025-05-20,1907,43215,NA,2,5,6,1955,0,0,0,NA,0,002,TOWNE AVE,RICHBROOK DR,0,NA,Y,A,-,N,NA,NA,NA,NA,NA,NA,NA,NA,NA,N,4,0,2,2,A,-,12,21453,A,N,D,C,A,A,H,-,B,A,0,NA,NA,NA,NA,Y,NA,-,-,0,0,2,0,0,0,0,0,0,-,-,34.105690002441406,-117.73680877685548,LOS ANGELES,POMONA,-117.73688507080078,34.10569763183594
84743078,2025,2025-06-30,1901,2025-05-08,530,209,NA,4,5,5,1901,0,0,0,NA,0,002,GARFIELD AVE,VALLEY BLVD,0,NA,Y,A,-,N,NA,NA,NA,NA,NA,NA,NA,NA,NA,Y,4,0,1,2,A,-,12,21453,A,N,A,C,A,A,H,-,A,A,0,NA,NA,NA,NA,Y,NA,-,-,0,0,1,0,0,0,0,0,0,-,-,34.078529357910156,-118.123046875,LOS ANGELES,ALHAMBRA,-118.12300872802734,34.07851028442383
84743100,2025,2025-06-30,1922,2025-06-12,1641,658,NA,4,5,6,1922,0,0,0,NA,0,NA,SEAMAN AVE,GARVEY AVE,230,N,N,A,-,N,NA,NA,NA,NA,NA,NA,NA,NA,NA,N,4,0,1,2,A,-,09,21803,B,N,D,C,A,A,H,-,A,D,0,NA,NA,NA,NA,Y,NA,A,01,0,0,1,0,0,0,0,0,0,-,-,34.062660217285156,-118.05296325683594,LOS ANGELES,EL MONTE,-118.05288696289064,34.06338119506836
84743425,2025,2025-06-30,1901,2025-05-28,1725,179,NA,3,5,5,1901,0,0,0,NA,0,002,GLENDON WY,ATLANTIC BLVD,33,E,N,A,-,N,NA,NA,NA,NA,NA,NA,NA,NA,NA,Y,4,0,1,2,A,-,08,22107,NA,F,B,C,A,A,H,-,A,A,0,NA,NA,NA,NA,Y,NA,A,01,0,0,1,0,0,0,0,0,0,-,-,34.07392120361328,-118.13449096679688,LOS ANGELES,ALHAMBRA,-118.13436889648438,34.073909759521484
84743428,2025,2025-06-30,1905,2025-06-18,1911,1183,NA,3,5,4,1905,0,0,0,NA,0,003,5TH ST,CERRITOS AV,0,N,-,A,-,N,NA,NA,NA,NA,NA,NA,NA,NA,NA,Y,3,0,1,2,A,-,12,21453,A,N,A,C,A,A,H,-,A,A,0,NA,NA,NA,NA,Y,NA,A,01,0,1,0,0,0,0,0,0,0,-,-,NA,NA,LOS ANGELES,AZUSA,-117.89960479736328,34.129791259765625