CASE_ID,ACCIDENT_YEAR,PROC_DATE,JURIS,COLLISION_DATE,COLLISION_TIME,OFFICER_ID,REPORTING_DISTRICT,DAY_OF_WEEK,CHP_SHIFT,POPULATION,CNTY_CITY_LOC,SPECIAL_COND,BEAT_TYPE,CHP_BEAT_TYPE,CITY_DIVISION_LAPD,CHP_BEAT_CLASS,BEAT_NUMBER,PRIMARY_RD,SECONDARY_RD,DISTANCE,DIRECTION,INTERSECTION,WEATHER_1,WEATHER_2,STATE_HWY_IND,CALTRANS_COUNTY,CALTRANS_DISTRICT,STATE_ROUTE,ROUTE_SUFFIX,POSTMILE_PREFIX,POSTMILE,LOCATION_TYPE,RAMP_INTERSECTION,SIDE_OF_HWY,TOW_AWAY,COLLISION_SEVERITY,NUMBER_KILLED,NUMBER_INJURED,PARTY_COUNT,PRIMARY_COLL_FACTOR,PCF_CODE_OF_VIOL,PCF_VIOL_CATEGORY,PCF_VIOLATION,PCF_VIOL_SUBSECTION,HIT_AND_RUN,TYPE_OF_COLLISION,MVIW,PED_ACTION,ROAD_SURFACE,ROAD_COND_1,ROAD_COND_2,LIGHTING,CONTROL_DEVICE,CHP_ROAD_TYPE,PEDESTRIAN_ACCIDENT,BICYCLE_ACCIDENT,MOTORCYCLE_ACCIDENT,TRUCK_ACCIDENT,NOT_PRIVATE_PROPERTY,ALCOHOL_INVOLVED,STWD_VEHTYPE_AT_FAULT,CHP_VEHTYPE_AT_FAULT,COUNT_SEVERE_INJ,COUNT_VISIBLE_INJ,COUNT_COMPLAINT_PAIN,COUNT_PED_KILLED,COUNT_PED_INJURED,COUNT_BICYCLIST_KILLED,COUNT_BICYCLIST_INJURED,COUNT_MC_KILLED,COUNT_MC_INJURED,PRIMARY_RAMP,SECONDARY_RAMP,LATITUDE,LONGITUDE,COUNTY,CITY,POINT_X,POINT_Y
84743448,2025,2025-06-30,1922,2025-06-14,706,711,NA,6,5,6,1922,0,0,0,NA,0,002,LA MADERA AVE,KILLIAN ST,32,S,N,B,-,N,NA,NA,NA,NA,NA,NA,NA,NA,NA,Y,3,0,1,2,A,-,01,23152,A,N,A,E,A,A,H,-,A,D,0,NA,NA,NA,NA,Y,Y,A,01,0,1,0,0,0,0,0,0,0,-,-,34.08386993408203,-118.011962890625,LOS ANGELES,EL MONTE,-118.01201629638672,34.083778381347656
84743459,2025,2025-06-30,1947,2025-06-11,1822,1474,NA,3,5,5,1947,0,0,0,NA,0,00B,BEVERLY BLVD,SPRUCE ST,0,NA,Y,A,-,N,NA,NA,NA,NA,NA,NA,NA,NA,NA,N,3,0,1,2,A,-,09,21801,A,N,D,C,A,A,H,-,A,D,0,NA,NA,NA,NA,Y,NA,A,01,0,1,0,0,0,0,0,0,0,-,-,NA,NA,LOS ANGELES,MONTEBELLO,-118.10755157470705,34.01751708984375
84743460,2025,2025-09-01,1923,2025-06-10,1918,549,NA,2,5,3,1923,0,0,0,NA,0,3L4M,VISTA DEL MAR,45TH ST,2169,N,N,A,-,N,NA,NA,NA,NA,NA,NA,NA,NA,NA,Y,1,1,3,5,A,-,03,22350,NA,N,A,C,A,A,H,-,A,D,0,NA,NA,NA,NA,Y,NA,A,01,3,0,0,0,0,0,0,0,0,-,-,33.90584182739258,-118.42069244384766,LOS ANGELES,EL SEGUNDO,-118.42376708984376,33.91108703613281
84743465,2025,2025-06-30,1923,2025-06-18,1025,501,NA,3,5,3,1923,0,0,0,NA,0,3L1D,950 VIRGINIA STREET,WEST IMPERIAL AVENUE,51,S,N,A,-,N,NA,NA,NA,NA,NA,NA,NA,NA,NA,N,3,0,1,2,A,-,01,23152,A,N,A,E,A,A,H,-,A,D,0,NA,NA,NA,NA,Y,Y,I,11,0,1,0,0,0,0,0,0,0,-,-,NA,NA,LOS ANGELES,EL SEGUNDO,-118.41954040527344,33.93067932128906
84743565,2025,2025-07-01,1925,2025-06-16,822,30699,NA,1,5,6,1925,0,0,0,NA,0,004,DORAN STREET,HOWARD STREET (W),0,NA,Y,A,-,N,NA,NA,NA,NA,NA,NA,NA,NA,NA,N,3,0,1,2,A,-,10,21950,A,N,G,B,B,A,H,-,A,D,0,Y,NA,NA,NA,Y,NA,A,01,0,1,0,0,1,0,0,0,0,-,-,34.15473937988281,-118.24791717529295,LOS ANGELES,GLENDALE,-118.2480010986328,34.15473937988281
84743566,2025,2025-06-30,1925,2025-06-16,1458,30699,NA,1,5,6,1925,0,0,0,NA,0,004,1010 N GLENDALE AVE (PARKING LOT),NOT STATED,0,NA,-,A,-,N,NA,NA,NA,NA,NA,NA,NA,NA,NA,Y,3,0,1,3,B,-,22,NA,NA,N,C,E,A,A,H,-,A,D,0,NA,NA,NA,NA,Y,NA,A,01,0,1,0,0,0,0,0,0,0,-,-,NA,NA,LOS ANGELES,GLENDALE,-118.237512,34.160505
84743627,2025,2025-06-30,1942,2025-06-04,1025,43456,NA,3,5,7,1942,0,0,0,NA,0,1591,12500 VENTURA BLVD.,WHITSETT AVE.,0,NA,Y,A,-,N,NA,NA,NA,NA,NA,NA,NA,NA,NA,Y,3,0,1,2,A,-,09,21804,A,F,D,C,A,A,H,-,A,A,0,NA,NA,NA,NA,Y,NA,-,99,0,1,0,0,0,0,0,0,0,-,-,NA,NA,LOS ANGELES,LOS ANGELES,-118.40518188476564,34.1426887512207
84743646,2025,2025-06-30,1942,2025-06-27,1240,40937,NA,5,5,7,1942,0,0,0,NA,0,1508,VINELAND AV,SATICOY ST,0,NA,Y,A,-,N,NA,NA,NA,NA,NA,NA,NA,NA,NA,N,3,0,1,2,A,-,12,21453,A,F,D,C,A,A,H,-,A,A,0,NA,NA,NA,NA,Y,NA,-,99,0,1,0,0,0,0,0,0,0,-,-,NA,NA,LOS ANGELES,LOS ANGELES,-118.37033081054688,34.20844268798828
84743655,2025,2025-06-30,1942,2025-06-27,1510,46073,NA,5,5,7,1942,0,0,0,NA,0,2156,TOPANGA CYN,WESTFIELD VILLAGE DRWY,0,NA,Y,A,-,N,NA,NA,NA,NA,NA,NA,NA,NA,NA,N,3,0,1,2,A,-,08,22107,NA,F,B,C,A,A,H,-,A,A,0,NA,NA,NA,NA,Y,NA,-,99,0,1,0,0,0,0,0,0,0,-,-,NA,NA,LOS ANGELES,LOS ANGELES,NA,NA
84743664,2025,2025-06-30,1942,2025-06-27,1945,32774,NA,5,5,7,1942,0,0,0,NA,0,NA,YOLANDA AVE,VICTORY BL,0,NA,Y,A,-,N,NA,NA,NA,NA,NA,NA,NA,NA,NA,Y,3,0,2,2,A,-,12,21453,A,F,D,C,A,A,H,-,A,A,0,NA,NA,NA,NA,Y,NA,A,01,0,2,0,0,0,0,0,0,0,-,-,NA,NA,LOS ANGELES,LOS ANGELES,-118.54039764404295,34.186580657958984
84743679,2025,2025-06-30,1942,2025-06-27,1005,39281,NA,5,5,7,1942,0,0,0,NA,0,1063,VENTURA BL,RESEDA BL,195,W,N,A,-,N,NA,NA,NA,NA,NA,NA,NA,NA,NA,Y,3,0,1,2,A,-,09,21804,A,F,D,G,A,A,H,-,A,D,0,NA,Y,NA,NA,Y,NA,L,04,0,1,0,0,0,0,1,0,0,-,-,NA,NA,LOS ANGELES,LOS ANGELES,-118.53665924072266,34.16899108886719
84743710,2025,2025-06-30,1942,2025-06-26,2250,38090,NA,4,5,7,1942,0,0,0,NA,0,2056,VERMONT AVE,SAN MARINO STREET,5,S,N,A,-,N,NA,NA,NA,NA,NA,NA,NA,NA,NA,Y,1,1,1,2,A,-,11,21950,B,N,G,B,B,A,H,-,C,A,0,Y,NA,Y,NA,Y,NA,N,60,1,0,0,1,0,0,0,0,1,-,-,NA,NA,LOS ANGELES,LOS ANGELES,-118.29164123535156,34.05498504638672
84743729,2025,2025-06-30,1942,2025-06-28,320,38273,NA,6,5,7,1942,0,0,0,NA,0,1544,HARTSOOK ST,BELLINGHAM AV,84,E,N,A,-,N,NA,NA,NA,NA,NA,NA,NA,NA,NA,N,2,0,1,2,A,-,11,21954,A,F,G,B,E,A,H,-,D,D,0,Y,NA,NA,NA,Y,NA,N,60,1,0,0,0,1,0,0,0,0,-,-,NA,NA,LOS ANGELES,LOS ANGELES,-118.39825439453124,34.16397476196289
84743754,2025,2025-06-30,1942,2025-06-29,2105,42324,NA,7,5,7,1942,0,0,0,NA,0,1794,ROSCOE BL,RESEDA BL,230,E,N,A,-,Y,NA,NA,NA,NA,NA,NA,NA,NA,NA,N,4,0,1,3,A,-,03,22350,NA,F,C,C,A,A,H,-,C,D,0,NA,NA,NA,NA,Y,NA,-,99,0,0,1,0,0,0,0,0,0,-,-,NA,NA,LOS ANGELES,LOS ANGELES,-118.53532409667967,34.22072982788086
84743774,2025,2025-06-30,1942,2025-06-24,2120,42686,NA,2,5,7,1942,0,0,0,NA,0,1967,14002 GAIN ST,GRUEN ST,0,NA,Y,A,-,N,NA,NA,NA,NA,NA,NA,NA,NA,NA,Y,4,0,2,2,A,-,08,22107,NA,F,C,E,A,A,H,-,C,D,0,NA,NA,NA,NA,Y,NA,D,22,0,0,2,0,0,0,0,0,0,-,-,NA,NA,LOS ANGELES,LOS ANGELES,-118.43868255615234,34.246341705322266
84743790,2025,2025-06-30,1942,2025-06-27,13,42640,NA,5,5,7,1942,0,0,0,NA,0,2056,VERMONT AV,OLYMPIC BL,16,N,N,A,-,N,NA,NA,NA,NA,NA,NA,NA,NA,NA,Y,4,0,2,5,A,-,01,23152,A,N,B,E,E,A,G,-,C,A,0,Y,NA,NA,NA,Y,Y,A,01,0,0,2,0,1,0,0,0,0,-,-,NA,NA,LOS ANGELES,LOS ANGELES,-118.29161834716795,34.05259323120117
84743818,2025,2025-06-30,1942,2025-06-28,2140,40528,NA,6,5,7,1942,0,0,0,NA,0,0909,WOODMAN AVE,RUNNYMEDE ST,10,S,N,A,-,N,NA,NA,NA,NA,NA,NA,NA,NA,NA,N,2,0,1,2,A,-,08,22107,NA,F,G,B,E,A,H,-,C,D,0,Y,NA,NA,NA,Y,Y,-,99,1,0,0,0,1,0,0,0,0,-,-,NA,NA,LOS ANGELES,LOS ANGELES,-118.43125152587892,34.20614242553711
84743858,2025,2025-06-30,1942,2025-06-10,1015,43420,NA,2,5,7,1942,0,0,0,NA,0,0782,LA CIERNEGA BL,GUTHRIE AV,20,W,N,A,-,N,NA,NA,NA,NA,NA,NA,NA,NA,NA,N,2,0,1,2,A,-,10,21950,A,N,G,B,B,A,H,-,A,A,0,Y,NA,NA,NA,Y,NA,A,07,1,0,0,0,1,0,0,0,0,-,-,NA,NA,LOS ANGELES,LOS ANGELES,-118.37700653076172,34.040287017822266
84743888,2025,2025-06-30,1942,2025-06-17,215,43833,NA,2,5,7,1942,0,0,0,NA,0,1508,SATICOY ST,CLYBOURN AVE,5,W,N,A,-,N,NA,NA,NA,NA,NA,NA,NA,NA,NA,Y,3,0,1,2,A,-,08,22107,NA,F,A,C,A,A,H,-,C,A,0,NA,NA,NA,NA,Y,NA,A,07,0,1,0,0,0,0,0,0,0,-,-,NA,NA,LOS ANGELES,LOS ANGELES,-118.36324310302734,34.208431243896484
84743930,2025,2025-06-30,1942,2025-06-28,2320,44535,NA,6,5,7,1942,0,0,0,NA,0,1019,8000 HASKELL AVE,STRATHERN ST,17,N,N,A,-,N,NA,NA,NA,NA,NA,NA,NA,NA,NA,Y,3,0,3,2,A,-,08,22107,NA,N,B,2,A,A,H,-,E,D,0,NA,NA,NA,NA,Y,NA,D,22,0,1,2,0,0,0,0,0,0,-,-,NA,NA,LOS ANGELES,LOS ANGELES,-118.47490692138672,34.215755462646484
84744018,2025,2025-06-30,1942,2025-05-14,755,43139,NA,3,5,7,1942,0,0,0,NA,0,NA,SAN FERNANDO RD,HALLETT AVE,684,S,N,A,-,N,NA,NA,NA,NA,NA,NA,NA,NA,NA,N,4,0,5,4,A,-,03,22350,NA,N,B,C,A,A,H,-,A,A,0,NA,NA,NA,NA,Y,NA,A,01,0,0,5,0,0,0,0,0,0,-,-,NA,NA,LOS ANGELES,LOS ANGELES,-118.24034118652344,34.10683822631836
84744024,2025,2025-06-30,1942,2025-06-20,1010,35267,NA,5,5,7,1942,0,0,0,NA,0,0839,AVENUE OF THE STARS,SANTA MONICA BL,640,S,N,A,-,N,NA,NA,NA,NA,NA,NA,NA,NA,NA,N,4,0,1,2,A,-,03,22350,NA,F,H,G,A,A,H,-,A,D,0,NA,Y,NA,NA,Y,NA,-,99,0,0,1,0,0,0,1,0,0,-,-,NA,NA,LOS ANGELES,LOS ANGELES,NA,NA
84744031,2025,2025-06-30,1942,2025-06-23,700,39281,NA,1,5,7,1942,0,0,0,NA,0,1099,SEPULVEDA BL,VALLEY MEADOW RD,265,N,N,A,-,N,NA,NA,NA,NA,NA,NA,NA,NA,NA,Y,3,0,1,2,A,-,03,22350,NA,N,A,C,A,A,H,-,A,A,0,NA,NA,NA,NA,Y,NA,A,07,0,1,0,0,0,0,0,0,0,-,-,NA,NA,LOS ANGELES,LOS ANGELES,-118.47886657714844,34.138587951660156
84744042,2025,2025-06-30,1942,2025-06-29,809,33340,NA,7,5,7,1942,0,0,0,NA,0,1974,NORDHOFF ST,WAKEFIELD AVE,0,NA,Y,A,-,N,NA,NA,NA,NA,NA,NA,NA,NA,NA,Y,2,0,2,2,A,-,09,21801,A,N,A,C,A,A,H,-,A,D,0,NA,NA,NA,NA,Y,NA,A,01,1,1,0,0,0,0,0,0,0,-,-,NA,NA,LOS ANGELES,LOS ANGELES,-118.44805145263672,34.23539733886719
84744053,2025,2025-06-30,1942,2025-06-03,830,40065,NA,2,5,7,1942,0,0,0,NA,0,0932,SEPULVEDA BL,ERWIN ST,278,N,N,A,-,N,NA,NA,NA,NA,NA,NA,NA,NA,NA,N,4,0,1,2,A,-,08,22107,NA,N,B,E,A,A,H,-,A,D,0,NA,NA,NA,NA,Y,NA,A,01,0,0,1,0,0,0,0,0,0,-,-,NA,NA,LOS ANGELES,LOS ANGELES,-118.4661865234375,34.183780670166016
84744065,2025,2025-06-30,1942,2025-06-24,1410,41376,NA,2,5,7,1942,0,0,0,NA,0,0787,CRENSHAW BLVD,WASHINGTON BLVD,230,S,N,A,-,N,NA,NA,NA,NA,NA,NA,NA,NA,NA,Y,4,0,1,3,A,-,01,23152,A,N,A,C,A,A,H,-,A,A,0,NA,NA,NA,NA,Y,Y,A,01,0,0,1,0,0,0,0,0,0,-,-,NA,NA,LOS ANGELES,LOS ANGELES,-118.33139038085938,34.03928756713867
84744134,2025,2025-06-30,1942,2025-06-26,1930,41528,NA,4,5,7,1942,0,0,0,NA,0,1021,CORBIN AV,VANOWEN ST,0,NA,Y,A,-,N,NA,NA,NA,NA,NA,NA,NA,NA,NA,Y,3,0,1,2,A,-,09,21801,A,N,A,C,A,A,H,-,A,A,0,NA,NA,NA,NA,Y,NA,A,07,0,1,0,0,0,0,0,0,0,-,-,NA,NA,LOS ANGELES,LOS ANGELES,-118.56224822998048,34.193817138671875
84744155,2025,2025-06-30,1942,2025-06-29,1920,41063,NA,7,5,7,1942,0,0,0,NA,0,0821,16421 PACIFIC COAST HIGHWAY,LAS PULGAS CANYON RD,645,N,N,A,-,N,NA,NA,NA,NA,NA,NA,NA,NA,NA,Y,2,0,1,3,A,-,03,22350,NA,N,B,C,A,A,D,-,A,D,0,NA,NA,Y,NA,Y,NA,C,02,1,0,0,0,0,0,0,0,1,-,-,NA,NA,LOS ANGELES,LOS ANGELES,NA,NA
84744263,2025,2025-06-30,1942,2025-06-23,1230,35023,NA,1,5,7,1942,0,0,0,NA,0,0774,WASHINGTON BLVD,ORAGE DR,10,W,N,A,-,N,NA,NA,NA,NA,NA,NA,NA,NA,NA,N,3,0,1,2,A,-,10,21950,A,F,G,B,B,A,H,-,A,A,0,Y,NA,NA,NA,Y,NA,-,99,0,1,0,0,1,0,0,0,0,-,-,NA,NA,LOS ANGELES,LOS ANGELES,-118.34972381591795,34.04081344604492
84744326,2025,2025-06-30,1942,2025-06-02,1430,45750,NA,1,5,7,1942,0,0,0,NA,0,1535,LANKERSHIM BLVD.,MARTHA ST.,155,N,N,A,-,N,NA,NA,NA,NA,NA,NA,NA,NA,NA,N,3,0,1,3,B,-,22,NA,NA,N,B,E,A,A,H,-,A,D,0,NA,NA,NA,NA,Y,NA,D,22,0,1,0,0,0,0,0,0,0,-,-,NA,NA,LOS ANGELES,LOS ANGELES,-118.37926483154295,34.173011779785156
84744377,2025,2025-06-30,1942,2025-05-11,2020,46072,NA,7,5,7,1942,0,0,0,NA,0,0185,LOS ANGELES ST,PICO ST,0,NA,Y,A,-,N,NA,NA,NA,NA,NA,NA,NA,NA,NA,N,4,0,1,2,A,-,10,21950,A,F,G,B,B,A,H,-,C,A,0,Y,NA,NA,NA,Y,NA,-,99,0,0,1,0,1,0,0,0,0,-,-,NA,NA,LOS ANGELES,LOS ANGELES,-118.25936126708984,34.03575134277344
84744426,2025,2025-06-30,1942,2025-06-28,1350,44239,NA,6,5,7,1942,0,0,0,NA,0,0839,OLYMPIC BLVD,AVENUE OF THE STARS,0,NA,Y,A,-,N,NA,NA,NA,NA,NA,NA,NA,NA,NA,N,4,0,1,2,D,-,00,NA,NA,F,D,C,A,A,H,-,A,A,0,NA,NA,NA,NA,Y,NA,-,-,0,0,1,0,0,0,0,0,0,-,-,NA,NA,LOS ANGELES,LOS ANGELES,-118.4137725830078,34.05635070800781
84744476,2025,2025-06-30,1942,2025-06-09,2025,42640,NA,1,5,7,1942,0,0,0,NA,0,0626,FRANKLIN AV,CAHUENGA BL,171,E,N,A,-,N,NA,NA,NA,NA,NA,NA,NA,NA,NA,Y,3,0,1,3,A,-,01,23152,A,N,C,E,A,A,H,-,C,A,0,NA,NA,NA,NA,Y,Y,A,01,0,1,0,0,0,0,0,0,0,-,-,NA,NA,LOS ANGELES,LOS ANGELES,-118.32982635498048,34.10523223876953
84744561,2025,2025-06-30,1942,2025-06-25,1010,40404,NA,3,5,7,1942,0,0,0,NA,0,1263,VAN NESS AVE,MANCHESTER AVE,34,S,N,A,-,N,NA,NA,NA,NA,NA,NA,NA,NA,NA,Y,4,0,1,2,A,-,07,21658,A,F,B,C,A,A,H,-,A,B,0,NA,NA,NA,NA,Y,NA,A,01,0,0,1,0,0,0,0,0,0,-,-,NA,NA,LOS ANGELES,LOS ANGELES,-118.31775665283205,33.959877014160156
84744564,2025,2025-06-30,1942,2025-06-23,2030,42364,NA,1,5,7,1942,0,0,0,NA,0,1232,CRENSHAW BLVD,60TH STREET,590,S,N,A,-,N,NA,NA,NA,NA,NA,NA,NA,NA,NA,Y,3,0,1,3,A,-,03,22350,NA,F,C,C,A,A,H,-,C,D,0,NA,NA,NA,NA,Y,NA,-,99,0,1,0,0,0,0,0,0,0,-,-,NA,NA,LOS ANGELES,LOS ANGELES,-118.33087158203124,33.98378372192383
84744605,2025,2025-06-30,1942,2025-06-24,1725,44630,NA,2,5,7,1942,0,0,0,NA,0,1801,FIGUEROA ST.,87TH PLACE,32,N,N,A,-,N,NA,NA,NA,NA,NA,NA,NA,NA,NA,N,3,0,1,1,A,-,03,22350,NA,N,E,I,A,A,H,-,A,D,0,NA,NA,NA,NA,Y,NA,A,01,0,1,0,0,0,0,0,0,0,-,-,NA,NA,LOS ANGELES,LOS ANGELES,-118.28271484375,33.95806884765625
84744607,2025,2025-06-30,1942,2025-06-25,1145,43395,NA,3,5,7,1942,0,0,0,NA,0,1781,WINNETKA AVE,PARTHENIA ST,0,NA,Y,A,-,N,NA,NA,NA,NA,NA,NA,NA,NA,NA,Y,4,0,2,2,A,-,09,21801,A,N,D,C,A,A,H,-,A,A,0,NA,NA,NA,NA,Y,NA,A,01,0,0,2,0,0,0,0,0,0,-,-,NA,NA,LOS ANGELES,LOS ANGELES,-118.57105255126952,34.22822570800781
84744622,2025,2025-06-30,1909,2025-05-18,400,599,NA,7,5,4,1909,0,0,0,NA,0,SOUTH,EASTERN AV,MULLER ST,0,NA,Y,A,-,N,NA,NA,NA,NA,NA,NA,NA,NA,NA,N,4,0,1,2,A,-,04,21703,NA,F,C,C,A,A,H,-,C,A,0,NA,NA,NA,NA,Y,NA,A,01,0,0,1,0,0,0,0,0,0,-,-,33.95811080932617,-118.1647491455078,LOS ANGELES,BELL GARDENS,-118.16481018066406,33.95808792114258
84744624,2025,2025-07-07,1909,2025-05-18,1711,586,NA,7,5,4,1909,0,0,0,NA,0,1909,FLORENCE PL,FLORENCE PL.,20,S,N,A,-,N,NA,NA,NA,NA,NA,NA,NA,NA,NA,N,1,1,0,2,A,-,11,21954,A,N,G,B,D,A,H,-,A,D,0,Y,NA,NA,NA,Y,NA,N,60,0,0,0,1,0,0,0,0,0,-,-,33.96678161621094,-118.15470123291016,LOS ANGELES,BELL GARDENS,-118.15445709228516,33.966796875
84744627,2025,2025-06-30,1909,2025-05-18,2109,602,NA,7,5,4,1909,0,0,0,NA,0,NORTH,GARFIELD AV,LOVELAND ST,0,NA,Y,A,-,N,NA,NA,NA,NA,NA,NA,NA,NA,NA,N,4,0,1,2,A,-,00,28000,NA,N,D,C,A,A,H,-,A,A,0,NA,NA,NA,NA,Y,Y,A,01,0,0,1,0,0,0,0,0,0,-,-,33.97005081176758,-118.14900970458984,LOS ANGELES,BELL GARDENS,-118.14908599853516,33.9701042175293
84744629,2025,2025-06-30,1909,2025-05-27,53,632,NA,2,5,4,1909,0,0,0,NA,0,NA,FLORENCE AV,GARFIELD AV,0,NA,Y,A,-,N,NA,NA,NA,NA,NA,NA,NA,NA,NA,N,3,0,1,1,A,-,08,22107,NA,N,E,I,A,A,H,-,C,A,0,NA,NA,NA,NA,Y,NA,A,01,0,1,0,0,0,0,0,0,0,-,-,33.965370178222656,-118.15160369873048,LOS ANGELES,BELL GARDENS,-118.15169525146484,33.965335845947266
84744636,2025,2025-06-30,1942,2025-06-28,1220,46104,NA,6,5,7,1942,0,0,0,NA,0,1541,MAGNOLIA BL,BELLAIRE AV,2,W,N,A,-,N,NA,NA,NA,NA,NA,NA,NA,NA,NA,Y,3,0,1,1,A,-,03,22350,NA,N,A,I,A,A,H,-,A,A,0,NA,NA,NA,NA,Y,NA,A,01,0,1,0,0,0,0,0,0,0,-,-,NA,NA,LOS ANGELES,LOS ANGELES,-118.4094467163086,34.16487121582031
84744640,2025,2025-06-30,1942,2025-05-28,1115,46017,NA,3,5,7,1942,0,0,0,NA,0,0625,PAT MOORE WY,HIGHLAND AVENUE,0,NA,Y,A,-,N,NA,NA,NA,NA,NA,NA,NA,NA,NA,Y,4,0,1,2,A,-,12,21453,A,N,D,C,A,A,H,-,A,A,0,NA,NA,NA,NA,Y,NA,A,01,0,0,1,0,0,0,0,0,0,-,-,NA,NA,LOS ANGELES,LOS ANGELES,-118.3362274169922,34.111385345458984
84744641,2025,2025-06-30,1909,2025-06-08,13,596,NA,7,5,4,1909,0,0,0,NA,0,NORTH,6137 GAGE AVE,WCL OF JABONERIA RD,300,W,N,A,-,N,NA,NA,NA,NA,NA,NA,NA,NA,NA,Y,4,0,1,3,A,-,08,22107,NA,N,F,E,A,A,H,-,C,A,0,NA,NA,Y,NA,Y,Y,C,06,0,0,1,0,0,0,0,0,1,-,-,NA,NA,LOS ANGELES,BELL GARDENS,-118.15361785888672,33.9744987487793
84744642,2025,2025-06-30,1909,2025-06-12,716,648,NA,4,5,4,1909,0,0,0,NA,0,SOUTH,GARFIELD AV,FOSTORIA ST,0,NA,Y,B,-,N,NA,NA,NA,NA,NA,NA,NA,NA,NA,Y,3,0,2,2,A,-,09,21800,A,N,D,C,A,A,H,-,A,D,0,NA,NA,NA,NA,Y,NA,A,01,0,1,1,0,0,0,0,0,0,-,-,33.95608901977539,-118.1608428955078,LOS ANGELES,BELL GARDENS,-118.16101837158205,33.955936431884766
84744643,2025,2025-06-30,1909,2025-06-17,1430,588,NA,2,5,4,1909,0,0,0,NA,0,NORTH,EASTERN AV,THE NCL LUBEC ST,100,N,N,A,-,N,NA,NA,NA,NA,NA,NA,NA,NA,NA,N,4,0,2,2,D,-,00,NA,NA,N,C,C,A,A,H,-,A,D,0,NA,NA,NA,NA,Y,NA,-,-,0,0,2,0,0,0,0,0,0,-,-,33.97187042236328,-118.16412353515624,LOS ANGELES,BELL GARDENS,-118.16426849365234,33.971832275390625
84744644,2025,2025-06-30,1909,2025-06-17,1530,588,NA,2,5,4,1909,0,0,0,NA,0,NORTH,GAGE AV,THE ECL COLMAR AV,310,E,N,A,-,N,NA,NA,NA,NA,NA,NA,NA,NA,NA,N,4,0,1,1,D,-,00,NA,NA,N,D,G,A,A,G,-,A,D,0,NA,Y,NA,NA,Y,NA,-,-,0,0,1,0,0,0,1,0,0,-,-,33.97465896606445,-118.15592193603516,LOS ANGELES,BELL GARDENS,-118.15595245361328,33.974708557128906
84744651,2025,2025-06-30,1909,2025-06-27,2232,636,NA,5,5,4,1909,0,0,0,NA,0,NORTH,GAGE AVE & JABONERIA RD,NCL GAGE AVE,45,S,N,A,-,N,NA,NA,NA,NA,NA,NA,NA,NA,NA,Y,4,0,3,2,A,-,09,21801,A,N,D,C,A,A,H,-,C,A,0,NA,NA,NA,NA,Y,NA,A,01,0,0,3,0,0,0,0,0,0,-,-,NA,NA,LOS ANGELES,BELL GARDENS,-118.15249633789064,33.97437286376953
84744670,2025,2025-06-30,1942,2025-06-27,1325,41158,NA,5,5,7,1942,0,0,0,NA,0,2134,ALLEY SOUTH OF SATICOY ST,SHOUP AVE,60,E,N,A,-,N,NA,NA,NA,NA,NA,NA,NA,NA,NA,N,4,0,1,2,A,-,21,22106,NA,N,C,C,A,A,H,-,A,D,0,NA,NA,NA,Y,Y,NA,F,27,0,0,1,0,0,0,0,0,0,-,-,NA,NA,LOS ANGELES,LOS ANGELES,NA,NA
84744679,2025,2025-06-30,1913,2025-06-28,52,4525,NA,6,5,4,1913,0,0,0,NA,0,001,AMADOR ST,WHITMAN AVE,18,E,-,A,-,N,NA,NA,NA,NA,NA,NA,NA,NA,NA,Y,3,0,1,1,A,-,01,23152,A,N,A,E,A,A,H,-,D,D,0,NA,NA,NA,NA,Y,Y,D,72,0,1,0,0,0,0,0,0,0,-,-,34.10594940185547,-117.73330688476564,LOS ANGELES,CLAREMONT,-117.733642578125,34.105709075927734
84744958,2025,2025-07-01,1901,2025-03-28,1822,160,NA,5,5,5,1901,0,0,0,NA,0,003,MAIN ST,CURTIS AVE,0,NA,Y,A,-,N,NA,NA,NA,NA,NA,NA,NA,NA,NA,Y,3,0,1,2,A,-,09,21802,A,N,D,C,A,A,H,-,A,A,0,NA,NA,NA,NA,Y,NA,A,01,0,1,0,0,0,0,0,0,0,-,-,34.091529846191406,-118.13713073730467,LOS ANGELES,ALHAMBRA,-118.13713836669922,34.091548919677734
84744959,2025,2025-07-01,1901,2025-05-25,128,280,NA,7,5,5,1901,0,0,0,NA,0,004,FREMONT AVE,RENSSELAER DR,235,S,N,A,-,N,NA,NA,NA,NA,NA,NA,NA,NA,NA,Y,3,0,1,2,A,-,01,23152,A,M,C,E,A,A,H,-,C,D,0,NA,NA,NA,NA,Y,Y,A,01,0,1,0,0,0,0,0,0,0,-,-,34.061649322509766,-118.1462631225586,LOS ANGELES,ALHAMBRA,-118.14580535888672,34.061100006103516
84744980,2025,2025-07-01,1967,2025-05-17,1910,185,NA,6,5,2,1967,0,0,0,NA,0,SOUTH,SR-1 (PACIFIC COAST HWY),REDONDO,0,NA,Y,B,-,Y,NA,NA,NA,NA,NA,NA,NA,NA,NA,Y,3,0,1,2,A,-,09,21804,A,N,D,C,A,A,H,-,A,A,0,NA,NA,NA,NA,Y,NA,A,01,0,1,0,0,0,0,0,0,0,-,-,NA,NA,LOS ANGELES,SIGNAL HILL,-118.1518325805664,33.789859771728516
84744981,2025,2026-01-29,1967,2025-06-07,1651,157,NA,6,5,2,1967,0,0,0,NA,0,NORTH,ORANGE AV,WILLOW,637,N,N,A,-,N,NA,NA,NA,NA,NA,NA,NA,NA,NA,N,4,0,1,2,A,-,04,21703,NA,N,C,C,A,A,H,-,A,D,0,NA,NA,NA,NA,Y,NA,A,01,0,0,1,0,0,0,0,0,0,-,-,NA,NA,LOS ANGELES,SIGNAL HILL,-118.17633819580078,33.80604553222656
84745044,2025,2025-07-01,1947,2025-06-26,2350,1481,NA,4,5,5,1947,0,0,0,NA,0,00E,GARFIELD AVE,WHITTIER BLVD,0,NA,Y,A,-,N,NA,NA,NA,NA,NA,NA,NA,NA,NA,Y,4,0,1,2,A,-,12,21453,A,F,D,C,A,A,H,-,C,A,0,NA,NA,NA,NA,Y,NA,A,08,0,0,1,0,0,0,0,0,0,-,-,34.01470184326172,-118.12993621826172,LOS ANGELES,MONTEBELLO,-118.13002777099608,34.01459884643555