CASE_ID,ACCIDENT_YEAR,PROC_DATE,JURIS,COLLISION_DATE,COLLISION_TIME,OFFICER_ID,REPORTING_DISTRICT,DAY_OF_WEEK,CHP_SHIFT,POPULATION,CNTY_CITY_LOC,SPECIAL_COND,BEAT_TYPE,CHP_BEAT_TYPE,CITY_DIVISION_LAPD,CHP_BEAT_CLASS,BEAT_NUMBER,PRIMARY_RD,SECONDARY_RD,DISTANCE,DIRECTION,INTERSECTION,WEATHER_1,WEATHER_2,STATE_HWY_IND,CALTRANS_COUNTY,CALTRANS_DISTRICT,STATE_ROUTE,ROUTE_SUFFIX,POSTMILE_PREFIX,POSTMILE,LOCATION_TYPE,RAMP_INTERSECTION,SIDE_OF_HWY,TOW_AWAY,COLLISION_SEVERITY,NUMBER_KILLED,NUMBER_INJURED,PARTY_COUNT,PRIMARY_COLL_FACTOR,PCF_CODE_OF_VIOL,PCF_VIOL_CATEGORY,PCF_VIOLATION,PCF_VIOL_SUBSECTION,HIT_AND_RUN,TYPE_OF_COLLISION,MVIW,PED_ACTION,ROAD_SURFACE,ROAD_COND_1,ROAD_COND_2,LIGHTING,CONTROL_DEVICE,CHP_ROAD_TYPE,PEDESTRIAN_ACCIDENT,BICYCLE_ACCIDENT,MOTORCYCLE_ACCIDENT,TRUCK_ACCIDENT,NOT_PRIVATE_PROPERTY,ALCOHOL_INVOLVED,STWD_VEHTYPE_AT_FAULT,CHP_VEHTYPE_AT_FAULT,COUNT_SEVERE_INJ,COUNT_VISIBLE_INJ,COUNT_COMPLAINT_PAIN,COUNT_PED_KILLED,COUNT_PED_INJURED,COUNT_BICYCLIST_KILLED,COUNT_BICYCLIST_INJURED,COUNT_MC_KILLED,COUNT_MC_INJURED,PRIMARY_RAMP,SECONDARY_RAMP,LATITUDE,LONGITUDE,COUNTY,CITY,POINT_X,POINT_Y
84773044,2025,2025-07-22,1913,2025-06-21,1414,4286,NA,6,5,4,1913,0,0,0,NA,0,002,E SIXTH ST,BROOKS AVE,85,E,-,A,-,N,NA,NA,NA,NA,NA,NA,NA,NA,NA,N,3,0,1,1,A,-,08,22107,NA,N,E,I,A,A,H,-,A,A,0,NA,NA,NA,NA,Y,NA,A,71,0,1,0,0,0,0,0,0,0,-,-,34.09960174560547,-117.70594787597656,LOS ANGELES,CLAREMONT,-117.70565795898438,34.09959411621094
84773046,2025,2025-07-22,1913,2025-06-11,741,4085,NA,3,5,4,1913,0,0,0,NA,0,004,W BASELINE RD,INDIAN HILL BLVD,0,NA,Y,A,-,N,NA,NA,NA,NA,NA,NA,NA,NA,NA,N,3,0,1,2,A,-,05,21650,NA,N,H,G,A,A,H,-,A,D,0,NA,Y,NA,NA,Y,NA,L,04,0,1,0,0,0,0,1,0,0,-,-,34.12158966064453,-117.72035980224608,LOS ANGELES,CLAREMONT,-117.72025299072266,34.12160873413086
84773061,2025,2025-07-22,1913,2025-06-10,1205,4260,NA,2,5,4,1913,0,0,0,NA,0,002,S INDIAN HILL BLVD,W AMERICAN AVE,0,NA,Y,A,-,N,NA,NA,NA,NA,NA,NA,NA,NA,NA,N,3,0,4,4,A,-,-,NA,NA,N,C,C,A,A,H,-,A,A,0,NA,NA,NA,NA,Y,NA,A,01,0,4,0,0,0,0,0,0,0,-,-,34.079769134521484,-117.71959686279295,LOS ANGELES,CLAREMONT,-117.7192611694336,34.079524993896484
84773086,2025,2025-07-22,1913,2025-06-04,811,4294,NA,3,5,4,1913,0,0,0,NA,0,002,N CLAREMONT BLVD,SIXTH ST,0,NA,Y,A,-,N,NA,NA,NA,NA,NA,NA,NA,NA,NA,Y,4,0,1,2,A,-,09,21801,NA,N,D,C,A,A,H,-,A,A,0,NA,NA,NA,NA,Y,NA,A,01,0,0,1,0,0,0,0,0,0,-,-,34.09959030151367,-117.70285034179688,LOS ANGELES,CLAREMONT,-117.70301055908205,34.09954071044922
84773089,2025,2025-07-22,1913,2025-05-16,807,3740,NA,5,5,4,1913,0,0,0,NA,0,002,CLAREMONT BL,9TH ST,0,NA,Y,A,-,N,NA,NA,NA,NA,NA,NA,NA,NA,NA,Y,3,0,1,3,A,-,09,21801,NA,N,D,C,A,A,H,-,A,D,0,NA,NA,NA,NA,Y,NA,A,01,0,1,0,0,0,0,0,0,0,-,-,34.10255813598633,-117.70310974121094,LOS ANGELES,CLAREMONT,-117.70298767089844,34.10246658325195
84773169,2025,2025-07-23,1975,2025-07-01,1154,494,NA,2,5,6,1975,0,0,0,NA,0,002,WORKMAN AV,HEATHDALE AV,100,E,N,A,-,N,NA,NA,NA,NA,NA,NA,NA,NA,NA,N,2,0,1,2,A,-,11,21950,B,N,G,B,D,A,H,-,A,D,0,Y,NA,NA,NA,Y,NA,N,60,1,0,0,0,1,0,0,0,0,-,-,34.07923889160156,-117.93518829345705,LOS ANGELES,WEST COVINA,-117.90032958984376,34.075439453125
84773202,2025,2025-07-23,1967,2025-07-04,2244,136,NA,5,5,2,1967,0,0,0,NA,0,SOUTH,SKYLINE DR,DAWSON AV,0,NA,Y,A,-,N,NA,NA,NA,NA,NA,NA,NA,NA,NA,N,4,0,2,4,A,-,01,23152,A,N,C,E,A,A,H,-,C,A,0,NA,NA,NA,NA,Y,Y,A,07,0,0,2,0,0,0,0,0,0,-,-,NA,NA,LOS ANGELES,SIGNAL HILL,-118.16494750976564,33.79869842529297
84773229,2025,2025-07-23,1922,2025-06-14,1522,733,NA,6,5,6,1922,0,0,0,NA,0,003,GARVEY AVE,SANTA ANITA AVE,467,E,N,A,-,N,NA,NA,NA,NA,NA,NA,NA,NA,NA,N,4,0,1,2,A,-,08,22107,NA,N,B,G,A,A,H,-,A,D,0,NA,Y,NA,NA,Y,NA,L,04,0,0,1,0,0,0,1,0,0,-,-,34.06269836425781,-118.04254150390624,LOS ANGELES,EL MONTE,-118.04096221923828,34.06278610229492
84773238,2025,2025-07-23,1922,2025-07-05,1515,722,NA,6,5,6,1922,0,0,0,NA,0,003,GARVEY AVE,TYLER AVE,17,E,N,A,-,N,NA,NA,NA,NA,NA,NA,NA,NA,NA,Y,4,0,3,2,A,-,09,21802,A,N,D,C,A,A,H,-,A,A,0,NA,NA,NA,NA,Y,NA,A,01,0,0,3,0,0,0,0,0,0,-,-,34.06298828125,-118.0356674194336,LOS ANGELES,EL MONTE,-118.03565216064452,34.06285095214844
84773239,2025,2025-07-23,1922,2025-07-06,1443,733,NA,7,5,6,1922,0,0,0,NA,0,004,COGSWELL RD,LANSDALE AVE,80,W,N,A,-,N,NA,NA,NA,NA,NA,NA,NA,NA,NA,N,4,0,1,1,A,-,03,22350,NA,N,E,A,A,A,H,-,A,D,0,NA,Y,NA,NA,Y,NA,L,04,0,0,1,0,0,0,1,0,0,-,-,34.064231872558594,-118.01834106445313,LOS ANGELES,EL MONTE,-118.01840209960938,34.06403350830078
84773411,2025,2025-07-23,1925,2025-07-02,1812,30053,NA,3,5,6,1925,0,0,0,NA,0,002,CENTRAL AVENUE,PIONEER DRIVE,0,NA,Y,A,-,N,NA,NA,NA,NA,NA,NA,NA,NA,NA,Y,4,0,1,2,A,-,12,21453,A,N,D,C,A,A,H,-,A,A,0,NA,NA,NA,NA,Y,NA,-,-,0,0,1,0,0,0,0,0,0,-,-,NA,NA,LOS ANGELES,GLENDALE,-118.25794219970705,34.155269622802734
84773563,2025,2025-07-23,1942,2025-07-06,2010,38218,NA,7,5,7,1942,0,0,0,NA,0,1708,HAVENHURST,RINALDI,20,S,N,A,-,N,NA,NA,NA,NA,NA,NA,NA,NA,NA,Y,3,0,1,2,A,-,03,22350,NA,F,C,C,A,A,H,-,B,A,0,NA,NA,NA,NA,Y,NA,D,22,0,1,0,0,0,0,0,0,0,-,-,NA,NA,LOS ANGELES,LOS ANGELES,-118.49339294433594,34.2791862487793
84773565,2025,2025-07-23,1942,2025-07-17,2105,40529,NA,4,5,7,1942,0,0,0,NA,0,0393,DEGNAN BLVD,43RD ST,326,S,N,A,-,N,NA,NA,NA,NA,NA,NA,NA,NA,NA,N,4,0,1,2,A,-,09,21804,A,N,A,G,A,A,H,-,C,D,0,NA,Y,NA,NA,Y,NA,L,04,0,0,1,0,0,0,1,0,0,-,-,NA,NA,LOS ANGELES,LOS ANGELES,-118.33145904541016,34.005096435546875
84773568,2025,2025-07-23,1942,2025-07-03,1050,33599,NA,4,5,7,1942,0,0,0,NA,0,1248,66TH ST,MENLO AV,30,E,N,A,-,N,NA,NA,NA,NA,NA,NA,NA,NA,NA,N,3,0,1,2,A,-,11,21954,A,F,H,B,D,A,H,-,A,D,0,Y,NA,NA,NA,Y,NA,N,60,0,1,0,0,1,0,0,0,0,-,-,NA,NA,LOS ANGELES,LOS ANGELES,-118.28916168212892,33.97916030883789
84773659,2025,2025-07-23,1942,2025-07-19,215,46063,NA,6,5,7,1942,0,0,0,NA,0,1826,CENTURY BLVD,COMPTON AVE,100,W,N,A,-,N,NA,NA,NA,NA,NA,NA,NA,NA,NA,Y,4,0,1,4,A,-,03,22350,NA,N,C,E,A,A,H,-,C,A,0,NA,NA,NA,NA,Y,Y,A,01,0,0,1,0,0,0,0,0,0,-,-,NA,NA,LOS ANGELES,LOS ANGELES,-118.2465591430664,33.94564437866211
84773669,2025,2025-07-23,1910,2025-07-19,1741,373,NA,6,5,4,1910,0,0,0,NA,0,007,OLYMPIC BLVD,S PALM DR,0,NA,Y,A,-,N,NA,NA,NA,NA,NA,NA,NA,NA,NA,N,3,0,1,3,A,-,09,21802,A,N,D,C,A,A,H,-,A,A,0,NA,NA,NA,NA,Y,NA,A,01,0,1,0,0,0,0,0,0,0,-,-,34.05929946899414,-118.39183044433594,LOS ANGELES,BEVERLY HILLS,-118.39181518554688,34.059356689453125
84773683,2025,2025-07-23,1942,2025-07-12,420,40957,NA,6,5,7,1942,0,0,0,NA,0,1821,98TH ST,HOOVER ST,31,W,N,A,-,N,NA,NA,NA,NA,NA,NA,NA,NA,NA,Y,3,0,1,1,A,-,03,22350,NA,N,E,I,A,A,H,-,C,D,0,NA,NA,NA,NA,Y,NA,A,01,0,1,0,0,0,0,0,0,0,-,-,NA,NA,LOS ANGELES,LOS ANGELES,-118.2870635986328,33.94705581665039
84773944,2025,2025-07-23,1942,2025-07-07,1700,45821,NA,1,5,7,1942,0,0,0,NA,0,2035,MARIPOSA,WILSHIRE,0,NA,Y,A,-,N,NA,NA,NA,NA,NA,NA,NA,NA,NA,N,2,0,1,2,D,-,00,NA,NA,N,G,B,B,A,H,-,A,A,0,Y,NA,NA,NA,Y,NA,-,-,1,0,0,0,1,0,0,0,0,-,-,NA,NA,LOS ANGELES,LOS ANGELES,-118.29917907714844,34.06175994873047
84774092,2025,2025-07-23,1913,2025-05-16,1400,4493,NA,5,5,4,1913,0,0,0,NA,0,004,E BASELINE RD,PADUA AV,0,NA,Y,A,-,N,NA,NA,NA,NA,NA,NA,NA,NA,NA,Y,3,0,2,4,A,-,12,21453,A,M,D,C,A,A,H,-,A,A,0,NA,NA,NA,NA,Y,NA,A,01,0,2,0,0,0,0,0,0,0,-,-,34.12158966064453,-117.6984634399414,LOS ANGELES,CLAREMONT,-117.6984405517578,34.12160110473633
84774093,2025,2025-07-23,1942,2025-07-16,1005,33599,NA,3,5,7,1942,0,0,0,NA,0,0396,VERNON AVE,MENLO AVE,89,W,N,A,-,N,NA,NA,NA,NA,NA,NA,NA,NA,NA,N,2,0,1,2,A,-,11,21955,NA,N,G,B,D,A,H,-,A,A,0,Y,NA,NA,NA,Y,NA,N,60,1,0,0,0,1,0,0,0,0,-,-,NA,NA,LOS ANGELES,LOS ANGELES,-118.29032135009766,34.00368881225586
84774125,2025,2025-07-23,1942,2025-06-30,1520,38729,NA,1,5,7,1942,0,0,0,NA,0,1242,VAN NESS AV,65TH PL,0,NA,Y,A,-,N,NA,NA,NA,NA,NA,NA,NA,NA,NA,N,4,0,1,2,A,-,12,22450,A,F,D,C,A,A,H,-,A,A,0,NA,NA,NA,NA,Y,NA,-,99,0,0,1,0,0,0,0,0,0,-,-,NA,NA,LOS ANGELES,LOS ANGELES,-118.31771850585938,33.980003356933594
84774147,2025,2025-07-23,1942,2025-07-17,1830,42539,NA,4,5,7,1942,0,0,0,NA,0,1256,FIGUEROA ST,75TH ST,0,NA,Y,A,-,N,NA,NA,NA,NA,NA,NA,NA,NA,NA,N,4,0,1,2,A,-,08,22107,NA,F,D,C,A,A,H,-,A,A,0,NA,NA,Y,NA,Y,NA,-,99,0,0,1,0,0,0,0,0,1,-,-,NA,NA,LOS ANGELES,LOS ANGELES,-118.28271484375,33.97172546386719
84774177,2025,2025-07-23,1942,2025-07-18,830,33397,NA,5,5,7,1942,0,0,0,NA,0,0363,MARTIN LUTHER KING JR. BLVD,FIGUEROA ST,0,NA,Y,A,-,N,NA,NA,NA,NA,NA,NA,NA,NA,NA,N,3,0,1,2,A,-,12,21453,A,F,D,G,A,A,H,-,A,A,0,NA,Y,NA,NA,Y,NA,-,99,0,1,0,0,0,0,1,0,0,-,-,NA,NA,LOS ANGELES,LOS ANGELES,-118.2827377319336,34.01112747192383
84774215,2025,2025-07-23,1942,2025-07-05,610,42656,NA,6,5,7,1942,0,0,0,NA,0,2015,VERMONT AVE,1ST ST,219,S,N,B,-,N,NA,NA,NA,NA,NA,NA,NA,NA,NA,N,2,0,1,2,A,-,11,21954,A,F,G,B,E,A,H,-,A,D,0,Y,NA,NA,NA,Y,NA,N,60,1,0,0,0,1,0,0,0,0,-,-,NA,NA,LOS ANGELES,LOS ANGELES,-118.29168701171876,34.07276153564453
84774224,2025,2025-07-23,1942,2025-06-27,1130,46000,NA,5,5,7,1942,0,0,0,NA,0,0551,SANTA CRUZ ST,N HANFORD AV,320,W,N,A,-,N,NA,NA,NA,NA,NA,NA,NA,NA,NA,N,3,0,1,2,A,-,01,23152,A,M,C,E,A,A,H,-,A,D,0,NA,NA,NA,NA,Y,Y,A,01,0,1,0,0,0,0,0,0,0,-,-,NA,NA,LOS ANGELES,LOS ANGELES,-118.30313873291016,33.7441520690918
84774232,2025,2025-07-23,1913,2025-05-22,1530,4286,NA,4,5,4,1913,0,0,0,NA,0,001,ARROW HWY,VIRGINIA RD,13,E,-,A,-,N,NA,NA,NA,NA,NA,NA,NA,NA,NA,N,3,0,1,2,A,-,09,21801,A,F,G,B,B,A,H,-,A,A,0,Y,NA,NA,NA,Y,NA,-,99,0,1,0,0,1,0,0,0,0,-,-,34.09038162231445,-117.71923065185548,LOS ANGELES,CLAREMONT,-117.7202606201172,34.09038162231445
84774233,2025,2025-07-23,1942,2025-04-28,2255,38503,NA,1,5,7,1942,0,0,0,NA,0,1821,CENTURY BLVD.,VERMONT AVE.,16,E,N,A,-,N,NA,NA,NA,NA,NA,NA,NA,NA,NA,Y,3,0,2,2,A,-,01,23152,A,N,B,C,A,A,H,-,C,A,0,NA,NA,NA,NA,Y,Y,A,08,0,1,1,0,0,0,0,0,0,-,-,NA,NA,LOS ANGELES,LOS ANGELES,-118.2918701171875,33.945491790771484
84774237,2025,2025-07-23,1942,2025-05-16,1520,43195,NA,5,5,7,1942,0,0,0,NA,0,0216,ALVARADO ST,101 FWY,25,S,N,A,-,N,NA,NA,NA,NA,NA,NA,NA,NA,NA,Y,2,0,1,2,A,-,12,21453,A,N,B,-,A,A,H,-,A,A,0,NA,NA,Y,NA,Y,NA,-,-,1,0,0,0,0,0,0,0,1,-,-,NA,NA,LOS ANGELES,LOS ANGELES,NA,NA
84774259,2025,2025-07-23,1942,2025-05-16,1400,45856,NA,5,5,7,1942,0,0,0,NA,0,0412,W AVE 26,BARRANCA ST,132,W,N,A,-,N,NA,NA,NA,NA,NA,NA,NA,NA,NA,N,3,0,1,2,A,-,03,22350,NA,F,C,C,A,A,H,-,A,D,0,NA,NA,NA,NA,Y,NA,-,99,0,1,0,0,0,0,0,0,0,-,-,NA,NA,LOS ANGELES,LOS ANGELES,-118.21767425537108,34.07891082763672
84774278,2025,2025-07-23,1913,2025-05-10,1058,4294,NA,6,5,4,1913,0,0,0,NA,0,002,OAK PARK DR.,COLLEGE AVE,0,NA,Y,A,-,N,NA,NA,NA,NA,NA,NA,NA,NA,NA,Y,3,0,1,2,A,-,09,21802,A,N,D,C,A,D,H,-,A,D,0,NA,NA,Y,NA,Y,NA,A,01,0,1,0,0,0,0,0,0,1,-,-,34.08689880371094,-117.7148895263672,LOS ANGELES,CLAREMONT,-117.7148895263672,34.08680725097656
84774312,2025,2025-07-23,1913,2025-05-22,2106,4221,NA,4,5,4,1913,0,0,0,NA,0,003,W BASELINE RD,N TOWNE AVE,0,NA,Y,A,-,N,NA,NA,NA,NA,NA,NA,NA,NA,NA,Y,3,0,3,2,A,-,09,21804,A,N,A,C,A,A,H,-,C,A,0,NA,NA,NA,NA,Y,NA,A,01,0,3,0,0,0,0,0,0,0,-,-,34.12158966064453,-117.73648834228516,LOS ANGELES,CLAREMONT,-117.73647308349608,34.12163543701172
84774347,2025,2025-07-23,1913,2025-05-23,19,4256,NA,5,5,4,1913,0,0,0,NA,0,003,TOWNE AVE,IS 210,0,NA,Y,A,-,N,NA,NA,NA,NA,NA,NA,NA,NA,NA,Y,3,0,1,2,A,-,01,23152,B,N,B,C,A,A,H,-,C,A,0,NA,NA,Y,NA,Y,Y,C,06,0,1,0,0,0,0,0,0,1,-,-,NA,NA,LOS ANGELES,CLAREMONT,NA,NA
84774411,2025,2025-07-23,1913,2025-05-10,1730,4286,NA,6,5,4,1913,0,0,0,NA,0,004,MOUNT BALDY RD,PADUA AVE,8,W,-,A,-,N,NA,NA,NA,NA,NA,NA,NA,NA,NA,Y,3,0,1,1,A,-,01,23152,A,N,E,I,A,A,H,-,A,A,0,NA,NA,NA,NA,Y,Y,A,01,0,1,0,0,0,0,0,0,0,-,-,34.14765167236328,-117.69873809814452,LOS ANGELES,CLAREMONT,-117.6987762451172,34.14761734008789
84774470,2025,2025-07-23,1942,2025-07-18,1230,34959,NA,5,5,7,1942,0,0,0,NA,0,2062,SAINT ANDREWS PLACE,PICO BOULEVARD,0,NA,Y,A,-,N,NA,NA,NA,NA,NA,NA,NA,NA,NA,Y,4,0,1,2,A,-,09,21802,A,F,D,C,A,A,H,-,A,A,0,NA,NA,NA,NA,Y,NA,A,01,0,0,1,0,0,0,0,0,0,-,-,NA,NA,LOS ANGELES,LOS ANGELES,-118.31159973144533,34.04719924926758
84774709,2025,2025-07-23,1910,2025-07-08,1623,430,NA,2,5,4,1910,0,0,0,NA,0,009,N OAKHURST DR,BURTON WAY,0,NA,N,A,-,N,NA,NA,NA,NA,NA,NA,NA,NA,NA,Y,3,0,1,2,A,-,09,21804,A,N,D,C,A,A,H,-,A,D,0,NA,NA,NA,NA,Y,NA,A,01,0,1,0,0,0,0,0,0,0,-,-,34.07236099243164,-118.39089965820313,LOS ANGELES,BEVERLY HILLS,-118.39096069335938,34.07209014892578
84774710,2025,2025-07-23,1910,2025-07-10,1136,430,NA,4,5,4,1910,0,0,0,NA,0,004,N SANTA MONICA BLVD,N REXFORD DR,0,NA,Y,A,-,N,NA,NA,NA,NA,NA,NA,NA,NA,NA,Y,3,0,3,4,A,-,01,23152,A,N,A,C,A,A,-,-,A,A,0,NA,NA,NA,NA,Y,NA,A,01,0,1,2,0,0,0,0,0,0,-,-,34.07373046875,-118.40070343017578,LOS ANGELES,BEVERLY HILLS,-118.40061950683594,34.07375717163086
84774712,2025,2025-07-23,1910,2025-07-11,1703,357,NA,5,5,4,1910,0,0,0,NA,0,009,S GALE DR,GREGORY WAY,113,N,N,A,-,N,NA,NA,NA,NA,NA,NA,NA,NA,NA,N,4,0,1,2,A,-,08,22107,NA,N,B,C,A,A,H,-,A,D,0,NA,NA,NA,NA,Y,NA,A,01,0,0,1,0,0,0,0,0,0,-,-,34.0625,-118.3740692138672,LOS ANGELES,BEVERLY HILLS,-118.3740463256836,34.06243896484375
84774741,2025,2025-07-23,1913,2025-07-11,1525,4286,NA,5,5,4,1913,0,0,0,NA,0,002,S INDIAN HILL BLVD,AMERICAN AVE,48,N,-,A,-,N,NA,NA,NA,NA,NA,NA,NA,NA,NA,N,3,0,1,3,A,-,09,21801,NA,N,C,C,A,A,H,-,A,A,0,NA,NA,NA,NA,Y,NA,A,01,0,1,0,0,0,0,0,0,0,-,-,34.07979965209961,-117.71913909912108,LOS ANGELES,CLAREMONT,-117.71920776367188,34.079654693603516
84774745,2025,2025-07-23,1913,2025-07-16,1049,4259,NA,3,5,4,1913,0,0,0,NA,0,002,N INDIAN HILL BLVD,EIGHTH ST,0,NA,Y,A,-,N,NA,NA,NA,NA,NA,NA,NA,NA,NA,Y,3,0,1,2,A,-,12,21453,A,N,D,C,A,A,H,-,A,A,0,NA,NA,NA,NA,Y,NA,A,07,0,1,0,0,0,0,0,0,0,-,-,34.101619720458984,-117.7201919555664,LOS ANGELES,CLAREMONT,-117.7202606201172,34.10160446166992
84774747,2025,2025-07-23,1910,2025-07-17,1522,368,NA,4,5,4,1910,0,0,0,NA,0,007,CHARLEVILLE BLVD,S DOHENY DR,0,NA,Y,A,-,N,NA,NA,NA,NA,NA,NA,NA,NA,NA,N,4,0,1,2,A,-,10,21950,A,N,G,B,B,A,H,-,A,A,0,Y,NA,NA,NA,Y,NA,A,01,0,0,1,0,1,0,0,0,0,-,-,34.06499099731445,-118.3896026611328,LOS ANGELES,BEVERLY HILLS,-118.38973999023438,34.064998626708984
84774755,2025,2025-07-23,1910,2025-07-21,1540,430,NA,1,5,4,1910,0,0,0,NA,0,009,S ALMONT DR,CHARLEVILLE BLVD,0,NA,Y,A,-,N,NA,NA,NA,NA,NA,NA,NA,NA,NA,N,3,0,3,3,A,-,09,21802,A,N,D,C,A,A,H,-,A,A,0,NA,NA,NA,NA,Y,NA,A,01,0,3,0,0,0,0,0,0,0,-,-,34.06499099731445,-118.38760375976564,LOS ANGELES,BEVERLY HILLS,-118.38768005371094,34.06499099731445
84774796,2025,2025-07-23,1913,2025-06-01,1958,4414,NA,7,5,4,1913,0,0,0,NA,0,004,W BASELINE RD,BASELINE RD,1,S,-,A,-,N,NA,NA,NA,NA,NA,NA,NA,NA,NA,Y,3,0,2,1,A,-,01,23153,A,N,E,I,A,A,H,-,A,D,0,NA,NA,NA,NA,Y,Y,I,11,0,2,0,0,0,0,0,0,0,-,-,34.1215705871582,-117.71752166748048,LOS ANGELES,CLAREMONT,-117.71585845947266,34.121578216552734
84774922,2025,2025-07-24,1967,2025-06-05,1932,185,NA,4,5,2,1967,0,0,0,NA,0,NORTH,SPRING,ORANGE AV,0,NA,Y,A,-,N,NA,NA,NA,NA,NA,NA,NA,NA,NA,N,3,0,1,2,A,-,08,22107,NA,N,D,G,A,A,H,-,A,A,0,NA,Y,NA,NA,Y,NA,A,01,0,1,0,0,0,0,1,0,0,-,-,NA,NA,LOS ANGELES,SIGNAL HILL,-118.17630767822266,33.811676025390625
84774923,2025,2025-07-24,1967,2025-06-25,1115,107,NA,3,5,2,1967,0,0,0,NA,0,SOUTH,ORANGE AV,WILLOW,0,NA,Y,A,-,N,NA,NA,NA,NA,NA,NA,NA,NA,NA,N,4,0,1,2,A,-,09,21801,A,N,D,C,A,A,H,-,A,A,0,NA,NA,NA,NA,Y,NA,A,01,0,0,1,0,0,0,0,0,0,-,-,NA,NA,LOS ANGELES,SIGNAL HILL,-118.17633056640624,33.804298400878906
84774924,2025,2025-07-24,1967,2025-06-26,1413,136,NA,4,5,2,1967,0,0,0,NA,0,NORTH,CHERRY AV,28TH,0,NA,Y,A,-,N,NA,NA,NA,NA,NA,NA,NA,NA,NA,Y,3,0,2,2,A,-,12,21453,A,N,D,C,A,A,H,-,A,A,0,NA,NA,NA,NA,Y,NA,-,-,0,1,1,0,0,0,0,0,0,-,-,NA,NA,LOS ANGELES,SIGNAL HILL,-118.16762542724608,33.808048248291016
84774928,2025,2025-07-24,1967,2025-07-04,1039,157,NA,5,5,2,1967,0,0,0,NA,0,SOUTH,ORANGE AV,WILLOW,213,S,N,A,-,N,NA,NA,NA,NA,NA,NA,NA,NA,NA,N,4,0,2,2,A,-,03,22350,NA,N,C,C,A,A,H,-,A,D,0,NA,NA,NA,NA,Y,NA,A,01,0,0,2,0,0,0,0,0,0,-,-,NA,NA,LOS ANGELES,SIGNAL HILL,-118.17633819580078,33.803714752197266
84774962,2025,2025-07-24,1948,2025-07-02,1507,511,NA,3,5,5,1948,0,0,0,NA,0,002,GARFIELD AV,GARVEY AV,161,S,N,A,-,N,NA,NA,NA,NA,NA,NA,NA,NA,NA,N,3,0,1,2,A,-,03,22350,NA,N,C,C,A,A,H,-,A,A,0,NA,NA,NA,NA,Y,NA,I,11,0,1,0,0,0,0,0,0,0,-,-,34.062530517578125,-118.12284088134766,LOS ANGELES,MONTEREY PARK,-118.12281036376952,34.062007904052734
84774965,2025,2025-07-24,1948,2025-07-07,929,509,NA,1,5,5,1948,0,0,0,NA,0,001,MONTEREY PASS RD,VAGABOND RD,820,S,N,A,-,N,NA,NA,NA,NA,NA,NA,NA,NA,NA,Y,2,0,1,2,A,-,03,22350,NA,N,A,E,A,A,H,-,A,A,0,NA,NA,Y,NA,Y,NA,C,02,1,0,0,0,0,0,0,0,1,-,-,34.053321838378906,-118.1510009765625,LOS ANGELES,MONTEREY PARK,-118.15335083007813,34.0522346496582
84775129,2025,2025-07-24,1925,2025-07-12,2328,30341,NA,6,5,6,1925,0,0,0,NA,0,004,GLENDALE BOULEVARD,GLENOAKS,0,N,Y,A,-,N,NA,NA,NA,NA,NA,NA,NA,NA,NA,N,3,0,1,3,A,-,00,20002,A,M,C,E,A,A,H,-,C,B,0,NA,NA,NA,NA,Y,NA,-,99,0,1,0,0,0,0,0,0,0,-,-,NA,NA,LOS ANGELES,GLENDALE,-118.23995971679688,34.158851623535156
84775314,2025,2025-07-24,1942,2025-07-22,1642,38956,NA,2,5,7,1942,0,0,0,NA,0,1078,16661 VENTURA BLVD,PETIT AVE,82,W,N,A,-,N,NA,NA,NA,NA,NA,NA,NA,NA,NA,Y,2,0,3,4,B,-,22,NA,NA,N,A,B,-,A,H,-,A,D,0,Y,NA,NA,NA,Y,NA,A,01,1,2,0,0,1,0,0,0,0,-,-,NA,NA,LOS ANGELES,LOS ANGELES,-118.496337890625,34.158138275146484
84775318,2025,2025-07-24,1942,2025-07-23,2100,38687,NA,3,5,7,1942,0,0,0,NA,0,1691,LAURELGROVE AVE,CANTARA ST,0,NA,Y,A,-,N,NA,NA,NA,NA,NA,NA,NA,NA,NA,N,4,0,1,2,A,-,09,21802,B,F,D,C,A,A,H,-,D,A,0,NA,NA,NA,NA,Y,NA,-,99,0,0,1,0,0,0,0,0,0,-,-,NA,NA,LOS ANGELES,LOS ANGELES,-118.40087890625,34.21934127807617
84775332,2025,2025-07-24,1942,2025-07-23,2045,42763,NA,3,5,7,1942,0,0,0,NA,0,1685,STRATHERN ST,BECK AVE,26,W,N,A,-,N,NA,NA,NA,NA,NA,NA,NA,NA,NA,Y,2,0,1,2,A,-,06,21755,A,F,B,C,A,A,H,-,C,A,0,NA,NA,Y,NA,Y,NA,C,02,1,0,0,0,0,0,0,0,1,-,-,NA,NA,LOS ANGELES,LOS ANGELES,-118.38348388671876,34.215721130371094
84775338,2025,2025-07-24,1942,2025-05-25,1325,41376,NA,7,5,7,1942,0,0,0,NA,0,0762,SATURN ST,LA CIENEGA BLVD,0,NA,Y,A,-,N,NA,NA,NA,NA,NA,NA,NA,NA,NA,Y,2,0,1,2,A,-,09,21802,A,N,D,C,A,A,H,-,A,A,0,NA,NA,Y,NA,Y,NA,A,08,1,0,0,0,0,0,0,0,1,-,-,NA,NA,LOS ANGELES,LOS ANGELES,-118.37615966796876,34.051536560058594
84775345,2025,2025-07-24,1942,2025-07-18,1015,45050,NA,5,5,7,1942,0,0,0,NA,0,1267,MANCHESTER AVE,BROADWAY,0,NA,Y,A,-,N,NA,NA,NA,NA,NA,NA,NA,NA,NA,N,3,0,1,4,A,-,08,22107,NA,N,D,C,F,A,H,-,A,A,0,Y,NA,NA,NA,Y,NA,A,01,0,1,0,0,1,0,0,0,0,-,-,NA,NA,LOS ANGELES,LOS ANGELES,-118.27828216552734,33.960079193115234