CASE_ID,ACCIDENT_YEAR,PROC_DATE,JURIS,COLLISION_DATE,COLLISION_TIME,OFFICER_ID,REPORTING_DISTRICT,DAY_OF_WEEK,CHP_SHIFT,POPULATION,CNTY_CITY_LOC,SPECIAL_COND,BEAT_TYPE,CHP_BEAT_TYPE,CITY_DIVISION_LAPD,CHP_BEAT_CLASS,BEAT_NUMBER,PRIMARY_RD,SECONDARY_RD,DISTANCE,DIRECTION,INTERSECTION,WEATHER_1,WEATHER_2,STATE_HWY_IND,CALTRANS_COUNTY,CALTRANS_DISTRICT,STATE_ROUTE,ROUTE_SUFFIX,POSTMILE_PREFIX,POSTMILE,LOCATION_TYPE,RAMP_INTERSECTION,SIDE_OF_HWY,TOW_AWAY,COLLISION_SEVERITY,NUMBER_KILLED,NUMBER_INJURED,PARTY_COUNT,PRIMARY_COLL_FACTOR,PCF_CODE_OF_VIOL,PCF_VIOL_CATEGORY,PCF_VIOLATION,PCF_VIOL_SUBSECTION,HIT_AND_RUN,TYPE_OF_COLLISION,MVIW,PED_ACTION,ROAD_SURFACE,ROAD_COND_1,ROAD_COND_2,LIGHTING,CONTROL_DEVICE,CHP_ROAD_TYPE,PEDESTRIAN_ACCIDENT,BICYCLE_ACCIDENT,MOTORCYCLE_ACCIDENT,TRUCK_ACCIDENT,NOT_PRIVATE_PROPERTY,ALCOHOL_INVOLVED,STWD_VEHTYPE_AT_FAULT,CHP_VEHTYPE_AT_FAULT,COUNT_SEVERE_INJ,COUNT_VISIBLE_INJ,COUNT_COMPLAINT_PAIN,COUNT_PED_KILLED,COUNT_PED_INJURED,COUNT_BICYCLIST_KILLED,COUNT_BICYCLIST_INJURED,COUNT_MC_KILLED,COUNT_MC_INJURED,PRIMARY_RAMP,SECONDARY_RAMP,LATITUDE,LONGITUDE,COUNTY,CITY,POINT_X,POINT_Y
84778348,2025,2025-07-28,1925,2025-07-16,856,21089,NA,3,5,6,1925,0,0,0,NA,0,005,VERDUGO ROAD,ARLINGTON AVENUE,40,S,N,A,-,N,NA,NA,NA,NA,NA,NA,NA,NA,NA,N,3,0,1,1,C,-,18,NA,NA,N,E,I,A,A,H,-,A,D,0,NA,NA,NA,NA,Y,NA,-,-,0,1,0,0,0,0,0,0,0,-,-,NA,NA,LOS ANGELES,GLENDALE,-118.22875213623048,34.19992446899414
84778349,2025,2025-07-28,1925,2025-07-16,950,28644,NA,3,5,6,1925,0,0,0,NA,0,002,PACIFIC AVENUE,PIONEER DRIVE (N),0,NA,Y,A,-,N,NA,NA,NA,NA,NA,NA,NA,NA,NA,N,4,0,1,2,A,-,04,21703,NA,N,C,C,A,A,H,-,A,A,0,NA,NA,NA,NA,Y,NA,I,11,0,0,1,0,0,0,0,0,0,-,-,34.15522003173828,-118.26455688476564,LOS ANGELES,GLENDALE,-118.26461029052734,34.15483856201172
84778403,2025,2025-07-28,1955,2025-06-17,1937,43213,NA,2,5,6,1955,0,0,0,NA,0,003,AMERICAN AVE,INDIAN HILL BLVD,0,NA,Y,A,-,N,NA,NA,NA,NA,NA,NA,NA,NA,NA,Y,3,0,2,2,A,-,09,21801,A,N,A,C,A,A,H,-,A,A,0,NA,NA,NA,NA,Y,NA,A,01,0,1,1,0,0,0,0,0,0,-,-,34.079689025878906,-117.71929168701172,LOS ANGELES,POMONA,-117.7192611694336,34.079524993896484
84778404,2025,2025-07-28,1955,2025-06-23,1357,42888,NA,1,5,6,1955,0,0,0,NA,0,002,GAREY AVE,GREVILLIA ST,0,NA,Y,A,-,N,NA,NA,NA,NA,NA,NA,NA,NA,NA,Y,4,0,1,2,A,-,09,21801,A,N,A,D,A,A,H,-,A,A,0,NA,NA,NA,NA,Y,NA,A,01,0,0,1,0,0,0,0,0,0,-,-,34.091941833496094,-117.74862670898438,LOS ANGELES,POMONA,-117.74867248535156,34.09191131591797
84778425,2025,2025-07-28,1955,2025-06-23,2300,43052,NA,1,5,6,1955,0,0,0,NA,0,001,GAREY AVE,CENTER ST,15,S,N,A,-,Y,NA,NA,NA,NA,NA,NA,NA,NA,NA,Y,3,0,2,3,A,-,12,22450,A,F,D,C,A,A,H,-,C,D,0,NA,NA,NA,NA,Y,NA,A,01,0,1,1,0,0,0,0,0,0,-,-,34.06155014038086,-117.7502670288086,LOS ANGELES,POMONA,-117.75027465820313,34.061378479003906
84778527,2025,2025-07-28,1910,2025-07-24,1511,373,NA,4,5,4,1910,0,0,0,NA,0,007,N PALM DR,W 3RD ST,0,NA,Y,A,-,N,NA,NA,NA,NA,NA,NA,NA,NA,NA,Y,4,0,1,2,D,-,00,NA,NA,N,D,C,A,A,H,-,A,A,0,NA,NA,NA,NA,Y,NA,-,-,0,0,1,0,0,0,0,0,0,-,-,34.07355880737305,-118.39225769042967,LOS ANGELES,BEVERLY HILLS,-118.39224243164064,34.07355880737305
84778587,2025,2025-07-28,1922,2025-07-11,1747,735,NA,5,5,6,1922,0,0,0,NA,0,003,UTAH AVE,ASHER ST,150,S,N,A,-,N,NA,NA,NA,NA,NA,NA,NA,NA,NA,N,3,0,1,2,C,-,18,NA,NA,N,G,B,D,A,H,-,A,D,0,Y,NA,NA,NA,Y,NA,-,-,0,1,0,0,1,0,0,0,0,-,-,34.067440032958984,-118.03365325927734,LOS ANGELES,EL MONTE,-118.03357696533205,34.067138671875
84778592,2025,2025-07-28,1922,2025-07-12,1047,728,NA,6,5,6,1922,0,0,0,NA,0,001,SANTA ANITA AVE,BROCKWAY ST,0,NA,Y,A,-,N,NA,NA,NA,NA,NA,NA,NA,NA,NA,Y,4,0,2,2,A,-,12,21453,A,N,D,C,A,A,H,-,A,A,0,NA,NA,NA,NA,Y,NA,A,07,0,0,2,0,0,0,0,0,0,-,-,34.069190979003906,-118.04215240478516,LOS ANGELES,EL MONTE,-118.04216003417967,34.069122314453125
84778609,2025,2025-07-28,1948,2025-07-21,441,478,NA,1,5,5,1948,0,0,0,NA,0,004,GARFIELD AV,EL REPETTO DR,0,NA,Y,A,-,N,NA,NA,NA,NA,NA,NA,NA,NA,NA,Y,2,0,1,2,A,-,12,21453,A,F,D,G,A,A,H,-,C,A,0,NA,Y,NA,NA,Y,NA,L,04,1,0,0,0,0,0,1,0,0,-,-,34.04718017578125,-118.12876892089844,LOS ANGELES,MONTEREY PARK,-118.12877655029295,34.04718017578125
84778837,2025,2025-07-28,1955,2025-06-11,1503,43215,NA,3,5,6,1955,0,0,0,NA,0,003,TOWNE AVE,KINGSLEY AVE,0,NA,Y,-,-,N,NA,NA,NA,NA,NA,NA,NA,NA,NA,Y,3,0,2,2,A,-,09,21801,A,N,D,C,A,A,H,-,A,A,0,NA,NA,NA,NA,Y,NA,A,07,0,1,1,0,0,0,0,0,0,-,-,34.06650161743164,-117.74170684814452,LOS ANGELES,POMONA,-117.74170684814452,34.06636047363281
84778838,2025,2025-07-29,1955,2025-06-18,1635,43213,NA,3,5,6,1955,0,0,0,NA,0,001,FAIRPLEX DR,ORANGE GROVE AVE,0,NA,Y,A,-,N,NA,NA,NA,NA,NA,NA,NA,NA,NA,N,2,0,1,2,A,-,21,22106,NA,N,G,B,B,A,H,-,A,A,0,Y,NA,NA,NA,Y,Y,A,01,1,0,0,0,1,0,0,0,0,-,-,34.06267166137695,-117.78755950927734,LOS ANGELES,POMONA,-117.78754425048828,34.062713623046875
84778915,2025,2025-07-28,1942,2025-07-20,1300,36406,NA,7,5,7,1942,0,0,0,NA,0,1009,ROSCOE BL,HASKELL AV,25,W,N,A,-,N,NA,NA,NA,NA,NA,NA,NA,NA,NA,N,3,0,1,2,A,-,07,21658,A,F,C,C,A,A,H,-,A,D,0,NA,NA,NA,NA,Y,NA,-,99,0,1,0,0,0,0,0,0,0,-,-,NA,NA,LOS ANGELES,LOS ANGELES,-118.4765396118164,34.221351623535156
84778920,2025,2025-07-28,1942,2025-04-12,130,44730,NA,6,5,7,1942,0,0,0,NA,0,1958,WOODMAN/PINNEY,WOODMAN AVE/ PINNEY ST,0,NA,Y,A,-,N,NA,NA,NA,NA,NA,NA,NA,NA,NA,Y,3,0,1,1,A,-,03,22350,NA,M,E,I,A,A,H,-,E,A,0,NA,NA,NA,NA,Y,NA,B,01,0,1,0,0,0,0,0,0,0,-,-,NA,NA,LOS ANGELES,LOS ANGELES,-118.44907379150392,34.24848175048828
84778923,2025,2025-07-28,1942,2025-07-17,430,45077,NA,4,5,7,1942,0,0,0,NA,0,1218,FIGUEROA,W 58TH ST,0,NA,Y,A,-,N,NA,NA,NA,NA,NA,NA,NA,NA,NA,Y,3,0,1,2,A,-,07,21658,A,F,B,C,A,A,H,-,B,A,0,NA,NA,NA,NA,Y,NA,A,01,0,1,0,0,0,0,0,0,0,-,-,NA,NA,LOS ANGELES,LOS ANGELES,-118.28267669677734,33.989688873291016
84778931,2025,2025-07-28,1942,2025-06-30,1020,44907,NA,1,5,7,1942,0,0,0,NA,0,1249,FIGUEROA ST.,GAGE AVE.,119,S,N,A,-,N,NA,NA,NA,NA,NA,NA,NA,NA,NA,N,4,0,3,2,A,-,09,21806,A,N,B,C,A,A,H,-,A,D,0,NA,NA,NA,NA,Y,NA,A,01,0,0,3,0,0,0,0,0,0,-,-,NA,NA,LOS ANGELES,LOS ANGELES,-118.2826690673828,33.982051849365234
84778972,2025,2025-07-28,1910,2025-07-22,1643,430,NA,2,5,4,1910,0,0,0,NA,0,005,EL CAMINO DR,OLYMPIC BLVD,0,NA,Y,A,-,N,NA,NA,NA,NA,NA,NA,NA,NA,NA,Y,3,0,3,2,A,-,09,21804,A,N,D,C,A,A,H,-,A,D,0,NA,NA,NA,NA,Y,NA,A,01,0,3,0,0,0,0,0,0,0,-,-,34.059410095214844,-118.39990234375,LOS ANGELES,BEVERLY HILLS,-118.40020751953124,34.0596809387207
84778973,2025,2025-07-28,1910,2025-07-22,1506,430,NA,2,5,4,1910,0,0,0,NA,0,009,WILSHIRE BLVD,N GALE DR,0,NA,Y,A,-,N,NA,NA,NA,NA,NA,NA,NA,NA,NA,N,3,0,2,3,A,-,03,22350,NA,N,C,C,A,A,H,-,A,D,0,NA,NA,NA,NA,Y,NA,A,01,0,2,0,0,0,0,0,0,0,-,-,34.06467819213867,-118.3740005493164,LOS ANGELES,BEVERLY HILLS,-118.37410736083984,34.06464767456055
84778984,2025,2025-07-28,1942,2025-07-26,140,44844,NA,6,5,7,1942,0,0,0,NA,0,1921,ROXFORD STREET,N ENCINITAS AVE,150,E,N,A,-,N,NA,NA,NA,NA,NA,NA,NA,NA,NA,N,2,0,1,2,A,-,11,21954,A,F,G,B,E,A,H,-,C,D,0,Y,NA,NA,NA,Y,Y,N,60,1,0,0,0,1,0,0,0,0,-,-,NA,NA,LOS ANGELES,LOS ANGELES,-118.47850799560548,34.30411911010742
84778986,2025,2025-07-28,1910,2025-07-16,2259,362,NA,3,5,4,1910,0,0,0,NA,0,006,SUNSET BLVD,FOOTHILL RD,0,NA,Y,A,-,N,NA,NA,NA,NA,NA,NA,NA,NA,NA,Y,3,0,1,1,A,-,03,22350,NA,N,E,I,A,A,H,-,C,A,0,NA,NA,NA,NA,Y,NA,A,01,0,1,0,0,0,0,0,0,0,-,-,34.08649826049805,-118.40619659423828,LOS ANGELES,BEVERLY HILLS,-118.4062957763672,34.08634948730469
84778988,2025,2025-07-28,1910,2025-07-20,320,376,NA,7,5,4,1910,0,0,0,NA,0,004,N BEVERLY DR,BRIGHTON WAY,281,S,N,A,-,N,NA,NA,NA,NA,NA,NA,NA,NA,NA,Y,3,0,1,1,A,-,01,23152,A,M,E,I,A,A,H,-,C,A,0,NA,NA,NA,NA,Y,Y,A,01,0,1,0,0,0,0,0,0,0,-,-,34.06985855102539,-118.40193939208984,LOS ANGELES,BEVERLY HILLS,-118.4013900756836,34.06934356689453
84779034,2025,2025-07-28,1942,2025-07-24,1650,45889,NA,4,5,7,1942,0,0,0,NA,0,0948,FULTON AVE & BURBANK BLVD,BURBANK BLVD,0,NA,Y,A,-,N,NA,NA,NA,NA,NA,NA,NA,NA,NA,N,3,0,1,2,A,-,11,21954,A,F,G,B,D,A,H,-,A,A,0,Y,NA,NA,NA,Y,NA,N,60,0,1,0,0,1,0,0,0,0,-,-,NA,NA,LOS ANGELES,LOS ANGELES,-118.42250823974608,34.172119140625
84779050,2025,2025-07-28,1910,2025-07-16,926,368,NA,3,5,4,1910,0,0,0,NA,0,007,FOOTHILL RD,W 3RD ST,0,NA,Y,B,-,N,NA,NA,NA,NA,NA,NA,NA,NA,NA,Y,3,0,1,2,A,-,10,21950,A,N,G,B,B,A,F,H,A,A,0,Y,NA,NA,NA,Y,NA,A,01,0,1,0,0,1,0,0,0,0,-,-,34.073490142822266,-118.39610290527344,LOS ANGELES,BEVERLY HILLS,-118.39611053466795,34.0734977722168
84779074,2025,2025-07-28,1942,2025-07-01,1850,38598,NA,2,5,7,1942,0,0,0,NA,0,0355,WESTERN AVE,37TH ST,0,NA,Y,B,-,N,NA,NA,NA,NA,NA,NA,NA,NA,NA,Y,2,0,2,2,A,-,09,21801,A,F,A,C,A,A,H,-,A,D,0,NA,NA,NA,NA,Y,NA,A,08,1,0,1,0,0,0,0,0,0,-,-,NA,NA,LOS ANGELES,LOS ANGELES,-118.30891418457033,34.02098083496094
84779083,2025,2025-07-28,1942,2025-06-16,110,42720,NA,1,5,7,1942,0,0,0,NA,0,1805,92ND ST,AVALON BLVD,145,W,N,A,-,N,NA,NA,NA,NA,NA,NA,NA,NA,NA,Y,2,0,5,5,A,-,03,22350,NA,N,B,C,A,A,H,-,C,D,0,NA,NA,NA,NA,Y,NA,A,01,2,0,3,0,0,0,0,0,0,-,-,NA,NA,LOS ANGELES,LOS ANGELES,-118.26564025878906,33.95288848876953
84779091,2025,2025-07-28,1910,2025-06-15,2003,331,NA,7,5,4,1910,0,0,0,NA,0,004,BENEDICT CANYON DR,SUNSET BLVD,0,NA,Y,A,-,N,NA,NA,NA,NA,NA,NA,NA,NA,NA,N,3,0,4,2,A,-,09,21801,A,N,D,C,A,A,H,-,B,A,0,NA,NA,NA,NA,Y,NA,A,01,0,4,0,0,0,0,0,0,0,-,-,34.080108642578125,-118.41410064697266,LOS ANGELES,BEVERLY HILLS,-118.41423034667967,34.08011245727539
84779094,2025,2025-07-28,1910,2025-06-24,1513,430,NA,2,5,4,1910,0,0,0,NA,0,NA,N SANTA MONICA BLVD,N CANON DR,0,NA,Y,A,-,N,NA,NA,NA,NA,NA,NA,NA,NA,NA,N,4,0,1,2,A,-,03,22350,NA,N,G,B,E,A,H,-,A,D,0,Y,NA,NA,NA,Y,NA,A,01,0,0,1,0,1,0,0,0,0,-,-,34.072391510009766,-118.40260314941406,LOS ANGELES,BEVERLY HILLS,-118.4026336669922,34.07237243652344
84779096,2025,2025-07-28,1942,2025-06-25,1853,43804,NA,3,5,7,1942,0,0,0,NA,0,1821,CENTURY BLVD,MAIN ST,45,E,N,A,-,N,NA,NA,NA,NA,NA,NA,NA,NA,NA,N,2,0,2,2,A,-,12,21453,A,N,D,C,A,A,H,-,A,A,0,NA,NA,Y,NA,Y,Y,C,03,1,0,1,0,0,0,0,0,1,-,-,NA,NA,LOS ANGELES,LOS ANGELES,-118.27388763427734,33.945560455322266
84779098,2025,2025-07-28,1910,2025-06-27,47,367,NA,5,5,4,1910,0,0,0,NA,0,004,ELEVADO AVE,N BEVERLY DR,113,W,N,B,-,N,NA,NA,NA,NA,NA,NA,NA,NA,NA,Y,3,0,1,1,A,-,08,22107,NA,N,E,I,A,A,A,-,C,D,0,NA,NA,NA,NA,Y,NA,A,01,0,1,0,0,0,0,0,0,0,-,-,34.076351165771484,-118.41024017333984,LOS ANGELES,BEVERLY HILLS,-118.41014099121094,34.07637023925781
84779103,2025,2025-07-28,1942,2025-06-29,1715,42660,NA,7,5,7,1942,0,0,0,NA,0,0526,AVALON BLVD,ANAHEIM ST,0,NA,Y,A,-,N,NA,NA,NA,NA,NA,NA,NA,NA,NA,N,2,0,1,2,A,-,09,21801,B,N,A,B,B,A,H,-,A,A,0,Y,NA,NA,NA,Y,NA,A,07,1,0,0,0,1,0,0,0,0,-,-,NA,NA,LOS ANGELES,LOS ANGELES,-118.262451171875,33.77997970581055
84779112,2025,2025-07-28,1910,2025-07-25,1926,389,NA,5,5,4,1910,0,0,0,NA,0,004,N BEVERLY DR,CARMELITA AVE,0,NA,Y,A,-,N,NA,NA,NA,NA,NA,NA,NA,NA,NA,Y,3,0,4,2,A,-,12,22450,A,N,D,C,A,A,H,-,A,A,0,NA,NA,NA,NA,Y,NA,A,01,0,4,0,0,0,0,0,0,0,-,-,34.07429122924805,-118.40679931640624,LOS ANGELES,BEVERLY HILLS,-118.4069366455078,34.07429885864258
84779235,2025,2025-07-28,1942,2025-06-17,2210,38503,NA,2,5,7,1942,0,0,0,NA,0,0355,LA CIENEGA BLVD.,OBAMA BLVD.,470,S,N,A,-,N,NA,NA,NA,NA,NA,NA,NA,NA,NA,N,2,0,1,2,A,-,05,21651,A,N,B,C,A,A,H,-,C,D,0,NA,NA,Y,NA,Y,NA,A,07,1,0,0,0,0,0,0,0,1,-,-,NA,NA,LOS ANGELES,LOS ANGELES,-118.37242126464844,34.02041244506836
84779298,2025,2025-07-28,1942,2025-07-27,1900,38833,NA,7,5,7,1942,0,0,0,NA,0,2187,CANOGA AVE,SAN MIGUEL ST,65,S,N,A,-,N,NA,NA,NA,NA,NA,NA,NA,NA,NA,Y,3,0,1,2,A,-,08,22103,NA,F,B,C,A,A,H,-,A,B,0,NA,NA,NA,NA,Y,NA,A,01,0,1,0,0,0,0,0,0,0,-,-,NA,NA,LOS ANGELES,LOS ANGELES,-118.59645080566406,34.159488677978516
84779395,2025,2025-07-28,1942,2025-07-01,120,45800,NA,2,5,7,1942,0,0,0,NA,0,1944,LAUREL CANYON BL,FOX ST,12,S,N,A,-,N,NA,NA,NA,NA,NA,NA,NA,NA,NA,Y,2,0,1,1,A,-,03,22350,NA,N,A,I,A,A,H,-,C,A,0,NA,NA,NA,NA,Y,NA,D,22,1,0,0,0,0,0,0,0,0,-,-,NA,NA,LOS ANGELES,LOS ANGELES,-118.44587707519533,34.271724700927734
84779417,2025,2025-07-28,1942,2025-06-06,2038,41000,NA,5,5,7,1942,0,0,0,NA,0,0515,AVALON BLVD,LOMITA BLVD,0,NA,Y,A,-,N,NA,NA,NA,NA,NA,NA,NA,NA,NA,Y,2,0,1,2,A,-,09,21801,A,N,D,C,A,A,H,-,C,A,0,NA,NA,Y,NA,Y,NA,A,01,1,0,0,0,0,0,0,0,1,-,-,NA,NA,LOS ANGELES,LOS ANGELES,-118.2639389038086,33.799156188964844
84779418,2025,2025-07-28,1942,2025-07-25,1050,38264,NA,5,5,7,1942,0,0,0,NA,0,0948,CHANDLER BLVD,MARY ELLEN AVE,20,W,N,A,-,N,NA,NA,NA,NA,NA,NA,NA,NA,NA,N,2,0,1,2,A,-,08,22107,NA,N,D,C,A,A,H,-,A,D,0,NA,NA,Y,NA,Y,NA,A,01,1,0,0,0,0,0,0,0,1,-,-,NA,NA,LOS ANGELES,LOS ANGELES,-118.41932678222656,34.16838073730469
84779420,2025,2025-07-28,1942,2025-06-29,2225,42720,NA,7,5,7,1942,0,0,0,NA,0,1243,WESTERN AV,GAGE AVE,4,N,N,A,-,N,NA,NA,NA,NA,NA,NA,NA,NA,NA,N,2,0,1,2,A,-,11,21954,A,N,A,B,B,A,H,-,C,A,0,Y,NA,NA,NA,Y,NA,N,60,1,0,0,0,1,0,0,0,0,-,-,NA,NA,LOS ANGELES,LOS ANGELES,-118.30896759033205,33.98237228393555
84779423,2025,2025-07-28,1942,2025-07-27,1910,38090,NA,7,5,7,1942,0,0,0,NA,0,1491,GRAND AVE,VISTA DEL MAR,350,E,N,A,-,N,NA,NA,NA,NA,NA,NA,NA,NA,NA,N,2,0,1,1,A,-,03,22350,NA,N,E,I,A,A,H,-,A,A,0,NA,Y,NA,NA,Y,NA,L,04,1,0,0,0,0,0,1,0,0,-,-,NA,NA,LOS ANGELES,LOS ANGELES,-118.42654418945313,33.91682052612305
84779459,2025,2025-07-28,1942,2025-06-30,935,40404,NA,1,5,7,1942,0,0,0,NA,0,0561,WESTERN AVE,DODSON AVE,0,NA,Y,A,-,N,NA,NA,NA,NA,NA,NA,NA,NA,NA,Y,2,0,3,2,A,-,09,21802,A,N,D,C,A,A,H,-,A,A,0,NA,NA,NA,NA,Y,NA,A,01,1,1,1,0,0,0,0,0,0,-,-,NA,NA,LOS ANGELES,LOS ANGELES,-118.3120574951172,33.728858947753906
84779486,2025,2025-07-28,1942,2025-07-27,1200,38264,NA,7,5,7,1942,0,0,0,NA,0,1722,TOPANGA CYN BL,DEVONSHIRE ST,10,S,N,A,-,Y,NA,NA,NA,NA,NA,NA,NA,NA,NA,Y,2,0,1,2,A,-,08,22107,NA,N,B,C,A,A,H,-,A,A,0,NA,NA,Y,NA,Y,NA,A,07,1,0,0,0,0,0,0,0,1,-,-,NA,NA,LOS ANGELES,LOS ANGELES,-118.60604858398438,34.2571907043457
84779507,2025,2025-07-28,1942,2025-07-27,1550,37304,NA,7,5,7,1942,0,0,0,NA,0,1083,EL CABALLERO DR,ROSITA ST,160,S,N,A,-,N,NA,NA,NA,NA,NA,NA,NA,NA,NA,N,2,0,1,2,A,-,09,21804,A,N,B,G,A,A,H,-,A,D,0,NA,Y,NA,NA,Y,NA,L,04,1,0,0,0,0,0,1,0,0,-,-,NA,NA,LOS ANGELES,LOS ANGELES,-118.54564666748048,34.15339660644531
84779624,2025,2025-07-28,1942,2025-05-28,639,40717,NA,3,5,7,1942,0,0,0,NA,0,0362,MARTIN LUTHER KING BLVD.,COLISEUM ST,75,W,N,B,-,N,NA,NA,NA,NA,NA,NA,NA,NA,NA,Y,1,1,2,2,A,-,08,22107,NA,N,D,C,A,A,H,-,A,A,0,NA,NA,NA,NA,Y,NA,A,01,0,0,2,0,0,0,0,0,0,-,-,NA,NA,LOS ANGELES,LOS ANGELES,-118.3461685180664,34.017601013183594
84779628,2025,2025-07-28,1942,2025-07-27,625,38349,NA,7,5,7,1942,0,0,0,NA,0,0929,FULTON AVENUE,VICTORY BLVD,0,NA,Y,A,-,N,NA,NA,NA,NA,NA,NA,NA,NA,NA,Y,3,0,2,2,A,-,01,23152,A,N,A,C,A,A,H,-,A,A,0,NA,NA,NA,NA,Y,Y,A,01,0,2,0,0,0,0,0,0,0,-,-,NA,NA,LOS ANGELES,LOS ANGELES,-118.42250061035156,34.18667984008789
84779630,2025,2025-07-28,1942,2025-06-27,2112,40458,NA,5,5,7,1942,0,0,0,NA,0,1263,WESTERN AVE,82ND STREET,6,N,N,A,-,N,NA,NA,NA,NA,NA,NA,NA,NA,NA,N,1,1,0,2,A,-,03,22350,NA,F,G,B,B,A,H,-,C,D,0,Y,NA,NA,NA,Y,NA,-,99,0,0,0,1,0,0,0,0,0,-,-,NA,NA,LOS ANGELES,LOS ANGELES,-118.30901336669922,33.9645881652832
84779650,2025,2025-07-28,1942,2025-07-05,559,45050,NA,6,5,7,1942,0,0,0,NA,0,0361,COLISEUM ST,STEVELY AVE,160,W,N,B,-,N,NA,NA,NA,NA,NA,NA,NA,NA,NA,N,4,0,1,2,A,-,01,23152,A,N,A,E,A,A,H,-,A,D,0,NA,NA,NA,NA,Y,Y,A,07,0,0,1,0,0,0,0,0,0,-,-,NA,NA,LOS ANGELES,LOS ANGELES,-118.35417938232422,34.01829528808594
84779678,2025,2025-07-28,1942,2025-07-27,2110,41978,NA,7,5,7,1942,0,0,0,NA,0,0182,OLYMPIC BLVD,HOPE ST,20,W,N,A,-,N,NA,NA,NA,NA,NA,NA,NA,NA,NA,Y,2,0,3,2,A,-,05,21651,B,N,B,C,A,A,H,-,C,D,0,NA,NA,Y,NA,Y,NA,C,02,1,2,0,0,0,0,0,0,2,-,-,NA,NA,LOS ANGELES,LOS ANGELES,-118.2617416381836,34.04376220703125
84779712,2025,2025-07-28,1942,2025-07-25,1850,38273,NA,5,5,7,1942,0,0,0,NA,0,1675,LANKERSHIM BLVD,TUXFORD ST,10,N,N,A,-,N,NA,NA,NA,NA,NA,NA,NA,NA,NA,N,3,0,1,2,A,-,10,21950,A,F,G,B,B,A,H,-,A,A,0,Y,NA,NA,NA,Y,NA,-,99,0,1,0,0,1,0,0,0,0,-,-,NA,NA,LOS ANGELES,LOS ANGELES,-118.38780212402344,34.22250747680664
84779894,2025,2025-07-28,1942,2025-07-24,220,41978,NA,4,5,7,1942,0,0,0,NA,0,0711,CRESCENT HEIGHTS BLVD,BEVERLY BLVD,163,S,N,A,-,N,NA,NA,NA,NA,NA,NA,NA,NA,NA,Y,2,0,4,1,A,-,01,23152,A,N,E,I,A,A,H,-,C,D,0,NA,NA,NA,NA,Y,Y,A,01,3,1,0,0,0,0,0,0,0,-,-,NA,NA,LOS ANGELES,LOS ANGELES,-118.36586761474608,34.07564163208008
84779953,2025,2025-07-28,1942,2025-07-26,245,45186,NA,6,5,7,1942,0,0,0,NA,0,2016,3RD ST,KENMORE AV,0,NA,Y,A,-,N,NA,NA,NA,NA,NA,NA,NA,NA,NA,Y,4,0,1,2,A,-,09,21801,A,F,A,C,A,A,H,-,C,A,0,NA,NA,NA,NA,Y,NA,A,01,0,0,1,0,0,0,0,0,0,-,-,NA,NA,LOS ANGELES,LOS ANGELES,-118.29666137695313,34.06903076171875
84780227,2025,2025-07-29,1975,2025-07-05,2138,506,NA,6,5,6,1975,0,0,0,NA,0,001,ARDILLA AV,PACIFIC AV,540,S,N,A,-,N,NA,NA,NA,NA,NA,NA,NA,NA,NA,Y,3,0,1,3,A,-,08,22107,NA,N,B,E,A,A,H,-,C,D,0,NA,NA,NA,NA,Y,NA,A,01,0,1,0,0,0,0,0,0,0,-,-,34.077571868896484,-117.95002746582033,LOS ANGELES,WEST COVINA,-117.95122528076172,34.07644271850586
84780233,2025,2025-07-29,1975,2025-07-11,1852,5036,NA,5,5,6,1975,0,0,0,NA,0,001,PUENTE AV,WALNUTHAVEN DR,169,E,N,A,-,N,NA,NA,NA,NA,NA,NA,NA,NA,NA,Y,4,0,1,2,A,-,09,21804,A,N,D,C,A,A,H,-,B,D,0,NA,NA,NA,NA,Y,NA,A,01,0,0,1,0,0,0,0,0,0,-,-,34.08277893066406,-117.93145751953124,LOS ANGELES,WEST COVINA,-117.9309539794922,34.08272933959961
84780237,2025,2025-07-29,1975,2025-07-17,1545,5036,NA,4,5,6,1975,0,0,0,NA,0,005,AMAR RD,BRENTWOOD DR,0,NA,Y,B,-,N,NA,NA,NA,NA,NA,NA,NA,NA,NA,N,4,0,1,2,A,-,09,21802,A,N,D,C,A,A,H,-,A,A,0,NA,NA,NA,NA,Y,NA,A,01,0,0,1,0,0,0,0,0,0,-,-,34.0342903137207,-117.91751098632813,LOS ANGELES,WEST COVINA,-117.91748809814452,34.03428268432617
84780258,2025,2025-07-29,1967,2025-06-25,2205,177,NA,3,5,2,1967,0,0,0,NA,0,SOUTH,WALNUT AV,WILLOW,0,NA,Y,A,-,N,NA,NA,NA,NA,NA,NA,NA,NA,NA,Y,4,0,2,2,A,-,12,21453,A,N,D,C,A,A,H,-,C,A,0,NA,NA,NA,NA,Y,NA,-,-,0,0,2,0,0,0,0,0,0,-,-,NA,NA,LOS ANGELES,SIGNAL HILL,-118.17198181152344,33.804298400878906
84780310,2025,2025-07-29,1922,2025-07-12,1348,711,NA,6,5,6,1922,0,0,0,NA,0,004,DURFEE AVE,VALLEY BLVD,130,N,N,B,-,N,NA,NA,NA,NA,NA,NA,NA,NA,NA,Y,3,0,3,3,A,-,03,22350,NA,N,C,C,A,A,H,-,A,A,0,NA,NA,NA,NA,Y,Y,A,07,0,2,1,0,0,0,0,0,0,-,-,34.05978012084961,-118.01329040527344,LOS ANGELES,EL MONTE,-118.01316833496094,34.06007385253906
84780311,2025,2025-07-29,1922,2025-07-12,525,718,NA,6,5,6,1922,0,0,0,NA,0,NA,DURFEE AVE,DAHLIA AVE,86,N,N,A,-,N,NA,NA,NA,NA,NA,NA,NA,NA,NA,N,3,0,1,2,A,-,01,23152,A,N,C,C,A,A,H,-,B,D,0,NA,NA,NA,NA,Y,Y,A,01,0,1,0,0,0,0,0,0,0,-,-,34.05712127685547,-118.0159912109375,LOS ANGELES,EL MONTE,-118.01577758789064,34.057254791259766