CASE_ID,ACCIDENT_YEAR,PROC_DATE,JURIS,COLLISION_DATE,COLLISION_TIME,OFFICER_ID,REPORTING_DISTRICT,DAY_OF_WEEK,CHP_SHIFT,POPULATION,CNTY_CITY_LOC,SPECIAL_COND,BEAT_TYPE,CHP_BEAT_TYPE,CITY_DIVISION_LAPD,CHP_BEAT_CLASS,BEAT_NUMBER,PRIMARY_RD,SECONDARY_RD,DISTANCE,DIRECTION,INTERSECTION,WEATHER_1,WEATHER_2,STATE_HWY_IND,CALTRANS_COUNTY,CALTRANS_DISTRICT,STATE_ROUTE,ROUTE_SUFFIX,POSTMILE_PREFIX,POSTMILE,LOCATION_TYPE,RAMP_INTERSECTION,SIDE_OF_HWY,TOW_AWAY,COLLISION_SEVERITY,NUMBER_KILLED,NUMBER_INJURED,PARTY_COUNT,PRIMARY_COLL_FACTOR,PCF_CODE_OF_VIOL,PCF_VIOL_CATEGORY,PCF_VIOLATION,PCF_VIOL_SUBSECTION,HIT_AND_RUN,TYPE_OF_COLLISION,MVIW,PED_ACTION,ROAD_SURFACE,ROAD_COND_1,ROAD_COND_2,LIGHTING,CONTROL_DEVICE,CHP_ROAD_TYPE,PEDESTRIAN_ACCIDENT,BICYCLE_ACCIDENT,MOTORCYCLE_ACCIDENT,TRUCK_ACCIDENT,NOT_PRIVATE_PROPERTY,ALCOHOL_INVOLVED,STWD_VEHTYPE_AT_FAULT,CHP_VEHTYPE_AT_FAULT,COUNT_SEVERE_INJ,COUNT_VISIBLE_INJ,COUNT_COMPLAINT_PAIN,COUNT_PED_KILLED,COUNT_PED_INJURED,COUNT_BICYCLIST_KILLED,COUNT_BICYCLIST_INJURED,COUNT_MC_KILLED,COUNT_MC_INJURED,PRIMARY_RAMP,SECONDARY_RAMP,LATITUDE,LONGITUDE,COUNTY,CITY,POINT_X,POINT_Y
84816182,2025,2025-08-25,1942,2025-08-16,1430,41158,NA,6,5,7,1942,0,0,0,NA,0,0926,VAN NUYS BLVD,ARCHOWOOD ST (PVT),46,N,N,A,-,N,NA,NA,NA,NA,NA,NA,NA,NA,NA,Y,2,0,1,2,A,-,01,23152,F,N,B,E,A,A,H,-,A,D,0,NA,NA,NA,NA,Y,NA,A,01,1,0,0,0,0,0,0,0,0,-,-,NA,NA,LOS ANGELES,LOS ANGELES,-118.4487533569336,34.19306564331055
84816193,2025,2025-08-25,1942,2025-08-24,700,33504,NA,7,5,7,1942,0,0,0,NA,0,0904,RAYMER ST,KESTER AVE,115,E,N,A,-,N,NA,NA,NA,NA,NA,NA,NA,NA,NA,Y,2,0,1,1,A,-,01,23152,A,N,E,I,A,A,H,-,A,D,0,NA,NA,NA,NA,Y,Y,A,07,1,0,0,0,0,0,0,0,0,-,-,NA,NA,LOS ANGELES,LOS ANGELES,-118.45809936523438,34.213226318359375
84816262,2025,2025-08-25,1942,2025-08-22,1415,38333,NA,5,5,7,1942,0,0,0,NA,0,0849,BEDFORD ST,PICO BLVD,6,N,N,A,-,N,NA,NA,NA,NA,NA,NA,NA,NA,NA,N,2,0,1,2,A,-,08,22107,NA,F,D,C,A,A,H,-,A,A,0,NA,NA,NA,NA,Y,NA,-,99,1,0,0,0,0,0,0,0,0,-,-,NA,NA,LOS ANGELES,LOS ANGELES,-118.38057708740234,34.054195404052734
84816264,2025,2025-08-25,1942,2025-06-29,2115,42364,NA,7,5,7,1942,0,0,0,NA,0,1837,COMPTON AVENUE,111TH STREET,79,N,N,A,-,N,NA,NA,NA,NA,NA,NA,NA,NA,NA,N,4,0,2,2,A,-,03,22350,NA,F,C,C,A,A,H,-,C,D,0,NA,NA,NA,NA,Y,NA,-,99,0,0,2,0,0,0,0,0,0,-,-,NA,NA,LOS ANGELES,LOS ANGELES,-118.24630737304688,33.93500518798828
84816317,2025,2025-08-25,1942,2025-08-23,1722,42344,NA,6,5,7,1942,0,0,0,NA,0,2071,SAINT ANDREWS PL,VENICE BL,0,NA,Y,A,-,N,NA,NA,NA,NA,NA,NA,NA,NA,NA,Y,2,0,6,4,A,-,12,21453,A,F,D,C,A,A,H,-,A,A,0,NA,NA,NA,NA,Y,NA,A,07,1,1,4,0,0,0,0,0,0,-,-,NA,NA,LOS ANGELES,LOS ANGELES,-118.31159973144533,34.04357147216797
84816327,2025,2025-08-25,1942,2025-08-19,155,40065,NA,2,5,7,1942,0,0,0,NA,0,1966,WOODMAN AV,NORDHOFF ST,0,NA,Y,A,-,N,NA,NA,NA,NA,NA,NA,NA,NA,NA,N,2,0,1,2,A,-,11,21456,NA,N,G,B,B,A,H,-,C,A,0,Y,NA,NA,NA,Y,NA,-,-,1,0,0,0,1,0,0,0,0,-,-,NA,NA,LOS ANGELES,LOS ANGELES,-118.44043731689452,34.23534393310547
84816359,2025,2025-08-25,1942,2025-06-29,1330,41747,NA,7,5,7,1942,0,0,0,NA,0,1253,WESTERN AVE.,74TH ST.,100,S,N,A,-,N,NA,NA,NA,NA,NA,NA,NA,NA,NA,N,4,0,1,2,A,-,08,22107,NA,F,D,C,A,A,H,-,A,A,0,NA,NA,NA,NA,Y,NA,-,99,0,0,1,0,0,0,0,0,0,-,-,NA,NA,LOS ANGELES,LOS ANGELES,-118.30899047851564,33.97245407104492
84816380,2025,2025-08-25,1942,2025-08-21,1335,38264,NA,4,5,7,1942,0,0,0,NA,0,1088,VENTURA BL,HAYVENHURST AV,326,E,N,A,-,N,NA,NA,NA,NA,NA,NA,NA,NA,NA,Y,1,1,0,2,A,-,04,21703,NA,N,C,C,A,A,H,-,A,D,0,NA,NA,NA,NA,Y,NA,A,08,0,0,0,0,0,0,0,0,0,-,-,NA,NA,LOS ANGELES,LOS ANGELES,-118.4912567138672,34.157405853271484
84816381,2025,2025-08-25,1942,2025-08-17,1810,45897,NA,7,5,7,1942,0,0,0,NA,0,1021,CORBIN AVE,HART AVE,0,NA,Y,A,-,N,NA,NA,NA,NA,NA,NA,NA,NA,NA,Y,3,0,1,2,A,-,09,21801,A,F,A,C,A,A,H,-,A,A,0,NA,NA,NA,NA,Y,NA,D,22,0,1,0,0,0,0,0,0,0,-,-,NA,NA,LOS ANGELES,LOS ANGELES,-118.56221771240234,34.197425842285156
84816425,2025,2025-08-25,1942,2025-08-21,1830,43539,NA,4,5,7,1942,0,0,0,NA,0,1567,CAHUENGA BLVD / VALLEYSPRING LN,VALLEYSPRING LN,5,S,N,A,-,N,NA,NA,NA,NA,NA,NA,NA,NA,NA,N,3,0,1,2,B,-,22,NA,NA,N,G,B,D,A,H,-,B,A,0,Y,NA,NA,NA,Y,NA,-,-,0,1,0,0,1,0,0,0,0,-,-,NA,NA,LOS ANGELES,LOS ANGELES,-118.37281036376952,34.14728927612305
84816529,2025,2025-08-25,1942,2025-08-16,40,46005,NA,6,5,7,1942,0,0,0,NA,0,1977,BEACHY AVE,OSBORNE ST,0,NA,Y,A,-,N,NA,NA,NA,NA,NA,NA,NA,NA,NA,Y,3,0,3,2,A,-,12,21453,A,F,C,C,A,A,H,-,C,A,0,NA,NA,NA,NA,Y,NA,-,-,0,3,0,0,0,0,0,0,0,-,-,NA,NA,LOS ANGELES,LOS ANGELES,-118.42938232421876,34.23967361450195
84816531,2025,2025-08-25,1942,2025-07-11,110,45996,NA,5,5,7,1942,0,0,0,NA,0,0911,FIRMAMENT AVE,SHERMAN WAY,30,S,N,A,-,N,NA,NA,NA,NA,NA,NA,NA,NA,NA,Y,3,0,2,2,A,-,08,22107,NA,F,A,E,A,A,H,-,C,D,0,NA,NA,NA,NA,Y,NA,A,01,0,1,1,0,0,0,0,0,0,-,-,NA,NA,LOS ANGELES,LOS ANGELES,-118.47241973876952,34.201026916503906
84816580,2025,2025-08-25,1942,2025-08-15,2152,46237,NA,5,5,7,1942,0,0,0,NA,0,1037,BALBOA BLVD,VANOWEN ST,0,NA,N,A,-,N,NA,NA,NA,NA,NA,NA,NA,NA,NA,N,3,0,1,2,A,-,05,21651,B,F,B,C,A,A,H,-,C,A,0,NA,NA,NA,NA,Y,NA,-,99,0,1,0,0,0,0,0,0,0,-,-,NA,NA,LOS ANGELES,LOS ANGELES,-118.50112152099608,34.19389724731445
84816595,2025,2025-08-25,1942,2025-07-22,1300,45364,NA,2,5,7,1942,0,0,0,NA,0,2099,VERMONT AVE,CORDOVA STREET,50,N,N,A,-,N,NA,NA,NA,NA,NA,NA,NA,NA,NA,N,2,0,1,2,A,-,03,22350,NA,N,B,C,A,A,H,-,A,D,0,NA,NA,Y,NA,Y,NA,C,03,1,0,0,0,0,0,0,0,1,-,-,NA,NA,LOS ANGELES,LOS ANGELES,-118.29156494140624,34.039188385009766
84816601,2025,2025-08-25,1942,2025-08-16,2150,40028,NA,6,5,7,1942,0,0,0,NA,0,2105,OWENSMOUTH AVENUE,ECCLES STREET,0,NA,Y,A,-,N,NA,NA,NA,NA,NA,NA,NA,NA,NA,N,3,0,1,2,A,-,08,22100,B,F,D,C,A,A,H,-,C,D,0,NA,NA,NA,NA,Y,NA,-,-,0,1,0,0,0,0,0,0,0,-,-,NA,NA,LOS ANGELES,LOS ANGELES,-118.60191345214844,34.22277069091797
84816654,2025,2025-08-25,1942,2025-08-23,2330,45907,NA,6,5,7,1942,0,0,0,NA,0,0706,HIGHLAND AVE,ROSEWOOD AVE,350,N,N,A,-,N,NA,NA,NA,NA,NA,NA,NA,NA,NA,Y,4,0,2,3,A,-,01,23152,A,N,C,E,A,A,H,-,C,D,0,NA,NA,NA,NA,Y,Y,A,07,0,0,2,0,0,0,0,0,0,-,-,NA,NA,LOS ANGELES,LOS ANGELES,-118.33866119384766,34.081241607666016
84816676,2025,2025-08-25,1942,2025-08-19,810,40165,NA,2,5,7,1942,0,0,0,NA,0,1663,SHELDON ST,TELFAIR AV,0,NA,Y,A,-,N,NA,NA,NA,NA,NA,NA,NA,NA,NA,N,3,0,1,2,A,-,10,21950,A,F,G,B,B,A,H,-,A,A,0,Y,NA,NA,NA,Y,NA,-,99,0,1,0,0,1,0,0,0,0,-,-,NA,NA,LOS ANGELES,LOS ANGELES,-118.39720916748048,34.23673629760742
84816683,2025,2025-08-25,1942,2025-03-15,530,44210,NA,6,5,7,1942,0,0,0,NA,0,0909,WOODMAN AVE,STRATHERN ST,581,S,N,A,-,N,NA,NA,NA,NA,NA,NA,NA,NA,NA,Y,4,0,1,4,A,-,03,22350,NA,F,C,E,A,A,H,-,B,D,0,NA,NA,NA,NA,Y,NA,A,08,0,0,1,0,0,0,0,0,0,-,-,NA,NA,LOS ANGELES,LOS ANGELES,-118.43113708496094,34.21405792236328
84816695,2025,2025-08-25,1942,2025-06-01,10,42286,NA,7,5,7,1942,0,0,0,NA,0,2024,WESTERN AV,5TH ST,200,S,N,A,-,N,NA,NA,NA,NA,NA,NA,NA,NA,NA,N,2,0,1,2,A,-,11,21954,A,N,G,B,D,A,H,-,C,A,0,Y,NA,NA,NA,Y,NA,N,60,1,0,0,0,1,0,0,0,0,-,-,NA,NA,LOS ANGELES,LOS ANGELES,-118.30911254882813,34.064762115478516
84816725,2025,2025-08-25,1942,2025-08-16,1205,42310,NA,6,5,7,1942,0,0,0,NA,0,NA,SHERMAN WAY,HAZELTINE,0,NA,Y,A,-,N,NA,NA,NA,NA,NA,NA,NA,NA,NA,Y,4,0,1,4,A,-,03,22350,NA,F,B,C,A,A,H,-,A,A,0,NA,NA,NA,NA,Y,NA,A,01,0,0,1,0,0,0,0,0,0,-,-,NA,NA,LOS ANGELES,LOS ANGELES,-118.43997192382813,34.20122528076172
84816761,2025,2025-08-25,1942,2025-08-23,1450,42344,NA,6,5,7,1942,0,0,0,NA,0,0678,WESTERN AVE,LEMON GROVE AVE,20,N,N,A,-,N,NA,NA,NA,NA,NA,NA,NA,NA,NA,N,2,0,2,2,A,-,04,21703,NA,N,C,C,A,A,H,-,A,D,0,NA,NA,Y,NA,Y,NA,C,02,1,1,0,0,0,0,0,0,1,-,-,NA,NA,LOS ANGELES,LOS ANGELES,-118.30915832519533,34.08625411987305
84816779,2025,2025-08-25,1942,2025-07-21,1305,38956,NA,1,5,7,1942,0,0,0,NA,0,0923,HAYNES ST,VAN NUYS BLVD,275,W,N,A,-,N,NA,NA,NA,NA,NA,NA,NA,NA,NA,Y,4,0,1,2,A,-,01,23152,A,F,C,E,A,A,H,-,A,D,0,NA,NA,NA,NA,Y,Y,A,07,0,0,1,0,0,0,0,0,0,-,-,NA,NA,LOS ANGELES,LOS ANGELES,-118.44963836669922,34.18970489501953
84816792,2025,2025-08-25,1942,2025-08-21,1430,38333,NA,4,5,7,1942,0,0,0,NA,0,0896,NATIONAL BLVD,MANNING AVE,100,S,N,A,-,N,NA,NA,NA,NA,NA,NA,NA,NA,NA,Y,4,0,1,3,A,-,03,22350,NA,F,C,C,A,A,H,-,A,A,0,NA,NA,NA,NA,Y,NA,-,99,0,0,1,0,0,0,0,0,0,-,-,NA,NA,LOS ANGELES,LOS ANGELES,-118.40300750732422,34.029781341552734
84816794,2025,2025-08-25,1942,2025-07-25,1855,40065,NA,5,5,7,1942,0,0,0,NA,0,0923,VICTORY BL,KESTER AV,0,NA,Y,A,-,N,NA,NA,NA,NA,NA,NA,NA,NA,NA,Y,3,0,1,2,A,-,00,23153,G,F,D,C,A,A,H,-,A,A,0,NA,NA,Y,NA,Y,Y,A,01,0,1,0,0,0,0,0,0,1,-,-,NA,NA,LOS ANGELES,LOS ANGELES,-118.45745086669922,34.18666076660156
84816815,2025,2025-08-25,1942,2025-07-30,2020,45669,NA,3,5,7,1942,0,0,0,NA,0,1031,TAMPA AVE,VICTORY BLVD,133,N,N,A,-,N,NA,NA,NA,NA,NA,NA,NA,NA,NA,Y,3,0,1,2,A,-,01,23152,A,N,A,C,A,A,H,-,C,D,0,NA,NA,NA,NA,Y,Y,A,01,0,1,0,0,0,0,0,0,0,-,-,NA,NA,LOS ANGELES,LOS ANGELES,-118.55353546142578,34.18693542480469
84816833,2025,2025-08-25,1942,2025-07-13,45,41729,NA,7,5,7,1942,0,0,0,NA,0,0399,FIGUEROA STREET,VERNON AVE,70,N,N,A,-,N,NA,NA,NA,NA,NA,NA,NA,NA,NA,Y,1,1,1,6,A,-,03,22350,NA,N,D,G,A,A,H,-,C,A,0,NA,Y,NA,NA,Y,Y,A,01,1,0,0,0,0,1,0,0,0,-,-,NA,NA,LOS ANGELES,LOS ANGELES,-118.2827377319336,34.00394058227539
84816867,2025,2025-08-25,1942,2025-06-30,1910,41729,NA,1,5,7,1942,0,0,0,NA,0,1821,CENTURY BLVD,WALL STREET,202,E,N,A,-,N,NA,NA,NA,NA,NA,NA,NA,NA,NA,N,1,1,0,2,A,-,07,21658,A,F,G,B,E,A,H,-,A,A,0,Y,NA,NA,NA,Y,NA,-,99,0,0,0,1,0,0,0,0,0,-,-,NA,NA,LOS ANGELES,LOS ANGELES,-118.27110290527344,33.94558334350586
84816887,2025,2025-08-25,1942,2025-06-22,130,44489,NA,7,5,7,1942,0,0,0,NA,0,1824,CENTURY BLVD,AVALON BLVD,405,E,N,A,-,N,NA,NA,NA,NA,NA,NA,NA,NA,NA,Y,1,2,1,2,A,-,01,23152,A,N,C,C,A,A,H,-,C,D,0,NA,NA,NA,NA,Y,Y,A,01,0,1,0,0,0,0,0,0,0,-,-,NA,NA,LOS ANGELES,LOS ANGELES,-118.26384735107422,33.945613861083984
84816894,2025,2025-08-25,1942,2025-06-06,1720,37685,NA,5,5,7,1942,0,0,0,NA,0,1675,SUNLAND BLVD,NETTLETON ST,0,NA,Y,A,-,N,NA,NA,NA,NA,NA,NA,NA,NA,NA,N,3,0,1,2,A,-,10,21950,A,F,G,G,A,A,H,-,A,A,0,NA,Y,NA,NA,Y,NA,-,-,0,1,0,0,0,0,1,0,0,-,-,NA,NA,LOS ANGELES,LOS ANGELES,-118.36579132080078,34.22528839111328
84816908,2025,2025-08-25,1942,2025-08-15,1955,42296,NA,5,5,7,1942,0,0,0,NA,0,2146,CANOGA AVE,SHERMAN WAY,225,S,N,A,-,N,NA,NA,NA,NA,NA,NA,NA,NA,NA,Y,4,0,1,2,A,-,04,21703,NA,N,C,C,A,A,H,-,E,D,0,NA,NA,NA,NA,Y,NA,A,07,0,0,1,0,0,0,0,0,0,-,-,NA,NA,LOS ANGELES,LOS ANGELES,-118.59773254394533,34.20041275024414
84816957,2025,2025-08-25,1913,2025-08-22,1531,4259,NA,5,5,4,1913,0,0,0,NA,0,004,MILLS AV,CHAPPARAL AV,0,NA,Y,A,-,N,NA,NA,NA,NA,NA,NA,NA,NA,NA,Y,3,0,1,2,A,-,03,22350,NA,N,C,C,A,A,H,-,A,A,0,NA,NA,NA,NA,Y,NA,A,01,0,1,0,0,0,0,0,0,0,-,-,34.11608123779297,-117.70716857910156,LOS ANGELES,CLAREMONT,-117.70713806152344,34.116092681884766
84816975,2025,2025-08-25,1942,2025-08-20,852,42775,NA,3,5,7,1942,0,0,0,NA,0,0966,WOODMAN AVE,RIVERSIDE DR,81,S,N,A,-,N,NA,NA,NA,NA,NA,NA,NA,NA,NA,Y,3,0,1,1,B,-,22,NA,NA,N,E,I,A,A,H,-,A,D,0,NA,NA,NA,NA,Y,NA,A,01,0,1,0,0,0,0,0,0,0,-,-,NA,NA,LOS ANGELES,LOS ANGELES,-118.43123626708984,34.157386779785156
84817036,2025,2025-08-25,1942,2025-08-23,2130,45148,NA,6,5,7,1942,0,0,0,NA,0,2069,PICO BLVD,ORCHARD AVE,0,NA,Y,A,-,N,NA,NA,NA,NA,NA,NA,NA,NA,NA,N,4,0,2,2,A,-,12,22450,A,F,D,C,A,A,H,-,B,A,0,NA,NA,NA,NA,Y,NA,-,99,0,0,2,0,0,0,0,0,0,-,-,NA,NA,LOS ANGELES,LOS ANGELES,-118.28855895996094,34.04728698730469
84817104,2025,2025-08-25,1910,2025-08-23,1441,368,NA,6,5,4,1910,0,0,0,NA,0,004,N BEVERLY DR,CARMELITA AVE,496,S,N,A,-,N,NA,NA,NA,NA,NA,NA,NA,NA,NA,Y,3,0,1,4,A,-,03,22350,NA,N,C,E,A,A,H,-,A,D,0,NA,NA,NA,NA,Y,NA,A,01,0,1,0,0,0,0,0,0,0,-,-,34.07358932495117,-118.40499877929688,LOS ANGELES,BEVERLY HILLS,-118.40562438964844,34.0734977722168
84817304,2025,2025-08-26,1922,2025-08-10,41,709,NA,7,5,6,1922,0,0,0,NA,0,004,PECK RD,GARVEY AVE,42,N,N,A,-,N,NA,NA,NA,NA,NA,NA,NA,NA,NA,N,4,0,1,2,A,-,08,22107,NA,N,A,C,A,A,H,-,C,A,0,NA,NA,NA,NA,Y,NA,A,01,0,0,1,0,0,0,0,0,0,-,-,34.062801361083984,-118.0305404663086,LOS ANGELES,EL MONTE,-118.03054809570313,34.062965393066406
84817307,2025,2025-08-26,1922,2025-08-10,1119,709,NA,7,5,6,1922,0,0,0,NA,0,001,SANTA ANITA AVE,VALLEY BLVD,267,N,N,A,-,N,NA,NA,NA,NA,NA,NA,NA,NA,NA,Y,2,0,1,2,A,-,08,22107,NA,N,A,C,A,A,H,-,A,A,0,NA,NA,Y,NA,Y,NA,A,01,1,0,0,0,0,0,0,0,1,-,-,34.076480865478516,-118.04116821289064,LOS ANGELES,EL MONTE,-118.04073333740234,34.07713317871094
84817343,2025,2025-08-26,1948,2025-08-23,2311,506,NA,6,5,5,1948,0,0,0,NA,0,003,GRAVES AV,EL MERCADO AV,410,E,N,A,-,N,NA,NA,NA,NA,NA,NA,NA,NA,NA,N,3,0,1,5,A,-,01,23152,A,N,A,E,A,A,H,-,C,D,0,NA,NA,NA,NA,Y,Y,A,01,0,1,0,0,0,0,0,0,0,-,-,34.055580139160156,-118.13417053222656,LOS ANGELES,MONTEREY PARK,-118.1327667236328,34.055564880371094
84817384,2025,2025-08-26,1969,2025-06-23,102,10269,NA,1,5,5,1969,0,0,0,NA,0,004,FILESTONE BLVD,HILDRETH AV,38,E,N,B,-,N,NA,NA,NA,NA,NA,NA,NA,NA,NA,N,4,0,2,2,A,-,03,22350,NA,N,C,C,A,A,H,-,C,A,0,NA,NA,NA,NA,Y,NA,-,-,0,0,2,0,0,0,0,0,0,-,-,33.952301025390625,-118.18699645996094,LOS ANGELES,SOUTH GATE,-118.18685913085938,33.952239990234375
84817584,2025,2025-08-26,1925,2025-08-10,951,29405,NA,7,5,6,1925,0,0,0,NA,0,002,CALIFORNIA AVENUE,BRAND BOULEVARD,3,W,N,A,-,N,NA,NA,NA,NA,NA,NA,NA,NA,NA,N,4,0,1,2,A,-,08,22107,NA,N,G,B,C,A,H,-,A,A,0,Y,NA,NA,NA,Y,NA,A,01,0,0,1,0,1,0,0,0,0,-,-,34.1497917175293,-118.25504302978516,LOS ANGELES,GLENDALE,-118.25508880615234,34.149898529052734
84817590,2025,2025-10-27,1925,2025-08-14,1710,28644,NA,4,5,6,1925,0,0,0,NA,0,002,CENTRAL AVENUE,MAPLE STREET (N),0,NA,Y,A,-,N,NA,NA,NA,NA,NA,NA,NA,NA,NA,N,3,0,2,3,A,-,09,21801,B,N,D,C,A,A,H,-,A,A,0,NA,NA,NA,NA,Y,NA,A,07,0,2,0,0,0,0,0,0,0,-,-,34.1380615234375,-118.2578582763672,LOS ANGELES,GLENDALE,-118.2578582763672,34.13771057128906
84817780,2025,2025-08-26,1942,2025-08-05,2025,38613,NA,2,5,7,1942,0,0,0,NA,0,NA,ROSCOE BL,HAYVENHURST AV,63,W,N,A,-,N,NA,NA,NA,NA,NA,NA,NA,NA,NA,Y,2,0,1,2,A,-,05,21650,NA,N,D,G,A,A,H,-,C,A,0,NA,Y,NA,NA,Y,NA,L,04,1,0,0,0,0,0,1,0,0,-,-,NA,NA,LOS ANGELES,LOS ANGELES,-118.49231719970705,34.22129440307617
84817782,2025,2025-08-26,1942,2025-08-25,2120,40972,NA,1,5,7,1942,0,0,0,NA,0,1904,FOOTHILL BL,TYLER ST,534,S,N,A,-,N,NA,NA,NA,NA,NA,NA,NA,NA,NA,N,2,0,1,2,A,-,11,21955,NA,N,G,B,D,A,H,-,C,D,0,Y,NA,NA,NA,Y,Y,N,60,1,0,0,0,1,0,0,0,0,-,-,NA,NA,LOS ANGELES,LOS ANGELES,-118.44296264648438,34.3172607421875
84817799,2025,2025-08-26,1942,2025-08-25,1435,44325,NA,1,5,7,1942,0,0,0,NA,0,2157,DE SOTO AVE,KITTRIDGE ST.,0,NA,Y,A,-,N,NA,NA,NA,NA,NA,NA,NA,NA,NA,Y,2,0,3,3,A,-,12,21453,A,N,D,C,A,A,H,-,A,A,0,NA,NA,NA,NA,Y,NA,A,01,1,1,1,0,0,0,0,0,0,-,-,NA,NA,LOS ANGELES,LOS ANGELES,-118.5884246826172,34.191162109375
84817800,2025,2025-08-26,1942,2025-08-22,805,42775,NA,5,5,7,1942,0,0,0,NA,0,1971,SEPULVEDA BLVD,NORDHOFF ST,13,S,N,A,-,N,NA,NA,NA,NA,NA,NA,NA,NA,NA,N,4,0,1,2,A,-,08,22107,NA,F,D,C,A,A,H,-,A,A,0,NA,NA,NA,NA,Y,NA,-,99,0,0,1,0,0,0,0,0,0,-,-,NA,NA,LOS ANGELES,LOS ANGELES,-118.46771240234376,34.23549270629883
84817803,2025,2025-08-26,1942,2025-06-01,20,44167,NA,7,5,7,1942,0,0,0,NA,0,1608,FOOTHILL BLVD,FOOTHILL PL,0,NA,Y,A,-,Y,NA,NA,NA,NA,NA,NA,NA,NA,NA,Y,3,0,1,1,A,-,03,22350,NA,N,E,I,A,A,H,-,C,D,0,NA,NA,NA,NA,Y,NA,A,01,0,1,0,0,0,0,0,0,0,-,-,NA,NA,LOS ANGELES,LOS ANGELES,-118.34486389160156,34.27335739135742
84817813,2025,2025-08-26,1942,2025-08-20,2015,44163,NA,3,5,7,1942,0,0,0,NA,0,1656,JARDINE AVE,APPERSON ST,0,NA,Y,A,-,N,NA,NA,NA,NA,NA,NA,NA,NA,NA,Y,4,0,1,2,A,-,09,21802,A,F,D,C,A,A,H,-,C,A,0,NA,NA,NA,NA,Y,NA,A,01,0,0,1,0,0,0,0,0,0,-,-,NA,NA,LOS ANGELES,LOS ANGELES,-118.30378723144533,34.25599670410156
84817835,2025,2025-08-26,1942,2025-08-25,2005,38996,NA,1,5,7,1942,0,0,0,NA,0,1511,SHERMAN WAY,VARNA AV,0,NA,Y,A,-,N,NA,NA,NA,NA,NA,NA,NA,NA,NA,N,1,1,0,2,A,-,11,21456,NA,N,G,B,B,A,H,-,C,A,0,Y,NA,NA,NA,Y,NA,N,60,0,0,0,1,0,0,0,0,0,-,-,NA,NA,LOS ANGELES,LOS ANGELES,-118.42474365234376,34.20119857788086
84817847,2025,2025-08-26,1942,2025-08-25,345,42324,NA,1,5,7,1942,0,0,0,NA,0,0911,FIRMAMENT AV,HART ST,80,S,N,A,-,N,NA,NA,NA,NA,NA,NA,NA,NA,NA,N,3,0,1,2,A,-,21,22106,NA,F,G,B,E,A,H,-,D,D,0,Y,NA,NA,NA,Y,NA,-,99,0,1,0,0,1,0,0,0,0,-,-,NA,NA,LOS ANGELES,LOS ANGELES,-118.47280120849608,34.197303771972656
84817874,2025,2025-08-26,1942,2025-08-25,2215,33757,NA,1,5,7,1942,0,0,0,NA,0,2021,WILTON PL,5TH ST,413,S,N,A,-,N,NA,NA,NA,NA,NA,NA,NA,NA,NA,N,2,0,2,2,A,-,08,22102,NA,N,D,C,A,A,H,-,C,A,0,NA,NA,Y,NA,Y,NA,A,01,1,0,1,0,0,0,0,0,1,-,-,NA,NA,LOS ANGELES,LOS ANGELES,-118.31405639648438,34.064186096191406
84817879,2025,2025-08-26,1942,2025-08-25,1600,36286,NA,1,5,7,1942,0,0,0,NA,0,1716,BALBOA BL,KNOLLWOOD DR.,0,NA,Y,A,-,N,NA,NA,NA,NA,NA,NA,NA,NA,NA,Y,3,0,1,2,A,-,09,21804,A,N,D,C,A,A,H,-,A,D,0,NA,NA,Y,NA,Y,NA,A,01,0,1,0,0,0,0,0,0,1,-,-,NA,NA,LOS ANGELES,LOS ANGELES,-118.50184631347656,34.28871154785156
84817883,2025,2025-08-26,1942,2025-05-30,620,43261,NA,5,5,7,1942,0,0,0,NA,0,1341,MARTIN LUTHER KING BL,HILL ST,0,NA,Y,B,-,N,NA,NA,NA,NA,NA,NA,NA,NA,NA,Y,2,0,1,2,A,-,09,21801,A,N,D,-,A,A,H,-,A,A,0,NA,NA,Y,NA,Y,NA,A,07,1,0,0,0,0,0,0,0,1,-,-,NA,NA,LOS ANGELES,LOS ANGELES,-118.28043365478516,34.01108169555664
84817904,2025,2025-08-26,1942,2025-08-24,2245,39546,NA,7,5,7,1942,0,0,0,NA,0,2002,BEVERLY BLVD,WESTERN AVE,0,NA,Y,A,-,N,NA,NA,NA,NA,NA,NA,NA,NA,NA,Y,2,0,1,3,A,-,12,21453,A,N,D,C,A,A,H,-,C,A,0,NA,NA,NA,Y,Y,NA,A,01,1,0,0,0,0,0,0,0,0,-,-,NA,NA,LOS ANGELES,LOS ANGELES,-118.30915069580078,34.07625961303711
84817921,2025,2025-08-26,1942,2025-08-24,1315,38051,NA,7,5,7,1942,0,0,0,NA,0,2149,VANOWEN ST,PENFIELD AVE,150,W,N,A,-,N,NA,NA,NA,NA,NA,NA,NA,NA,NA,Y,3,0,1,2,A,-,09,21801,A,N,D,C,A,A,H,-,A,D,0,NA,NA,NA,NA,Y,NA,A,01,0,1,0,0,0,0,0,0,0,-,-,NA,NA,LOS ANGELES,LOS ANGELES,-118.56928253173828,34.19380187988281
84817931,2025,2025-08-26,1942,2025-08-25,945,40931,NA,1,5,7,1942,0,0,0,NA,0,0909,SHERMAN WAY,WOODMAN AVE,100,E,N,A,-,N,NA,NA,NA,NA,NA,NA,NA,NA,NA,N,4,0,1,2,A,-,09,21804,A,F,D,C,A,A,H,-,A,D,0,NA,NA,NA,NA,Y,NA,-,99,0,0,1,0,0,0,0,0,0,-,-,NA,NA,LOS ANGELES,LOS ANGELES,-118.430908203125,34.20119094848633