CASE_ID,ACCIDENT_YEAR,PROC_DATE,JURIS,COLLISION_DATE,COLLISION_TIME,OFFICER_ID,REPORTING_DISTRICT,DAY_OF_WEEK,CHP_SHIFT,POPULATION,CNTY_CITY_LOC,SPECIAL_COND,BEAT_TYPE,CHP_BEAT_TYPE,CITY_DIVISION_LAPD,CHP_BEAT_CLASS,BEAT_NUMBER,PRIMARY_RD,SECONDARY_RD,DISTANCE,DIRECTION,INTERSECTION,WEATHER_1,WEATHER_2,STATE_HWY_IND,CALTRANS_COUNTY,CALTRANS_DISTRICT,STATE_ROUTE,ROUTE_SUFFIX,POSTMILE_PREFIX,POSTMILE,LOCATION_TYPE,RAMP_INTERSECTION,SIDE_OF_HWY,TOW_AWAY,COLLISION_SEVERITY,NUMBER_KILLED,NUMBER_INJURED,PARTY_COUNT,PRIMARY_COLL_FACTOR,PCF_CODE_OF_VIOL,PCF_VIOL_CATEGORY,PCF_VIOLATION,PCF_VIOL_SUBSECTION,HIT_AND_RUN,TYPE_OF_COLLISION,MVIW,PED_ACTION,ROAD_SURFACE,ROAD_COND_1,ROAD_COND_2,LIGHTING,CONTROL_DEVICE,CHP_ROAD_TYPE,PEDESTRIAN_ACCIDENT,BICYCLE_ACCIDENT,MOTORCYCLE_ACCIDENT,TRUCK_ACCIDENT,NOT_PRIVATE_PROPERTY,ALCOHOL_INVOLVED,STWD_VEHTYPE_AT_FAULT,CHP_VEHTYPE_AT_FAULT,COUNT_SEVERE_INJ,COUNT_VISIBLE_INJ,COUNT_COMPLAINT_PAIN,COUNT_PED_KILLED,COUNT_PED_INJURED,COUNT_BICYCLIST_KILLED,COUNT_BICYCLIST_INJURED,COUNT_MC_KILLED,COUNT_MC_INJURED,PRIMARY_RAMP,SECONDARY_RAMP,LATITUDE,LONGITUDE,COUNTY,CITY,POINT_X,POINT_Y
84830894,2025,2025-09-05,1975,2025-08-20,1816,5043,NA,3,5,6,1975,0,0,0,NA,0,004,GLENDORA AV,VALINDA AV,0,NA,Y,A,-,N,NA,NA,NA,NA,NA,NA,NA,NA,NA,Y,4,0,1,2,A,-,09,21801,A,N,D,C,A,A,H,-,A,A,0,NA,NA,NA,NA,Y,NA,A,07,0,0,1,0,0,0,0,0,0,-,-,34.067138671875,-117.92566680908205,LOS ANGELES,WEST COVINA,-117.92569732666016,34.06709671020508
84830895,2025,2025-09-05,1975,2025-08-21,1540,5036,NA,4,5,6,1975,0,0,0,NA,0,004,CAMERON AV,VALINDA AV,0,NA,Y,B,-,N,NA,NA,NA,NA,NA,NA,NA,NA,NA,Y,4,0,1,2,A,-,09,21801,A,N,D,C,A,A,H,-,A,A,0,NA,NA,NA,NA,Y,NA,A,01,0,0,1,0,0,0,0,0,0,-,-,34.0612907409668,-117.92543792724608,LOS ANGELES,WEST COVINA,-117.92545318603516,34.061248779296875
84830896,2025,2025-09-05,1975,2025-08-21,1622,511,NA,4,5,6,1975,0,0,0,NA,0,005,AZUSA AV,AUTUMN DR,344,N,N,A,-,N,NA,NA,NA,NA,NA,NA,NA,NA,NA,Y,3,0,1,3,A,-,08,22107,NA,N,C,C,A,A,H,-,A,A,0,NA,NA,NA,NA,Y,NA,A,01,0,1,0,0,0,0,0,0,0,-,-,34.04436111450195,-117.91002655029295,LOS ANGELES,WEST COVINA,-117.90950775146484,34.04511642456055
84830966,2025,2025-09-05,1905,2025-08-28,1101,3210,NA,4,5,4,1905,0,0,0,NA,0,003,ALOSTA AV,CITRUS AV,198,E,-,A,-,N,NA,NA,NA,NA,NA,NA,NA,NA,NA,Y,3,0,2,2,A,-,09,21804,A,N,D,C,A,A,H,-,A,D,0,NA,NA,NA,NA,Y,NA,D,22,0,2,0,0,0,0,0,0,0,-,-,NA,NA,LOS ANGELES,AZUSA,-117.8894500732422,34.128684997558594
84830967,2025,2025-09-05,1905,2025-08-29,2215,1204,NA,5,5,4,1905,0,0,0,NA,0,001,AZUSA AV,ARROW HWY,23,S,-,A,-,N,NA,NA,NA,NA,NA,NA,NA,NA,NA,Y,2,0,3,3,A,-,01,23152,A,N,D,C,A,A,H,-,C,A,0,NA,NA,NA,NA,Y,Y,A,01,2,1,0,0,0,0,0,0,0,-,-,NA,NA,LOS ANGELES,AZUSA,-117.90760040283205,34.10673904418945
84830975,2025,2025-09-05,1922,2025-08-19,1712,698,NA,2,5,6,1922,0,0,0,NA,0,004,DURFEE AVE,VALLEY BLVD,12,N,N,A,-,N,NA,NA,NA,NA,NA,NA,NA,NA,NA,N,3,0,1,2,A,-,11,21950,B,N,G,B,B,A,H,-,A,A,0,Y,NA,NA,NA,Y,NA,N,60,0,1,0,0,1,0,0,0,0,-,-,34.05978012084961,-118.01329040527344,LOS ANGELES,EL MONTE,-118.01324462890624,34.05976104736328
84831034,2025,2025-09-05,1969,2025-09-02,1745,10282,NA,2,5,5,1969,0,0,0,NA,0,002,STATE ST,INDEPENDENCE AV,0,NA,Y,A,-,N,NA,NA,NA,NA,NA,NA,NA,NA,NA,Y,3,0,2,2,A,-,09,21801,A,N,D,C,A,A,H,-,A,A,0,NA,NA,NA,NA,Y,NA,D,22,0,2,0,0,0,0,0,0,0,-,-,33.95832824707031,-118.21170806884766,LOS ANGELES,SOUTH GATE,-118.21168518066406,33.95829772949219
84831060,2025,2025-09-05,1965,2025-06-13,1826,4176,NA,5,5,5,1965,0,0,0,NA,0,B001,OCEAN FRONT WALK,OCEAN PARK BLVD,140,S,-,A,-,N,NA,NA,NA,NA,NA,NA,NA,NA,NA,N,2,0,1,2,D,-,00,NA,NA,N,H,G,A,A,H,-,A,D,0,NA,Y,NA,NA,Y,NA,-,-,1,0,0,0,0,0,1,0,0,-,-,34,-118.48500061035156,LOS ANGELES,SANTA MONICA,-118.48606872558594,34.00081253051758
84831271,2025,2025-09-08,1955,2025-07-24,1903,42270,NA,4,5,6,1955,0,0,0,NA,0,001,MISSION BLVD,MAIN ST,50,W,N,A,-,N,NA,NA,NA,NA,NA,NA,NA,NA,NA,N,4,0,1,2,A,-,03,22350,NA,N,C,C,A,A,H,-,A,A,0,NA,NA,NA,NA,Y,NA,A,01,0,0,1,0,0,0,0,0,0,-,-,34.05506134033203,-117.7522201538086,LOS ANGELES,POMONA,-117.75238800048828,34.0550537109375
84831272,2025,2025-09-05,1955,2025-08-02,1225,43138,NA,6,5,6,1955,0,0,0,NA,0,002,TOWNE AVE,FOOTHILL BLVD,49,S,N,A,-,N,NA,NA,NA,NA,NA,NA,NA,NA,NA,N,4,0,1,2,A,-,08,22107,NA,F,G,B,A,A,H,-,A,A,0,NA,NA,NA,NA,Y,NA,A,01,0,0,1,0,0,0,0,0,0,-,-,34.10710906982422,-117.73681640625,LOS ANGELES,POMONA,-117.73689270019533,34.10690689086914
84831285,2025,2025-09-05,1955,2025-07-18,2317,42305,NA,5,5,6,1955,0,0,0,NA,0,002,TOWNE AVE,BANGOR ST,450,S,N,A,-,N,NA,NA,NA,NA,NA,NA,NA,NA,NA,Y,3,0,1,5,A,-,01,23152,A,N,B,E,A,A,H,-,C,A,0,NA,NA,NA,NA,Y,Y,A,07,0,1,0,0,0,0,0,0,0,-,-,34.083518981933594,-117.73899841308594,LOS ANGELES,POMONA,-117.73963928222656,34.08236312866211
84831286,2025,2025-09-05,1955,2025-08-01,2018,42270,NA,5,5,6,1955,0,0,0,NA,0,001,HOLT AVE,FILLMORE PL,75,E,N,A,-,N,NA,NA,NA,NA,NA,NA,NA,NA,NA,Y,3,0,2,2,A,-,08,22107,NA,N,B,C,A,A,H,-,A,A,0,NA,NA,NA,NA,Y,NA,A,07,0,1,1,0,0,0,0,0,0,-,-,34.06196975708008,-117.76712036132813,LOS ANGELES,POMONA,-117.76683044433594,34.06196594238281
84831346,2025,2025-09-05,1942,2025-09-04,1100,45950,NA,4,5,7,1942,0,0,0,NA,0,1001,ROSCOE BLV,TAMPA AVE,0,NA,Y,A,-,N,NA,NA,NA,NA,NA,NA,NA,NA,NA,N,2,0,1,2,A,-,11,21954,A,N,G,B,D,A,H,-,A,A,0,Y,NA,NA,NA,Y,NA,N,60,1,0,0,0,1,0,0,0,0,-,-,NA,NA,LOS ANGELES,LOS ANGELES,-118.55350494384766,34.22048568725586
84831355,2025,2025-09-05,1942,2025-09-03,2000,39229,NA,3,5,7,1942,0,0,0,NA,0,1549,CAHUENGA BLVD,CHANDLER BLVD,180,S,N,A,-,N,NA,NA,NA,NA,NA,NA,NA,NA,NA,Y,3,0,1,2,A,-,01,23152,A,M,A,C,A,A,H,-,C,D,0,NA,NA,NA,NA,Y,Y,D,22,0,1,0,0,0,0,0,0,0,-,-,NA,NA,LOS ANGELES,LOS ANGELES,-118.36154174804688,34.16820526123047
84831394,2025,2025-09-05,1942,2025-06-03,1330,38590,NA,2,5,7,1942,0,0,0,NA,0,1341,38TH ST,BROADWAY PL,1,S,N,A,-,N,NA,NA,NA,NA,NA,NA,NA,NA,NA,Y,2,0,1,2,A,-,09,21802,A,N,E,I,A,A,H,-,A,A,0,NA,NA,Y,NA,Y,NA,A,07,1,0,0,0,0,0,0,0,1,-,-,NA,NA,LOS ANGELES,LOS ANGELES,-118.27622222900392,34.013031005859375
84831418,2025,2025-09-05,1942,2025-08-27,740,38196,NA,3,5,7,1942,0,0,0,NA,0,1049,VICTORY BLVD,FORBES AVE,50,W,N,A,-,N,NA,NA,NA,NA,NA,NA,NA,NA,NA,Y,4,0,1,2,A,-,-,NA,NA,F,D,C,A,A,H,-,D,D,0,NA,NA,NA,NA,Y,NA,-,-,0,0,1,0,0,0,0,0,0,-,-,NA,NA,LOS ANGELES,LOS ANGELES,-118.49932861328124,34.18661880493164
84831447,2025,2025-09-05,1942,2025-09-04,1639,38264,NA,4,5,7,1942,0,0,0,NA,0,1033,RESEDA BL,ERWIN ST,280,S,N,A,-,N,NA,NA,NA,NA,NA,NA,NA,NA,NA,Y,2,0,5,2,A,-,08,22107,NA,N,B,C,A,A,H,-,A,D,0,NA,NA,NA,NA,Y,NA,A,01,1,4,0,0,0,0,0,0,0,-,-,NA,NA,LOS ANGELES,LOS ANGELES,-118.53603363037108,34.18312072753906
84831529,2025,2025-09-05,1942,2025-09-04,1820,38687,NA,4,5,7,1942,0,0,0,NA,0,0946,WOODMAN AVE,BURBANK BLVD,0,NA,Y,A,-,N,NA,NA,NA,NA,NA,NA,NA,NA,NA,Y,3,0,2,2,A,-,09,21801,B,N,D,C,A,A,H,-,A,A,0,NA,NA,NA,NA,Y,NA,A,01,0,2,0,0,0,0,0,0,0,-,-,NA,NA,LOS ANGELES,LOS ANGELES,-118.43125915527344,34.17212677001953
84831599,2025,2025-09-05,1942,2025-06-09,1530,41629,NA,1,5,7,1942,0,0,0,NA,0,0151,FIGUEROA ST,6TH ST,0,NA,Y,A,-,N,NA,NA,NA,NA,NA,NA,NA,NA,NA,N,3,0,3,2,A,-,08,22101,D,F,D,C,A,A,H,-,A,A,0,NA,NA,NA,NA,Y,Y,-,99,0,1,2,0,0,0,0,0,0,-,-,NA,NA,LOS ANGELES,LOS ANGELES,-118.25856018066406,34.05081558227539
84831727,2025,2025-09-05,1942,2025-06-09,1630,43245,NA,1,5,7,1942,0,0,0,NA,0,1321,ADAMS BL,MAPLE AVE,0,NA,Y,A,-,N,NA,NA,NA,NA,NA,NA,NA,NA,NA,N,4,0,1,2,B,-,22,NA,NA,N,G,B,A,A,H,-,A,D,0,NA,NA,NA,NA,Y,NA,A,01,0,0,1,0,0,0,0,0,0,-,-,NA,NA,LOS ANGELES,LOS ANGELES,-118.26544952392578,34.02341842651367
84831752,2025,2025-09-05,1942,2025-09-04,420,35077,NA,4,5,7,1942,0,0,0,NA,0,0133,3RD STREET,HILL STREET,28,W,N,A,-,N,NA,NA,NA,NA,NA,NA,NA,NA,NA,N,3,0,1,2,A,-,21,22106,NA,F,C,C,A,A,H,-,C,A,0,NA,NA,NA,NA,Y,NA,A,01,0,1,0,0,0,0,0,0,0,-,-,NA,NA,LOS ANGELES,LOS ANGELES,-118.24919891357422,34.05168914794922
84831859,2025,2025-09-05,1942,2025-06-09,2105,34332,NA,1,5,7,1942,0,0,0,NA,0,0491,WASHINGTON BL,PERRINO PL,90,W,N,A,-,N,NA,NA,NA,NA,NA,NA,NA,NA,NA,N,2,0,1,2,A,-,11,21954,A,F,B,B,E,A,H,-,C,A,0,Y,NA,NA,NA,Y,NA,-,-,1,0,0,0,1,0,0,0,0,-,-,NA,NA,LOS ANGELES,LOS ANGELES,-118.22135925292967,34.01732635498047
84831909,2025,2025-09-05,1942,2025-06-08,2115,41608,NA,7,5,7,1942,0,0,0,NA,0,1367,ALAMEDA AV,46TH ST,20,S,N,A,-,N,NA,NA,NA,NA,NA,NA,NA,NA,NA,N,2,0,1,2,A,-,10,21950,C,F,G,B,A,A,H,-,C,D,0,NA,NA,Y,NA,Y,NA,-,99,1,0,0,0,0,0,0,0,1,-,-,NA,NA,LOS ANGELES,LOS ANGELES,-118.239013671875,34.0015869140625
84831927,2025,2025-09-05,1942,2025-08-23,1730,45943,NA,6,5,7,1942,0,0,0,NA,0,1681,LAUREL CANYON BLVD,PEORIA STREET,0,NA,Y,A,-,N,NA,NA,NA,NA,NA,NA,NA,NA,NA,Y,3,0,1,2,A,-,12,21453,A,N,D,C,A,A,H,-,A,A,0,NA,NA,NA,NA,Y,NA,A,01,0,1,0,0,0,0,0,0,0,-,-,NA,NA,LOS ANGELES,LOS ANGELES,-118.3974151611328,34.226009368896484
84831934,2025,2025-09-05,1942,2025-08-29,1450,42974,NA,5,5,7,1942,0,0,0,NA,0,1513,WHITSETT AVE,VANOWEN ST,0,NA,Y,A,-,N,NA,NA,NA,NA,NA,NA,NA,NA,NA,Y,3,0,2,2,A,-,09,21801,A,N,D,C,A,A,H,-,A,A,0,NA,NA,NA,NA,Y,NA,A,01,0,1,1,0,0,0,0,0,0,-,-,NA,NA,LOS ANGELES,LOS ANGELES,-118.40528106689452,34.19395065307617
84831936,2025,2025-09-05,1942,2025-09-04,1135,39655,NA,4,5,7,1942,0,0,0,NA,0,0666,LEXINGTON AVE,LILLIAN  WAY,65,E,N,A,-,N,NA,NA,NA,NA,NA,NA,NA,NA,NA,N,3,0,1,2,A,-,09,21804,A,F,B,C,A,A,D,-,A,A,0,NA,NA,NA,NA,Y,NA,M,94,0,1,0,0,0,0,0,0,0,-,-,NA,NA,LOS ANGELES,LOS ANGELES,-118.32748413085938,34.09254837036133
84831983,2025,2025-09-05,1942,2025-08-30,740,41158,NA,6,5,7,1942,0,0,0,NA,0,1756,DEVONSHIRE ST,WHITE OAK AVE,16,S,N,A,-,N,NA,NA,NA,NA,NA,NA,NA,NA,NA,Y,3,0,1,1,A,-,08,22107,NA,N,E,I,A,A,H,-,A,D,0,NA,NA,NA,NA,Y,NA,A,01,0,1,0,0,0,0,0,0,0,-,-,NA,NA,LOS ANGELES,LOS ANGELES,-118.51979064941406,34.25762939453125
84831996,2025,2025-09-05,1942,2025-08-26,750,33340,NA,2,5,7,1942,0,0,0,NA,0,2141,VALLEY CIRCLE BLVD,VANOWEN ST,0,NA,Y,A,-,N,NA,NA,NA,NA,NA,NA,NA,NA,NA,Y,3,0,3,3,A,-,09,21801,A,N,F,C,A,A,H,-,A,A,0,NA,NA,NA,NA,Y,NA,A,01,0,3,0,0,0,0,0,0,0,-,-,NA,NA,LOS ANGELES,LOS ANGELES,-118.65684509277344,34.19499588012695
84832036,2025,2025-09-05,1942,2025-05-30,2022,43456,NA,5,5,7,1942,0,0,0,NA,0,1545,11650 RIVERSIDE DR.,COLFAX AVE.,0,NA,Y,A,-,N,NA,NA,NA,NA,NA,NA,NA,NA,NA,Y,3,0,1,2,A,-,01,23152,A,N,F,E,A,A,H,-,C,A,0,NA,NA,NA,NA,Y,Y,A,01,0,1,0,0,0,0,0,0,0,-,-,NA,NA,LOS ANGELES,LOS ANGELES,-118.38775634765624,34.15762710571289
84832279,2025,2025-09-05,1942,2025-09-04,1940,35211,NA,4,5,7,1942,0,0,0,NA,0,1437,VENICE BLVD,SEPULVEDA BLVD,5,E,N,A,-,N,NA,NA,NA,NA,NA,NA,NA,NA,NA,N,4,0,1,2,A,-,04,21703,NA,F,C,C,A,A,H,-,C,A,0,NA,NA,NA,NA,Y,NA,-,99,0,0,1,0,0,0,0,0,0,-,-,NA,NA,LOS ANGELES,LOS ANGELES,-118.417236328125,34.01298904418945
84832420,2025,2025-09-08,1975,2025-08-22,1050,5053,NA,5,5,6,1975,0,0,0,NA,0,006,LA PUENTE RD,NOGALES ST,0,NA,Y,A,-,N,NA,NA,NA,NA,NA,NA,NA,NA,NA,N,4,0,1,2,A,-,09,21804,A,N,D,C,A,A,H,-,A,D,0,NA,NA,NA,NA,Y,NA,A,01,0,0,1,0,0,0,0,0,0,-,-,34.01020812988281,-117.88688659667967,LOS ANGELES,WEST COVINA,-117.88690185546876,34.01017379760742
84832446,2025,2025-09-08,1922,2025-08-14,1912,673,NA,4,5,6,1922,0,0,0,NA,0,002,HEMLOCK ST,COGSWELL RD,506,E,N,A,-,N,NA,NA,NA,NA,NA,NA,NA,NA,NA,Y,3,0,1,2,A,-,01,23152,A,N,C,E,A,A,H,-,B,D,0,NA,NA,NA,NA,Y,Y,A,01,0,1,0,0,0,0,0,0,0,-,-,34.093929290771484,-118.0037078857422,LOS ANGELES,EL MONTE,-118.00212860107422,34.09337615966797
84832449,2025,2025-09-08,1922,2025-08-16,1914,733,NA,6,5,6,1922,0,0,0,NA,0,003,GARVEY AVE,MERCED AVE (N),11,N,N,A,-,N,NA,NA,NA,NA,NA,NA,NA,NA,NA,N,3,0,1,2,A,-,09,21802,A,N,D,G,A,A,H,-,A,A,0,NA,Y,NA,NA,Y,NA,A,08,0,1,0,0,0,0,1,0,0,-,-,34.06267166137695,-118.05140686035156,LOS ANGELES,EL MONTE,-118.05136871337892,34.062740325927734
84832454,2025,2025-09-08,1922,2025-08-20,1603,690,NA,3,5,6,1922,0,0,0,NA,0,003,ADELIA AVE,RIO HONDO PKWY,207,S,N,A,-,N,NA,NA,NA,NA,NA,NA,NA,NA,NA,Y,3,0,1,2,A,-,01,23152,A,N,C,E,A,A,H,-,A,D,0,NA,NA,NA,NA,Y,Y,D,22,0,1,0,0,0,0,0,0,0,-,-,34.06766891479492,-118.0578384399414,LOS ANGELES,EL MONTE,-118.05833435058594,34.067440032958984
84832455,2025,2025-09-08,1922,2025-08-20,1603,698,NA,3,5,6,1922,0,0,0,NA,0,004,VALLEY BLVD,MOUNTAIN VIEW RD,0,NA,Y,A,-,N,NA,NA,NA,NA,NA,NA,NA,NA,NA,N,4,0,1,2,A,-,09,21800,A,N,D,C,A,A,H,-,A,A,0,NA,NA,NA,NA,Y,NA,A,07,0,0,1,0,0,0,0,0,0,-,-,34.06394958496094,-118.0207977294922,LOS ANGELES,EL MONTE,-118.02081298828124,34.063819885253906
84832469,2025,2025-09-08,1947,2025-08-08,1335,1472,NA,5,5,5,1947,0,0,0,NA,0,00C,WHITTIER BLVD,6TH ST,0,NA,Y,A,-,N,NA,NA,NA,NA,NA,NA,NA,NA,NA,N,4,0,1,2,A,-,10,21950,A,N,H,G,A,A,H,-,A,D,0,NA,Y,NA,NA,Y,NA,A,01,0,0,1,0,0,0,1,0,0,-,-,34.00954055786133,-118.10607147216795,LOS ANGELES,MONTEBELLO,-118.10605621337892,34.009613037109375
84832651,2025,2025-09-08,1925,2025-08-24,1158,20814,NA,7,5,6,1925,0,0,0,NA,0,002,IVY STREET,COLUMBUS AVENUE,387,W,N,A,-,N,NA,NA,NA,NA,NA,NA,NA,NA,NA,N,2,0,1,1,A,-,03,22350,NA,N,H,A,A,A,H,-,A,D,0,NA,NA,Y,NA,Y,NA,C,03,1,0,0,0,0,0,0,0,1,-,-,NA,NA,LOS ANGELES,GLENDALE,-118.26211547851564,34.14585876464844
84832653,2025,2025-09-08,1925,2025-08-25,723,30866,NA,1,5,6,1925,0,0,0,NA,0,004,VERDUGO ROAD,BROADWAY,0,NA,Y,A,-,N,NA,NA,NA,NA,NA,NA,NA,NA,NA,N,3,0,1,2,A,-,09,21800,A,N,C,C,A,A,H,-,A,A,0,NA,NA,Y,NA,Y,NA,A,07,0,1,0,0,0,0,0,0,1,-,-,34.14601135253906,-118.23504638671876,LOS ANGELES,GLENDALE,-118.2350616455078,34.14616012573242
84832737,2025,2025-09-08,1955,2025-07-28,1325,43215,NA,1,5,6,1955,0,0,0,NA,0,005,ARROW HWY,ORANGE GROVE AVE,0,NA,Y,A,-,N,NA,NA,NA,NA,NA,NA,NA,NA,NA,Y,4,0,1,2,A,-,09,21801,A,N,D,C,A,A,H,-,A,A,0,NA,NA,NA,NA,Y,NA,A,01,0,0,1,0,0,0,0,0,0,-,-,34.090049743652344,-117.74253082275392,LOS ANGELES,POMONA,-117.74254608154295,34.08995819091797
84832965,2025,2025-09-08,1975,2025-08-26,740,5037,NA,2,5,6,1975,0,0,0,NA,0,004,VALINDA AV,MERLINDA ST,280,S,N,A,-,N,NA,NA,NA,NA,NA,NA,NA,NA,NA,Y,4,0,1,2,A,-,08,22107,NA,N,D,C,A,A,H,-,A,D,0,NA,NA,NA,NA,Y,NA,A,01,0,0,1,0,0,0,0,0,0,-,-,34.056209564208984,-117.92546081542967,LOS ANGELES,WEST COVINA,-117.92550659179688,34.055381774902344
84832966,2025,2025-09-08,1975,2025-08-26,1300,5036,NA,2,5,6,1975,0,0,0,NA,0,002,GARVEY AV S,BARRANCA ST,380,W,N,B,-,N,NA,NA,NA,NA,NA,NA,NA,NA,NA,Y,4,0,1,2,A,-,03,22350,NA,N,C,C,A,A,H,-,A,D,0,NA,NA,NA,NA,Y,NA,A,01,0,0,1,0,0,0,0,0,0,-,-,34.07115173339844,-117.88124847412108,LOS ANGELES,WEST COVINA,-117.8825225830078,34.07121658325195
84832987,2025,2025-09-08,1923,2025-08-13,1228,520,NA,3,5,3,1923,0,0,0,NA,0,001,GRAND AVE,RICHMOND ST,3,E,N,A,-,N,NA,NA,NA,NA,NA,NA,NA,NA,NA,N,3,0,1,2,A,-,10,21950,A,N,G,B,B,A,H,-,A,A,0,Y,NA,NA,NA,Y,NA,A,07,0,1,0,0,1,0,0,0,0,-,-,33.918968200683594,-118.4171905517578,LOS ANGELES,EL SEGUNDO,-118.4171905517578,33.91899871826172
84833000,2025,2025-09-08,1922,2025-08-21,2004,721,NA,4,5,6,1922,0,0,0,NA,0,001,SANTA ANITA AVE,VALLEY BLVD,5,N,N,A,-,N,NA,NA,NA,NA,NA,NA,NA,NA,NA,N,3,0,1,2,A,-,11,21456,B,N,G,B,B,A,H,-,C,A,0,Y,NA,NA,NA,Y,Y,N,60,0,1,0,0,1,0,0,0,0,-,-,34.076419830322266,-118.0411376953125,LOS ANGELES,EL MONTE,-118.04109191894533,34.076480865478516
84833011,2025,2025-09-08,1947,2025-08-30,1955,1492,NA,6,5,5,1947,0,0,0,NA,0,00E,GREENWOOD AVE,SYCAMORE CONNECTOR RD,350,S,N,A,-,N,NA,NA,NA,NA,NA,NA,NA,NA,NA,Y,2,0,1,1,A,-,08,22107,NA,N,E,I,A,A,H,-,C,D,0,NA,NA,Y,NA,Y,NA,C,02,1,0,0,0,0,0,0,0,1,-,-,33.985958099365234,-118.1247787475586,LOS ANGELES,MONTEBELLO,-118.12547302246094,33.985107421875
84833012,2025,2025-09-08,1947,2025-09-03,2044,1490,NA,3,5,5,1947,0,0,0,NA,0,00D,MONTEBELLO BLVD,DATE ST,0,NA,Y,A,-,N,NA,NA,NA,NA,NA,NA,NA,NA,NA,Y,4,0,1,2,A,-,12,22450,A,N,D,C,A,A,H,-,C,A,0,NA,NA,NA,NA,Y,NA,A,01,0,0,1,0,0,0,0,0,0,-,-,33.98970031738281,-118.11869049072266,LOS ANGELES,MONTEBELLO,-118.1186294555664,33.9897346496582
84833144,2025,2025-09-08,1925,2025-08-20,1718,26039,NA,3,5,6,1925,0,0,0,NA,0,004,GLENDALE AVENUE,GLENOAKS BOULEVARD,0,NA,Y,A,-,N,NA,NA,NA,NA,NA,NA,NA,NA,NA,N,3,0,1,2,A,-,12,21453,A,M,D,C,A,A,H,-,A,A,0,NA,NA,NA,NA,Y,NA,A,01,0,1,0,0,0,0,0,0,0,-,-,34.15882110595703,-118.23992156982422,LOS ANGELES,GLENDALE,-118.23995971679688,34.158851623535156
84833148,2025,2025-09-08,1925,2025-08-25,1325,27629,NA,1,5,6,1925,0,0,0,NA,0,004,STOCKER STREET,ISABEL STREET,22,W,N,A,-,N,NA,NA,NA,NA,NA,NA,NA,NA,NA,N,3,0,2,2,A,-,09,21804,A,N,D,C,A,A,H,-,A,A,0,NA,NA,NA,NA,Y,NA,A,07,0,1,1,0,0,0,0,0,0,-,-,34.16381072998047,-118.24838256835938,LOS ANGELES,GLENDALE,-118.24851989746094,34.16380310058594
84833397,2025,2025-09-08,1963,2025-08-22,918,381,NA,5,5,3,1963,0,0,0,NA,0,TWO,SAN GABRIEL BLVD,CALIFORNIA BLVD,21,S,N,A,-,N,NA,NA,NA,NA,NA,NA,NA,NA,NA,N,2,0,1,2,A,-,10,21950,A,N,G,B,B,A,H,-,A,A,0,Y,NA,NA,NA,Y,NA,A,01,1,0,0,0,1,0,0,0,0,-,-,NA,NA,LOS ANGELES,SAN MARINO,-118.09435272216795,34.13569259643555
84833398,2025,2025-09-08,1975,2025-08-27,738,436,NA,3,5,6,1975,0,0,0,NA,0,006,TUESDAY DR,MISSOURI,0,NA,Y,A,-,N,NA,NA,NA,NA,NA,NA,NA,NA,NA,Y,3,0,1,2,A,-,09,21804,A,F,C,C,A,A,H,-,A,D,0,NA,NA,NA,NA,Y,NA,A,01,0,1,0,0,0,0,0,0,0,-,-,34.01403045654297,-117.89753723144533,LOS ANGELES,WEST COVINA,-117.89755249023438,34.01399612426758
84833404,2025,2025-09-08,1967,2025-08-14,2330,116,NA,4,5,2,1967,0,0,0,NA,0,SOUTH,SR-1 (PACIFIC COAST HIGHWAY),STANLEY AV,6,W,N,A,-,Y,NA,NA,NA,NA,NA,NA,NA,NA,NA,Y,3,0,1,1,A,-,01,23152,A,N,E,I,A,A,H,-,C,D,0,NA,NA,NA,NA,Y,Y,A,01,0,1,0,0,0,0,0,0,0,-,-,NA,NA,LOS ANGELES,SIGNAL HILL,-118.16223907470705,33.789859771728516
84833556,2025,2025-09-08,1925,2025-08-25,1513,30861,NA,1,5,6,1925,0,0,0,NA,0,002,SAN FERNANDO ROAD,CHEVY CHASE DRIVE,0,NA,Y,A,-,N,NA,NA,NA,NA,NA,NA,NA,NA,NA,Y,3,0,1,3,A,-,09,21801,A,N,D,C,A,A,H,-,A,A,0,NA,NA,NA,NA,Y,NA,A,01,0,1,0,0,0,0,0,0,0,-,-,34.13336944580078,-118.26255798339844,LOS ANGELES,GLENDALE,-118.26248168945313,34.133480072021484
84833558,2025,2025-09-08,1925,2025-08-26,1730,30861,NA,2,5,6,1925,0,0,0,NA,0,002,BROADWAY,CENTRAL AVENUE,121,W,N,A,-,N,NA,NA,NA,NA,NA,NA,NA,NA,NA,N,4,0,1,2,A,-,03,22350,NA,N,C,C,A,A,H,-,A,A,0,NA,NA,NA,NA,Y,NA,A,01,0,0,1,0,0,0,0,0,0,-,-,34.14683151245117,-118.25788116455078,LOS ANGELES,GLENDALE,-118.25830841064452,34.1468391418457
84833563,2025,2025-09-08,1925,2025-08-27,2233,27526,NA,3,5,6,1925,0,0,0,NA,0,004,MOUNTAIN STREET,VERDUGO ROAD,50,W,N,A,-,N,NA,NA,NA,NA,NA,NA,NA,NA,NA,Y,3,0,1,2,A,-,03,22350,NA,N,A,C,A,A,H,-,C,A,0,NA,NA,NA,NA,Y,NA,A,01,0,1,0,0,0,0,0,0,0,-,-,34.165008544921875,-118.23207092285156,LOS ANGELES,GLENDALE,-118.23227691650392,34.165164947509766