CASE_ID,ACCIDENT_YEAR,PROC_DATE,JURIS,COLLISION_DATE,COLLISION_TIME,OFFICER_ID,REPORTING_DISTRICT,DAY_OF_WEEK,CHP_SHIFT,POPULATION,CNTY_CITY_LOC,SPECIAL_COND,BEAT_TYPE,CHP_BEAT_TYPE,CITY_DIVISION_LAPD,CHP_BEAT_CLASS,BEAT_NUMBER,PRIMARY_RD,SECONDARY_RD,DISTANCE,DIRECTION,INTERSECTION,WEATHER_1,WEATHER_2,STATE_HWY_IND,CALTRANS_COUNTY,CALTRANS_DISTRICT,STATE_ROUTE,ROUTE_SUFFIX,POSTMILE_PREFIX,POSTMILE,LOCATION_TYPE,RAMP_INTERSECTION,SIDE_OF_HWY,TOW_AWAY,COLLISION_SEVERITY,NUMBER_KILLED,NUMBER_INJURED,PARTY_COUNT,PRIMARY_COLL_FACTOR,PCF_CODE_OF_VIOL,PCF_VIOL_CATEGORY,PCF_VIOLATION,PCF_VIOL_SUBSECTION,HIT_AND_RUN,TYPE_OF_COLLISION,MVIW,PED_ACTION,ROAD_SURFACE,ROAD_COND_1,ROAD_COND_2,LIGHTING,CONTROL_DEVICE,CHP_ROAD_TYPE,PEDESTRIAN_ACCIDENT,BICYCLE_ACCIDENT,MOTORCYCLE_ACCIDENT,TRUCK_ACCIDENT,NOT_PRIVATE_PROPERTY,ALCOHOL_INVOLVED,STWD_VEHTYPE_AT_FAULT,CHP_VEHTYPE_AT_FAULT,COUNT_SEVERE_INJ,COUNT_VISIBLE_INJ,COUNT_COMPLAINT_PAIN,COUNT_PED_KILLED,COUNT_PED_INJURED,COUNT_BICYCLIST_KILLED,COUNT_BICYCLIST_INJURED,COUNT_MC_KILLED,COUNT_MC_INJURED,PRIMARY_RAMP,SECONDARY_RAMP,LATITUDE,LONGITUDE,COUNTY,CITY,POINT_X,POINT_Y
84863432,2025,2025-09-29,1910,2025-09-12,2047,373,NA,5,5,4,1910,0,0,0,NA,0,NA,W 3RD ST,N OAKHURST DR,0,NA,Y,A,-,N,NA,NA,NA,NA,NA,NA,NA,NA,NA,N,3,0,1,1,D,-,00,NA,NA,N,H,J,A,A,H,-,A,A,0,NA,NA,NA,NA,Y,NA,-,-,0,1,0,0,0,0,0,0,0,-,-,34.076499938964844,-118.39129638671876,LOS ANGELES,BEVERLY HILLS,-118.39098358154295,34.073604583740234
84863435,2025,2025-09-29,1910,2025-09-05,1230,386,NA,5,5,4,1910,0,0,0,NA,0,009,W OLYMPIC BLVD,OAKHURST DR,35,W,N,A,-,N,NA,NA,NA,NA,NA,NA,NA,NA,NA,Y,3,0,1,3,A,-,08,22107,NA,N,B,C,A,A,H,-,A,D,0,NA,NA,NA,NA,Y,NA,A,01,0,1,0,0,0,0,0,0,0,-,-,34.05937957763672,-118.39739990234376,LOS ANGELES,BEVERLY HILLS,-118.39090728759766,34.05936050415039
84863436,2025,2025-09-29,1910,2025-09-04,1637,368,NA,4,5,4,1910,0,0,0,NA,0,005,OLYMPIC BLVD,S LINDEN DR,0,NA,Y,A,-,N,NA,NA,NA,NA,NA,NA,NA,NA,NA,Y,3,0,2,3,A,-,09,21801,A,N,D,C,A,A,H,-,A,A,0,NA,NA,NA,NA,Y,NA,A,07,0,1,1,0,0,0,0,0,0,-,-,34.059730529785156,-118.40779876708984,LOS ANGELES,BEVERLY HILLS,-118.40782165527344,34.059688568115234
84863463,2025,2025-09-29,1900,2025-09-23,810,634510,NA,2,5,4,1980,0,0,0,NA,0,173T1,WHITLEY COLLINS DR,SCOTWOOD DR (N),220,N,-,A,-,N,NA,NA,NA,NA,NA,NA,NA,NA,NA,Y,3,0,1,1,A,-,21,22106,NA,N,E,I,A,A,H,-,A,A,0,NA,NA,NA,NA,Y,NA,A,01,0,1,0,0,0,0,0,0,0,-,-,NA,NA,LOS ANGELES,RANCHO PALOS VERDES,-118.37560272216795,33.763484954833984
84863464,2025,2025-09-29,1900,2025-09-11,1850,533418,NA,4,5,5,1919,0,0,0,NA,0,230T,SOUTH ST,SHOEMAKER AV,0,NA,-,A,-,N,NA,NA,NA,NA,NA,NA,NA,NA,NA,Y,3,0,1,2,A,-,12,21453,A,N,D,C,A,A,H,-,A,A,0,NA,NA,NA,NA,Y,NA,A,01,0,1,0,0,0,0,0,0,0,-,-,33.858680725097656,-118.05496215820313,LOS ANGELES,CERRITOS,-118.05492401123048,33.858577728271484
84863467,2025,2025-09-29,1900,2025-09-22,1225,506163,NA,1,5,5,1919,0,0,0,NA,0,230T,NORWALK BLVD,166TH ST,0,NA,-,A,-,N,NA,NA,NA,NA,NA,NA,NA,NA,NA,N,2,0,2,2,A,-,12,21453,A,N,D,C,A,A,H,-,A,A,0,NA,NA,NA,NA,Y,Y,A,01,1,1,0,0,0,0,0,0,0,-,-,33.88037872314453,-118.07269287109376,LOS ANGELES,CERRITOS,-118.07271575927734,33.8803825378418
84863470,2025,2025-09-29,1900,2025-09-19,1402,526692,NA,5,5,1,1932,0,0,0,NA,0,141T2,AZUSA AVENUE,RAILROAD STREET,32,S,-,A,-,N,NA,NA,NA,NA,NA,NA,NA,NA,NA,N,4,0,1,2,A,-,03,22350,NA,N,C,C,A,A,H,-,A,A,0,NA,NA,NA,NA,Y,NA,A,07,0,0,1,0,0,0,0,0,0,-,-,34.00376892089844,-117.93028259277344,LOS ANGELES,INDUSTRY,-117.93040466308594,34.00380325317383
84863528,2025,2025-09-29,1967,2025-09-03,2330,142,NA,3,5,2,1967,0,0,0,NA,0,SOUTH,WILLOW,WALNUT AV,80,E,N,A,-,N,NA,NA,NA,NA,NA,NA,NA,NA,NA,N,3,0,1,2,D,-,00,NA,NA,F,G,B,D,A,H,-,C,D,0,Y,NA,NA,NA,Y,NA,-,-,0,1,0,0,1,0,0,0,0,-,-,NA,NA,LOS ANGELES,SIGNAL HILL,-118.17171478271484,33.80430603027344
84863583,2025,2025-09-29,1947,2025-09-13,1536,1485,NA,6,5,5,1947,0,0,0,NA,0,00E,WHITTIER BLVD,TAYLOR AVE,100,W,N,A,-,N,NA,NA,NA,NA,NA,NA,NA,NA,NA,Y,4,0,1,2,A,-,03,22350,NA,N,C,C,A,A,H,-,A,A,0,NA,NA,NA,NA,Y,NA,A,01,0,0,1,0,0,0,0,0,0,-,-,34.01129150390625,-118.1139907836914,LOS ANGELES,MONTEBELLO,-118.1142807006836,34.01140594482422
84863586,2025,2025-09-29,1947,2025-09-25,2152,1479,NA,4,5,5,1947,0,0,0,NA,0,00D,BLUFF RD,LOS ANGELES AVE,387,S,N,A,-,N,NA,NA,NA,NA,NA,NA,NA,NA,NA,N,3,0,1,3,A,-,21,22106,NA,F,D,C,A,A,H,-,C,D,0,NA,NA,NA,NA,Y,NA,D,22,0,1,0,0,0,0,0,0,0,-,-,NA,NA,LOS ANGELES,MONTEBELLO,-118.10214233398438,34.005863189697266
84863724,2025,2025-09-29,1955,2025-08-02,2052,43213,NA,6,5,6,1955,0,0,0,NA,0,003,HOLT AVE,TOWNE AVE,0,NA,Y,A,-,N,NA,NA,NA,NA,NA,NA,NA,NA,NA,N,4,0,1,2,A,-,12,21453,A,N,G,B,B,A,H,-,C,A,0,Y,NA,NA,NA,Y,Y,N,60,0,0,1,0,1,0,0,0,0,-,-,34.06270980834961,-117.74156951904295,LOS ANGELES,POMONA,-117.74158477783205,34.06258010864258
84863725,2025,2025-09-29,1955,2025-08-19,1507,43215,NA,2,5,6,1955,0,0,0,NA,0,001,ORANGE GROVE AVE,GAREY AVE,148,E,N,A,-,N,NA,NA,NA,NA,NA,NA,NA,NA,NA,N,3,0,2,2,A,-,09,21804,A,N,D,C,A,A,H,-,A,A,0,NA,NA,NA,NA,Y,NA,A,01,0,1,1,0,0,0,0,0,0,-,-,34.07276916503906,-117.7522201538086,LOS ANGELES,POMONA,-117.75180816650392,34.07278823852539
84863729,2025,2025-09-29,1955,2025-08-25,1839,43215,NA,1,5,6,1955,0,0,0,NA,0,002,FAIRPLEX DR,VIA VERDE,549,E,N,A,-,N,NA,NA,NA,NA,NA,NA,NA,NA,NA,Y,3,0,2,2,A,-,08,22107,NA,N,D,C,A,A,H,-,A,D,0,NA,NA,NA,NA,Y,NA,A,01,0,1,1,0,0,0,0,0,0,-,-,34.07905960083008,-117.77964019775392,LOS ANGELES,POMONA,-117.77849578857422,34.08019256591797
84863730,2025,2025-09-30,1955,2025-08-26,1046,43004,NA,2,5,6,1955,0,0,0,NA,0,005,PARK AVE,RIO RANCHO RD,0,NA,Y,A,-,N,NA,NA,NA,NA,NA,NA,NA,NA,NA,Y,4,0,1,2,A,-,12,21453,A,N,A,C,A,A,H,-,A,A,0,NA,NA,NA,NA,Y,NA,A,01,0,0,1,0,0,0,0,0,0,-,-,34.03348922729492,-117.7536392211914,LOS ANGELES,POMONA,-117.7536163330078,34.03352737426758
84863783,2025,2025-09-29,1955,2025-07-18,1005,43228,NA,5,5,6,1955,0,0,0,NA,0,003,HOLT AVE,PALOMA DR,0,N,Y,A,-,N,NA,NA,NA,NA,NA,NA,NA,NA,NA,Y,4,0,3,2,A,-,09,21801,A,N,C,C,A,A,D,-,A,D,0,NA,NA,NA,NA,Y,NA,A,07,0,0,3,0,0,0,0,0,0,-,-,34.06264114379883,-117.739501953125,LOS ANGELES,POMONA,-117.73948669433594,34.06264114379883
84863945,2025,2025-09-29,1942,2025-08-23,2130,46104,NA,6,5,7,1942,0,0,0,NA,0,1501,ETHEL AVE,KESWICK ST,25,N,N,A,-,N,NA,NA,NA,NA,NA,NA,NA,NA,NA,Y,3,0,1,3,A,-,07,21658,A,F,B,C,A,A,H,-,D,B,0,NA,NA,NA,NA,Y,Y,A,07,0,1,0,0,0,0,0,0,0,-,-,NA,NA,LOS ANGELES,LOS ANGELES,-118.4177474975586,34.20904541015625
84863951,2025,2025-09-29,1942,2025-09-27,620,41158,NA,6,5,7,1942,0,0,0,NA,0,1911,ROXFORD ST / ENCINITAS AVE,ENCINITAS AVE,0,NA,Y,C,-,Y,NA,NA,NA,NA,NA,NA,NA,NA,NA,Y,2,0,2,2,A,-,09,21801,A,N,D,C,A,B,H,-,C,A,0,NA,NA,NA,NA,Y,NA,-,31,1,0,1,0,0,0,0,0,0,-,-,NA,NA,LOS ANGELES,LOS ANGELES,-117.99989318847656,34.15137481689453
84863976,2025,2025-09-29,1942,2025-09-28,1615,36023,NA,7,5,7,1942,0,0,0,NA,0,0464,1ST ST,BREED ST,232,W,N,A,-,N,NA,NA,NA,NA,NA,NA,NA,NA,NA,Y,1,1,4,3,A,-,01,23152,F,F,B,E,A,A,H,-,A,D,0,NA,NA,NA,NA,Y,NA,D,22,1,3,0,0,0,0,0,0,0,-,-,NA,NA,LOS ANGELES,LOS ANGELES,-118.2117156982422,34.044612884521484
84863981,2025,2025-09-29,1942,2025-09-28,2205,37613,NA,7,5,7,1942,0,0,0,NA,0,1905,FOOTHILL BL,SAYRE ST,110,S,N,A,-,N,NA,NA,NA,NA,NA,NA,NA,NA,NA,N,2,0,1,2,A,-,11,21955,NA,N,G,B,D,A,H,-,C,D,0,Y,NA,NA,NA,Y,Y,N,60,1,0,0,0,1,0,0,0,0,-,-,NA,NA,LOS ANGELES,LOS ANGELES,-118.43350982666016,34.30992889404297
84863991,2025,2025-09-29,1942,2025-09-27,350,42624,NA,6,5,7,1942,0,0,0,NA,0,2074,WASHINGTON BL,KINGSLEY DR,52,E,N,A,-,N,NA,NA,NA,NA,NA,NA,NA,NA,NA,Y,4,0,1,3,A,-,01,23152,A,N,A,E,A,A,H,-,C,A,0,NA,NA,NA,NA,Y,Y,A,01,0,0,1,0,0,0,0,0,0,-,-,NA,NA,LOS ANGELES,LOS ANGELES,-118.3031997680664,34.039981842041016
84864022,2025,2025-09-29,1942,2025-09-27,2210,44581,NA,6,5,7,1942,0,0,0,NA,0,0759,9TH ST,WILTON PL,66,W,N,A,-,N,NA,NA,NA,NA,NA,NA,NA,NA,NA,Y,3,0,1,2,A,-,03,22350,NA,N,C,E,A,A,H,-,C,A,0,NA,NA,NA,NA,Y,NA,A,01,0,1,0,0,0,0,0,0,0,-,-,NA,NA,LOS ANGELES,LOS ANGELES,-118.31446838378906,34.055843353271484
84864027,2025,2025-09-29,1942,2025-09-26,1225,38264,NA,5,5,7,1942,0,0,0,NA,0,1009,ROSCOE BL,HASKELL AVE,350,E,N,B,-,N,NA,NA,NA,NA,NA,NA,NA,NA,NA,N,3,0,1,2,A,-,08,22107,NA,F,B,C,A,A,H,-,A,D,0,NA,NA,NA,NA,Y,Y,-,99,0,1,0,0,0,0,0,0,0,-,-,NA,NA,LOS ANGELES,LOS ANGELES,-118.47530364990234,34.22136306762695
84864033,2025,2025-09-29,1942,2025-09-27,215,43822,NA,6,5,7,1942,0,0,0,NA,0,2187,ESCOBEDO DR,MARMOL DR,0,NA,Y,A,-,N,NA,NA,NA,NA,NA,NA,NA,NA,NA,N,2,0,2,1,A,-,03,22350,NA,N,F,I,A,A,H,-,C,D,0,NA,NA,NA,NA,Y,NA,M,96,1,1,0,0,0,0,0,0,0,-,-,NA,NA,LOS ANGELES,LOS ANGELES,-118.59229278564452,34.16337966918945
84864112,2025,2025-09-29,1942,2025-09-27,2325,37613,NA,6,5,7,1942,0,0,0,NA,0,2126,DE SOTO AVE,INGOMAR ST,435,S,N,A,-,N,NA,NA,NA,NA,NA,NA,NA,NA,NA,Y,3,0,1,2,A,-,01,23152,A,N,C,E,A,A,H,-,C,A,0,NA,NA,NA,NA,Y,Y,A,01,0,1,0,0,0,0,0,0,0,-,-,NA,NA,LOS ANGELES,LOS ANGELES,-118.58847808837892,34.210716247558594
84864121,2025,2025-09-29,1942,2025-04-10,1700,42198,NA,4,5,7,1942,0,0,0,NA,0,0638,FRANKLIN AVE,CARMEN AVE,0,NA,Y,A,-,N,NA,NA,NA,NA,NA,NA,NA,NA,NA,Y,2,0,1,2,A,-,03,22350,NA,N,B,E,A,A,H,-,A,D,0,NA,NA,NA,NA,Y,NA,A,01,1,0,0,0,0,0,0,0,0,-,-,NA,NA,LOS ANGELES,LOS ANGELES,-118.3229522705078,34.10523986816406
84864135,2025,2025-09-29,1942,2025-09-26,1200,42775,NA,5,5,7,1942,0,0,0,NA,0,1029,SHERMAN WAY,HASKELL AVE,7,E,N,A,-,N,NA,NA,NA,NA,NA,NA,NA,NA,NA,N,4,0,1,2,A,-,03,22350,NA,F,C,C,A,A,H,-,A,A,0,NA,NA,NA,NA,Y,NA,-,99,0,0,1,0,0,0,0,0,0,-,-,NA,NA,LOS ANGELES,LOS ANGELES,-118.47486877441406,34.20112991333008
84864163,2025,2025-09-29,1942,2025-09-27,2320,42286,NA,6,5,7,1942,0,0,0,NA,0,1494,SEPULVEDA BL,CENTURY BL,0,NA,Y,B,-,N,NA,NA,NA,NA,NA,NA,NA,NA,NA,N,2,0,1,2,A,-,12,21453,A,F,G,B,B,A,H,-,C,A,0,Y,NA,NA,NA,Y,NA,-,99,1,0,0,0,1,0,0,0,0,-,-,NA,NA,LOS ANGELES,LOS ANGELES,-118.39633941650392,33.945552825927734
84864169,2025,2025-09-29,1966,2025-08-16,2320,11072,NA,6,5,3,1966,0,0,0,NA,0,NA,SIERRA MADRE BLVD,AUBURN AV,0,N,-,A,-,N,NA,NA,NA,NA,NA,NA,NA,NA,NA,N,3,0,1,2,A,-,09,21801,A,F,H,G,A,A,H,-,C,D,0,NA,Y,NA,NA,Y,Y,A,01,0,1,0,0,0,0,1,0,0,-,-,NA,NA,LOS ANGELES,SIERRA MADRE,-118.05496215820313,34.161895751953125
84864186,2025,2025-09-29,1942,2025-09-28,1910,38273,NA,7,5,7,1942,0,0,0,NA,0,1676,GLENOAKS BLVD,VINEDALE AVE,263,S,N,A,-,N,NA,NA,NA,NA,NA,NA,NA,NA,NA,N,1,1,0,2,A,-,11,21954,A,N,G,B,D,A,H,-,C,A,0,Y,NA,NA,NA,Y,NA,N,60,0,0,0,1,0,0,0,0,0,-,-,NA,NA,LOS ANGELES,LOS ANGELES,-118.36474609375,34.228084564208984
84864202,2025,2025-09-29,1942,2025-09-27,2350,45856,NA,6,5,7,1942,0,0,0,NA,0,2002,WESTERN AVE,MAPLEWOOD AVE,76,S,N,A,-,N,NA,NA,NA,NA,NA,NA,NA,NA,NA,N,2,0,1,2,A,-,11,21954,A,N,G,B,D,A,H,-,C,A,0,Y,NA,NA,NA,Y,NA,N,60,1,0,0,0,1,0,0,0,0,-,-,NA,NA,LOS ANGELES,LOS ANGELES,-118.30915069580078,34.07966995239258
84864236,2025,2025-09-29,1942,2025-09-27,440,42559,NA,6,5,7,1942,0,0,0,NA,0,2034,WILSHIRE BLVD,NORMANDIE BLVD,1,S,N,C,-,N,NA,NA,NA,NA,NA,NA,NA,NA,NA,Y,3,0,2,2,A,-,12,21453,A,N,D,C,A,B,H,-,C,A,0,NA,NA,NA,NA,Y,NA,A,01,0,2,0,0,0,0,0,0,0,-,-,NA,NA,LOS ANGELES,LOS ANGELES,-118.30039215087892,34.06174087524414
84864246,2025,2025-09-29,1942,2025-09-19,745,33340,NA,5,5,7,1942,0,0,0,NA,0,2103,SCHOENBORN ST,TOPANGA CANYON BLVD,0,NA,Y,B,-,Y,NA,NA,NA,NA,NA,NA,NA,NA,NA,Y,1,1,2,4,A,-,12,21453,A,N,D,C,A,A,H,-,A,A,0,NA,NA,NA,NA,Y,NA,A,01,1,1,0,0,0,0,0,0,0,-,-,NA,NA,LOS ANGELES,LOS ANGELES,-118.6060028076172,34.220916748046875
84864249,2025,2025-09-29,1910,2025-09-26,701,373,NA,5,5,4,1910,0,0,0,NA,0,004,CRESCENT DR,SUNSET BLVD.,345,N,N,B,-,N,NA,NA,NA,NA,NA,NA,NA,NA,NA,Y,3,0,1,2,A,-,08,22100,B,N,D,C,A,A,H,-,A,D,0,NA,NA,Y,NA,Y,NA,A,01,0,1,0,0,0,0,0,0,1,-,-,34.08205032348633,-118.41320037841795,LOS ANGELES,BEVERLY HILLS,-118.41307830810548,34.08198165893555
84864251,2025,2025-09-29,1910,2025-09-04,1150,368,NA,4,5,4,1910,0,0,0,NA,0,005,N SANTA MONICA BLVD,N LINDEN DR,0,NA,Y,A,-,Y,NA,NA,NA,NA,NA,NA,NA,NA,NA,N,4,0,1,2,A,-,17,21209,A,N,D,C,A,A,H,-,A,A,0,NA,NA,Y,NA,Y,NA,C,02,0,0,1,0,0,0,0,0,1,-,-,34.068199157714844,-118.40869903564452,LOS ANGELES,BEVERLY HILLS,-118.40869903564452,34.068214416503906
84864256,2025,2025-09-29,1910,2025-09-04,827,368,NA,4,5,4,1910,0,0,0,NA,0,005,S SANTA MONICA BLVD,MORENO DR,0,NA,Y,A,-,N,NA,NA,NA,NA,NA,NA,NA,NA,NA,N,4,0,1,2,A,-,21,22106,NA,F,G,B,B,A,H,-,A,A,0,Y,NA,NA,NA,Y,NA,A,07,0,0,1,0,1,0,0,0,0,-,-,34.06393814086914,-118.41400146484376,LOS ANGELES,BEVERLY HILLS,-118.4140625,34.06393814086914
84864259,2025,2025-09-29,1910,2025-09-01,1517,357,NA,1,5,4,1910,0,0,0,NA,0,005,N SANTA MONICA BLVD,BEVERLY DRIVE,17,E,N,A,-,N,NA,NA,NA,NA,NA,NA,NA,NA,NA,N,4,0,1,2,A,-,08,22107,NA,N,H,A,A,A,H,-,A,A,0,NA,Y,NA,NA,Y,NA,A,01,0,0,1,0,0,0,1,0,0,-,-,34.07181930541992,-118.4035873413086,LOS ANGELES,BEVERLY HILLS,-118.40362548828124,34.07169723510742
84864319,2025,2025-09-29,1942,2025-09-22,500,40353,NA,1,5,7,1942,0,0,0,NA,0,1501,COLDWATER CANYON AVE,SATICOY ST,0,NA,Y,A,-,N,NA,NA,NA,NA,NA,NA,NA,NA,NA,Y,3,0,1,2,A,-,01,23152,A,N,A,C,A,A,H,-,C,A,0,NA,NA,NA,NA,Y,Y,D,22,0,1,0,0,0,0,0,0,0,-,-,NA,NA,LOS ANGELES,LOS ANGELES,-118.41439056396484,34.206607818603516
84864395,2025,2025-09-29,1913,2025-09-25,1202,4294,NA,4,5,4,1913,0,0,0,NA,0,003,W BASELINE RD,ROCKMONT AVE,0,NA,Y,A,-,N,NA,NA,NA,NA,NA,NA,NA,NA,NA,N,4,0,1,2,A,-,03,22350,NA,N,C,C,A,A,H,-,A,D,0,NA,NA,NA,NA,Y,NA,A,01,0,0,1,0,0,0,0,0,0,-,-,34.12168884277344,-117.7289810180664,LOS ANGELES,CLAREMONT,-117.72783660888672,34.121681213378906
84864516,2025,2025-09-29,1942,2025-09-28,1450,41671,NA,7,5,7,1942,0,0,0,NA,0,1483,LINCOLN BL,LA TIJERA BL,320,N,N,A,-,N,NA,NA,NA,NA,NA,NA,NA,NA,NA,N,3,0,1,2,A,-,03,22350,NA,F,C,C,A,A,H,-,A,D,0,NA,NA,Y,NA,Y,NA,-,99,0,1,0,0,0,0,0,0,1,-,-,NA,NA,LOS ANGELES,LOS ANGELES,-118.41674041748048,33.95719909667969
84864547,2025,2025-09-29,1942,2025-09-27,30,44919,NA,6,5,7,1942,0,0,0,NA,0,1635,WENTWORTH ST. NORTH OF COAL CANYON RD.,COAL CANYON RD.,0,NA,Y,B,-,N,NA,NA,NA,NA,NA,NA,NA,NA,NA,N,2,0,1,2,A,-,04,21703,NA,F,C,C,A,A,H,-,C,D,0,NA,NA,Y,NA,Y,NA,A,01,1,0,0,0,0,0,0,0,1,-,-,NA,NA,LOS ANGELES,LOS ANGELES,-118.36823272705078,34.2639274597168
84864602,2025,2025-09-29,1942,2025-09-27,1900,42775,NA,6,5,7,1942,0,0,0,NA,0,1764,TAMPA AVE,NORDHOFF ST,442,S,N,A,-,N,NA,NA,NA,NA,NA,NA,NA,NA,NA,Y,3,0,1,2,A,-,09,21801,A,N,D,C,A,A,H,-,C,D,0,NA,NA,NA,NA,Y,NA,A,01,0,1,0,0,0,0,0,0,0,-,-,NA,NA,LOS ANGELES,LOS ANGELES,-118.55355072021484,34.23428726196289
84864657,2025,2025-09-29,1942,2025-09-25,20,39566,NA,4,5,7,1942,0,0,0,NA,0,0941,KESTER AV/ HATTERAS ST,HATTERAS ST,0,NA,Y,A,-,N,NA,NA,NA,NA,NA,NA,NA,NA,NA,Y,3,0,1,2,A,-,04,21703,NA,F,C,C,A,A,H,-,C,A,0,NA,NA,NA,NA,Y,NA,A,01,0,1,0,0,0,0,0,0,0,-,-,NA,NA,LOS ANGELES,LOS ANGELES,NA,NA
84864687,2025,2025-09-29,1942,2025-09-15,1105,42296,NA,1,5,7,1942,0,0,0,NA,0,1705,SAN FERNANDO RD,SUNSHINE CANYON RD,100,N,N,A,-,N,NA,NA,NA,NA,NA,NA,NA,NA,NA,N,4,0,1,2,A,-,21,22106,NA,N,C,C,A,A,H,-,A,A,0,NA,NA,NA,NA,Y,NA,D,22,0,0,1,0,0,0,0,0,0,-,-,NA,NA,LOS ANGELES,LOS ANGELES,-118.50325775146484,34.32389831542969
84864732,2025,2025-09-29,1942,2025-09-26,900,41003,NA,5,5,7,1942,0,0,0,NA,0,0805,SEPULVEDA BL,GETTY CENTER DRIVE,2800,N,N,A,-,N,NA,NA,NA,NA,NA,NA,NA,NA,NA,Y,3,0,2,2,A,-,08,22107,NA,F,B,C,A,A,H,-,A,D,0,NA,NA,NA,NA,Y,NA,-,99,0,1,1,0,0,0,0,0,0,-,-,NA,NA,LOS ANGELES,LOS ANGELES,-118.47542572021484,34.096126556396484
84864942,2025,2025-09-29,1942,2025-08-18,1045,43249,NA,1,5,7,1942,0,0,0,NA,0,0646,DE LONGPRE AVE,MCCADDEN PLACE,0,NA,Y,A,-,N,NA,NA,NA,NA,NA,NA,NA,NA,NA,N,4,0,1,2,A,-,11,21954,A,F,G,B,E,A,H,-,A,D,0,Y,NA,NA,NA,Y,NA,N,60,0,0,1,0,1,0,0,0,0,-,-,NA,NA,LOS ANGELES,LOS ANGELES,-118.33805847167967,34.096168518066406
84864960,2025,2025-09-29,1942,2025-09-26,630,42656,NA,5,5,7,1942,0,0,0,NA,0,0667,GORDON ST,LEXINGTON AVE,130,S,N,B,-,N,NA,NA,NA,NA,NA,NA,NA,NA,NA,N,3,0,2,2,A,-,06,21750,A,F,B,C,A,A,H,-,B,D,0,NA,NA,NA,NA,Y,NA,-,99,0,1,1,0,0,0,0,0,0,-,-,NA,NA,LOS ANGELES,LOS ANGELES,-118.3200912475586,34.09223175048828
84865021,2025,2025-09-29,1942,2025-09-26,1435,39655,NA,5,5,7,1942,0,0,0,NA,0,0666,FOUNTAIN AVE,VINE ST,38,E,N,A,-,N,NA,NA,NA,NA,NA,NA,NA,NA,NA,N,4,0,1,2,A,-,04,21703,NA,F,C,C,A,A,H,-,A,A,0,NA,NA,NA,NA,Y,NA,-,99,0,0,1,0,0,0,0,0,0,-,-,NA,NA,LOS ANGELES,LOS ANGELES,-118.32649230957033,34.0943717956543
84865086,2025,2025-09-29,1942,2025-09-26,2220,41957,NA,5,5,7,1942,0,0,0,NA,0,0817,LINDBROOK DR,HILGARD AVE,11,E,N,A,-,N,NA,NA,NA,NA,NA,NA,NA,NA,NA,N,4,0,1,2,A,-,10,21950,A,F,G,B,B,A,H,-,C,D,0,Y,NA,NA,NA,Y,NA,-,99,0,0,1,0,1,0,0,0,0,-,-,NA,NA,LOS ANGELES,LOS ANGELES,-118.44202423095705,34.06043243408203
84865364,2025,2025-09-30,1922,2025-09-06,959,729,NA,6,5,6,1922,0,0,0,NA,0,003,CENTRAL AVE,GARVEY AVE,0,NA,Y,A,-,N,NA,NA,NA,NA,NA,NA,NA,NA,NA,N,4,0,1,2,A,-,12,21457,A,N,D,C,A,A,H,-,A,B,0,NA,NA,NA,NA,Y,Y,A,01,0,0,1,0,0,0,0,0,0,-,-,34.06283950805664,-118.04685974121094,LOS ANGELES,EL MONTE,-118.0469207763672,34.0627326965332
84865365,2025,2025-09-30,1922,2025-09-07,1846,726,NA,7,5,6,1922,0,0,0,NA,0,003,TYLER AVE,KLINGERMAN ST,0,NA,Y,A,-,N,NA,NA,NA,NA,NA,NA,NA,NA,NA,Y,4,0,2,2,A,-,12,21453,A,N,D,C,A,A,H,-,A,A,0,NA,NA,NA,NA,Y,NA,A,01,0,0,2,0,0,0,0,0,0,-,-,34.05598831176758,-118.03565216064452,LOS ANGELES,EL MONTE,-118.03564453125,34.0560188293457
84865411,2025,2025-09-30,1909,2025-09-27,2036,648,NA,6,5,4,1909,0,0,0,NA,0,NORTH,GAGE AV,EMIL AV,0,NA,Y,A,-,N,NA,NA,NA,NA,NA,NA,NA,NA,NA,Y,2,0,2,4,A,-,01,23153,A,N,C,C,A,A,H,-,C,D,0,NA,NA,NA,NA,Y,Y,A,01,1,0,1,0,0,0,0,0,0,-,-,33.97304916381836,-118.14067840576172,LOS ANGELES,BELL GARDENS,-118.14070129394533,33.97308349609375
84865562,2025,2025-09-30,1925,2025-09-17,1455,21089,NA,3,5,6,1925,0,0,0,NA,0,001,GLENOAKS BOULEVARD,BRAND BOULEVARD,280,W,N,A,-,N,NA,NA,NA,NA,NA,NA,NA,NA,NA,Y,3,0,2,2,A,-,09,21801,A,N,D,C,A,A,H,-,A,A,0,NA,NA,NA,NA,Y,NA,A,07,0,1,1,0,0,0,0,0,0,-,-,34.159271240234375,-118.25505828857422,LOS ANGELES,GLENDALE,-118.25607299804688,34.15930938720703
84865809,2025,2025-09-30,1942,2025-09-27,620,41003,NA,6,5,7,1942,0,0,0,NA,0,1489,CENTURY BL,GLASGOW PL,0,NA,N,C,-,N,NA,NA,NA,NA,NA,NA,NA,NA,NA,Y,2,0,1,2,A,-,11,21955,NA,N,G,B,D,B,H,-,B,D,0,Y,NA,NA,NA,Y,NA,N,60,1,0,0,0,1,0,0,0,0,-,-,NA,NA,LOS ANGELES,LOS ANGELES,-118.3711395263672,33.94521713256836