CASE_ID,ACCIDENT_YEAR,PROC_DATE,JURIS,COLLISION_DATE,COLLISION_TIME,OFFICER_ID,REPORTING_DISTRICT,DAY_OF_WEEK,CHP_SHIFT,POPULATION,CNTY_CITY_LOC,SPECIAL_COND,BEAT_TYPE,CHP_BEAT_TYPE,CITY_DIVISION_LAPD,CHP_BEAT_CLASS,BEAT_NUMBER,PRIMARY_RD,SECONDARY_RD,DISTANCE,DIRECTION,INTERSECTION,WEATHER_1,WEATHER_2,STATE_HWY_IND,CALTRANS_COUNTY,CALTRANS_DISTRICT,STATE_ROUTE,ROUTE_SUFFIX,POSTMILE_PREFIX,POSTMILE,LOCATION_TYPE,RAMP_INTERSECTION,SIDE_OF_HWY,TOW_AWAY,COLLISION_SEVERITY,NUMBER_KILLED,NUMBER_INJURED,PARTY_COUNT,PRIMARY_COLL_FACTOR,PCF_CODE_OF_VIOL,PCF_VIOL_CATEGORY,PCF_VIOLATION,PCF_VIOL_SUBSECTION,HIT_AND_RUN,TYPE_OF_COLLISION,MVIW,PED_ACTION,ROAD_SURFACE,ROAD_COND_1,ROAD_COND_2,LIGHTING,CONTROL_DEVICE,CHP_ROAD_TYPE,PEDESTRIAN_ACCIDENT,BICYCLE_ACCIDENT,MOTORCYCLE_ACCIDENT,TRUCK_ACCIDENT,NOT_PRIVATE_PROPERTY,ALCOHOL_INVOLVED,STWD_VEHTYPE_AT_FAULT,CHP_VEHTYPE_AT_FAULT,COUNT_SEVERE_INJ,COUNT_VISIBLE_INJ,COUNT_COMPLAINT_PAIN,COUNT_PED_KILLED,COUNT_PED_INJURED,COUNT_BICYCLIST_KILLED,COUNT_BICYCLIST_INJURED,COUNT_MC_KILLED,COUNT_MC_INJURED,PRIMARY_RAMP,SECONDARY_RAMP,LATITUDE,LONGITUDE,COUNTY,CITY,POINT_X,POINT_Y
84882678,2025,2025-10-13,1955,2025-08-26,1037,40649,NA,2,5,6,1955,0,0,0,NA,0,002,BONITA AVE,GAREY AVE,18,W,N,A,-,N,NA,NA,NA,NA,NA,NA,NA,NA,NA,N,4,0,1,2,A,-,08,22107,NA,N,H,G,A,A,H,-,A,A,0,NA,Y,NA,NA,Y,NA,A,07,0,0,1,0,0,0,1,0,0,-,-,34.09634017944336,-117.7486572265625,LOS ANGELES,POMONA,-117.74870300292967,34.09625244140625
84882683,2025,2025-10-13,1955,2025-09-02,1409,43215,NA,2,5,6,1955,0,0,0,NA,0,003,TOWNE AVE,MONTEREY AVE,0,NA,Y,A,-,N,NA,NA,NA,NA,NA,NA,NA,NA,NA,Y,3,0,2,3,A,-,12,21453,A,N,D,C,A,A,H,-,A,A,0,NA,NA,NA,NA,Y,NA,A,01,0,1,1,0,0,0,0,0,0,-,-,34.060768127441406,-117.74150848388672,LOS ANGELES,POMONA,-117.74151611328124,34.060752868652344
84882867,2025,2025-10-13,1910,2025-10-09,1703,373,NA,4,5,4,1910,0,0,0,NA,0,009,DOHENY DR,WILSHIRE BLVD.,160,N,N,A,-,N,NA,NA,NA,NA,NA,NA,NA,NA,NA,N,3,0,1,2,A,-,09,21804,NA,N,D,J,A,A,H,-,A,D,0,NA,NA,Y,NA,Y,NA,A,01,0,1,0,0,0,0,0,0,1,-,-,34.067588806152344,-118.38861846923828,LOS ANGELES,BEVERLY HILLS,-118.38971710205078,34.06705856323242
84882916,2025,2025-10-13,1910,2025-10-11,1506,368,NA,6,5,4,1910,0,0,0,NA,0,009,OLYMPIC BLVD,S ROBERTSON BLVD,0,NA,Y,A,-,N,NA,NA,NA,NA,NA,NA,NA,NA,NA,Y,3,0,1,2,A,-,09,21801,A,N,A,C,A,A,H,-,A,A,0,NA,NA,NA,NA,Y,NA,A,07,0,1,0,0,0,0,0,0,0,-,-,34.05937957763672,-118.38359832763672,LOS ANGELES,BEVERLY HILLS,-118.38364410400392,34.059364318847656
84882920,2025,2025-10-13,1900,2025-10-08,921,3606,NA,3,5,5,1919,0,0,0,NA,0,233A,MARQUARDT AV,MONTAIRE PL,282,S,-,B,-,N,NA,NA,NA,NA,NA,NA,NA,NA,NA,Y,4,0,1,1,A,-,08,22107,NA,N,E,I,A,A,H,-,A,D,0,NA,NA,NA,NA,Y,NA,A,08,0,0,1,0,0,0,0,0,0,-,-,33.86397933959961,-118.03765106201172,LOS ANGELES,CERRITOS,-118.03765106201172,33.8641471862793
84882921,2025,2025-10-13,1900,2025-10-09,2040,602220,NA,4,5,5,1919,0,0,0,NA,0,230T,BLOOMFIELD AV,SOUTH ST,70,S,-,A,-,N,NA,NA,NA,NA,NA,NA,NA,NA,NA,Y,3,0,2,2,A,-,07,21658,A,N,C,C,A,A,H,-,C,A,0,NA,NA,NA,NA,Y,NA,A,01,0,1,1,0,0,0,0,0,0,-,-,NA,NA,LOS ANGELES,CERRITOS,-118.06369018554688,33.85832977294922
84882922,2025,2025-10-13,1900,2025-10-07,1733,550839,NA,2,5,6,1985,0,0,0,NA,0,61T1,VALLEY CENTER DRIVE,SOLEDAD CANYON ROAD,270,N,-,A,-,N,NA,NA,NA,NA,NA,NA,NA,NA,NA,N,4,0,1,2,A,-,08,22107,NA,N,C,C,A,A,H,-,A,D,0,NA,NA,NA,NA,Y,NA,A,01,0,0,1,0,0,0,0,0,0,-,-,34.42243957519531,-118.50534057617188,LOS ANGELES,SANTA CLARITA,-118.50440979003906,34.420780181884766
84882948,2025,2025-10-13,1901,2025-08-29,1428,131,NA,5,5,5,1901,0,0,0,NA,0,004,VALLEY BLVD,ELM ST,0,S,Y,A,-,N,NA,NA,NA,NA,NA,NA,NA,NA,NA,Y,3,0,4,2,A,-,08,22107,NA,N,B,C,A,A,H,-,A,A,0,NA,NA,NA,NA,Y,NA,A,01,0,1,3,0,0,0,0,0,0,-,-,34.07698059082031,-118.15078735351564,LOS ANGELES,ALHAMBRA,-118.15086364746094,34.076961517333984
84883087,2025,2025-10-13,1925,2025-09-24,954,28043,NA,3,5,6,1925,0,0,0,NA,0,004,MOUNTAIN STREET,VERDUGO ROAD,15,E,N,A,-,N,NA,NA,NA,NA,NA,NA,NA,NA,NA,N,4,0,1,2,A,-,03,22350,NA,N,C,C,A,A,H,-,A,A,0,NA,NA,NA,NA,Y,NA,A,01,0,0,1,0,0,0,0,0,0,-,-,34.165008544921875,-118.23207092285156,LOS ANGELES,GLENDALE,-118.23210144042967,34.16506576538086
84883091,2025,2025-10-13,1925,2025-10-01,1520,28644,NA,3,5,6,1925,0,0,0,NA,0,004,CHEVY CHASE DRIVE,HILL DRIVE,107,E,N,A,-,N,NA,NA,NA,NA,NA,NA,NA,NA,NA,N,3,0,1,2,A,-,06,21755,A,N,D,C,A,A,H,-,A,A,0,NA,NA,Y,NA,Y,NA,C,02,0,1,0,0,0,0,0,0,1,-,-,34.1546516418457,-118.2265396118164,LOS ANGELES,GLENDALE,-118.22617340087892,34.154815673828125
84883285,2025,2025-10-13,1942,2025-09-29,645,33340,NA,1,5,7,1942,0,0,0,NA,0,1727,CHATSWORTH ST,VANALDEN AVE,0,NA,Y,A,-,N,NA,NA,NA,NA,NA,NA,NA,NA,NA,N,2,0,1,2,A,-,09,21801,A,N,G,B,B,A,H,-,A,A,0,Y,NA,NA,NA,Y,NA,A,01,1,0,0,0,1,0,0,0,0,-,-,NA,NA,LOS ANGELES,LOS ANGELES,-118.54916381835938,34.26528549194336
84883353,2025,2025-10-13,1942,2025-10-10,1930,38996,NA,5,5,7,1942,0,0,0,NA,0,1958,WOODMAN AV,PINNEY ST,160,N,N,A,-,N,NA,NA,NA,NA,NA,NA,NA,NA,NA,Y,2,0,1,2,A,-,11,21954,A,N,G,B,E,A,H,-,B,D,0,Y,NA,NA,NA,Y,NA,N,60,1,0,0,0,1,0,0,0,0,-,-,NA,NA,LOS ANGELES,LOS ANGELES,-118.44932556152344,34.248863220214844
84883391,2025,2025-10-13,1942,2025-10-11,1925,38273,NA,6,5,7,1942,0,0,0,NA,0,1668,FOOTHILL BLVD,PINEWOOD AVE,420,E,N,A,-,N,NA,NA,NA,NA,NA,NA,NA,NA,NA,N,2,0,1,2,A,-,11,21954,A,N,G,B,D,A,H,-,C,A,0,Y,NA,NA,NA,Y,NA,N,60,1,0,0,0,1,0,0,0,0,-,-,NA,NA,LOS ANGELES,LOS ANGELES,-118.2845458984375,34.24794387817383
84883476,2025,2025-10-13,1942,2025-10-06,1125,37304,NA,1,5,7,1942,0,0,0,NA,0,1907,HUBBARD ST,FOOTHILL BLVD,560,E,N,A,-,Y,NA,NA,NA,NA,NA,NA,NA,NA,NA,Y,3,0,1,1,A,-,08,22107,NA,N,E,I,A,A,H,-,A,D,0,NA,NA,NA,NA,Y,NA,A,08,0,1,0,0,0,0,0,0,0,-,-,NA,NA,LOS ANGELES,LOS ANGELES,-118.42901611328124,34.308570861816406
84883504,2025,2025-10-13,1942,2025-10-12,2045,40388,NA,7,5,7,1942,0,0,0,NA,0,1566,RIVERSIDE DR,VINELAND AVE,60,W,N,A,-,N,NA,NA,NA,NA,NA,NA,NA,NA,NA,N,4,0,1,3,A,-,03,22350,NA,F,C,C,A,A,H,-,C,A,0,NA,NA,NA,NA,Y,NA,-,99,0,0,1,0,0,0,0,0,0,-,-,NA,NA,LOS ANGELES,LOS ANGELES,-118.37060546875,34.152427673339844
84883522,2025,2025-10-13,1942,2025-10-12,1910,42763,NA,7,5,7,1942,0,0,0,NA,0,1979,BRANFORD ST,ARLETA AVE,192,W,N,A,-,N,NA,NA,NA,NA,NA,NA,NA,NA,NA,Y,3,0,1,2,A,-,05,21650,NA,F,A,C,A,A,H,-,C,A,0,NA,NA,NA,NA,Y,NA,A,01,0,1,0,0,0,0,0,0,0,-,-,NA,NA,LOS ANGELES,LOS ANGELES,-118.42026519775392,34.23577880859375
84883533,2025,2025-10-13,1942,2025-10-01,1725,39217,NA,3,5,7,1942,0,0,0,NA,0,1705,5 GOLDEN STATE S/B OFF RAMP,SAN FERNANDO RD,0,NA,Y,A,-,N,NA,NA,NA,NA,NA,NA,NA,NA,NA,Y,2,0,1,3,A,-,09,21802,B,N,A,C,A,A,H,-,A,A,0,NA,NA,Y,NA,Y,NA,C,02,1,0,0,0,0,0,0,0,1,-,-,NA,NA,LOS ANGELES,LOS ANGELES,-118.48931121826172,34.31486511230469
84883557,2025,2025-10-13,1942,2025-10-10,1550,39281,NA,5,5,7,1942,0,0,0,NA,0,0971,CAMARILLO ST,SEPULVEDA BL,0,NA,Y,A,-,N,NA,NA,NA,NA,NA,NA,NA,NA,NA,N,3,0,1,2,A,-,10,21950,A,F,G,B,B,A,H,-,A,A,0,Y,NA,NA,NA,Y,NA,-,99,0,1,0,0,1,0,0,0,0,-,-,NA,NA,LOS ANGELES,LOS ANGELES,-118.46617889404295,34.1575813293457
84883576,2025,2025-10-13,1942,2025-10-10,1520,45473,NA,5,5,7,1942,0,0,0,NA,0,1655,WHEATLAND,SUNLAND BLVD,20,W,N,A,-,N,NA,NA,NA,NA,NA,NA,NA,NA,NA,Y,3,0,3,2,A,-,09,21801,A,N,A,C,A,A,H,-,A,A,0,NA,NA,NA,NA,Y,NA,A,07,0,3,0,0,0,0,0,0,0,-,-,NA,NA,LOS ANGELES,LOS ANGELES,-118.35746002197266,34.24705123901367
84883618,2025,2025-10-13,1942,2025-10-10,242,44163,NA,5,5,7,1942,0,0,0,NA,0,1587,UNIVERSAL STUDIOS BLVD,WC FIELDS DR,0,NA,Y,A,-,N,NA,NA,NA,NA,NA,NA,NA,NA,NA,N,4,0,2,2,A,-,08,22100,A,F,D,C,A,A,H,-,C,A,0,NA,NA,NA,NA,Y,NA,A,01,0,0,2,0,0,0,0,0,0,-,-,NA,NA,LOS ANGELES,LOS ANGELES,-118.35195159912108,34.134029388427734
84883685,2025,2025-10-13,1942,2025-10-12,900,33169,NA,7,5,7,1942,0,0,0,NA,0,0765,LA BREA AVE,PICO BLVD,200,N,N,A,-,N,NA,NA,NA,NA,NA,NA,NA,NA,NA,Y,3,0,2,2,A,-,01,23153,A,N,D,C,A,A,H,-,A,A,0,NA,NA,NA,NA,Y,Y,A,01,0,2,0,0,0,0,0,0,0,-,-,NA,NA,LOS ANGELES,LOS ANGELES,-118.34446716308594,34.04841232299805
84883712,2025,2025-10-13,1942,2025-10-03,1715,41671,NA,5,5,7,1942,0,0,0,NA,0,0825,BURLINGAME AV,SAN VICENTE BL,30,N,N,A,-,N,NA,NA,NA,NA,NA,NA,NA,NA,NA,N,2,0,1,2,A,-,11,21954,A,N,G,B,D,A,H,-,A,D,0,Y,NA,NA,NA,Y,NA,N,60,1,0,0,0,1,0,0,0,0,-,-,NA,NA,LOS ANGELES,LOS ANGELES,-118.48747253417967,34.0494384765625
84883841,2025,2025-10-13,1942,2025-10-11,2150,42538,NA,6,5,7,1942,0,0,0,NA,0,2076,WASHINGTON BLVD,VERMONT AVE,0,NA,Y,A,-,N,NA,NA,NA,NA,NA,NA,NA,NA,NA,N,4,0,1,2,A,-,09,21801,A,F,A,C,A,A,H,-,C,A,0,NA,NA,NA,NA,Y,NA,-,99,0,0,1,0,0,0,0,0,0,-,-,NA,NA,LOS ANGELES,LOS ANGELES,-118.29157257080078,34.040008544921875
84883862,2025,2025-10-13,1942,2025-10-12,5,41957,NA,7,5,7,1942,0,0,0,NA,0,0723,FAIRFAX AVE,COLGATE AVE,0,NA,Y,A,-,N,NA,NA,NA,NA,NA,NA,NA,NA,NA,N,2,0,1,2,A,-,11,21456,NA,N,G,B,B,A,H,-,C,A,0,Y,NA,NA,NA,Y,NA,N,60,1,0,0,0,1,0,0,0,0,-,-,NA,NA,LOS ANGELES,LOS ANGELES,-118.36141204833984,34.06904220581055
84883976,2025,2025-10-13,1942,2025-10-10,1512,42344,NA,5,5,7,1942,0,0,0,NA,0,0669,SANTA MONICA BL,OXFORD AVE,0,NA,Y,A,-,N,NA,NA,NA,NA,NA,NA,NA,NA,NA,N,2,0,1,2,A,-,06,21755,A,N,D,C,A,A,H,-,A,D,0,NA,NA,Y,NA,Y,NA,C,02,1,0,0,0,0,0,0,0,1,-,-,NA,NA,LOS ANGELES,LOS ANGELES,-118.30780029296876,34.09076690673828
84883981,2025,2025-10-13,1942,2025-10-03,1815,44067,NA,5,5,7,1942,0,0,0,NA,0,0904,SHERMAN WAY,SEPULVEDA BLVD,1122,E,N,A,-,N,NA,NA,NA,NA,NA,NA,NA,NA,NA,Y,3,0,1,2,A,-,01,23152,A,N,B,E,A,A,H,-,B,D,0,NA,NA,NA,NA,Y,Y,A,01,0,1,0,0,0,0,0,0,0,-,-,NA,NA,LOS ANGELES,LOS ANGELES,-118.46249389648438,34.20111846923828
84884233,2025,2025-10-13,1942,2025-10-11,2040,42763,NA,6,5,7,1942,0,0,0,NA,0,1063,VENTURA BL,AVENIDA HACIENDA,1,E,N,A,-,N,NA,NA,NA,NA,NA,NA,NA,NA,NA,Y,3,0,2,2,A,-,01,23152,A,N,A,C,A,A,H,-,C,D,0,NA,NA,NA,NA,Y,Y,D,22,0,2,0,0,0,0,0,0,0,-,-,NA,NA,LOS ANGELES,LOS ANGELES,-118.53361511230467,34.167808532714844
84884236,2025,2025-10-13,1942,2025-10-05,1510,45796,NA,7,5,7,1942,0,0,0,NA,0,0849,OLYMPIC BLVD,BEDFORD ST,0,NA,Y,A,-,N,NA,NA,NA,NA,NA,NA,NA,NA,NA,N,4,0,1,2,A,-,12,21453,A,F,H,C,A,A,H,-,A,D,0,NA,NA,NA,NA,Y,NA,A,01,0,0,1,0,0,0,0,0,0,-,-,NA,NA,LOS ANGELES,LOS ANGELES,-118.38038635253906,34.059349060058594
84884251,2025,2025-10-13,1942,2025-10-08,1545,42788,NA,3,5,7,1942,0,0,0,NA,0,2081,VENICE BLVD,SAINT ANDREWS PL,0,NA,Y,A,-,N,NA,NA,NA,NA,NA,NA,NA,NA,NA,Y,4,0,1,3,A,-,09,21801,A,F,D,C,A,A,H,-,A,A,0,NA,NA,NA,NA,Y,NA,D,22,0,0,1,0,0,0,0,0,0,-,-,NA,NA,LOS ANGELES,LOS ANGELES,-118.31159973144533,34.04357147216797
84884339,2025,2025-10-13,1942,2025-10-09,635,41158,NA,4,5,7,1942,0,0,0,NA,0,1595,VENTURA BL,COLFAX AVE,535,E,N,A,-,N,NA,NA,NA,NA,NA,NA,NA,NA,NA,Y,3,0,1,1,A,-,03,22350,NA,N,E,J,A,A,H,-,A,D,0,NA,NA,NA,NA,Y,NA,A,01,0,1,0,0,0,0,0,0,0,-,-,NA,NA,LOS ANGELES,LOS ANGELES,-118.38610076904295,34.14072799682617
84884381,2025,2025-10-13,1942,2025-10-06,1129,42296,NA,1,5,7,1942,0,0,0,NA,0,1549,CUMPSTON ST,LANKERSHIM BLVD,68,E,N,A,-,N,NA,NA,NA,NA,NA,NA,NA,NA,NA,N,4,0,1,2,A,-,08,22102,NA,N,D,C,A,A,H,-,A,D,0,NA,NA,NA,NA,Y,NA,A,07,0,0,1,0,0,0,0,0,0,-,-,NA,NA,LOS ANGELES,LOS ANGELES,-118.37747192382813,34.16999053955078
84884439,2025,2025-10-13,1942,2025-05-26,1355,37768,NA,1,5,7,1942,0,0,0,NA,0,1508,CLEON STREET,SATICOY STREET,0,NA,Y,A,-,N,NA,NA,NA,NA,NA,NA,NA,NA,NA,Y,1,1,2,4,A,-,09,21802,A,N,D,D,A,A,H,-,A,A,0,NA,NA,NA,Y,Y,NA,A,01,0,0,2,0,0,0,0,0,0,-,-,NA,NA,LOS ANGELES,LOS ANGELES,-118.3681411743164,34.20845031738281
84884664,2025,2025-10-14,1900,2025-09-10,1945,638521,NA,3,5,5,1959,0,0,0,NA,0,53T1PM,DEL MAR AV,GARVEY AV,15,S,-,A,-,N,NA,NA,NA,NA,NA,NA,NA,NA,NA,N,4,0,1,2,A,-,10,21950,A,N,G,B,B,A,H,-,C,D,0,Y,NA,NA,NA,Y,NA,A,01,0,0,1,0,1,0,0,0,0,-,-,34.06262969970703,-118.09947204589844,LOS ANGELES,ROSEMEAD,-118.09947204589844,34.06258773803711
84884672,2025,2025-10-14,1910,2025-10-07,1445,430,NA,2,5,4,1910,0,0,0,NA,0,NA,N DOHENY DR,N SANTA MONICA BLVD,0,NA,Y,A,-,N,NA,NA,NA,NA,NA,NA,NA,NA,NA,N,3,0,1,2,A,-,08,22107,NA,N,B,C,A,A,H,-,A,D,0,NA,NA,NA,NA,Y,NA,A,01,0,1,0,0,0,0,0,0,0,-,-,34.08024978637695,-118.38999938964844,LOS ANGELES,BEVERLY HILLS,-118.38976287841795,34.081146240234375
84884730,2025,2025-10-14,1975,2025-09-17,746,370,NA,3,5,6,1975,0,0,0,NA,0,001,PACIFIC AV,ON RAMP I.S. 10 WESTBOUND,160,N,N,A,-,N,NA,NA,NA,NA,NA,NA,NA,NA,NA,N,4,0,1,2,A,-,09,21804,A,N,D,C,A,A,H,-,A,D,0,NA,NA,NA,NA,Y,NA,A,01,0,0,1,0,0,0,0,0,0,-,-,NA,NA,LOS ANGELES,WEST COVINA,NA,NA
84884733,2025,2025-10-14,1975,2025-09-24,2010,492,NA,3,5,6,1975,0,0,0,NA,0,004,VALINDA AV,WEST COVINA PKWY,0,NA,Y,A,-,N,NA,NA,NA,NA,NA,NA,NA,NA,NA,Y,3,0,2,2,A,-,12,21453,A,N,D,C,A,A,H,-,C,A,0,NA,NA,NA,NA,Y,NA,-,-,0,2,0,0,0,0,0,0,0,-,-,34.0671501159668,-117.92574310302734,LOS ANGELES,WEST COVINA,-117.92569732666016,34.06709671020508
84884734,2025,2025-10-14,1975,2025-09-26,1829,5043,NA,5,5,6,1975,0,0,0,NA,0,006,LA PUENTE RD,SENTOUS ST,0,NA,Y,-,-,N,NA,NA,NA,NA,NA,NA,NA,NA,NA,Y,4,0,2,2,A,-,09,21801,A,N,D,C,A,A,H,-,A,A,0,NA,NA,NA,NA,Y,NA,A,01,0,0,2,0,0,0,0,0,0,-,-,34.01152038574219,-117.88002777099608,LOS ANGELES,WEST COVINA,-117.88011169433594,34.011451721191406
84884735,2025,2025-10-14,1975,2025-09-28,1559,504,NA,7,5,6,1975,0,0,0,NA,0,004,LARK ELLEN AV,MERCED AV,0,NA,Y,A,-,N,NA,NA,NA,NA,NA,NA,NA,NA,NA,Y,3,0,1,2,A,-,12,22450,A,N,D,C,A,A,H,-,A,A,0,NA,NA,NA,NA,Y,NA,A,01,0,1,0,0,0,0,0,0,0,-,-,34.05393981933594,-117.91683197021484,LOS ANGELES,WEST COVINA,-117.91683197021484,34.05392074584961
84884740,2025,2025-10-14,1975,2025-10-02,734,483,NA,4,5,6,1975,0,0,0,NA,0,003,DALEWOOD ST,PUENTE AV,50,E,N,A,-,N,NA,NA,NA,NA,NA,NA,NA,NA,NA,Y,3,0,1,2,A,-,09,21801,A,N,A,C,A,A,H,-,A,D,0,NA,NA,NA,NA,Y,NA,A,01,0,1,0,0,0,0,0,0,0,-,-,34.068599700927734,-117.96375274658205,LOS ANGELES,WEST COVINA,-117.96375274658205,34.068580627441406
84884773,2025,2025-10-14,1967,2025-08-21,1850,177,NA,4,5,2,1967,0,0,0,NA,0,NORTH,CALIFORNIA AV,SPRING,0,NA,Y,A,-,N,NA,NA,NA,NA,NA,NA,NA,NA,NA,N,4,0,1,2,D,-,00,NA,NA,F,D,C,A,A,H,-,A,A,0,NA,NA,NA,NA,Y,NA,-,-,0,0,1,0,0,0,0,0,0,-,-,NA,NA,LOS ANGELES,SIGNAL HILL,-118.18069458007813,33.811668395996094
84884774,2025,2025-10-14,1967,2025-08-24,2130,142,NA,7,5,2,1967,0,0,0,NA,0,NORTH,ORANGE AV,29TH,400,S,N,A,-,N,NA,NA,NA,NA,NA,NA,NA,NA,NA,N,4,0,2,2,D,-,00,NA,NA,F,C,C,A,A,H,-,C,D,0,NA,NA,NA,NA,Y,NA,-,-,0,0,2,0,0,0,0,0,0,-,-,NA,NA,LOS ANGELES,SIGNAL HILL,-118.17633819580078,33.80874252319336
84884775,2025,2025-10-14,1967,2025-09-06,1946,179,NA,6,5,2,1967,0,0,0,NA,0,SOUTH,CHERRY AV,BURNETT,30,N,N,A,-,N,NA,NA,NA,NA,NA,NA,NA,NA,NA,N,4,0,1,2,A,-,03,22350,NA,N,C,C,A,A,H,-,C,A,0,NA,NA,NA,NA,Y,NA,A,01,0,0,1,0,0,0,0,0,0,-,-,NA,NA,LOS ANGELES,SIGNAL HILL,-118.1677017211914,33.80083084106445
84884776,2025,2025-10-14,1967,2025-09-21,111,177,NA,7,5,2,1967,0,0,0,NA,0,SOUTH,CHERRY AV,21ST,18,N,N,A,-,N,NA,NA,NA,NA,NA,NA,NA,NA,NA,Y,4,0,3,2,A,-,03,22350,NA,N,C,C,A,A,H,-,C,A,0,NA,NA,NA,NA,Y,NA,A,01,0,0,3,0,0,0,0,0,0,-,-,NA,NA,LOS ANGELES,SIGNAL HILL,-118.16778564453124,33.79536819458008
84884777,2025,2025-10-14,1967,2025-09-25,1526,157,NA,4,5,2,1967,0,0,0,NA,0,SOUTH,SR-1 (PACIFIC COAST HWY),NEWPORT AV,0,NA,Y,A,-,Y,NA,NA,NA,NA,NA,NA,NA,NA,NA,Y,4,0,1,2,A,-,09,21804,A,N,D,C,A,A,H,-,A,A,0,NA,NA,NA,NA,Y,NA,A,07,0,0,1,0,0,0,0,0,0,-,-,NA,NA,LOS ANGELES,SIGNAL HILL,-118.15133666992188,33.789859771728516
84884778,2025,2025-10-14,1905,2025-10-06,2351,1234,NA,1,5,4,1905,0,0,0,NA,0,001,AZUSA AV,ARROW HWY,0,NA,-,A,-,N,NA,NA,NA,NA,NA,NA,NA,NA,NA,Y,3,0,2,2,A,-,12,21453,A,N,D,C,A,A,H,-,C,A,0,NA,NA,NA,NA,Y,NA,A,01,0,2,0,0,0,0,0,0,0,-,-,NA,NA,LOS ANGELES,AZUSA,-117.90760040283205,34.10674285888672
84884784,2025,2025-10-14,1956,2025-09-22,948,1410,NA,1,5,5,1956,0,0,0,NA,0,001,CATALINA AV,VISTA DEL MAR,0,NA,Y,A,-,N,NA,NA,NA,NA,NA,NA,NA,NA,NA,N,3,0,1,2,A,-,10,21950,A,N,G,B,B,A,H,-,A,D,0,Y,NA,NA,NA,Y,NA,A,01,0,1,0,0,1,0,0,0,0,-,-,33.817230224609375,-118.38758087158205,LOS ANGELES,REDONDO BEACH,-118.3876495361328,33.817264556884766
84884789,2025,2025-10-14,1962,2025-09-06,640,172,NA,6,5,4,1962,0,0,0,NA,0,004,SAN GABRIEL BLVD,MARSHALL ST (N),114,N,N,A,-,N,NA,NA,NA,NA,NA,NA,NA,NA,NA,N,3,0,1,1,A,-,08,22107,NA,N,E,I,A,A,H,-,A,D,0,NA,NA,NA,NA,Y,NA,A,07,0,1,0,0,0,0,0,0,0,-,-,34.07514953613281,-118.09075164794922,LOS ANGELES,SAN GABRIEL,-118.09072875976564,34.075462341308594
84884815,2025,2025-10-14,1922,2025-09-28,1119,624,NA,7,5,6,1922,0,0,0,NA,0,004,VALLEY BLVD,BASEBALL AVE,0,NA,Y,A,-,N,NA,NA,NA,NA,NA,NA,NA,NA,NA,N,3,0,1,2,A,-,08,22107,NA,N,B,G,A,A,H,-,A,A,0,NA,Y,NA,NA,Y,NA,A,07,0,1,0,0,0,0,1,0,0,-,-,34.06502914428711,-118.0227279663086,LOS ANGELES,EL MONTE,-118.02266693115234,34.06508255004883
84885020,2025,2025-10-14,1933,2025-09-26,2025,1005,NA,5,5,6,1933,0,0,0,NA,0,004,YUKON AV,CENTURY BLVD,0,NA,Y,A,-,N,NA,NA,NA,NA,NA,NA,NA,NA,NA,Y,4,0,2,2,A,-,12,21453,A,N,D,C,A,A,H,-,C,A,0,NA,NA,NA,NA,Y,NA,A,01,0,0,2,0,0,0,0,0,0,-,-,33.94544982910156,-118.33515167236328,LOS ANGELES,INGLEWOOD,-118.33516693115234,33.94546127319336
84885023,2025,2025-10-14,1933,2025-10-01,1842,913,NA,3,5,6,1933,0,0,0,NA,0,001,MARKET ST,HYDE PARK BLVD,50,S,N,A,-,N,NA,NA,NA,NA,NA,NA,NA,NA,NA,Y,4,0,1,2,A,-,03,22350,NA,N,A,E,A,A,H,-,A,D,0,NA,NA,NA,NA,Y,NA,A,07,0,0,1,0,0,0,0,0,0,-,-,33.97208023071289,-118.35588836669922,LOS ANGELES,INGLEWOOD,-118.35594177246094,33.971923828125
84885032,2025,2025-10-14,1933,2025-10-01,2114,1042,NA,3,5,6,1933,0,0,0,NA,0,004,PRAIRIE AV,104TH ST,0,S,Y,A,-,N,NA,NA,NA,NA,NA,NA,NA,NA,NA,Y,4,0,1,2,A,-,09,21801,A,N,A,C,A,A,H,-,C,A,0,NA,NA,NA,NA,Y,Y,A,01,0,0,1,0,0,0,0,0,0,-,-,NA,NA,LOS ANGELES,INGLEWOOD,-118.34394073486328,33.94180679321289
84885034,2025,2025-10-14,1933,2025-10-02,1519,913,NA,4,5,6,1933,0,0,0,NA,0,004,113TH ST,CRENSHAW BL,273,W,N,A,-,N,NA,NA,NA,NA,NA,NA,NA,NA,NA,Y,4,0,1,3,A,-,21,22106,NA,N,D,C,A,A,H,-,A,D,0,NA,NA,NA,NA,Y,NA,A,07,0,0,1,0,0,0,0,0,0,-,-,NA,NA,LOS ANGELES,INGLEWOOD,-118.32746887207033,33.93196105957031
84885038,2025,2025-10-14,1933,2025-10-02,1933,960,NA,4,5,6,1933,0,0,0,NA,0,001,HYDE PARK BLVD,VENICE WY,0,NA,Y,A,-,N,NA,NA,NA,NA,NA,NA,NA,NA,NA,N,4,0,1,4,A,-,08,22107,NA,F,B,C,A,A,H,-,C,D,0,NA,NA,NA,NA,Y,NA,A,01,0,0,1,0,0,0,0,0,0,-,-,33.968299865722656,-118.36805725097656,LOS ANGELES,INGLEWOOD,-118.36817932128906,33.968196868896484