CASE_ID,ACCIDENT_YEAR,PROC_DATE,JURIS,COLLISION_DATE,COLLISION_TIME,OFFICER_ID,REPORTING_DISTRICT,DAY_OF_WEEK,CHP_SHIFT,POPULATION,CNTY_CITY_LOC,SPECIAL_COND,BEAT_TYPE,CHP_BEAT_TYPE,CITY_DIVISION_LAPD,CHP_BEAT_CLASS,BEAT_NUMBER,PRIMARY_RD,SECONDARY_RD,DISTANCE,DIRECTION,INTERSECTION,WEATHER_1,WEATHER_2,STATE_HWY_IND,CALTRANS_COUNTY,CALTRANS_DISTRICT,STATE_ROUTE,ROUTE_SUFFIX,POSTMILE_PREFIX,POSTMILE,LOCATION_TYPE,RAMP_INTERSECTION,SIDE_OF_HWY,TOW_AWAY,COLLISION_SEVERITY,NUMBER_KILLED,NUMBER_INJURED,PARTY_COUNT,PRIMARY_COLL_FACTOR,PCF_CODE_OF_VIOL,PCF_VIOL_CATEGORY,PCF_VIOLATION,PCF_VIOL_SUBSECTION,HIT_AND_RUN,TYPE_OF_COLLISION,MVIW,PED_ACTION,ROAD_SURFACE,ROAD_COND_1,ROAD_COND_2,LIGHTING,CONTROL_DEVICE,CHP_ROAD_TYPE,PEDESTRIAN_ACCIDENT,BICYCLE_ACCIDENT,MOTORCYCLE_ACCIDENT,TRUCK_ACCIDENT,NOT_PRIVATE_PROPERTY,ALCOHOL_INVOLVED,STWD_VEHTYPE_AT_FAULT,CHP_VEHTYPE_AT_FAULT,COUNT_SEVERE_INJ,COUNT_VISIBLE_INJ,COUNT_COMPLAINT_PAIN,COUNT_PED_KILLED,COUNT_PED_INJURED,COUNT_BICYCLIST_KILLED,COUNT_BICYCLIST_INJURED,COUNT_MC_KILLED,COUNT_MC_INJURED,PRIMARY_RAMP,SECONDARY_RAMP,LATITUDE,LONGITUDE,COUNTY,CITY,POINT_X,POINT_Y
84889037,2025,2025-10-16,1942,2025-10-14,1220,40606,NA,2,5,7,1942,0,0,0,NA,0,NA,OXNARD,VAN NUYS,0,NA,Y,C,-,N,NA,NA,NA,NA,NA,NA,NA,NA,NA,Y,4,0,3,2,A,-,03,22350,NA,F,C,C,A,B,B,-,A,D,0,NA,NA,NA,NA,Y,NA,-,99,0,0,3,0,0,0,0,0,0,-,-,NA,NA,LOS ANGELES,LOS ANGELES,-118.44873809814452,34.17939758300781
84889053,2025,2025-10-16,1942,2025-10-15,840,35267,NA,3,5,7,1942,0,0,0,NA,0,0849,S. SHENANDOAH ST,CHALMERS DR.,0,NA,Y,A,-,N,NA,NA,NA,NA,NA,NA,NA,NA,NA,N,2,0,1,2,A,-,10,21950,A,N,G,B,B,A,H,-,A,D,0,Y,NA,NA,NA,Y,NA,A,01,1,0,0,0,1,0,0,0,0,-,-,NA,NA,LOS ANGELES,LOS ANGELES,-118.3813934326172,34.06093215942383
84889061,2025,2025-10-16,1942,2025-10-15,1000,40542,NA,3,5,7,1942,0,0,0,NA,0,0929,VICTORY,ETHEL AV,0,NA,Y,A,-,N,NA,NA,NA,NA,NA,NA,NA,NA,NA,Y,4,0,2,2,A,-,09,21801,B,N,D,C,A,A,G,-,A,A,0,NA,NA,NA,NA,Y,NA,A,01,0,0,2,0,0,0,0,0,0,-,-,NA,NA,LOS ANGELES,LOS ANGELES,-118.41813659667967,34.18667984008789
84889139,2025,2025-10-16,1942,2025-10-03,2250,40758,NA,5,5,7,1942,0,0,0,NA,0,0564,MESA STREET,7TH STREET,0,NA,Y,A,-,N,NA,NA,NA,NA,NA,NA,NA,NA,NA,Y,3,0,2,2,A,-,01,23152,A,N,D,C,A,A,H,-,C,A,0,NA,NA,NA,NA,Y,Y,A,01,0,1,1,0,0,0,0,0,0,-,-,NA,NA,LOS ANGELES,LOS ANGELES,-118.28572082519533,33.737857818603516
84889144,2025,2025-10-16,1942,2025-09-27,5,46257,NA,6,5,7,1942,0,0,0,NA,0,1283,WESTERN AVE,CENTURY BLVD,45,S,N,A,-,N,NA,NA,NA,NA,NA,NA,NA,NA,NA,Y,3,0,1,2,A,-,01,23152,A,N,D,C,A,A,H,-,C,A,0,NA,NA,NA,NA,Y,Y,A,01,0,1,0,0,0,0,0,0,0,-,-,NA,NA,LOS ANGELES,LOS ANGELES,-118.30902862548828,33.94532775878906
84889153,2025,2025-10-16,1942,2025-10-15,1320,40165,NA,3,5,7,1942,0,0,0,NA,0,1503,VANOWEN ST,LAUREL CANYON BL,0,NA,Y,A,-,N,NA,NA,NA,NA,NA,NA,NA,NA,NA,N,1,1,0,2,A,-,10,21950,A,N,G,B,B,A,H,-,A,A,0,Y,NA,NA,NA,Y,NA,D,22,0,0,0,1,0,0,0,0,0,-,-,NA,NA,LOS ANGELES,LOS ANGELES,-118.39652252197266,34.19395065307617
84889154,2025,2025-10-16,1942,2025-10-10,740,41729,NA,5,5,7,1942,0,0,0,NA,0,1241,MAIN STREET,76TH STREET,0,NA,Y,A,-,N,NA,NA,NA,NA,NA,NA,NA,NA,NA,N,3,0,1,2,A,-,09,21801,A,F,D,C,A,A,H,-,A,A,0,NA,NA,Y,NA,Y,NA,-,99,0,1,0,0,0,0,0,0,1,-,-,NA,NA,LOS ANGELES,LOS ANGELES,-118.27391815185548,33.97083282470703
84889211,2025,2025-10-16,1942,2025-09-20,158,44581,NA,6,5,7,1942,0,0,0,NA,0,1444,WASHINGTON BL,LINCOLN BL,16,E,N,B,-,Y,NA,NA,NA,NA,NA,NA,NA,NA,NA,N,1,1,0,2,A,-,11,21950,B,F,G,B,B,A,H,-,C,A,0,Y,NA,NA,NA,Y,NA,N,60,0,0,0,1,0,0,0,0,0,-,-,NA,NA,LOS ANGELES,LOS ANGELES,-118.44780731201172,33.9904899597168
84889241,2025,2025-10-16,1942,2025-07-11,1940,41642,NA,5,5,7,1942,0,0,0,NA,0,1416,BUNDY DR,STANWOOD DR,150,N,N,A,-,N,NA,NA,NA,NA,NA,NA,NA,NA,NA,Y,4,0,1,1,A,-,08,22107,NA,N,E,I,A,A,H,-,A,D,0,NA,NA,NA,NA,Y,NA,A,01,0,0,1,0,0,0,0,0,0,-,-,NA,NA,LOS ANGELES,LOS ANGELES,-118.44290161132813,34.015933990478516
84889248,2025,2025-10-16,1942,2025-10-09,1340,41671,NA,4,5,7,1942,0,0,0,NA,0,0855,MASSACHUSETTS AV,WESTWOOD BL,0,NA,Y,A,-,N,NA,NA,NA,NA,NA,NA,NA,NA,NA,N,2,0,1,2,A,-,10,21950,A,N,G,B,B,A,H,-,A,A,0,Y,NA,NA,NA,Y,NA,D,22,1,0,0,0,1,0,0,0,0,-,-,NA,NA,LOS ANGELES,LOS ANGELES,-118.43878936767578,34.051841735839844
84889249,2025,2025-10-16,1942,2025-10-09,1515,42069,NA,4,5,7,1942,0,0,0,NA,0,0358,MCCLINTOCK AVE,CHILDS WAY,0,NA,Y,A,-,N,NA,NA,NA,NA,NA,NA,NA,NA,NA,N,4,0,1,2,A,-,09,21800,A,N,A,G,A,A,H,-,A,D,0,NA,Y,NA,NA,Y,NA,A,01,0,0,1,0,0,0,1,0,0,-,-,NA,NA,LOS ANGELES,LOS ANGELES,-118.2890396118164,34.02199935913086
84889255,2025,2025-10-16,1942,2025-10-10,56,39494,NA,5,5,7,1942,0,0,0,NA,0,1515,LAUREL CANYON AND VANOWEN,VANOWEN,0,NA,Y,A,-,N,NA,NA,NA,NA,NA,NA,NA,NA,NA,Y,4,0,1,2,A,-,03,22350,NA,M,C,C,A,A,H,-,C,A,0,NA,NA,NA,Y,Y,NA,D,22,0,0,1,0,0,0,0,0,0,-,-,NA,NA,LOS ANGELES,LOS ANGELES,-118.39652252197266,34.19395065307617
84889278,2025,2025-10-16,1942,2025-09-04,940,41729,NA,4,5,7,1942,0,0,0,NA,0,0515,PACIFIC COAST HWY,ISLAND AVE,0,NA,N,A,-,Y,NA,NA,NA,NA,NA,NA,NA,NA,NA,N,3,0,1,2,A,-,09,21801,A,N,D,C,A,A,H,-,A,A,0,NA,NA,NA,NA,Y,NA,D,22,0,1,0,0,0,0,0,0,0,-,-,NA,NA,LOS ANGELES,LOS ANGELES,-118.26701354980467,33.790958404541016
84889430,2025,2025-10-16,1942,2025-10-05,900,40065,NA,7,5,7,1942,0,0,0,NA,0,1527,OXNARD ST,KLUMP AV,16,W,N,A,-,N,NA,NA,NA,NA,NA,NA,NA,NA,NA,Y,2,0,2,1,A,-,08,22107,NA,N,E,I,A,A,H,-,A,D,0,NA,NA,NA,NA,Y,NA,A,01,1,0,1,0,0,0,0,0,0,-,-,NA,NA,LOS ANGELES,LOS ANGELES,-118.37583160400392,34.17942810058594
84889472,2025,2025-10-16,1942,2025-09-19,2225,42192,NA,5,5,7,1942,0,0,0,NA,0,0929,LONGRIDGE AVE,KITTRIDGE ST,8,S,N,A,-,N,NA,NA,NA,NA,NA,NA,NA,NA,NA,N,3,0,2,2,A,-,12,22450,A,F,C,C,A,A,H,-,D,A,0,NA,NA,NA,NA,Y,NA,A,01,0,1,1,0,0,0,0,0,0,-,-,NA,NA,LOS ANGELES,LOS ANGELES,-118.42149353027344,34.190277099609375
84889487,2025,2025-10-16,1942,2025-10-15,2230,37613,NA,3,5,7,1942,0,0,0,NA,0,1701,PORTER RANCH DR,SESNON BL,45,S,N,A,-,N,NA,NA,NA,NA,NA,NA,NA,NA,NA,Y,3,0,2,1,A,-,08,22107,NA,N,E,I,A,A,H,-,C,A,0,NA,NA,NA,NA,Y,NA,A,01,0,2,0,0,0,0,0,0,0,-,-,NA,NA,LOS ANGELES,LOS ANGELES,-118.57288360595705,34.29243850708008
84889527,2025,2025-10-16,1942,2025-09-15,1700,39217,NA,1,5,7,1942,0,0,0,NA,0,1985,CHASE ST,HAZELTINE AVE,0,NA,Y,A,-,N,NA,NA,NA,NA,NA,NA,NA,NA,NA,N,4,0,1,2,A,-,04,21703,NA,F,C,C,A,A,H,-,A,A,0,NA,NA,NA,NA,Y,NA,-,99,0,0,1,0,0,0,0,0,0,-,-,NA,NA,LOS ANGELES,LOS ANGELES,-118.44046783447266,34.22538757324219
84889560,2025,2025-10-16,1942,2025-08-23,2000,45403,NA,6,5,7,1942,0,0,0,NA,0,1539,MAGNOLIA BLVD,AUCKLAND AVE,0,NA,Y,A,-,N,NA,NA,NA,NA,NA,NA,NA,NA,NA,N,4,0,1,2,A,-,12,22450,A,F,D,C,A,A,H,-,C,A,0,NA,NA,NA,NA,Y,NA,-,99,0,0,1,0,0,0,0,0,0,-,-,NA,NA,LOS ANGELES,LOS ANGELES,-118.36044311523438,34.16490936279297
84889606,2025,2025-10-16,1942,2025-09-06,1555,42539,NA,6,5,7,1942,0,0,0,NA,0,1862,BROADWAY,117TH ST,0,NA,Y,A,-,N,NA,NA,NA,NA,NA,NA,NA,NA,NA,N,3,0,1,1,C,-,18,NA,NA,N,H,I,A,A,A,C,A,A,0,NA,NA,Y,NA,Y,NA,-,-,0,1,0,0,0,0,0,0,1,-,-,NA,NA,LOS ANGELES,LOS ANGELES,-118.27825927734376,33.9273796081543
84889711,2025,2025-10-16,1942,2025-08-29,915,41729,NA,5,5,7,1942,0,0,0,NA,0,0321,NORMANDIE AVE,MARTIN LUTHER KING JR. BLVD,15,N,N,A,-,N,NA,NA,NA,NA,NA,NA,NA,NA,NA,N,3,0,3,2,A,-,03,22350,NA,N,C,C,A,A,H,-,A,A,0,NA,NA,NA,NA,Y,NA,A,01,0,3,0,0,0,0,0,0,0,-,-,NA,NA,LOS ANGELES,LOS ANGELES,-118.30017852783205,34.01091003417969
84889818,2025,2025-10-16,1942,2025-08-05,2330,43759,NA,2,5,7,1942,0,0,0,NA,0,1958,DEVONSHIRE ST,ARLETA AVE,250,W,N,A,-,N,NA,NA,NA,NA,NA,NA,NA,NA,NA,Y,4,0,2,2,A,-,01,23152,A,N,C,C,A,A,H,-,C,D,0,NA,NA,NA,NA,Y,Y,A,01,0,0,2,0,0,0,0,0,0,-,-,NA,NA,LOS ANGELES,LOS ANGELES,-118.44490814208984,34.25758361816406
84889838,2025,2025-10-16,1942,2025-08-30,1606,41671,NA,6,5,7,1942,0,0,0,NA,0,0841,BUNDY DR,TEXAS AV,0,NA,Y,A,-,N,NA,NA,NA,NA,NA,NA,NA,NA,NA,Y,3,0,2,2,B,-,22,NA,NA,N,D,C,A,A,H,-,A,A,0,NA,NA,NA,NA,Y,NA,-,98,0,2,0,0,0,0,0,0,0,-,-,NA,NA,LOS ANGELES,LOS ANGELES,-118.4661102294922,34.04292297363281
84889878,2025,2025-10-16,1942,2025-10-15,630,33340,NA,3,5,7,1942,0,0,0,NA,0,1517,VINELAND AVE,VANOWEN ST,0,NA,Y,A,-,N,NA,NA,NA,NA,NA,NA,NA,NA,NA,N,3,0,1,2,A,-,07,21658,A,N,B,C,A,A,H,-,A,D,0,NA,NA,NA,Y,Y,NA,F,27,0,1,0,0,0,0,0,0,0,-,-,NA,NA,LOS ANGELES,LOS ANGELES,-118.37030029296876,34.19395065307617
84890061,2025,2025-10-16,1913,2025-09-26,1727,4294,NA,5,5,4,1913,0,0,0,NA,0,001,956 W FOOTHILL BLVD,REGIS AVE,0,NA,Y,A,-,N,NA,NA,NA,NA,NA,NA,NA,NA,NA,Y,4,0,1,3,A,-,09,21801,A,N,D,C,A,A,H,-,B,D,0,NA,NA,NA,NA,Y,NA,A,01,0,0,1,0,0,0,0,0,0,-,-,34.106781005859375,-117.73316192626952,LOS ANGELES,CLAREMONT,-117.73447418212892,34.10701370239258
84890213,2025,2025-10-17,1900,2025-09-18,130,636463,NA,4,5,5,1954,0,0,0,NA,0,151T3,BEVERLY BLVD,PINE ST,233,W,-,C,-,N,NA,NA,NA,NA,NA,NA,NA,NA,NA,N,2,0,1,2,A,-,08,22107,NA,F,H,G,A,B,H,-,C,D,0,NA,Y,NA,NA,Y,NA,A,08,1,0,0,0,0,0,1,0,0,-,-,NA,NA,LOS ANGELES,PICO RIVERA,-118.08899688720705,34.013084411621094
84890214,2025,2025-10-17,1900,2025-07-13,223,635874,NA,7,5,6,1992,0,0,0,NA,0,112T2,AVENUE H,35TH ST E,244,W,-,A,-,N,NA,NA,NA,NA,NA,NA,NA,NA,NA,Y,1,1,1,2,D,-,00,NA,NA,N,A,C,A,A,H,-,D,D,0,NA,NA,NA,NA,Y,NA,-,-,0,1,0,0,0,0,0,0,0,-,-,34.719139099121094,-118.07054138183594,LOS ANGELES,LANCASTER,-118.06896209716795,34.71913528442383
84890216,2025,2025-10-17,1900,2025-01-11,1800,645934,NA,6,5,5,1915,0,0,0,NA,0,282T1,ROSECRANS AV,GIBSON AV,145,W,-,A,-,N,NA,NA,NA,NA,NA,NA,NA,NA,NA,N,4,0,5,2,A,-,04,21703,NA,N,C,C,A,A,H,-,A,A,0,NA,NA,NA,NA,Y,NA,A,01,0,0,5,0,0,0,0,0,0,-,-,33.90354919433594,-118.19010162353516,LOS ANGELES,COMPTON,-118.19004058837892,33.90366744995117
84890219,2025,2025-10-17,1900,2025-09-28,1454,650431,NA,7,5,3,1991,0,0,0,NA,0,123,ANGELES CREST HWY,BRIARTREE DR,738,S,-,A,-,Y,NA,NA,NA,NA,NA,NA,NA,NA,NA,N,3,0,4,2,A,-,03,22350,NA,N,A,C,A,A,H,-,A,D,0,NA,NA,NA,NA,Y,NA,A,01,0,3,1,0,0,0,0,0,0,-,-,NA,NA,LOS ANGELES,LA CANADA-FLINTRIDGE,-118.18975830078124,34.2192497253418
84890238,2025,2025-10-17,1900,2025-10-11,46,625466,NA,6,5,5,1919,0,0,0,NA,0,230T,SOUTH ST,GRIDLEY RD,0,NA,-,A,-,N,NA,NA,NA,NA,NA,NA,NA,NA,NA,Y,3,0,1,1,A,-,09,21801,A,N,E,I,A,A,H,-,C,A,0,NA,NA,NA,NA,Y,NA,A,07,0,1,0,0,0,0,0,0,0,-,-,33.85847091674805,-118.09087371826172,LOS ANGELES,CERRITOS,-118.09097290039064,33.85850524902344
84890245,2025,2025-10-17,1900,2025-07-07,915,660361,NA,1,5,4,1939,0,0,0,NA,0,35A,I 405 SB TO HAWTHORNE BL,HAWTHORNE BLVD,0,NA,-,A,-,Y,LA,NA,405,NA,NA,17.585,H,NA,L,N,4,0,1,2,A,-,12,21453,A,N,D,C,A,A,H,-,A,A,0,NA,NA,NA,NA,Y,NA,A,01,0,0,1,0,0,0,0,0,0,-,-,33.884300231933594,-118.35269927978516,LOS ANGELES,LAWNDALE,-118.35252380371094,33.88447952270508
84890249,2025,2025-10-17,1900,2025-09-09,1724,609674,NA,2,5,5,1959,0,0,0,NA,0,53T1PM,SAN GABRIEL BLVD,DELTA ST,0,NA,-,A,-,N,NA,NA,NA,NA,NA,NA,NA,NA,NA,Y,3,0,2,2,A,-,07,21658,A,N,D,C,A,A,H,-,A,D,0,NA,NA,Y,NA,Y,Y,C,02,0,2,0,0,0,0,0,0,1,-,-,34.042388916015625,-118.08566284179688,LOS ANGELES,ROSEMEAD,-118.08616638183594,34.04264450073242
84890257,2025,2025-10-17,1900,2025-10-06,1701,659681,NA,1,5,5,1977,0,0,0,NA,0,167T1,MAIN ST,SEPULVEDA BLVD,976,S,-,A,-,N,NA,NA,NA,NA,NA,NA,NA,NA,NA,Y,3,0,1,2,A,-,08,22107,NA,N,G,C,A,A,H,-,A,D,0,NA,NA,NA,NA,Y,Y,A,01,0,1,0,0,0,0,0,0,0,-,-,33.80509948730469,-118.27539825439452,LOS ANGELES,CARSON,-118.27560424804688,33.805206298828125
84890260,2025,2025-10-17,1900,2025-10-09,2140,637374,NA,4,5,5,1977,0,0,0,NA,0,160T,AVALON BLVD,STADIUM WAY,0,NA,-,A,-,N,NA,NA,NA,NA,NA,NA,NA,NA,NA,Y,3,0,1,1,A,-,03,22350,NA,N,E,I,A,A,H,-,C,A,0,NA,NA,NA,NA,Y,NA,A,07,0,1,0,0,0,0,0,0,0,-,-,33.83858108520508,-118.26378631591795,LOS ANGELES,CARSON,NA,NA
84890262,2025,2025-10-17,1900,2025-10-12,145,637374,NA,7,5,5,1977,0,0,0,NA,0,160T,DOMINGUEZ ST,PROSPECT AV,11,W,-,A,-,N,NA,NA,NA,NA,NA,NA,NA,NA,NA,Y,4,0,1,1,A,-,03,22350,NA,N,E,I,A,A,H,-,C,D,0,NA,NA,NA,NA,Y,NA,A,07,0,0,1,0,0,0,0,0,0,-,-,33.839298248291016,-118.21835327148438,LOS ANGELES,CARSON,-118.2183074951172,33.83919906616211
84890270,2025,2025-10-17,1900,2025-07-24,1630,686294,NA,4,5,6,1992,0,0,0,NA,0,112T2,AVENUE H-1,15TH ST W,0,NA,-,A,-,N,NA,NA,NA,NA,NA,NA,NA,NA,NA,N,3,0,2,2,A,-,09,21801,A,N,D,C,A,A,H,-,A,D,0,NA,NA,NA,NA,Y,NA,-,99,0,1,1,0,0,0,0,0,0,-,-,34.71725082397461,-118.15737915039064,LOS ANGELES,LANCASTER,-118.15731048583984,34.71725845336914
84890273,2025,2025-10-17,1900,2025-08-04,1900,676879,NA,1,5,6,1992,0,0,0,NA,0,111T1,20TH ST W,LANCASTER BLVD,11,S,-,A,-,N,NA,NA,NA,NA,NA,NA,NA,NA,NA,N,3,0,1,2,D,-,00,NA,NA,M,H,G,A,A,H,-,C,A,0,NA,Y,NA,NA,Y,NA,-,-,0,1,0,0,0,0,1,0,0,-,-,34.69662094116211,-118.1658935546875,LOS ANGELES,LANCASTER,-118.1658172607422,34.69670867919922
84890274,2025,2025-10-17,1900,2025-08-08,1101,617242,NA,5,5,6,1992,0,0,0,NA,0,111T1,AVENUE M,30TH ST W,0,NA,-,A,-,N,NA,NA,NA,NA,NA,NA,NA,NA,NA,Y,4,0,1,2,A,-,12,21453,A,N,D,C,A,A,H,-,A,A,0,NA,NA,NA,NA,Y,NA,A,01,0,0,1,0,0,0,0,0,0,-,-,NA,NA,LOS ANGELES,LANCASTER,-118.18305206298828,34.645687103271484
84890275,2025,2025-10-17,1900,2025-08-10,1804,676879,NA,7,5,6,1992,0,0,0,NA,0,111T1,10TH ST W,JACKMAN ST,0,NA,-,A,-,N,NA,NA,NA,NA,NA,NA,NA,NA,NA,Y,2,0,1,2,A,-,08,22107,NA,N,B,C,A,A,H,-,A,A,0,NA,NA,Y,NA,Y,NA,C,02,1,0,0,0,0,0,0,0,1,-,-,34.70085906982422,-118.14801788330078,LOS ANGELES,LANCASTER,-118.14810180664064,34.70081329345703
84890280,2025,2025-10-17,1900,2025-08-26,1931,676879,NA,2,5,6,1992,0,0,0,NA,0,111T1,AVENUE J,VALLEY CENTRAL WY,0,NA,-,A,-,N,NA,NA,NA,NA,NA,NA,NA,NA,NA,Y,3,0,4,2,D,-,00,NA,NA,N,D,C,A,A,H,-,B,A,0,NA,NA,NA,NA,Y,NA,-,-,0,1,3,0,0,0,0,0,0,-,-,NA,NA,LOS ANGELES,LANCASTER,-118.17217254638672,34.68933868408203
84890282,2025,2025-10-17,1900,2025-10-06,1110,476466,NA,1,5,6,1985,0,0,0,NA,0,62T1,NEWHALL AV,RAILROAD AV,0,NA,-,A,-,N,NA,NA,NA,NA,NA,NA,NA,NA,NA,Y,3,0,2,2,A,-,12,21453,A,N,D,C,A,A,H,-,A,A,0,NA,NA,NA,NA,Y,NA,A,07,0,1,1,0,0,0,0,0,0,-,-,34.37527847290039,-118.52385711669922,LOS ANGELES,SANTA CLARITA,-118.52418518066406,34.37556457519531
84890284,2025,2025-10-17,1900,2025-10-06,1300,641133,NA,1,5,6,1985,0,0,0,NA,0,61T1,SOLEDAD CANYON RD,ANNE FREDA ST,0,NA,-,A,-,N,NA,NA,NA,NA,NA,NA,NA,NA,NA,Y,3,0,1,2,A,-,09,21802,A,N,C,C,A,A,H,-,A,D,0,NA,NA,NA,NA,Y,NA,D,22,0,1,0,0,0,0,0,0,0,-,-,34.422821044921875,-118.43321228027344,LOS ANGELES,SANTA CLARITA,-118.4330825805664,34.42292022705078
84890286,2025,2025-10-17,1900,2025-10-07,800,623701,NA,2,5,6,1985,0,0,0,NA,0,61T1,GOLDEN VALLEY RD,MCKEON DR,20,N,-,A,-,N,NA,NA,NA,NA,NA,NA,NA,NA,NA,N,2,0,1,2,A,-,17,21451,A,N,H,G,A,A,H,-,A,A,0,NA,Y,NA,NA,Y,NA,A,01,1,0,0,0,0,0,1,0,0,-,-,34.4169807434082,-118.50241088867188,LOS ANGELES,SANTA CLARITA,-118.50260162353516,34.416934967041016
84890288,2025,2025-10-17,1900,2025-10-09,2045,651415,NA,4,5,6,1985,0,0,0,NA,0,62T1,ARROYO PARK DR,MCBEAN PKWY,0,NA,-,A,-,N,NA,NA,NA,NA,NA,NA,NA,NA,NA,Y,3,0,2,2,A,-,09,21801,A,N,A,C,A,A,H,-,C,A,0,NA,NA,NA,NA,Y,NA,A,01,0,1,1,0,0,0,0,0,0,-,-,NA,NA,LOS ANGELES,SANTA CLARITA,-118.5533447265625,34.4046516418457
84890289,2025,2025-10-17,1900,2025-10-10,1611,476466,NA,5,5,6,1985,0,0,0,NA,0,62T1,OAK RIDGE DR,VIA PRINCESSA,10,N,-,A,-,N,NA,NA,NA,NA,NA,NA,NA,NA,NA,Y,4,0,1,3,A,-,04,21703,NA,N,C,C,A,A,H,-,A,A,0,NA,NA,NA,NA,Y,NA,A,07,0,0,1,0,0,0,0,0,0,-,-,34.39725875854492,-118.535888671875,LOS ANGELES,SANTA CLARITA,-118.53590393066406,34.3973388671875
84890290,2025,2025-10-17,1900,2025-10-10,1849,476466,NA,5,5,6,1985,0,0,0,NA,0,62T1,RAILROAD AV,LYONS AV,0,N,-,A,-,N,NA,NA,NA,NA,NA,NA,NA,NA,NA,N,4,0,1,2,D,-,00,NA,NA,M,C,C,A,A,H,-,C,A,0,NA,NA,NA,NA,Y,NA,-,-,0,0,1,0,0,0,0,0,0,-,-,34.38180160522461,-118.5283432006836,LOS ANGELES,SANTA CLARITA,-118.52906036376952,34.38188171386719
84890292,2025,2025-10-17,1900,2025-09-19,1540,672478,NA,5,5,6,1950,0,0,0,NA,0,263T1,SIERRA HIGHWAY,AVENUE N,0,NA,-,A,-,N,NA,NA,NA,NA,NA,NA,NA,NA,NA,Y,4,0,2,2,A,-,08,22107,NA,N,B,C,A,A,H,-,A,D,0,NA,NA,NA,NA,Y,NA,A,01,0,0,2,0,0,0,0,0,0,-,-,34.63098907470703,-118.12592315673828,LOS ANGELES,PALMDALE,-118.12593841552734,34.63111877441406
84890294,2025,2025-10-17,1900,2025-10-11,1925,642979,NA,6,5,6,1985,0,0,0,NA,0,64T1,JAKES WY,SANDY DR,0,NA,-,A,-,N,NA,NA,NA,NA,NA,NA,NA,NA,NA,Y,4,0,3,2,A,-,12,22450,A,N,A,C,A,A,H,-,C,D,0,NA,NA,NA,NA,Y,NA,A,01,0,0,3,0,0,0,0,0,0,-,-,34.41141891479492,-118.4499282836914,LOS ANGELES,SANTA CLARITA,-118.44994354248048,34.411338806152344
84890301,2025,2025-10-17,1900,2025-10-13,1459,643228,NA,1,5,6,1985,0,0,0,NA,0,62T1,NEWHALL RANCH RD,MCBEAN PKWY,10,W,-,A,-,N,NA,NA,NA,NA,NA,NA,NA,NA,NA,N,4,0,1,2,A,-,04,21703,NA,N,C,C,A,A,H,-,A,A,0,NA,NA,NA,NA,Y,NA,A,07,0,0,1,0,0,0,0,0,0,-,-,34.43130874633789,-118.55793762207033,LOS ANGELES,SANTA CLARITA,-118.55775451660156,34.43136978149414
84890305,2025,2025-10-17,1900,2025-09-08,1208,617242,NA,1,5,6,1992,0,0,0,NA,0,112T1,AVENUE M,CHALLENGER WY,0,NA,-,A,-,N,NA,NA,NA,NA,NA,NA,NA,NA,NA,Y,4,0,2,2,A,-,09,21802,A,N,D,C,A,A,H,-,A,A,0,NA,NA,NA,NA,Y,NA,A,01,0,0,2,0,0,0,0,0,0,-,-,NA,NA,LOS ANGELES,LANCASTER,-118.1123275756836,34.645931243896484
84890307,2025,2025-10-17,1900,2025-10-01,1048,673900,NA,3,5,6,1950,0,0,0,NA,0,263T1,27TH ST E,PALMDALE BLVD (E),0,NA,-,A,-,Y,NA,NA,NA,NA,NA,NA,NA,NA,NA,Y,4,0,2,2,A,-,09,21801,A,N,D,C,A,A,H,-,A,D,0,NA,NA,NA,NA,Y,NA,A,01,0,0,2,0,0,0,0,0,0,-,-,NA,NA,LOS ANGELES,PALMDALE,-118.08113098144533,34.580230712890625
84890311,2025,2025-10-17,1900,2025-09-17,1243,617242,NA,3,5,6,1992,0,0,0,NA,0,112T1,AVENUE J-8,40TH STREET WEST,0,NA,-,A,-,N,NA,NA,NA,NA,NA,NA,NA,NA,NA,N,4,0,2,2,A,-,12,22450,A,N,D,C,A,A,H,-,A,A,0,NA,NA,NA,NA,Y,NA,A,01,0,0,2,0,0,0,0,0,0,-,-,NA,NA,LOS ANGELES,LANCASTER,-118.20156860351564,34.68212127685547
84890312,2025,2025-10-17,1900,2025-09-17,1936,672,NA,3,5,6,1992,0,0,0,NA,0,111T1,AVENUE L,20TH ST W,0,NA,-,A,-,N,NA,NA,NA,NA,NA,NA,NA,NA,NA,Y,3,0,1,2,A,-,09,21801,A,N,D,C,A,A,H,-,C,A,0,NA,NA,NA,NA,Y,NA,A,01,0,1,0,0,0,0,0,0,0,-,-,34.660518646240234,-118.16562652587892,LOS ANGELES,LANCASTER,-118.16564178466795,34.660404205322266
84890314,2025,2025-10-17,1900,2025-09-19,1148,647596,NA,5,5,6,1992,0,0,0,NA,0,112T2,AVENUE L,10TH ST W,495,W,-,A,-,N,NA,NA,NA,NA,NA,NA,NA,NA,NA,Y,2,0,5,2,A,-,12,21453,A,N,D,C,A,A,H,-,A,A,0,NA,NA,NA,NA,Y,NA,A,08,1,4,0,0,0,0,0,0,0,-,-,34.66044998168945,-118.1496810913086,LOS ANGELES,LANCASTER,-118.14948272705078,34.660369873046875