CASE_ID,ACCIDENT_YEAR,PROC_DATE,JURIS,COLLISION_DATE,COLLISION_TIME,OFFICER_ID,REPORTING_DISTRICT,DAY_OF_WEEK,CHP_SHIFT,POPULATION,CNTY_CITY_LOC,SPECIAL_COND,BEAT_TYPE,CHP_BEAT_TYPE,CITY_DIVISION_LAPD,CHP_BEAT_CLASS,BEAT_NUMBER,PRIMARY_RD,SECONDARY_RD,DISTANCE,DIRECTION,INTERSECTION,WEATHER_1,WEATHER_2,STATE_HWY_IND,CALTRANS_COUNTY,CALTRANS_DISTRICT,STATE_ROUTE,ROUTE_SUFFIX,POSTMILE_PREFIX,POSTMILE,LOCATION_TYPE,RAMP_INTERSECTION,SIDE_OF_HWY,TOW_AWAY,COLLISION_SEVERITY,NUMBER_KILLED,NUMBER_INJURED,PARTY_COUNT,PRIMARY_COLL_FACTOR,PCF_CODE_OF_VIOL,PCF_VIOL_CATEGORY,PCF_VIOLATION,PCF_VIOL_SUBSECTION,HIT_AND_RUN,TYPE_OF_COLLISION,MVIW,PED_ACTION,ROAD_SURFACE,ROAD_COND_1,ROAD_COND_2,LIGHTING,CONTROL_DEVICE,CHP_ROAD_TYPE,PEDESTRIAN_ACCIDENT,BICYCLE_ACCIDENT,MOTORCYCLE_ACCIDENT,TRUCK_ACCIDENT,NOT_PRIVATE_PROPERTY,ALCOHOL_INVOLVED,STWD_VEHTYPE_AT_FAULT,CHP_VEHTYPE_AT_FAULT,COUNT_SEVERE_INJ,COUNT_VISIBLE_INJ,COUNT_COMPLAINT_PAIN,COUNT_PED_KILLED,COUNT_PED_INJURED,COUNT_BICYCLIST_KILLED,COUNT_BICYCLIST_INJURED,COUNT_MC_KILLED,COUNT_MC_INJURED,PRIMARY_RAMP,SECONDARY_RAMP,LATITUDE,LONGITUDE,COUNTY,CITY,POINT_X,POINT_Y
84912023,2025,2025-11-05,1900,2025-09-03,400,627615,NA,3,5,5,1915,0,0,0,NA,0,281T1,WILMINGTON AV,CRESSEY ST,109,S,-,A,-,N,NA,NA,NA,NA,NA,NA,NA,NA,NA,N,4,0,1,3,A,-,03,22350,NA,N,B,E,A,A,H,-,C,D,0,NA,NA,NA,NA,Y,NA,-,31,0,0,1,0,0,0,0,0,0,-,-,33.90497970581055,-118.23809051513672,LOS ANGELES,COMPTON,-118.23909759521484,33.90510177612305
84912031,2025,2025-11-05,1910,2025-10-30,1519,368,NA,4,5,4,1910,0,0,0,NA,0,004,SUNSET BLVD,WHITTIER DR,0,NA,Y,A,-,N,NA,NA,NA,NA,NA,NA,NA,NA,NA,Y,3,0,2,2,A,-,09,21801,A,N,A,C,A,A,H,-,A,A,0,NA,NA,NA,NA,Y,NA,A,07,0,2,0,0,0,0,0,0,0,-,-,34.07719039916992,-118.4198989868164,LOS ANGELES,BEVERLY HILLS,-118.4199676513672,34.077186584472656
84912038,2025,2025-11-05,1910,2025-10-28,838,357,NA,2,5,4,1910,0,0,0,NA,0,005,S BEVERLY DR,GREGORY WAY,600,N,N,A,-,N,NA,NA,NA,NA,NA,NA,NA,NA,NA,Y,4,0,1,2,A,-,08,22107,NA,N,D,C,A,A,H,-,A,A,0,NA,NA,NA,NA,Y,NA,A,01,0,0,1,0,0,0,0,0,0,-,-,34.064998626708984,-118.39900207519533,LOS ANGELES,BEVERLY HILLS,-118.39911651611328,34.06387710571289
84912077,2025,2025-11-05,1975,2025-10-06,1437,504,NA,1,5,6,1975,0,0,0,NA,0,NA,GLENDORA AV,WESCOVE PL,0,E,Y,A,-,N,NA,NA,NA,NA,NA,NA,NA,NA,NA,Y,3,0,3,3,A,-,09,21801,A,N,D,C,A,A,H,-,A,D,0,NA,NA,NA,NA,Y,NA,A,01,0,3,0,0,0,0,0,0,0,-,-,34.05624008178711,-117.93766021728516,LOS ANGELES,WEST COVINA,-117.937744140625,34.056217193603516
84912079,2025,2025-11-05,1975,2025-10-10,1746,5043,NA,5,5,6,1975,0,0,0,NA,0,002,CORTEZ ST,HILLWARD AV,319,E,N,A,-,N,NA,NA,NA,NA,NA,NA,NA,NA,NA,N,3,0,1,2,A,-,03,22350,NA,N,G,B,E,A,H,-,B,D,0,Y,NA,NA,NA,Y,NA,A,08,0,1,0,0,1,0,0,0,0,-,-,34.06473922729492,-117.90290832519533,LOS ANGELES,WEST COVINA,-117.9019012451172,34.064659118652344
84912080,2025,2025-11-05,1975,2025-10-12,1550,502,NA,7,5,6,1975,0,0,0,NA,0,002,HOLLENBECK ST,CORTEZ ST,0,NA,Y,A,-,N,NA,NA,NA,NA,NA,NA,NA,NA,NA,N,4,0,1,2,A,-,21,22106,NA,N,D,G,A,A,H,-,A,D,0,NA,Y,NA,NA,Y,NA,A,01,0,0,1,0,0,0,1,0,0,-,-,34.06465148925781,-117.89900207519533,LOS ANGELES,WEST COVINA,-117.89902496337892,34.064632415771484
84912082,2025,2025-11-05,1975,2025-10-15,2041,5043,NA,3,5,6,1975,0,0,0,NA,0,003,MERCED AV,ORANGE AV,0,NA,Y,A,-,N,NA,NA,NA,NA,NA,NA,NA,NA,NA,Y,4,0,3,3,A,-,12,21453,A,N,D,C,A,A,H,-,C,A,0,NA,NA,NA,NA,Y,NA,A,07,0,0,3,0,0,0,0,0,0,-,-,34.0648193359375,-117.95086669921876,LOS ANGELES,WEST COVINA,-117.95088958740234,34.06480026245117
84912129,2025,2025-11-05,1922,2025-10-17,1154,696,NA,5,5,6,1922,0,0,0,NA,0,002,PECK RD,LAMBERT AVE,150,N,N,A,-,N,NA,NA,NA,NA,NA,NA,NA,NA,NA,Y,3,0,1,1,A,-,08,22107,NA,N,A,J,A,A,H,-,A,D,0,NA,NA,NA,NA,Y,NA,A,01,0,1,0,0,0,0,0,0,0,-,-,34.08232879638672,-118.01889038085938,LOS ANGELES,EL MONTE,-118.01865386962892,34.08258056640625
84912222,2025,2025-11-05,1965,2025-09-24,1745,3937,NA,3,5,5,1965,0,0,0,NA,0,B003,SANTA MONICA BLVD,18TH ST,10,N,-,A,-,N,NA,NA,NA,NA,NA,NA,NA,NA,NA,N,3,0,1,2,A,-,10,21950,A,N,G,B,B,A,H,-,B,A,0,Y,NA,NA,NA,Y,NA,A,07,0,1,0,0,1,0,0,0,0,-,-,NA,NA,LOS ANGELES,SANTA MONICA,-118.4818878173828,34.02717971801758
84912224,2025,2025-11-05,1965,2025-09-25,1331,3984,NA,4,5,5,1965,0,0,0,NA,0,B004,SAN VICENTE BLVD,25TH ST,50,E,-,B,-,N,NA,NA,NA,NA,NA,NA,NA,NA,NA,N,4,0,1,2,A,-,07,21658,A,N,B,C,A,A,H,-,A,A,0,NA,NA,NA,NA,Y,NA,A,01,0,0,1,0,0,0,0,0,0,-,-,34.04804992675781,-118.49278259277344,LOS ANGELES,SANTA MONICA,-118.49288940429688,34.04800033569336
84912226,2025,2025-11-05,1965,2025-09-26,1851,4113,NA,5,5,5,1965,0,0,0,NA,0,B004,26TH ST,MARGUERITA AVE,0,N,-,A,-,N,NA,NA,NA,NA,NA,NA,NA,NA,NA,Y,4,0,2,2,A,-,09,21802,A,N,D,C,A,A,H,-,A,A,0,NA,NA,NA,NA,Y,NA,A,07,0,0,2,0,0,0,0,0,0,-,-,34.04412841796875,-118.48703002929688,LOS ANGELES,SANTA MONICA,-118.48702239990234,34.04418182373047
84912228,2025,2025-11-05,1965,2025-10-01,1330,3418,NA,3,5,5,1965,0,0,0,NA,0,B003,CLOVERFIELD BLVD,VIRGINIA AVE,0,N,-,A,-,N,NA,NA,NA,NA,NA,NA,NA,NA,NA,N,3,0,2,2,A,-,08,22107,NA,N,D,C,A,A,H,-,A,A,0,NA,NA,NA,NA,Y,NA,A,01,0,2,0,0,0,0,0,0,0,-,-,NA,NA,LOS ANGELES,SANTA MONICA,-118.4675521850586,34.023067474365234
84912251,2025,2025-11-05,1925,2025-10-12,1146,28524,NA,7,5,6,1925,0,0,0,NA,0,002,GALLERIA WAY,COLORADO STREET,390,N,N,A,-,N,NA,NA,NA,NA,NA,NA,NA,NA,NA,N,3,0,1,2,A,-,03,22350,NA,N,G,B,C,A,H,-,A,D,0,Y,NA,NA,NA,Y,NA,A,07,0,1,0,0,1,0,0,0,0,-,-,34.14255905151367,-118.25920104980467,LOS ANGELES,GLENDALE,-118.25917816162108,34.143619537353516
84912252,2025,2025-11-05,1925,2025-10-21,1151,21089,NA,2,5,6,1925,0,0,0,NA,0,004,MARYLAND AVENUE,LEXINGTON DRIVE,160,N,N,A,-,N,NA,NA,NA,NA,NA,NA,NA,NA,NA,Y,4,0,1,2,A,-,05,21650,NA,N,B,C,A,A,H,-,A,D,0,NA,NA,NA,NA,Y,NA,A,07,0,0,1,0,0,0,0,0,0,-,-,NA,NA,LOS ANGELES,GLENDALE,-118.25380706787108,34.1522102355957
84912255,2025,2025-11-05,1925,2025-10-21,1440,21089,NA,2,5,6,1925,0,0,0,NA,0,005,OCEAN VIEW BOULEVARD,HONOLULU AVENUE,195,N,N,A,-,N,NA,NA,NA,NA,NA,NA,NA,NA,NA,N,4,0,1,2,A,-,21,22106,NA,N,G,B,E,A,H,-,A,D,0,Y,NA,NA,NA,Y,NA,A,01,0,0,1,0,1,0,0,0,0,-,-,34.205318450927734,-118.22785186767578,LOS ANGELES,GLENDALE,-118.22801208496094,34.206024169921875
84912332,2025,2025-11-05,1955,2025-10-01,532,43013,NA,3,5,6,1955,0,0,0,NA,0,002,ARROW HWY,GAREY AVE,390,E,N,A,-,N,NA,NA,NA,NA,NA,NA,NA,NA,NA,Y,4,0,1,1,A,-,03,22350,NA,N,E,J,A,A,H,-,C,A,0,NA,NA,NA,NA,Y,NA,A,01,0,0,1,0,0,0,0,0,0,-,-,34.090091705322266,-117.74936676025392,LOS ANGELES,POMONA,-117.74808502197266,34.08993148803711
84912333,2025,2025-11-05,1955,2025-10-01,1426,40624,NA,3,5,6,1955,0,0,0,NA,0,003,HOLT AVE,SAN ANTONIO AVE,10,W,N,A,-,N,NA,NA,NA,NA,NA,NA,NA,NA,NA,N,4,0,1,2,A,-,21,22106,NA,F,C,C,A,A,H,-,A,A,0,NA,NA,NA,NA,Y,NA,A,07,0,0,1,0,0,0,0,0,0,-,-,34.062721252441406,-117.73664093017578,LOS ANGELES,POMONA,-117.73667144775392,34.06270980834961
84912375,2025,2025-11-05,1955,2025-09-26,1531,43305,NA,5,5,6,1955,0,0,0,NA,0,004,MISSION BLVD,ELEANOR ST,82,E,N,B,-,N,NA,NA,NA,NA,NA,NA,NA,NA,NA,Y,4,0,1,3,C,-,18,NA,NA,N,A,E,F,A,H,-,A,D,0,Y,NA,NA,NA,Y,NA,-,-,0,0,1,0,1,0,0,0,0,-,-,34.055389404296875,-117.74346923828124,LOS ANGELES,POMONA,-117.74321746826172,34.055267333984375
84912522,2025,2025-11-05,1900,2025-10-24,1507,656486,NA,5,5,6,1950,0,0,0,NA,0,262T1,CHANTILLY LN,BAIRRITZ AV,357,S,-,A,-,N,NA,NA,NA,NA,NA,NA,NA,NA,NA,Y,3,0,1,2,A,-,08,22107,NA,N,A,E,A,A,H,-,B,D,0,NA,NA,NA,NA,Y,NA,A,01,0,1,0,0,0,0,0,0,0,-,-,34.59931945800781,-118.18238830566406,LOS ANGELES,PALMDALE,-118.18242645263672,34.599342346191406
84912523,2025,2025-11-05,1900,2025-10-24,2200,602254,NA,5,5,6,1950,0,0,0,NA,0,260T2,RANCHO VISTA BLVD,30TH ST W,190,E,-,A,-,N,NA,NA,NA,NA,NA,NA,NA,NA,NA,N,4,0,2,2,A,-,03,22350,NA,N,C,C,A,A,H,-,C,A,0,NA,NA,NA,NA,Y,NA,A,07,0,0,2,0,0,0,0,0,0,-,-,34.601810455322266,-118.18234252929688,LOS ANGELES,PALMDALE,-118.18251800537108,34.60176467895508
84912559,2025,2025-11-05,1963,2025-10-16,1622,356,NA,4,5,3,1963,0,0,0,NA,0,TWO,CALIFORNIA BLVD,WINSTON AV,0,NA,Y,A,-,N,NA,NA,NA,NA,NA,NA,NA,NA,NA,Y,3,0,1,3,A,-,09,21804,NA,N,D,C,A,A,H,-,A,A,0,NA,NA,NA,NA,Y,NA,A,01,0,1,0,0,0,0,0,0,0,-,-,NA,NA,LOS ANGELES,SAN MARINO,-118.10011291503906,34.13588333129883
84912576,2025,2025-11-05,1905,2025-10-22,555,1225,NA,3,5,4,1905,0,0,0,NA,0,002,AZUSA AV,TENTH ST,0,NA,-,A,-,N,NA,NA,NA,NA,NA,NA,NA,NA,NA,N,2,0,1,2,A,-,09,21802,A,N,H,G,A,A,H,-,C,D,0,NA,Y,NA,NA,Y,NA,B,01,1,0,0,0,0,0,1,0,0,-,-,34.139068603515625,-117.90756988525392,LOS ANGELES,AZUSA,-117.90750122070313,34.139034271240234
84912577,2025,2025-11-05,1967,2025-10-16,2040,143,NA,4,5,2,1967,0,0,0,NA,0,NORTH,CHERRY AV,28TH,0,NA,Y,A,-,N,NA,NA,NA,NA,NA,NA,NA,NA,NA,Y,3,0,4,2,D,-,00,NA,NA,N,D,C,A,A,H,-,C,A,0,NA,NA,NA,NA,Y,NA,-,-,0,1,3,0,0,0,0,0,0,-,-,NA,NA,LOS ANGELES,SIGNAL HILL,-118.16762542724608,33.808048248291016
84912579,2025,2025-11-05,1967,2025-10-22,1755,142,NA,3,5,2,1967,0,0,0,NA,0,SOUTH,CHERRY AV,BURNETT,0,NA,Y,-,-,N,NA,NA,NA,NA,NA,NA,NA,NA,NA,Y,4,0,1,2,A,-,09,21801,A,N,D,C,A,A,H,-,A,B,0,NA,NA,NA,NA,Y,NA,A,01,0,0,1,0,0,0,0,0,0,-,-,NA,NA,LOS ANGELES,SIGNAL HILL,-118.1677017211914,33.800750732421875
84912587,2025,2025-11-05,1962,2025-10-02,753,129,NA,4,5,4,1962,0,0,0,NA,0,002,LAS TUNAS DR,WILLARD AV,0,NA,Y,A,-,N,NA,NA,NA,NA,NA,NA,NA,NA,NA,N,3,0,1,2,A,-,05,21650,NA,N,D,G,A,A,H,-,A,A,0,NA,Y,NA,NA,Y,NA,M,91,0,1,0,0,0,0,1,0,0,-,-,34.103458404541016,-118.0850067138672,LOS ANGELES,SAN GABRIEL,-118.08499145507813,34.10344696044922
84912776,2025,2025-11-05,1955,2025-08-22,300,42690,NA,5,5,6,1955,0,0,0,NA,0,001,HOLT AVE,UNION AVE,0,NA,Y,A,-,N,NA,NA,NA,NA,NA,NA,NA,NA,NA,Y,4,0,1,2,A,-,09,21801,A,N,D,C,A,A,H,-,C,A,0,NA,NA,NA,NA,Y,NA,A,07,0,0,1,0,0,0,0,0,0,-,-,34.061561584472656,-117.78321838378906,LOS ANGELES,POMONA,-117.7832260131836,34.061561584472656
84912777,2025,2025-11-05,1955,2025-09-23,1517,43215,NA,2,5,6,1955,0,0,0,NA,0,004,MISSION BLVD,ELEANOR ST,164,W,N,A,-,N,NA,NA,NA,NA,NA,NA,NA,NA,NA,N,4,0,1,2,A,-,08,22107,NA,N,B,C,A,A,H,-,A,D,0,NA,NA,NA,NA,Y,NA,A,01,0,0,1,0,0,0,0,0,0,-,-,34.055389404296875,-117.74346923828124,LOS ANGELES,POMONA,-117.74402618408205,34.05525207519531
84912778,2025,2025-11-05,1955,2025-09-29,858,42888,NA,1,5,6,1955,0,0,0,NA,0,003,HOLT AVE,WASHINGTON AVE,0,NA,Y,A,-,N,NA,NA,NA,NA,NA,NA,NA,NA,NA,N,4,0,1,2,A,-,09,21801,A,N,D,C,A,A,H,-,A,A,0,NA,NA,NA,NA,Y,NA,A,07,0,0,1,0,0,0,0,0,0,-,-,34.06285095214844,-117.73175048828124,LOS ANGELES,POMONA,NA,NA
84912779,2025,2025-11-05,1955,2025-09-29,1445,42951,NA,1,5,6,1955,0,0,0,NA,0,002,ARTESIA ST,GAREY AVE,383,E,N,A,-,N,NA,NA,NA,NA,NA,NA,NA,NA,NA,Y,4,0,1,2,A,-,03,22350,NA,N,C,C,A,A,H,-,A,A,0,NA,NA,NA,Y,Y,NA,F,26,0,0,1,0,0,0,0,0,0,-,-,34.07645034790039,-117.75231170654295,LOS ANGELES,POMONA,-117.75228118896484,34.07630920410156
84912809,2025,2025-11-05,1955,2025-09-21,153,42987,NA,7,5,6,1955,0,0,0,NA,0,004,2ND ST,SAN ANTONIO AVE,143,E,N,A,-,N,NA,NA,NA,NA,NA,NA,NA,NA,NA,Y,4,0,1,4,A,-,00,23152,-,N,A,E,A,A,H,-,C,D,0,NA,NA,NA,NA,Y,Y,A,07,0,0,1,0,0,0,0,0,0,-,-,34.05828857421875,-117.73702239990234,LOS ANGELES,POMONA,-117.73657989501952,34.05815505981445
84912908,2025,2025-11-05,1942,2025-10-31,650,33340,NA,5,5,7,1942,0,0,0,NA,0,1548,VINELAND AVE,MAGNOLIA BLVD,0,NA,Y,E,-,N,NA,NA,NA,NA,NA,NA,NA,NA,NA,N,2,0,1,2,A,-,10,21950,A,N,G,B,B,A,H,-,B,A,0,Y,NA,NA,NA,Y,NA,A,01,1,0,0,0,1,0,0,0,0,-,-,NA,NA,LOS ANGELES,LOS ANGELES,-118.37046051025392,34.16487121582031
84912948,2025,2025-11-05,1942,2025-10-07,2200,38273,NA,2,5,7,1942,0,0,0,NA,0,2105,CANOGA AV,ROSCOE BLVD,0,NA,Y,A,-,N,NA,NA,NA,NA,NA,NA,NA,NA,NA,Y,2,0,1,2,A,-,09,21801,A,N,D,C,A,A,H,-,C,A,0,NA,NA,Y,NA,Y,NA,C,02,1,0,0,0,0,0,0,0,1,-,-,NA,NA,LOS ANGELES,LOS ANGELES,-118.59751892089844,34.21979904174805
84912950,2025,2025-11-05,1942,2025-11-01,2316,42251,NA,6,5,7,1942,0,0,0,NA,0,1525,VICTORY BLVD,COLFAX AVE,43,W,N,A,-,N,NA,NA,NA,NA,NA,NA,NA,NA,NA,N,2,0,1,2,A,-,11,21954,A,N,G,B,D,A,H,-,C,A,0,Y,NA,NA,NA,Y,NA,A,01,1,0,0,0,1,0,0,0,0,-,-,NA,NA,LOS ANGELES,LOS ANGELES,-118.38793182373048,34.18667984008789
84912980,2025,2025-11-05,1942,2025-11-01,45,44799,NA,6,5,7,1942,0,0,0,NA,0,1025,ENFIELD AVE,SHERMAN WAY,0,NA,Y,A,-,N,NA,NA,NA,NA,NA,NA,NA,NA,NA,Y,2,0,2,2,A,-,09,21802,A,N,D,C,A,A,H,-,C,D,0,NA,NA,NA,NA,Y,NA,A,01,1,1,0,0,0,0,0,0,0,-,-,NA,NA,LOS ANGELES,LOS ANGELES,-118.52407836914064,34.20119857788086
84913002,2025,2025-11-05,1942,2025-10-30,2210,44097,NA,4,5,7,1942,0,0,0,NA,0,0941,VAN NUYS BL,OXNARD ST,0,NA,Y,A,-,N,NA,NA,NA,NA,NA,NA,NA,NA,NA,Y,3,0,1,2,A,-,01,23153,A,N,D,C,A,A,H,-,C,A,0,NA,NA,NA,NA,Y,Y,A,01,0,1,0,0,0,0,0,0,0,-,-,NA,NA,LOS ANGELES,LOS ANGELES,-118.44873809814452,34.17939758300781
84913043,2025,2025-11-05,1942,2025-10-31,1100,38725,NA,5,5,7,1942,0,0,0,NA,0,1078,VENTURA BLVD,RUBIO AVE,0,NA,Y,A,-,N,NA,NA,NA,NA,NA,NA,NA,NA,NA,N,3,0,1,2,A,-,10,21950,A,N,G,B,B,A,H,-,A,A,0,Y,NA,NA,NA,Y,NA,A,07,0,1,0,0,1,0,0,0,0,-,-,NA,NA,LOS ANGELES,LOS ANGELES,-118.49455261230467,34.15785217285156
84913047,2025,2025-11-05,1942,2025-10-25,2030,45092,NA,6,5,7,1942,0,0,0,NA,0,1029,HASKELL AVE,VANOWEN ST,0,NA,Y,A,-,N,NA,NA,NA,NA,NA,NA,NA,NA,NA,N,3,0,1,2,A,-,08,22107,NA,F,A,C,A,A,H,-,C,A,0,NA,NA,NA,NA,Y,NA,-,99,0,1,0,0,0,0,0,0,0,-,-,NA,NA,LOS ANGELES,LOS ANGELES,-118.4748764038086,34.19390869140625
84913071,2025,2025-11-05,1942,2025-07-26,1155,38111,NA,6,5,7,1942,0,0,0,NA,0,1258,78TH ST,MAIN ST,315,E,N,A,-,N,NA,NA,NA,NA,NA,NA,NA,NA,NA,Y,4,0,1,2,A,-,21,22106,NA,F,C,D,A,A,H,-,A,A,0,NA,NA,NA,NA,Y,NA,A,01,0,0,1,0,0,0,0,0,0,-,-,NA,NA,LOS ANGELES,LOS ANGELES,-118.2739486694336,33.968868255615234
84913075,2025,2025-11-05,1913,2025-10-28,938,4348,NA,2,5,4,1913,0,0,0,NA,0,002,HARVARD AVE,NINTH ST,88,S,-,A,-,N,NA,NA,NA,NA,NA,NA,NA,NA,NA,N,3,0,1,2,A,-,09,21804,A,N,D,G,A,A,H,-,A,D,0,NA,Y,NA,NA,Y,NA,L,04,0,1,0,0,0,0,1,0,0,-,-,NA,NA,LOS ANGELES,CLAREMONT,-117.7166748046875,34.102359771728516
84913087,2025,2025-11-05,1942,2025-11-01,1240,42775,NA,6,5,7,1942,0,0,0,NA,0,0974,VAN NUYS BLVD,S/B VENTURA FWY OFFRAMP (101 FWY),0,NA,Y,A,-,Y,NA,NA,NA,NA,NA,NA,NA,NA,NA,Y,4,0,3,2,A,-,12,21453,A,F,D,C,A,A,H,-,A,A,0,NA,NA,NA,NA,Y,NA,A,07,0,0,3,0,0,0,0,0,0,-,-,NA,NA,LOS ANGELES,LOS ANGELES,-118.44869232177734,34.15707778930664
84913102,2025,2025-11-05,1942,2025-10-31,1103,45867,NA,5,5,7,1942,0,0,0,NA,0,1788,BALBOA BLVD,NORDHOFF ST,40,S,N,A,-,N,NA,NA,NA,NA,NA,NA,NA,NA,NA,N,3,0,1,2,A,-,08,22107,NA,F,B,C,A,A,H,-,A,A,0,NA,NA,NA,NA,Y,NA,-,99,0,1,0,0,0,0,0,0,0,-,-,NA,NA,LOS ANGELES,LOS ANGELES,-118.50251770019533,34.23564910888672
84913105,2025,2025-11-05,1942,2025-10-19,2155,43295,NA,7,5,7,1942,0,0,0,NA,0,1612,VAN NUYS BLVD,RALSTON AVE,34,W,N,A,-,N,NA,NA,NA,NA,NA,NA,NA,NA,NA,N,1,1,0,2,A,-,11,21954,A,F,G,B,D,A,H,-,C,D,0,Y,NA,NA,NA,Y,NA,N,60,0,0,0,1,0,0,0,0,0,-,-,NA,NA,LOS ANGELES,LOS ANGELES,-118.42039489746094,34.26734161376953
84913128,2025,2025-11-05,1942,2025-11-01,445,41056,NA,6,5,7,1942,0,0,0,NA,0,0752,FAIRFAX AVE,PICO BLVD,144,N,N,A,-,N,NA,NA,NA,NA,NA,NA,NA,NA,NA,Y,4,0,1,2,A,-,01,23152,A,N,B,C,A,A,H,-,C,A,0,NA,NA,NA,NA,Y,Y,A,01,0,0,1,0,0,0,0,0,0,-,-,NA,NA,LOS ANGELES,LOS ANGELES,-118.3666534423828,34.05189514160156
84913129,2025,2025-11-05,1942,2025-11-02,2025,46114,NA,7,5,7,1942,0,0,0,NA,0,1006,WHITE OAK AVENUE,STAGG STREET,250,N,N,A,-,Y,NA,NA,NA,NA,NA,NA,NA,NA,NA,Y,2,0,1,2,A,-,05,21651,B,F,A,C,A,A,H,-,C,D,0,NA,NA,NA,NA,Y,Y,A,01,1,0,0,0,0,0,0,0,0,-,-,NA,NA,LOS ANGELES,LOS ANGELES,-118.5186004638672,34.21273422241211
84913222,2025,2025-11-05,1942,2025-10-04,1335,43902,NA,6,5,7,1942,0,0,0,NA,0,1849,110TH ST,ANZAC AVE,80,W,N,A,-,N,NA,NA,NA,NA,NA,NA,NA,NA,NA,N,4,0,1,2,A,-,09,21801,A,N,B,C,A,A,H,-,A,D,0,NA,NA,Y,NA,Y,NA,C,02,0,0,1,0,0,0,0,0,1,-,-,NA,NA,LOS ANGELES,LOS ANGELES,-118.23825073242188,33.93511962890625
84913267,2025,2025-11-05,1942,2025-10-31,855,37511,NA,5,5,7,1942,0,0,0,NA,0,0677,WESTERN AV.,INSTITUE PL.,55,S,N,A,-,N,NA,NA,NA,NA,NA,NA,NA,NA,NA,Y,2,0,1,2,A,-,01,23152,A,N,D,C,A,A,H,-,A,D,0,NA,NA,Y,NA,Y,Y,A,01,1,0,0,0,0,0,0,0,1,-,-,NA,NA,LOS ANGELES,LOS ANGELES,-118.30915069580078,34.08527755737305
84913306,2025,2025-11-05,1942,2025-11-02,1910,42664,NA,7,5,7,1942,0,0,0,NA,0,2055,PICO BLVD,NORMANDIE AVE,28,W,N,B,-,N,NA,NA,NA,NA,NA,NA,NA,NA,NA,N,2,0,1,2,A,-,08,22107,NA,F,C,G,A,A,H,-,C,A,0,NA,NA,NA,NA,Y,NA,-,99,1,0,0,0,0,0,0,0,0,-,-,NA,NA,LOS ANGELES,LOS ANGELES,-118.3000946044922,34.047237396240234
84913361,2025,2025-11-05,1942,2025-11-02,905,42656,NA,7,5,7,1942,0,0,0,NA,0,0628,BRONSON AVE,FRANKLIN AVE,0,NA,Y,A,-,N,NA,NA,NA,NA,NA,NA,NA,NA,NA,N,2,0,1,2,A,-,09,21801,A,N,D,C,A,A,H,-,A,A,0,NA,NA,NA,NA,Y,NA,A,01,1,0,0,0,0,0,0,0,0,-,-,NA,NA,LOS ANGELES,LOS ANGELES,-118.31797790527344,34.105247497558594
84913394,2025,2025-11-05,1942,2025-10-31,1400,39655,NA,5,5,7,1942,0,0,0,NA,0,2071,ARDMORE AVE,VENICE BLVD,0,NA,Y,A,-,N,NA,NA,NA,NA,NA,NA,NA,NA,NA,N,2,0,1,2,A,-,10,21950,A,F,G,B,B,A,H,-,A,A,0,Y,NA,NA,NA,Y,NA,-,99,1,0,0,0,1,0,0,0,0,-,-,NA,NA,LOS ANGELES,LOS ANGELES,-118.30281066894533,34.04360580444336
84913425,2025,2025-11-05,1942,2025-10-31,640,42656,NA,5,5,7,1942,0,0,0,NA,0,0807,BEVERLY GLEN BLVD,NICADA DR,30,N,N,E,-,N,NA,NA,NA,NA,NA,NA,NA,NA,NA,N,2,0,1,2,A,-,09,21801,A,N,H,G,A,A,H,-,C,A,0,NA,Y,NA,NA,Y,NA,A,07,1,0,0,0,0,0,1,0,0,-,-,NA,NA,LOS ANGELES,LOS ANGELES,-118.44570922851564,34.123592376708984
84913453,2025,2025-11-05,1942,2025-11-01,2340,42286,NA,6,5,7,1942,0,0,0,NA,0,0778,BRONSON AV,18TH ST,0,NA,Y,B,-,N,NA,NA,NA,NA,NA,NA,NA,NA,NA,Y,2,0,2,2,A,-,12,22450,A,N,D,C,A,A,H,-,C,A,0,NA,NA,NA,NA,Y,NA,A,01,1,1,0,0,0,0,0,0,0,-,-,NA,NA,LOS ANGELES,LOS ANGELES,-118.32886505126952,34.041526794433594
84913509,2025,2025-11-06,1942,2025-10-29,1920,46044,NA,3,5,7,1942,0,0,0,NA,0,2027,MARIPOSA AVE,6TH ST,140,N,N,A,-,N,NA,NA,NA,NA,NA,NA,NA,NA,NA,N,2,0,1,2,A,-,08,22107,NA,N,H,G,A,A,H,-,C,D,0,NA,Y,NA,NA,Y,NA,A,01,1,0,0,0,0,0,1,0,0,-,-,NA,NA,LOS ANGELES,LOS ANGELES,-118.29918670654295,34.063995361328125
84913771,2025,2025-11-06,1942,2025-11-01,2100,42664,NA,6,5,7,1942,0,0,0,NA,0,2027,5TH ST,NEW HAMPSHIRE AVE,7,W,N,B,-,N,NA,NA,NA,NA,NA,NA,NA,NA,NA,N,2,0,2,2,A,-,09,21804,A,N,H,G,A,A,H,-,C,A,0,NA,Y,NA,NA,Y,NA,M,91,1,0,1,0,0,0,1,0,0,-,-,NA,NA,LOS ANGELES,LOS ANGELES,-118.29293060302734,34.065399169921875
84913803,2025,2025-11-06,1942,2025-11-02,130,42624,NA,7,5,7,1942,0,0,0,NA,0,1409,CULVER BL,VENICE BL,63,S,N,A,-,N,NA,NA,NA,NA,NA,NA,NA,NA,NA,Y,2,0,2,2,A,-,03,22350,NA,N,D,4,A,A,H,-,C,A,0,NA,NA,NA,NA,Y,NA,A,01,1,0,1,0,0,0,0,0,0,-,-,NA,NA,LOS ANGELES,LOS ANGELES,-118.39239501953124,34.02678680419922