CASE_ID,ACCIDENT_YEAR,PROC_DATE,JURIS,COLLISION_DATE,COLLISION_TIME,OFFICER_ID,REPORTING_DISTRICT,DAY_OF_WEEK,CHP_SHIFT,POPULATION,CNTY_CITY_LOC,SPECIAL_COND,BEAT_TYPE,CHP_BEAT_TYPE,CITY_DIVISION_LAPD,CHP_BEAT_CLASS,BEAT_NUMBER,PRIMARY_RD,SECONDARY_RD,DISTANCE,DIRECTION,INTERSECTION,WEATHER_1,WEATHER_2,STATE_HWY_IND,CALTRANS_COUNTY,CALTRANS_DISTRICT,STATE_ROUTE,ROUTE_SUFFIX,POSTMILE_PREFIX,POSTMILE,LOCATION_TYPE,RAMP_INTERSECTION,SIDE_OF_HWY,TOW_AWAY,COLLISION_SEVERITY,NUMBER_KILLED,NUMBER_INJURED,PARTY_COUNT,PRIMARY_COLL_FACTOR,PCF_CODE_OF_VIOL,PCF_VIOL_CATEGORY,PCF_VIOLATION,PCF_VIOL_SUBSECTION,HIT_AND_RUN,TYPE_OF_COLLISION,MVIW,PED_ACTION,ROAD_SURFACE,ROAD_COND_1,ROAD_COND_2,LIGHTING,CONTROL_DEVICE,CHP_ROAD_TYPE,PEDESTRIAN_ACCIDENT,BICYCLE_ACCIDENT,MOTORCYCLE_ACCIDENT,TRUCK_ACCIDENT,NOT_PRIVATE_PROPERTY,ALCOHOL_INVOLVED,STWD_VEHTYPE_AT_FAULT,CHP_VEHTYPE_AT_FAULT,COUNT_SEVERE_INJ,COUNT_VISIBLE_INJ,COUNT_COMPLAINT_PAIN,COUNT_PED_KILLED,COUNT_PED_INJURED,COUNT_BICYCLIST_KILLED,COUNT_BICYCLIST_INJURED,COUNT_MC_KILLED,COUNT_MC_INJURED,PRIMARY_RAMP,SECONDARY_RAMP,LATITUDE,LONGITUDE,COUNTY,CITY,POINT_X,POINT_Y
84918110,2025,2025-11-10,1900,2025-10-22,1831,9811,NA,3,5,6,1992,0,0,0,NA,0,112T2,KETTERING ST,REDWOOD AV,167,W,-,A,-,N,NA,NA,NA,NA,NA,NA,NA,NA,NA,Y,3,0,1,2,A,-,08,22107,NA,N,D,D,A,A,H,-,C,D,0,NA,NA,NA,NA,Y,NA,A,01,0,1,0,0,0,0,0,0,0,-,-,34.700618743896484,-118.13358306884766,LOS ANGELES,LANCASTER,-118.13222503662108,34.70051574707031
84918112,2025,2025-11-10,1900,2025-10-23,2047,631351,NA,4,5,6,1992,0,0,0,NA,0,112T1,AVENUE H,SUFFOLK DR,170,E,-,A,-,N,NA,NA,NA,NA,NA,NA,NA,NA,NA,Y,3,0,2,3,A,-,03,22350,NA,N,C,C,A,A,H,-,C,D,0,NA,NA,NA,NA,Y,NA,A,01,0,2,0,0,0,0,0,0,0,-,-,34.718589782714844,-118.15277862548828,LOS ANGELES,LANCASTER,-118.15264892578124,34.71857833862305
84918114,2025,2025-11-10,1900,2025-10-24,1141,9811,NA,5,5,6,1992,0,0,0,NA,0,111T1,AVENUE J-8,30TH ST W,109,W,-,A,-,N,NA,NA,NA,NA,NA,NA,NA,NA,NA,N,4,0,1,2,D,-,00,NA,NA,N,C,C,A,A,H,-,A,D,0,NA,NA,NA,NA,Y,NA,-,-,0,0,1,0,0,0,0,0,0,-,-,34.682098388671875,-118.18422698974608,LOS ANGELES,LANCASTER,-118.18407440185548,34.68214416503906
84918115,2025,2025-11-10,1900,2025-10-24,1339,657355,NA,5,5,6,1992,0,0,0,NA,0,114,10TH ST W,AVENUE L,19,S,-,A,-,N,NA,NA,NA,NA,NA,NA,NA,NA,NA,N,4,0,1,2,A,-,09,21800,A,N,D,C,A,A,H,-,A,A,0,NA,NA,NA,NA,Y,NA,A,07,0,0,1,0,0,0,0,0,0,-,-,34.65999984741211,-118.1479034423828,LOS ANGELES,LANCASTER,-118.14780426025392,34.66032791137695
84918120,2025,2025-11-10,1900,2025-10-25,1250,647596,NA,6,5,6,1992,0,0,0,NA,0,112T2,AVENUE L,28TH ST W,362,E,-,A,-,N,NA,NA,NA,NA,NA,NA,NA,NA,NA,Y,4,0,1,2,A,-,09,21804,A,N,D,C,A,A,H,-,A,D,0,NA,NA,NA,NA,Y,NA,A,01,0,0,1,0,0,0,0,0,0,-,-,34.66033172607422,-118.18000793457033,LOS ANGELES,LANCASTER,-118.18003082275392,34.660301208496094
84918125,2025,2025-11-10,1900,2025-10-26,920,693059,NA,7,5,6,1992,0,0,0,NA,0,112T2,AVENUE L,40TH ST W,0,NA,-,A,-,N,NA,NA,NA,NA,NA,NA,NA,NA,NA,Y,2,0,2,3,A,-,12,21453,A,N,D,C,A,A,H,-,A,A,0,NA,NA,NA,NA,Y,NA,A,01,1,0,1,0,0,0,0,0,0,-,-,34.66020965576172,-118.20144653320313,LOS ANGELES,LANCASTER,-118.20136260986328,34.66017150878906
84918127,2025,2025-11-10,1900,2025-10-26,1640,693059,NA,7,5,6,1992,0,0,0,NA,0,112T2,AVENUE L,15TH ST W,394,W,-,A,-,N,NA,NA,NA,NA,NA,NA,NA,NA,NA,Y,4,0,5,2,A,-,01,23152,A,N,C,C,A,A,H,-,A,A,0,NA,NA,NA,NA,Y,Y,A,01,0,0,5,0,0,0,0,0,0,-,-,34.66032028198242,-118.15812683105467,LOS ANGELES,LANCASTER,-118.15802001953124,34.660369873046875
84918129,2025,2025-11-10,1900,2025-10-26,1750,656740,NA,7,5,6,1992,0,0,0,NA,0,111T2,AVEUNE K,GADSDEN AVENUE,166,E,-,A,-,N,NA,NA,NA,NA,NA,NA,NA,NA,NA,N,4,0,1,2,A,-,01,23152,A,M,C,C,A,A,H,-,A,D,0,NA,NA,NA,NA,Y,Y,A,01,0,0,1,0,0,0,0,0,0,-,-,NA,NA,LOS ANGELES,LANCASTER,-118.14295196533205,34.67491149902344
84918131,2025,2025-11-10,1900,2025-10-27,1258,693059,NA,1,5,6,1992,0,0,0,NA,0,112T2,VALLEY CENTRAL WY,LINE DR,721,S,-,A,-,N,NA,NA,NA,NA,NA,NA,NA,NA,NA,N,2,0,1,2,A,-,09,21804,A,F,H,G,A,A,H,-,A,D,0,NA,Y,NA,NA,Y,NA,A,07,1,0,0,0,0,0,1,0,0,-,-,34.697940826416016,-118.1731185913086,LOS ANGELES,LANCASTER,-118.17313385009766,34.69806671142578
84918136,2025,2025-11-10,1900,2025-10-29,1334,9811,NA,3,5,6,1992,0,0,0,NA,0,111T1,15TH ST W,AVENUE K-11,160,N,-,A,-,N,NA,NA,NA,NA,NA,NA,NA,NA,NA,Y,4,0,1,2,A,-,08,22107,NA,N,D,E,A,A,H,-,A,D,0,NA,NA,NA,NA,Y,NA,A,07,0,0,1,0,0,0,0,0,0,-,-,34.66532897949219,-118.15666961669922,LOS ANGELES,LANCASTER,-118.15676879882813,34.66524887084961
84918137,2025,2025-11-10,1900,2025-10-29,1448,9811,NA,3,5,6,1992,0,0,0,NA,0,111T1,10TH ST W,JACKMAN ST,0,NA,-,A,-,N,NA,NA,NA,NA,NA,NA,NA,NA,NA,Y,3,0,3,2,A,-,09,21801,A,N,D,C,A,A,H,-,A,A,0,NA,NA,NA,NA,Y,NA,A,01,0,2,1,0,0,0,0,0,0,-,-,34.70083999633789,-118.14813995361328,LOS ANGELES,LANCASTER,-118.14810180664064,34.70081329345703
84918138,2025,2025-11-10,1900,2025-10-29,1722,679947,NA,3,5,6,1992,0,0,0,NA,0,111,AVENUE J,20TH ST W,300,W,-,A,-,N,NA,NA,NA,NA,NA,NA,NA,NA,NA,N,3,0,1,2,A,-,04,21703,NA,N,C,C,A,A,H,-,C,D,0,NA,NA,NA,NA,Y,NA,A,01,0,1,0,0,0,0,0,0,0,-,-,NA,NA,LOS ANGELES,LANCASTER,-118.16665649414064,34.68941879272461
84918143,2025,2025-11-10,1900,2025-11-03,815,9811,NA,1,5,6,1992,0,0,0,NA,0,111T1,AVENUE J-8,COUNTRYSIDE DR,214,E,-,A,-,N,NA,NA,NA,NA,NA,NA,NA,NA,NA,N,2,0,1,2,A,-,08,22107,NA,N,D,G,A,A,H,-,A,D,0,NA,Y,NA,NA,Y,NA,L,04,1,0,0,0,0,0,1,0,0,-,-,34.682090759277344,-118.19896697998048,LOS ANGELES,LANCASTER,-118.19902801513672,34.68214416503906
84918144,2025,2025-11-10,1900,2025-11-03,822,656740,NA,1,5,6,1992,0,0,0,NA,0,112T2,AVENUE H,40TH ST E,0,NA,-,A,-,N,NA,NA,NA,NA,NA,NA,NA,NA,NA,N,4,0,1,2,A,-,09,21802,A,N,D,C,A,A,H,-,A,A,0,NA,NA,NA,NA,Y,NA,A,01,0,0,1,0,0,0,0,0,0,-,-,NA,NA,LOS ANGELES,LANCASTER,-118.0592041015625,34.71929168701172
84918147,2025,2025-11-10,1900,2025-10-29,2030,624032,NA,3,5,5,1908,0,0,0,NA,0,133T2,ROSECRANS AV,WOODRUFF AV,0,NA,-,A,-,N,NA,NA,NA,NA,NA,NA,NA,NA,NA,Y,3,0,1,2,A,-,12,21453,A,N,D,C,A,A,H,-,C,A,0,NA,NA,NA,NA,Y,NA,A,01,0,1,0,0,0,0,0,0,0,-,-,NA,NA,LOS ANGELES,BELLFLOWER,-118.1166763305664,33.90202713012695
84918306,2025,2025-11-10,1947,2025-10-08,1549,1448,NA,3,5,5,1947,0,0,0,NA,0,00E,1301 S. GREENWOOD AVE,OAKWOOD ST,164,N,N,A,-,N,NA,NA,NA,NA,NA,NA,NA,NA,NA,Y,4,0,1,2,A,-,00,20002,A,F,B,C,A,A,H,-,A,A,0,NA,NA,Y,NA,Y,NA,-,99,0,0,1,0,0,0,0,0,1,-,-,NA,NA,LOS ANGELES,MONTEBELLO,-118.12271881103516,33.9893684387207
84918312,2025,2025-11-10,1948,2025-10-06,2024,295,NA,1,5,5,1948,0,0,0,NA,0,005,POTRERO GRANDE DR,KENTON DR,316,W,N,A,-,N,NA,NA,NA,NA,NA,NA,NA,NA,NA,Y,3,0,4,2,A,-,21,22106,NA,N,D,C,A,A,H,-,A,D,0,NA,NA,NA,NA,Y,NA,A,01,0,1,3,0,0,0,0,0,0,-,-,34.04256820678711,-118.10201263427734,LOS ANGELES,MONTEREY PARK,-118.10279083251952,34.042179107666016
84918316,2025,2025-11-10,1948,2025-10-13,1228,494,NA,1,5,5,1948,0,0,0,NA,0,003,GERHART AV,POMONA BLVD,24,N,N,A,-,N,NA,NA,NA,NA,NA,NA,NA,NA,NA,Y,3,0,1,2,A,-,12,21453,A,N,D,C,A,A,H,-,A,A,0,NA,NA,NA,NA,Y,NA,A,01,0,1,0,0,0,0,0,0,0,-,-,34.03350830078125,-118.14417266845705,LOS ANGELES,MONTEREY PARK,-118.14417266845705,34.03353500366211
84918323,2025,2025-11-10,1969,2025-07-12,2028,10123,NA,6,5,5,1969,0,0,0,NA,0,001,LONG BEACH BLVD,POPLAR PL,79,S,N,A,-,N,NA,NA,NA,NA,NA,NA,NA,NA,NA,N,4,0,3,2,A,-,03,22350,NA,N,C,C,A,A,H,-,C,A,0,NA,NA,NA,NA,Y,NA,A,01,0,0,3,0,0,0,0,0,0,-,-,33.960750579833984,-118.223388671875,LOS ANGELES,SOUTH GATE,-118.22325134277344,33.96047592163086
84918327,2025,2025-11-10,1969,2025-07-29,1627,10274,NA,2,5,5,1969,0,0,0,NA,0,004,FILESTONE BLVD,MASON ST (E),93,W,N,A,-,Y,NA,NA,NA,NA,NA,NA,NA,NA,NA,N,4,0,1,2,A,-,08,22107,NA,N,D,C,A,A,H,-,A,A,0,NA,NA,NA,NA,Y,NA,A,08,0,0,1,0,0,0,0,0,0,-,-,33.951141357421875,-118.17996978759766,LOS ANGELES,SOUTH GATE,-118.18032836914064,33.95117950439453
84918349,2025,2025-11-10,1969,2025-08-25,825,20359,NA,1,5,5,1969,0,0,0,NA,0,001,INDIANA AV,STANFORD AV,466,W,N,A,-,N,NA,NA,NA,NA,NA,NA,NA,NA,NA,Y,3,0,2,3,A,-,09,21804,A,F,D,C,A,A,H,-,A,D,0,NA,NA,NA,NA,Y,NA,A,01,0,1,1,0,0,0,0,0,0,-,-,33.94721984863281,-118.22022247314452,LOS ANGELES,SOUTH GATE,-118.22176361083984,33.94736862182617
84918350,2025,2025-11-10,1969,2025-09-08,1211,20349,NA,1,5,5,1969,0,0,0,NA,0,001,LONG BEACH BLVD,FILESTONE BLVD,186,N,N,A,-,Y,NA,NA,NA,NA,NA,NA,NA,NA,NA,Y,4,0,1,2,A,-,09,21804,A,N,D,C,A,A,H,-,A,A,0,NA,NA,NA,NA,Y,NA,D,22,0,0,1,0,0,0,0,0,0,-,-,33.955650329589844,-118.22028350830078,LOS ANGELES,SOUTH GATE,-118.22051239013672,33.955997467041016
84918356,2025,2025-11-10,1969,2025-09-22,207,10274,NA,1,5,5,1969,0,0,0,NA,0,004,ATLANTIC AV,CHAKEMCO ST,202,S,N,A,-,Y,NA,NA,NA,NA,NA,NA,NA,NA,NA,Y,2,0,1,2,A,-,03,22350,NA,F,C,C,A,A,H,-,C,A,0,NA,NA,Y,NA,Y,NA,A,01,1,0,0,0,0,0,0,0,1,-,-,33.94029998779297,-118.18171691894533,LOS ANGELES,SOUTH GATE,-118.18169403076172,33.939720153808594
84918608,2025,2025-11-10,1942,2025-07-06,1550,40099,NA,7,5,7,1942,0,0,0,NA,0,1831,EL SEGUNDO BLVD,110 FWY OFF RAMP SB,17,E,N,A,-,N,NA,NA,NA,NA,NA,NA,NA,NA,NA,Y,4,0,2,4,A,-,03,22350,NA,F,C,D,A,A,H,-,A,A,0,NA,NA,NA,NA,Y,NA,-,99,0,0,2,0,0,0,0,0,0,-,-,NA,NA,LOS ANGELES,LOS ANGELES,NA,NA
84918687,2025,2025-11-11,1942,2025-11-02,2320,42790,NA,7,5,7,1942,0,0,0,NA,0,1547,MAGNOLIA BLVD,170 FREEWAY NORTH,0,NA,Y,A,-,N,NA,NA,NA,NA,NA,NA,NA,NA,NA,Y,3,0,1,2,A,-,01,23152,A,N,D,C,A,A,H,-,C,A,0,NA,NA,NA,NA,Y,Y,D,22,0,1,0,0,0,0,0,0,0,-,-,NA,NA,LOS ANGELES,LOS ANGELES,-118.0117645263672,34.05180740356445
84918731,2025,2025-11-11,1942,2025-11-02,1325,41671,NA,7,5,7,1942,0,0,0,NA,0,1407,VENICE BL,DUNN DR,100,E,N,A,-,N,NA,NA,NA,NA,NA,NA,NA,NA,NA,N,2,0,1,2,A,-,11,21954,A,F,H,B,E,A,H,-,A,A,0,Y,NA,NA,NA,Y,NA,N,60,1,0,0,0,1,0,0,0,0,-,-,NA,NA,LOS ANGELES,LOS ANGELES,-118.39936065673828,34.02312469482422
84918743,2025,2025-11-11,1942,2025-10-16,1400,44985,NA,4,5,7,1942,0,0,0,NA,0,1601,13203 PAXTON ST,HERRICK AVE,0,NA,Y,A,-,N,NA,NA,NA,NA,NA,NA,NA,NA,NA,Y,2,0,1,2,A,-,09,21801,A,N,A,C,A,A,H,-,A,A,0,NA,NA,NA,NA,Y,NA,A,01,1,0,0,0,0,0,0,0,0,-,-,NA,NA,LOS ANGELES,LOS ANGELES,-118.42127990722656,34.27723693847656
84918757,2025,2025-11-11,1942,2025-11-05,1650,37304,NA,3,5,7,1942,0,0,0,NA,0,1021,TAMPA AVE,KITTRIDGE ST,0,NA,Y,A,-,N,NA,NA,NA,NA,NA,NA,NA,NA,NA,N,4,0,1,2,A,-,10,21950,A,F,G,B,B,A,H,-,A,A,0,Y,NA,NA,NA,Y,NA,-,99,0,0,1,0,1,0,0,0,0,-,-,NA,NA,LOS ANGELES,LOS ANGELES,-118.55352783203124,34.1905517578125
84918771,2025,2025-11-11,1913,2025-10-23,1850,4259,NA,4,5,4,1913,0,0,0,NA,0,002,S COLLEGE AV,ARROW HWY,53,N,-,A,-,N,NA,NA,NA,NA,NA,NA,NA,NA,NA,Y,2,0,1,2,A,-,03,22350,NA,N,C,C,A,A,H,-,D,A,0,NA,NA,Y,NA,Y,NA,C,02,1,0,0,0,0,0,0,0,1,-,-,34.09043884277344,-117.7148895263672,LOS ANGELES,CLAREMONT,-117.71490478515624,34.09058380126953
84918773,2025,2025-11-11,1942,2025-11-05,1825,38687,NA,3,5,7,1942,0,0,0,NA,0,2136,OWENSMOUTH AVE,SATICOY ST,8,S,N,A,-,N,NA,NA,NA,NA,NA,NA,NA,NA,NA,N,3,0,1,2,A,-,05,21650,NA,F,H,G,A,A,H,-,C,D,0,NA,Y,NA,NA,Y,NA,L,04,0,1,0,0,0,0,1,0,0,-,-,NA,NA,LOS ANGELES,LOS ANGELES,-118.60157775878906,34.20829772949219
84918805,2025,2025-11-11,1942,2025-11-05,2016,42640,NA,3,5,7,1942,0,0,0,NA,0,0656,CAHUENGA BL,ELEANOR AV,100,N,N,A,-,N,NA,NA,NA,NA,NA,NA,NA,NA,NA,N,4,0,1,2,A,-,03,22350,NA,F,C,C,A,A,H,-,C,D,0,NA,NA,NA,NA,Y,NA,A,07,0,0,1,0,0,0,0,0,0,-,-,NA,NA,LOS ANGELES,LOS ANGELES,-118.32887268066406,34.09011459350586
84918812,2025,2025-11-11,1942,2025-11-05,1835,38264,NA,3,5,7,1942,0,0,0,NA,0,1785,LINDLEY AVE,NAPA ST,200,N,N,A,-,N,NA,NA,NA,NA,NA,NA,NA,NA,NA,N,2,0,1,2,A,-,11,21954,A,N,A,B,D,A,H,-,C,D,0,Y,NA,NA,NA,Y,Y,N,60,1,0,0,0,1,0,0,0,0,-,-,NA,NA,LOS ANGELES,LOS ANGELES,-118.52735137939452,34.2269401550293
84918860,2025,2025-11-11,1942,2025-05-30,10,39229,NA,5,5,7,1942,0,0,0,NA,0,1502,COVELLO ST,GOODLAND AVE,0,NA,Y,A,-,N,NA,NA,NA,NA,NA,NA,NA,NA,NA,Y,4,0,1,2,A,-,12,22450,A,F,D,C,A,A,H,-,C,A,0,NA,NA,NA,NA,Y,NA,D,22,0,0,1,0,0,0,0,0,0,-,-,NA,NA,LOS ANGELES,LOS ANGELES,-118.412109375,34.20789337158203
84918894,2025,2025-11-11,1942,2025-10-10,1840,44280,NA,5,5,7,1942,0,0,0,NA,0,0331,VINEYARD AVE,JEFFERSON BLVD.,0,NA,Y,A,-,N,NA,NA,NA,NA,NA,NA,NA,NA,NA,Y,4,0,1,2,A,-,09,21802,A,F,D,C,A,A,H,-,C,A,0,NA,NA,NA,NA,Y,NA,A,07,0,0,1,0,0,0,0,0,0,-,-,NA,NA,LOS ANGELES,LOS ANGELES,-118.348388671875,34.0255241394043
84918899,2025,2025-11-11,1942,2025-09-03,820,41933,NA,3,5,7,1942,0,0,0,NA,0,1243,FLORENCE AVE,SAINT ANDREWS PL,100,W,N,A,-,N,NA,NA,NA,NA,NA,NA,NA,NA,NA,Y,4,0,1,2,A,-,03,22350,NA,F,C,C,A,A,H,-,A,D,0,NA,NA,NA,NA,Y,NA,-,99,0,0,1,0,0,0,0,0,0,-,-,NA,NA,LOS ANGELES,LOS ANGELES,-118.31156158447266,33.974571228027344
84918927,2025,2025-11-11,1942,2025-07-02,2316,45646,NA,3,5,7,1942,0,0,0,NA,0,1832,FIGUEROA ST,103RD ST,0,NA,Y,A,-,N,NA,NA,NA,NA,NA,NA,NA,NA,NA,Y,3,0,1,2,A,-,08,22105,NA,F,B,C,A,A,H,-,C,A,0,NA,NA,NA,NA,Y,NA,A,01,0,1,0,0,0,0,0,0,0,-,-,NA,NA,LOS ANGELES,LOS ANGELES,-118.28263092041016,33.94279861450195
84918942,2025,2025-11-11,1942,2025-11-01,1239,42775,NA,6,5,7,1942,0,0,0,NA,0,0974,VAN NUYS BLVD,S/B 101 FWY OFFRAMP,0,NA,Y,A,-,Y,NA,NA,NA,NA,NA,NA,NA,NA,NA,Y,4,0,1,2,A,-,12,21453,A,N,C,C,A,A,H,-,A,A,0,NA,NA,NA,NA,Y,NA,A,01,0,0,1,0,0,0,0,0,0,-,-,NA,NA,LOS ANGELES,LOS ANGELES,NA,NA
84918970,2025,2025-11-11,1942,2025-10-30,2135,LAWA OFF,NA,4,5,7,1942,0,0,0,NA,0,1494,WORLD WAY,SEPULVEDA BL,2000,W,N,A,-,N,NA,NA,NA,NA,NA,NA,NA,NA,NA,N,4,0,1,2,A,-,08,22107,NA,F,G,B,E,A,H,-,C,D,0,Y,NA,NA,NA,Y,NA,-,99,0,0,1,0,1,0,0,0,0,-,-,NA,NA,LOS ANGELES,LOS ANGELES,NA,NA
84918978,2025,2025-11-11,1942,2025-10-25,1545,45690,NA,6,5,7,1942,0,0,0,NA,0,1651,9725 LAUREL CANYON BL,OSBORNE ST,209,S,N,A,-,N,NA,NA,NA,NA,NA,NA,NA,NA,NA,Y,3,0,2,4,A,-,09,21804,A,N,D,C,F,A,H,-,A,D,0,Y,NA,NA,NA,Y,NA,A,07,0,1,1,0,1,0,0,0,0,-,-,NA,NA,LOS ANGELES,LOS ANGELES,-118.41908264160156,34.2464485168457
84919008,2025,2025-11-11,1942,2025-11-05,15,44524,NA,3,5,7,1942,0,0,0,NA,0,0706,MELROSE AVE,N ORANGE DR,0,NA,Y,A,-,N,NA,NA,NA,NA,NA,NA,NA,NA,NA,Y,4,0,1,2,A,-,12,22450,A,F,B,C,A,A,H,-,C,D,0,NA,NA,NA,NA,Y,NA,A,07,0,0,1,0,0,0,0,0,0,-,-,NA,NA,LOS ANGELES,LOS ANGELES,-118.34161376953124,34.083457946777344
84919125,2025,2025-11-11,1942,2025-11-01,2315,44581,NA,6,5,7,1942,0,0,0,NA,0,0639,HOLLYWOOD BLVD,WINONA BLVD,8,W,N,A,-,N,NA,NA,NA,NA,NA,NA,NA,NA,NA,N,4,0,1,2,A,-,03,22350,NA,F,D,C,A,A,H,-,C,A,0,NA,NA,Y,NA,Y,NA,-,99,0,0,1,0,0,0,0,0,1,-,-,NA,NA,LOS ANGELES,LOS ANGELES,-118.30221557617188,34.101749420166016
84919150,2025,2025-11-11,1942,2025-10-29,110,37006,NA,3,5,7,1942,0,0,0,NA,0,2029,WILSHIRE BLVD,COMMONWEALTH AVE,165,E,N,A,-,N,NA,NA,NA,NA,NA,NA,NA,NA,NA,Y,4,0,2,2,A,-,09,21804,A,F,E,I,A,A,H,-,C,D,0,NA,NA,NA,NA,Y,NA,-,99,0,0,2,0,0,0,0,0,0,-,-,NA,NA,LOS ANGELES,LOS ANGELES,-118.2851104736328,34.06182861328125
84919198,2025,2025-11-11,1942,2025-11-03,1819,42801,NA,1,5,7,1942,0,0,0,NA,0,1021,VANOWEN STREET,TAMPA,0,NA,Y,A,-,N,NA,NA,NA,NA,NA,NA,NA,NA,NA,Y,3,0,1,2,A,-,09,21801,A,N,A,C,A,A,H,-,C,D,0,NA,NA,NA,NA,Y,NA,A,01,0,1,0,0,0,0,0,0,0,-,-,NA,NA,LOS ANGELES,LOS ANGELES,-118.55350494384766,34.193824768066406
84919239,2025,2025-11-11,1942,2025-10-29,1840,37618,NA,3,5,7,1942,0,0,0,NA,0,0555,SUMMERLAND AVENUE,GAFFEY STREET,0,NA,Y,A,-,N,NA,NA,NA,NA,NA,NA,NA,NA,NA,N,4,0,1,2,A,-,07,21658,A,N,B,C,A,A,H,-,A,A,0,NA,NA,NA,NA,Y,NA,-,-,0,0,1,0,0,0,0,0,0,-,-,NA,NA,LOS ANGELES,LOS ANGELES,-118.29290008544922,33.747650146484375
84919284,2025,2025-11-11,1942,2025-09-06,1600,39655,NA,6,5,7,1942,0,0,0,NA,0,1437,VENICE BLVD,BENTLEY AVE,0,NA,Y,A,-,N,NA,NA,NA,NA,NA,NA,NA,NA,NA,N,4,0,1,2,A,-,08,22107,NA,N,D,G,A,A,H,-,A,A,0,NA,Y,NA,NA,Y,NA,A,01,0,0,1,0,0,0,1,0,0,-,-,NA,NA,LOS ANGELES,LOS ANGELES,-118.41584014892578,34.0137825012207
84919352,2025,2025-11-11,1942,2025-10-17,745,33397,NA,5,5,7,1942,0,0,0,NA,0,1213,WILMINGTON,CENTURY BLVD,135,N,N,A,-,N,NA,NA,NA,NA,NA,NA,NA,NA,NA,N,3,0,1,4,A,-,03,22350,NA,N,A,C,A,A,H,-,A,D,0,NA,NA,NA,NA,Y,Y,A,01,0,1,0,0,0,0,0,0,0,-,-,NA,NA,LOS ANGELES,LOS ANGELES,-118.239013671875,33.946022033691406
84919366,2025,2025-11-11,1942,2025-10-29,1900,38613,NA,3,5,7,1942,0,0,0,NA,0,1902,POLK ST,FOOTHILL BL,802,W,N,A,-,N,NA,NA,NA,NA,NA,NA,NA,NA,NA,N,1,1,0,2,A,-,11,21954,A,N,G,B,D,A,H,-,C,D,0,Y,NA,NA,NA,Y,NA,N,60,0,0,0,1,0,0,0,0,0,-,-,NA,NA,LOS ANGELES,LOS ANGELES,-118.44258880615234,34.313934326171875
84919399,2025,2025-11-11,1942,2025-11-03,1300,39281,NA,1,5,7,1942,0,0,0,NA,0,1664,SHELDON ST,GLENOAKS BL,95,W,N,A,-,N,NA,NA,NA,NA,NA,NA,NA,NA,NA,N,3,0,1,2,A,-,21,22106,NA,N,C,C,A,A,H,-,A,A,0,NA,NA,NA,NA,Y,NA,A,07,0,1,0,0,0,0,0,0,0,-,-,NA,NA,LOS ANGELES,LOS ANGELES,-118.38417816162108,34.24626159667969
84919418,2025,2025-11-11,1910,2025-10-30,1458,373,NA,4,5,4,1910,0,0,0,NA,0,005,PALM DR,OLYMPIC BLVD,140,S,N,A,-,N,NA,NA,NA,NA,NA,NA,NA,NA,NA,N,3,0,1,2,A,-,09,21800,A,N,D,C,A,A,H,-,A,D,0,NA,NA,Y,NA,Y,Y,C,03,0,1,0,0,0,0,0,0,1,-,-,34.05891036987305,-118.3917999267578,LOS ANGELES,BEVERLY HILLS,-118.3918228149414,34.05897521972656
84919425,2025,2025-11-11,1942,2025-09-09,2210,46182,NA,2,5,7,1942,0,0,0,NA,0,2074,NORMANDIE AVE,WASHINGTON BLVD,103,S,N,A,-,Y,NA,NA,NA,NA,NA,NA,NA,NA,NA,N,3,0,1,2,C,-,18,NA,NA,N,G,B,D,A,H,-,C,A,0,Y,NA,NA,NA,Y,Y,-,-,0,1,0,0,1,0,0,0,0,-,-,NA,NA,LOS ANGELES,LOS ANGELES,-118.30084228515624,34.03998947143555
84919442,2025,2025-11-11,1942,2025-09-05,850,41003,NA,5,5,7,1942,0,0,0,NA,0,0893,EXPOSITION BL,SEPULVEDA BL,400,W,N,A,-,N,NA,NA,NA,NA,NA,NA,NA,NA,NA,N,4,0,1,2,B,-,22,NA,NA,N,G,B,F,A,H,-,A,D,0,Y,NA,NA,NA,Y,NA,A,01,0,0,1,0,1,0,0,0,0,-,-,NA,NA,LOS ANGELES,LOS ANGELES,-118.43544769287108,34.03499221801758
84919598,2025,2025-11-11,1942,2025-08-24,1930,41917,NA,7,5,7,1942,0,0,0,NA,0,1842,IMPERIAL HWY,SAN PEDRO ST,0,NA,Y,A,-,N,NA,NA,NA,NA,NA,NA,NA,NA,NA,Y,4,0,1,2,A,-,12,21453,A,N,A,C,A,A,H,-,B,A,0,NA,NA,NA,NA,Y,NA,A,01,0,0,1,0,0,0,0,0,0,-,-,NA,NA,LOS ANGELES,LOS ANGELES,-118.26954650878906,33.93119812011719
84919610,2025,2025-11-11,1942,2025-09-10,900,42656,NA,3,5,7,1942,0,0,0,NA,0,0807,MULHOLLAND DR,NICADA DR,58,W,N,B,-,N,NA,NA,NA,NA,NA,NA,NA,NA,NA,Y,3,0,1,1,C,-,18,NA,NA,N,H,I,A,A,G,-,A,D,0,NA,NA,Y,NA,Y,NA,-,-,0,1,0,0,0,0,0,0,1,-,-,NA,NA,LOS ANGELES,LOS ANGELES,-118.4489974975586,34.1315803527832