CASE_ID,ACCIDENT_YEAR,PROC_DATE,JURIS,COLLISION_DATE,COLLISION_TIME,OFFICER_ID,REPORTING_DISTRICT,DAY_OF_WEEK,CHP_SHIFT,POPULATION,CNTY_CITY_LOC,SPECIAL_COND,BEAT_TYPE,CHP_BEAT_TYPE,CITY_DIVISION_LAPD,CHP_BEAT_CLASS,BEAT_NUMBER,PRIMARY_RD,SECONDARY_RD,DISTANCE,DIRECTION,INTERSECTION,WEATHER_1,WEATHER_2,STATE_HWY_IND,CALTRANS_COUNTY,CALTRANS_DISTRICT,STATE_ROUTE,ROUTE_SUFFIX,POSTMILE_PREFIX,POSTMILE,LOCATION_TYPE,RAMP_INTERSECTION,SIDE_OF_HWY,TOW_AWAY,COLLISION_SEVERITY,NUMBER_KILLED,NUMBER_INJURED,PARTY_COUNT,PRIMARY_COLL_FACTOR,PCF_CODE_OF_VIOL,PCF_VIOL_CATEGORY,PCF_VIOLATION,PCF_VIOL_SUBSECTION,HIT_AND_RUN,TYPE_OF_COLLISION,MVIW,PED_ACTION,ROAD_SURFACE,ROAD_COND_1,ROAD_COND_2,LIGHTING,CONTROL_DEVICE,CHP_ROAD_TYPE,PEDESTRIAN_ACCIDENT,BICYCLE_ACCIDENT,MOTORCYCLE_ACCIDENT,TRUCK_ACCIDENT,NOT_PRIVATE_PROPERTY,ALCOHOL_INVOLVED,STWD_VEHTYPE_AT_FAULT,CHP_VEHTYPE_AT_FAULT,COUNT_SEVERE_INJ,COUNT_VISIBLE_INJ,COUNT_COMPLAINT_PAIN,COUNT_PED_KILLED,COUNT_PED_INJURED,COUNT_BICYCLIST_KILLED,COUNT_BICYCLIST_INJURED,COUNT_MC_KILLED,COUNT_MC_INJURED,PRIMARY_RAMP,SECONDARY_RAMP,LATITUDE,LONGITUDE,COUNTY,CITY,POINT_X,POINT_Y
84921821,2025,2025-11-12,1923,2025-10-23,1620,530,NA,4,5,3,1923,0,0,0,NA,0,3L3D,DOUGLAS ST,UTAH AVE,0,NA,Y,A,-,N,NA,NA,NA,NA,NA,NA,NA,NA,NA,Y,4,0,1,2,A,-,08,22107,NA,N,D,C,A,A,H,-,A,A,0,NA,NA,NA,NA,Y,NA,A,01,0,0,1,0,0,0,0,0,0,-,-,33.909481048583984,-118.38320922851564,LOS ANGELES,EL SEGUNDO,-118.38319396972656,33.909461975097656
84921828,2025,2026-01-08,1923,2025-10-24,1740,586,NA,5,5,3,1923,0,0,0,NA,0,0E3,PACIFIC COAST HIGHWAY,HUGHES WY,643,N,N,A,-,N,NA,NA,NA,NA,NA,NA,NA,NA,NA,Y,3,0,2,3,A,-,01,23152,A,N,D,C,A,A,H,-,B,D,0,NA,NA,NA,NA,Y,Y,A,01,0,2,0,0,0,0,0,0,0,-,-,33.90774917602539,-118.3960189819336,LOS ANGELES,EL SEGUNDO,-118.3960418701172,33.909515380859375
84921849,2025,2025-11-12,1948,2025-10-28,759,463,NA,2,5,5,1948,0,0,0,NA,0,003,POMONA BLVD,GARFIELD AV,130,W,N,A,-,N,NA,NA,NA,NA,NA,NA,NA,NA,NA,N,3,0,1,2,A,-,05,21202,A,N,D,G,A,A,H,-,A,A,0,NA,Y,NA,NA,Y,NA,L,04,0,1,0,0,0,0,1,0,0,-,-,34.03363037109375,-118.13014221191406,LOS ANGELES,MONTEREY PARK,-118.13053894042967,34.0335807800293
84921850,2025,2025-11-12,1948,2025-10-31,2206,509,NA,5,5,5,1948,0,0,0,NA,0,001,BRIGHTWOOD ST,MONTEREY PASS RD,0,NA,Y,A,-,N,NA,NA,NA,NA,NA,NA,NA,NA,NA,N,2,0,1,2,A,-,10,21950,A,N,G,B,C,A,H,-,C,A,0,Y,NA,NA,NA,Y,NA,A,01,1,0,0,0,1,0,0,0,0,-,-,34.045440673828125,-118.16201019287108,LOS ANGELES,MONTEREY PARK,-118.16194915771484,34.045433044433594
84921925,2025,2025-11-12,1965,2025-10-04,2,4113,NA,6,5,5,1965,0,0,0,NA,0,B003,PICO BLVD,CLOVERFIELD BLVD,0,E,-,A,-,N,NA,NA,NA,NA,NA,NA,NA,NA,NA,Y,4,0,1,2,A,-,03,22350,NA,M,C,C,A,A,H,-,C,A,0,NA,NA,NA,NA,Y,NA,A,08,0,0,1,0,0,0,0,0,0,-,-,34.02165985107422,-118.4655532836914,LOS ANGELES,SANTA MONICA,-118.46566009521484,34.021522521972656
84922036,2025,2025-11-12,1955,2025-10-01,1433,42952,NA,3,5,6,1955,0,0,0,NA,0,005,WHITE AVE,4TH ST,121,S,N,A,-,N,NA,NA,NA,NA,NA,NA,NA,NA,NA,N,2,0,1,2,A,-,11,21950,B,N,G,B,D,A,H,-,A,A,0,Y,NA,NA,NA,Y,NA,N,60,1,0,0,0,1,0,0,0,0,-,-,34.055809020996094,-117.75884246826172,LOS ANGELES,POMONA,-117.7588119506836,34.05544662475586
84922154,2025,2025-11-12,1913,2025-10-17,1344,4522,NA,5,5,4,1913,0,0,0,NA,0,002,S INDIAN HILL BLVD,W SAN JOSE AVE,0,NA,Y,A,-,N,NA,NA,NA,NA,NA,NA,NA,NA,NA,N,3,0,1,2,A,-,03,22350,NA,N,C,C,A,A,H,-,A,A,0,NA,NA,NA,NA,Y,NA,I,11,0,1,0,0,0,0,0,0,0,-,-,34.083160400390625,-117.7193603515625,LOS ANGELES,CLAREMONT,-117.7193603515625,34.08320617675781
84922156,2025,2025-11-12,1913,2025-10-31,440,4522,NA,5,5,4,1913,0,0,0,NA,0,003,1326 W BASELINE RD,LIVE OAK CANYON RD,0,NA,Y,A,-,N,NA,NA,NA,NA,NA,NA,NA,NA,NA,Y,3,0,1,2,A,-,03,22350,NA,N,C,C,A,A,H,-,C,A,0,NA,NA,NA,NA,Y,NA,A,01,0,1,0,0,0,0,0,0,0,-,-,34.12131881713867,-117.74236297607422,LOS ANGELES,CLAREMONT,-117.74394989013672,34.12153625488281
84922209,2025,2025-11-12,1900,2025-10-02,1800,680032,NA,4,5,5,1915,0,0,0,NA,0,283T1,COMPTON BLVD,SLOAN AV,13,E,-,A,-,Y,NA,NA,NA,NA,NA,NA,NA,NA,NA,Y,1,1,0,2,A,-,11,21954,A,N,G,B,B,A,H,-,B,D,0,Y,NA,NA,NA,Y,NA,N,60,0,0,0,1,0,0,0,0,0,-,-,33.89604187011719,-118.21044921875,LOS ANGELES,COMPTON,-118.2104263305664,33.89603042602539
84922216,2025,2025-11-12,1900,2025-11-04,1120,506163,NA,2,5,5,1919,0,0,0,NA,0,230T,BLOOMFIELD AV,DEL AMO BLVD,0,NA,-,A,-,N,NA,NA,NA,NA,NA,NA,NA,NA,NA,Y,3,0,1,2,A,-,03,22350,NA,N,C,C,A,A,H,-,A,A,0,NA,NA,NA,NA,Y,NA,A,01,0,1,0,0,0,0,0,0,0,-,-,33.84640121459961,-118.0634994506836,LOS ANGELES,CERRITOS,-118.06351470947266,33.84621810913086
84922217,2025,2025-11-12,1900,2025-11-04,1327,644558,NA,2,5,5,1919,0,0,0,NA,0,230M3,CARMENITA RD,91 FWY,0,NA,-,A,-,N,NA,NA,NA,NA,NA,NA,NA,NA,NA,Y,3,0,1,2,A,-,12,21453,A,N,D,C,A,A,H,-,A,A,0,NA,NA,NA,NA,Y,NA,D,22,0,1,0,0,0,0,0,0,0,-,-,NA,NA,LOS ANGELES,CERRITOS,NA,NA
84922219,2025,2025-11-12,1900,2025-10-14,1344,656745,NA,2,5,3,1989,0,0,0,NA,0,225,OLD TOPANGA CANYON RD,WREN CREST DR,0,NA,-,A,-,N,NA,NA,NA,NA,NA,NA,NA,NA,NA,Y,3,0,1,2,A,-,09,21802,A,N,A,C,A,A,H,-,A,D,0,NA,NA,NA,NA,Y,NA,A,01,0,1,0,0,0,0,0,0,0,-,-,34.14414978027344,-118.6299285888672,LOS ANGELES,CALABASAS,-118.62994384765624,34.14411163330078
84922227,2025,2025-11-12,1900,2025-09-07,1440,660980,NA,7,5,4,1939,0,0,0,NA,0,035,149TH ST,HAWTHORNE BLVD (E),0,NA,-,A,-,N,NA,NA,NA,NA,NA,NA,NA,NA,NA,N,4,0,1,2,A,-,09,21802,A,N,D,C,A,A,H,-,A,A,0,NA,NA,NA,NA,Y,NA,A,01,0,0,1,0,0,0,0,0,0,-,-,33.896461486816406,-118.35236358642578,LOS ANGELES,LAWNDALE,-118.3527374267578,33.896419525146484
84922228,2025,2025-11-12,1900,2025-09-01,30,638502,NA,1,5,6,1949,0,0,0,NA,0,43T1,IMPERIAL HWY,CURTIS AND KING RD,0,NA,-,A,-,N,NA,NA,NA,NA,NA,NA,NA,NA,NA,N,4,0,1,2,A,-,09,21453,C,M,D,C,A,A,H,-,C,A,0,NA,NA,NA,NA,Y,NA,D,22,0,0,1,0,0,0,0,0,0,-,-,NA,NA,LOS ANGELES,NORWALK,-118.10800170898438,33.91687774658203
84922234,2025,2025-11-12,1900,2025-09-13,1356,678246,NA,6,5,5,1915,0,0,0,NA,0,283T2,DWIGHT AV,SCHOOL ST,0,NA,-,A,-,N,NA,NA,NA,NA,NA,NA,NA,NA,NA,N,4,0,1,3,A,-,09,21802,A,N,D,C,A,A,H,-,A,D,0,NA,NA,NA,NA,Y,NA,A,01,0,0,1,0,0,0,0,0,0,-,-,33.89720916748047,-118.24204254150392,LOS ANGELES,COMPTON,-118.24205780029295,33.8972053527832
84922244,2025,2025-11-12,1900,2025-10-25,1532,677313,NA,6,5,5,1915,0,0,0,NA,0,283T2,SANTA FE AV,TUCKER ST,0,NA,-,A,-,N,NA,NA,NA,NA,NA,NA,NA,NA,NA,N,4,0,1,2,A,-,12,21453,A,N,D,C,A,A,H,-,A,A,0,NA,NA,NA,NA,Y,NA,-,-,0,0,1,0,0,0,0,0,0,-,-,33.90700149536133,-118.21643829345705,LOS ANGELES,COMPTON,-118.21646881103516,33.90696716308594
84922325,2025,2025-11-12,1905,2025-10-25,2222,1204,NA,6,5,4,1905,0,0,0,NA,0,002,SAN GABRIEL AV,6TH ST,0,NA,-,A,-,N,NA,NA,NA,NA,NA,NA,NA,NA,NA,Y,3,0,1,2,A,-,07,21658,A,N,B,C,A,A,H,-,C,A,0,NA,NA,NA,NA,Y,NA,A,01,0,1,0,0,0,0,0,0,0,-,-,NA,NA,LOS ANGELES,AZUSA,-117.90882873535156,34.13165283203125
84922333,2025,2025-11-12,1956,2025-10-02,1444,1414,NA,4,5,5,1956,0,0,0,NA,0,002,BERYL ST,HARKNESS LN,216,W,N,A,-,N,NA,NA,NA,NA,NA,NA,NA,NA,NA,N,3,0,1,2,A,-,03,22350,NA,N,B,E,A,A,H,-,A,D,0,NA,Y,NA,NA,Y,NA,M,91,0,1,0,0,0,0,1,0,0,-,-,33.85472869873047,-118.38018798828124,LOS ANGELES,REDONDO BEACH,-118.380859375,33.85456848144531
84922337,2025,2025-11-12,1962,2025-10-07,1606,116,NA,2,5,4,1962,0,0,0,NA,0,004,DEL MAR AV,LOFTUS DR,25,S,N,A,-,N,NA,NA,NA,NA,NA,NA,NA,NA,NA,N,4,0,3,2,A,-,07,21658,A,N,B,C,A,A,H,-,A,D,0,NA,NA,NA,Y,Y,NA,A,01,0,0,3,0,0,0,0,0,0,-,-,34.073768615722656,-118.09961700439452,LOS ANGELES,SAN GABRIEL,-118.09954071044922,34.07364273071289
84922357,2025,2025-11-12,1947,2025-10-19,444,1478,NA,7,5,5,1947,0,0,0,NA,0,00E,OLYMPIC BLVD,KENSINGTON WY,100,E,N,A,-,N,NA,NA,NA,NA,NA,NA,NA,NA,NA,Y,4,0,1,2,A,-,08,22107,NA,F,B,E,A,A,H,-,C,D,0,NA,NA,NA,NA,Y,Y,A,01,0,0,1,0,0,0,0,0,0,-,-,34.010589599609375,-118.125,LOS ANGELES,MONTEBELLO,-118.12471771240234,34.010589599609375
84922455,2025,2025-11-12,1965,2025-10-08,1423,4146,NA,3,5,5,1965,0,0,0,NA,0,B001,5TH ST,BROADWAY,154,S,-,A,-,N,NA,NA,NA,NA,NA,NA,NA,NA,NA,N,2,0,1,2,A,-,08,22107,NA,N,G,B,D,A,H,-,A,A,0,Y,NA,NA,NA,Y,NA,B,01,1,0,0,0,1,0,0,0,0,-,-,NA,NA,LOS ANGELES,SANTA MONICA,-118.49230194091795,34.015567779541016
84922747,2025,2025-11-12,1910,2025-11-05,913,368,NA,3,5,4,1910,0,0,0,NA,0,006,N CRESCENT DR,ELEVADO AVE,281,S,N,A,-,N,NA,NA,NA,NA,NA,NA,NA,NA,NA,N,3,0,1,2,A,-,03,22350,NA,N,D,C,A,A,H,-,A,D,0,NA,NA,Y,NA,Y,NA,C,03,0,1,0,0,0,0,0,0,1,-,-,34.07870101928711,-118.40550231933594,LOS ANGELES,BEVERLY HILLS,-118.40604400634766,34.07857894897461
84922758,2025,2025-11-12,1910,2025-11-05,1726,368,NA,3,5,4,1910,0,0,0,NA,0,005,OLYMPIC BLVD,S LINDEN DR,0,NA,Y,A,-,N,NA,NA,NA,NA,NA,NA,NA,NA,NA,Y,3,0,2,2,A,-,09,21801,A,N,D,C,A,A,H,-,C,A,0,NA,NA,NA,NA,Y,NA,A,01,0,2,0,0,0,0,0,0,0,-,-,34.058441162109375,-118.40689849853516,LOS ANGELES,BEVERLY HILLS,-118.40782165527344,34.059688568115234
84922773,2025,2025-11-12,1910,2025-11-06,958,373,NA,4,5,4,1910,0,0,0,NA,0,004,LOMITAS AVE,N BEVERLY DR,0,NA,Y,A,-,N,NA,NA,NA,NA,NA,NA,NA,NA,NA,Y,3,0,2,2,A,-,09,21802,A,N,D,C,A,A,H,-,A,A,0,NA,NA,NA,NA,Y,NA,A,01,0,2,0,0,0,0,0,0,0,-,-,34.07965850830078,-118.4115982055664,LOS ANGELES,BEVERLY HILLS,-118.41165161132813,34.07964324951172
84923113,2025,2025-11-12,1942,2025-10-30,810,33296,NA,4,5,7,1942,0,0,0,NA,0,0513,PACIFIC COAST HIGHWAY,VERMONT AVE,445,W,N,A,-,Y,NA,NA,NA,NA,NA,NA,NA,NA,NA,Y,4,0,1,2,A,-,08,22101,D,N,D,C,A,A,H,-,A,A,0,NA,NA,NA,NA,Y,NA,A,07,0,0,1,0,0,0,0,0,0,-,-,NA,NA,LOS ANGELES,LOS ANGELES,-118.29320526123048,33.79100036621094
84923152,2025,2025-11-12,1942,2025-11-08,1605,41158,NA,6,5,7,1942,0,0,0,NA,0,2139,VARIEL AVE,SHERMAN WAY,490,N,N,A,-,N,NA,NA,NA,NA,NA,NA,NA,NA,NA,N,4,0,2,2,A,-,09,21804,B,F,D,C,A,A,H,-,A,D,0,NA,NA,NA,NA,Y,NA,-,99,0,0,2,0,0,0,0,0,0,-,-,NA,NA,LOS ANGELES,LOS ANGELES,-118.5928192138672,34.20232391357422
84923181,2025,2025-11-12,1942,2025-11-04,500,39217,NA,2,5,7,1942,0,0,0,NA,0,1781,MASON AVE,PARTHENIA ST,32,S,N,A,-,N,NA,NA,NA,NA,NA,NA,NA,NA,NA,Y,2,0,2,3,A,-,08,22102,NA,N,D,C,A,A,H,-,C,A,0,NA,NA,Y,NA,Y,NA,C,02,1,0,1,0,0,0,0,0,1,-,-,NA,NA,LOS ANGELES,LOS ANGELES,-118.57978057861328,34.22812271118164
84923186,2025,2025-11-12,1942,2025-11-07,1500,42775,NA,5,5,7,1942,0,0,0,NA,0,1723,MASON AVE,DEVONSHIRE ST,560,N,N,A,-,N,NA,NA,NA,NA,NA,NA,NA,NA,NA,Y,2,0,3,2,A,-,03,22350,NA,N,C,C,A,A,H,-,A,A,0,NA,NA,NA,NA,Y,NA,A,01,2,0,1,0,0,0,0,0,0,-,-,NA,NA,LOS ANGELES,LOS ANGELES,-118.57984924316406,34.25879669189453
84923187,2025,2025-11-12,1942,2025-11-07,1505,38849,NA,5,5,7,1942,0,0,0,NA,0,1756,BALBOA BLVD,DEVONSHIRE BL,435,S,N,A,-,N,NA,NA,NA,NA,NA,NA,NA,NA,NA,N,3,0,1,2,B,-,22,NA,NA,F,G,B,D,A,H,-,A,D,0,Y,NA,NA,NA,Y,NA,-,99,0,1,0,0,1,0,0,0,0,-,-,NA,NA,LOS ANGELES,LOS ANGELES,-118.50234985351564,34.25634765625
84923191,2025,2025-11-12,1942,2025-11-07,2220,44325,NA,5,5,7,1942,0,0,0,NA,0,1612,VAN NUYS BLVD,BRADLEY AVE,60,W,N,A,-,N,NA,NA,NA,NA,NA,NA,NA,NA,NA,Y,4,0,2,3,A,-,01,23152,A,N,C,C,A,A,H,-,C,A,0,NA,NA,NA,NA,Y,Y,D,22,0,0,2,0,0,0,0,0,0,-,-,NA,NA,LOS ANGELES,LOS ANGELES,-118.4184341430664,34.26878356933594
84923192,2025,2025-11-12,1942,2025-11-07,745,41179,NA,5,5,7,1942,0,0,0,NA,0,1712,SINGING HILLS DR,TWIN HILLS AVE,305,W,N,A,-,N,NA,NA,NA,NA,NA,NA,NA,NA,NA,N,4,0,1,2,A,-,08,22107,NA,F,B,B,E,A,H,-,A,D,0,Y,NA,NA,NA,Y,Y,-,99,0,0,1,0,1,0,0,0,0,-,-,NA,NA,LOS ANGELES,LOS ANGELES,-118.55550384521484,34.278358459472656
84923199,2025,2025-11-12,1942,2025-11-07,1911,36542,NA,5,5,7,1942,0,0,0,NA,0,1788,17161 PARTHENIA,AMESTOY STREET,225,W,N,A,G,N,NA,NA,NA,NA,NA,NA,NA,NA,NA,Y,3,0,1,2,A,-,08,22107,NA,F,B,C,A,A,H,-,C,D,0,NA,NA,NA,NA,Y,NA,A,01,0,1,0,0,0,0,0,0,0,-,-,NA,NA,LOS ANGELES,LOS ANGELES,-118.50773620605467,34.22853469848633
84923200,2025,2025-11-12,1942,2025-11-02,1500,40099,NA,7,5,7,1942,0,0,0,NA,0,1243,WESTERN AVE,GAGE AVE,0,NA,Y,A,-,N,NA,NA,NA,NA,NA,NA,NA,NA,NA,Y,3,0,1,2,A,-,09,21806,A,N,D,C,A,A,H,-,A,A,0,NA,NA,NA,NA,Y,NA,A,07,0,1,0,0,0,0,0,0,0,-,-,NA,NA,LOS ANGELES,LOS ANGELES,-118.30896759033205,33.98236083984375
84923203,2025,2025-11-12,1942,2025-11-02,1800,42775,NA,7,5,7,1942,0,0,0,NA,0,2148,WINNETKA AVE,SHERMAN WAY,70,N,N,A,-,N,NA,NA,NA,NA,NA,NA,NA,NA,NA,N,4,0,1,2,A,-,21,22106,NA,F,B,G,A,A,H,-,C,D,0,NA,Y,NA,NA,Y,NA,-,99,0,0,1,0,0,0,1,0,0,-,-,NA,NA,LOS ANGELES,LOS ANGELES,-118.57099151611328,34.20121383666992
84923214,2025,2025-11-12,1942,2025-11-09,825,44836,NA,7,5,7,1942,0,0,0,NA,0,NA,VICTORY BL,DE SOTO AVE,0,NA,Y,A,-,N,NA,NA,NA,NA,NA,NA,NA,NA,NA,Y,2,0,1,2,A,-,12,21453,A,N,D,C,A,A,H,-,A,A,0,NA,NA,NA,NA,Y,NA,A,07,1,0,0,0,0,0,0,0,0,-,-,NA,NA,LOS ANGELES,LOS ANGELES,-118.5884017944336,34.18836212158203
84923215,2025,2025-11-12,1942,2025-10-30,1954,45697,NA,4,5,7,1942,0,0,0,NA,0,1529,CAHUENGA BLVD,OXNARD ST.,66,W,N,A,-,N,NA,NA,NA,NA,NA,NA,NA,NA,NA,Y,3,0,1,3,A,-,01,23153,A,F,C,E,A,A,H,-,C,D,0,NA,NA,NA,NA,Y,Y,A,01,0,1,0,0,0,0,0,0,0,-,-,NA,NA,LOS ANGELES,LOS ANGELES,-118.36157989501952,34.179439544677734
84923217,2025,2025-11-12,1942,2025-10-30,1930,45716,NA,4,5,7,1942,0,0,0,NA,0,1529,ERWIN ST,CAHUENGA BL,0,NA,Y,A,-,N,NA,NA,NA,NA,NA,NA,NA,NA,NA,Y,3,0,3,3,A,-,12,22450,A,F,A,C,A,A,H,-,C,A,0,NA,NA,NA,NA,Y,Y,A,01,0,3,0,0,0,0,0,0,0,-,-,NA,NA,LOS ANGELES,LOS ANGELES,-118.36157989501952,34.18307113647461
84923218,2025,2025-11-12,1942,2025-11-08,146,38273,NA,6,5,7,1942,0,0,0,NA,0,1017,SHERMAN WAY,AMESTOY AVE,60,E,N,A,-,N,NA,NA,NA,NA,NA,NA,NA,NA,NA,Y,3,0,2,4,A,-,01,23152,A,N,C,C,A,A,H,-,C,D,0,NA,NA,NA,NA,Y,Y,A,01,0,1,1,0,0,0,0,0,0,-,-,NA,NA,LOS ANGELES,LOS ANGELES,-118.50530242919922,34.20112991333008
84923219,2025,2025-11-12,1942,2025-11-09,2020,36622,NA,7,5,7,1942,0,0,0,NA,0,1924,LAUREL CANYON BL,HUBBARD ST,0,NA,Y,A,-,N,NA,NA,NA,NA,NA,NA,NA,NA,NA,Y,3,0,1,2,A,-,12,21453,A,F,A,C,A,A,H,-,C,A,0,NA,NA,NA,NA,Y,NA,A,01,0,1,0,0,0,0,0,0,0,-,-,NA,NA,LOS ANGELES,LOS ANGELES,-118.45796966552734,34.284175872802734
84923224,2025,2025-11-12,1942,2025-10-09,1355,40717,NA,4,5,7,1942,0,0,0,NA,0,0376,LA SALLE AVE,LEIGHTON AVE,0,NA,Y,A,-,N,NA,NA,NA,NA,NA,NA,NA,NA,NA,N,4,0,1,2,A,-,03,22350,NA,N,D,C,A,A,H,-,A,A,0,NA,NA,NA,NA,Y,NA,A,01,0,0,1,0,0,0,0,0,0,-,-,NA,NA,LOS ANGELES,LOS ANGELES,-118.30567169189452,34.0128173828125
84923225,2025,2025-11-12,1942,2025-11-02,2000,38273,NA,7,5,7,1942,0,0,0,NA,0,1969,OSBORNE ST,ARLETA AVE,590,W,N,A,-,N,NA,NA,NA,NA,NA,NA,NA,NA,NA,N,3,0,2,3,A,-,01,23152,A,N,C,E,A,A,H,-,C,A,0,NA,NA,NA,NA,Y,Y,D,22,0,2,0,0,0,0,0,0,0,-,-,NA,NA,LOS ANGELES,LOS ANGELES,-118.42756652832033,34.241004943847656
84923226,2025,2025-11-12,1942,2025-11-02,2240,42324,NA,7,5,7,1942,0,0,0,NA,0,1777,PLUMMER ST,VALJEAN AVE,245,W,N,A,-,N,NA,NA,NA,NA,NA,NA,NA,NA,NA,Y,3,0,2,4,A,-,01,23152,A,N,C,E,A,A,H,-,D,D,0,NA,NA,NA,NA,Y,Y,A,01,0,1,1,0,0,0,0,0,0,-,-,NA,NA,LOS ANGELES,LOS ANGELES,-118.48810577392578,34.24291229248047
84923230,2025,2025-11-12,1942,2025-11-05,2224,44163,NA,3,5,7,1942,0,0,0,NA,0,1727,WILBUR AVE,CHATSWORTH ST,119,N,N,A,-,N,NA,NA,NA,NA,NA,NA,NA,NA,NA,Y,3,0,1,3,A,-,01,23152,A,F,B,B,E,A,H,-,C,D,0,Y,NA,NA,NA,Y,Y,A,01,0,1,0,0,1,0,0,0,0,-,-,NA,NA,LOS ANGELES,LOS ANGELES,-118.54483795166016,34.26485824584961
84923238,2025,2025-11-12,1942,2025-11-07,1727,42775,NA,5,5,7,1942,0,0,0,NA,0,1915,HUBBARD ST,HERRICK AVE,0,NA,Y,A,-,N,NA,NA,NA,NA,NA,NA,NA,NA,NA,Y,1,1,1,2,A,-,09,21801,A,N,D,C,A,A,H,-,C,A,0,NA,NA,Y,NA,Y,NA,A,01,0,0,1,0,0,0,0,1,0,-,-,NA,NA,LOS ANGELES,LOS ANGELES,-118.44221496582033,34.29682159423828
84923286,2025,2025-11-12,1942,2025-11-08,1225,41671,NA,6,5,7,1942,0,0,0,NA,0,1494,SEPULVEDA BL,CENTURY BL,75,N,N,A,-,N,NA,NA,NA,NA,NA,NA,NA,NA,NA,Y,4,0,2,3,A,-,01,23152,A,N,B,C,A,A,H,-,A,A,0,NA,NA,NA,NA,Y,Y,A,01,0,0,2,0,0,0,0,0,0,-,-,NA,NA,LOS ANGELES,LOS ANGELES,-118.39633941650392,33.94575500488281
84923313,2025,2025-11-12,1942,2025-11-08,2355,42901,NA,6,5,7,1942,0,0,0,NA,0,0615,CAHUENGA BL W,PILGRIMAGE BRIDGE,0,NA,Y,B,-,N,NA,NA,NA,NA,NA,NA,NA,NA,NA,Y,2,0,1,2,A,-,09,21453,C,N,D,C,A,A,H,-,C,A,0,NA,NA,Y,NA,Y,NA,A,07,1,0,0,0,0,0,0,0,1,-,-,NA,NA,LOS ANGELES,LOS ANGELES,-118.33708953857422,34.114402770996094
84923343,2025,2025-11-12,1942,2025-11-09,1815,33504,NA,7,5,7,1942,0,0,0,NA,0,0946,WOODMAN AVE,OXNARD ST,348,S,N,A,-,N,NA,NA,NA,NA,NA,NA,NA,NA,NA,Y,2,0,1,5,A,-,01,23152,A,M,A,4,A,A,H,-,C,D,0,NA,NA,NA,NA,Y,Y,A,01,1,0,0,0,0,0,0,0,0,-,-,NA,NA,LOS ANGELES,LOS ANGELES,-118.43125152587892,34.178443908691406
84923433,2025,2025-11-12,1942,2025-11-03,1030,43109,NA,1,5,7,1942,0,0,0,NA,0,2053,WESTERN AVE,OLYMPIC BLVD,5,N,N,A,-,N,NA,NA,NA,NA,NA,NA,NA,NA,NA,N,2,0,1,2,A,-,10,21950,A,F,G,B,B,A,H,-,A,A,0,Y,NA,NA,NA,Y,NA,-,99,1,0,0,0,1,0,0,0,0,-,-,NA,NA,LOS ANGELES,LOS ANGELES,-118.30906677246094,34.05265426635742
84923435,2025,2025-11-12,1910,2025-11-09,312,366,NA,7,5,4,1910,0,0,0,NA,0,006,SUNSET BLVD,N ELM DR,25,W,N,A,-,N,NA,NA,NA,NA,NA,NA,NA,NA,NA,Y,3,0,5,2,A,-,01,23153,A,N,A,C,A,A,H,-,C,D,0,NA,NA,NA,NA,Y,Y,A,01,0,5,0,0,0,0,0,0,0,-,-,34.08662033081055,-118.404296875,LOS ANGELES,BEVERLY HILLS,-118.40447998046876,34.08654022216797
84923452,2025,2025-11-12,1942,2025-11-06,710,41179,NA,4,5,7,1942,0,0,0,NA,0,1797,WOODLEY AVE,PARTHENIA ST,0,NA,Y,A,-,N,NA,NA,NA,NA,NA,NA,NA,NA,NA,Y,4,0,4,3,A,-,12,21453,A,N,D,C,A,A,H,-,A,A,0,NA,NA,NA,Y,Y,NA,A,07,0,0,4,0,0,0,0,0,0,-,-,NA,NA,LOS ANGELES,LOS ANGELES,-118.48514556884766,34.22837829589844
84923528,2025,2025-11-12,1942,2025-11-09,2340,40388,NA,7,5,7,1942,0,0,0,NA,0,1713,RINALDI ST,RESEDA BLVD,70,W,N,A,-,N,NA,NA,NA,NA,NA,NA,NA,NA,NA,Y,4,0,2,2,A,-,01,23152,A,N,A,C,A,A,H,-,C,A,0,NA,NA,NA,NA,Y,Y,A,01,0,0,2,0,0,0,0,0,0,-,-,NA,NA,LOS ANGELES,LOS ANGELES,-118.5366439819336,34.27598571777344
84923555,2025,2025-11-12,1942,2025-11-09,540,39217,NA,7,5,7,1942,0,0,0,NA,0,1566,LANKERSHIM BLVD,VALLEY SPRING LANE,25,N,N,A,-,N,NA,NA,NA,NA,NA,NA,NA,NA,NA,Y,4,0,1,1,A,-,01,23152,A,N,E,I,A,A,H,-,A,D,0,NA,NA,NA,NA,Y,Y,A,07,0,0,1,0,0,0,0,0,0,-,-,NA,NA,LOS ANGELES,LOS ANGELES,-118.36367797851564,34.14678955078125
84923659,2025,2025-11-12,1910,2025-11-05,1522,443,NA,3,5,4,1910,0,0,0,NA,0,005,N S SANTA MONICA BL DR,CRESCENT DR,227,W,N,A,-,N,NA,NA,NA,NA,NA,NA,NA,NA,NA,N,4,0,1,2,A,-,08,22107,NA,F,D,C,A,A,H,-,A,A,0,NA,NA,Y,Y,Y,NA,F,26,0,0,1,0,0,0,0,0,1,-,-,34.07109069824219,-118.40080261230467,LOS ANGELES,BEVERLY HILLS,-118.40218353271484,34.07267379760742