CASE_ID,ACCIDENT_YEAR,PROC_DATE,JURIS,COLLISION_DATE,COLLISION_TIME,OFFICER_ID,REPORTING_DISTRICT,DAY_OF_WEEK,CHP_SHIFT,POPULATION,CNTY_CITY_LOC,SPECIAL_COND,BEAT_TYPE,CHP_BEAT_TYPE,CITY_DIVISION_LAPD,CHP_BEAT_CLASS,BEAT_NUMBER,PRIMARY_RD,SECONDARY_RD,DISTANCE,DIRECTION,INTERSECTION,WEATHER_1,WEATHER_2,STATE_HWY_IND,CALTRANS_COUNTY,CALTRANS_DISTRICT,STATE_ROUTE,ROUTE_SUFFIX,POSTMILE_PREFIX,POSTMILE,LOCATION_TYPE,RAMP_INTERSECTION,SIDE_OF_HWY,TOW_AWAY,COLLISION_SEVERITY,NUMBER_KILLED,NUMBER_INJURED,PARTY_COUNT,PRIMARY_COLL_FACTOR,PCF_CODE_OF_VIOL,PCF_VIOL_CATEGORY,PCF_VIOLATION,PCF_VIOL_SUBSECTION,HIT_AND_RUN,TYPE_OF_COLLISION,MVIW,PED_ACTION,ROAD_SURFACE,ROAD_COND_1,ROAD_COND_2,LIGHTING,CONTROL_DEVICE,CHP_ROAD_TYPE,PEDESTRIAN_ACCIDENT,BICYCLE_ACCIDENT,MOTORCYCLE_ACCIDENT,TRUCK_ACCIDENT,NOT_PRIVATE_PROPERTY,ALCOHOL_INVOLVED,STWD_VEHTYPE_AT_FAULT,CHP_VEHTYPE_AT_FAULT,COUNT_SEVERE_INJ,COUNT_VISIBLE_INJ,COUNT_COMPLAINT_PAIN,COUNT_PED_KILLED,COUNT_PED_INJURED,COUNT_BICYCLIST_KILLED,COUNT_BICYCLIST_INJURED,COUNT_MC_KILLED,COUNT_MC_INJURED,PRIMARY_RAMP,SECONDARY_RAMP,LATITUDE,LONGITUDE,COUNTY,CITY,POINT_X,POINT_Y
84950137,2025,2025-11-27,1900,2025-11-21,1145,533418,NA,5,5,5,1919,0,0,0,NA,0,230T,SOUTH ST,STUDEBAKER RD,912,E,-,A,-,N,NA,NA,NA,NA,NA,NA,NA,NA,NA,Y,4,0,1,2,A,-,04,21703,NA,N,C,C,A,B,H,-,A,A,0,NA,NA,NA,NA,Y,NA,A,07,0,0,1,0,0,0,0,0,0,-,-,33.85847091674805,-118.09645080566406,LOS ANGELES,CERRITOS,-118.0966796875,33.858421325683594
84950138,2025,2025-11-27,1900,2025-10-24,815,648099,NA,5,5,4,1960,0,0,0,NA,0,81K2,SAN DIMAS AVENUE,3RD STREET,0,NA,-,A,-,N,NA,NA,NA,NA,NA,NA,NA,NA,NA,Y,3,0,1,2,A,-,09,21801,A,N,A,C,A,A,H,-,A,D,0,NA,NA,NA,NA,Y,NA,A,01,0,1,0,0,0,0,0,0,0,-,-,34.635009765625,-117.48255157470705,LOS ANGELES,SAN DIMAS,-117.80712890625,34.10969543457031
84950141,2025,2025-11-27,1900,2025-11-10,655,642508,NA,1,5,4,1960,0,0,0,NA,0,81K2,CIENEGA AVENUE,LONE HILL AVENUE,0,NA,-,A,-,N,NA,NA,NA,NA,NA,NA,NA,NA,NA,Y,2,0,2,2,A,-,09,21801,A,N,D,C,A,A,H,-,A,A,0,NA,NA,NA,NA,Y,NA,D,22,1,1,0,0,0,0,0,0,0,-,-,34.10301971435547,-117.82879638671876,LOS ANGELES,SAN DIMAS,-117.82900238037108,34.103050231933594
84950142,2025,2025-11-27,1900,2025-09-15,2230,673010,NA,1,5,4,1979,0,0,0,NA,0,93T1,SANTA MONICA BLVD,FULLER AV (E),17,E,-,A,-,N,NA,NA,NA,NA,NA,NA,NA,NA,NA,N,4,0,1,2,A,-,04,21703,NA,N,C,C,A,A,H,-,C,A,0,NA,NA,NA,NA,Y,NA,A,01,0,0,1,0,0,0,0,0,0,-,-,34.0908088684082,-118.34998321533205,LOS ANGELES,WEST HOLLYWOOD,-118.35004425048828,34.09075927734375
84950144,2025,2025-11-27,1900,2025-09-21,1854,673010,NA,7,5,4,1979,0,0,0,NA,0,93T1,SANTA MONICA BLVD,RAMAGE ST,86,W,-,A,-,N,NA,NA,NA,NA,NA,NA,NA,NA,NA,N,2,0,1,2,D,-,00,NA,NA,N,H,G,A,A,H,-,A,D,0,NA,Y,NA,NA,Y,NA,-,-,1,0,0,0,0,0,1,0,0,-,-,34.08279037475586,-118.38729858398438,LOS ANGELES,WEST HOLLYWOOD,-118.3872528076172,34.08278274536133
84950145,2025,2025-11-27,1900,2025-09-22,221,673010,NA,1,5,4,1979,0,0,0,NA,0,93T1,SANTA MONICA BLVD,PALM AV,300,E,-,A,-,N,NA,NA,NA,NA,NA,NA,NA,NA,NA,Y,4,0,1,1,A,-,01,23152,A,M,E,I,A,A,H,-,C,D,0,NA,NA,NA,NA,Y,Y,D,22,0,0,1,0,0,0,0,0,0,-,-,34.08620071411133,-118.38194274902344,LOS ANGELES,WEST HOLLYWOOD,-118.3821029663086,34.08631134033203
84950146,2025,2025-11-27,1900,2025-09-23,1405,673010,NA,2,5,4,1979,0,0,0,NA,0,93T1,FOUNTAIN AV,SPAULDING AV (W),43,E,-,A,-,N,NA,NA,NA,NA,NA,NA,NA,NA,NA,Y,3,0,2,2,A,-,04,21703,NA,N,C,C,A,A,H,-,A,A,0,NA,NA,NA,NA,Y,NA,A,07,0,2,0,0,0,0,0,0,0,-,-,34.09444046020508,-118.3569107055664,LOS ANGELES,WEST HOLLYWOOD,-118.35655975341795,34.09442138671875
84950147,2025,2025-11-27,1900,2025-09-28,1300,673010,NA,7,5,4,1979,0,0,0,NA,0,92T3,FOUNTAIN AV,OGDEN DR,133,E,-,A,-,N,NA,NA,NA,NA,NA,NA,NA,NA,NA,Y,3,0,4,2,A,-,05,21651,A,N,A,C,A,A,H,-,A,D,0,NA,NA,NA,NA,Y,NA,A,01,0,4,0,0,0,0,0,0,0,-,-,34.094459533691406,-118.3585968017578,LOS ANGELES,WEST HOLLYWOOD,-118.35871887207033,34.09442901611328
84950148,2025,2025-11-27,1900,2025-09-28,2130,673010,NA,7,5,4,1979,0,0,0,NA,0,93T1,SUNSET BLVD,KINGS RD,142,W,-,A,-,N,NA,NA,NA,NA,NA,NA,NA,NA,NA,N,4,0,1,3,D,-,00,NA,NA,N,D,C,A,A,H,-,C,D,0,NA,NA,NA,NA,Y,NA,-,-,0,0,1,0,0,0,0,0,0,-,-,34.09511184692383,-118.37322235107422,LOS ANGELES,WEST HOLLYWOOD,-118.37318420410156,34.095115661621094
84950151,2025,2025-11-27,1900,2025-10-07,1730,632902,NA,2,5,5,1954,0,0,0,NA,0,151T2,PARAMOUNT BLVD,MERCURY LN,461,N,-,A,-,N,NA,NA,NA,NA,NA,NA,NA,NA,NA,Y,3,0,1,2,A,-,09,21804,A,N,D,C,A,A,H,-,A,D,0,NA,NA,NA,NA,Y,NA,D,22,0,1,0,0,0,0,0,0,0,-,-,33.98640823364258,-118.10588836669922,LOS ANGELES,PICO RIVERA,-118.10605621337892,33.98622512817383
84950166,2025,2025-11-27,1900,2025-10-06,1441,641586,NA,1,5,6,1949,0,0,0,NA,0,43T1,IMPERIAL HWY,STUDEBAKER RD,175,W,-,A,-,N,NA,NA,NA,NA,NA,NA,NA,NA,NA,N,4,0,1,2,A,-,11,21954,A,N,G,B,E,A,H,-,A,D,0,Y,NA,NA,NA,Y,NA,N,60,0,0,1,0,1,0,0,0,0,-,-,NA,NA,LOS ANGELES,NORWALK,-118.09988403320313,33.917030334472656
84950170,2025,2025-11-27,1900,2025-10-16,1330,621443,NA,4,5,6,1949,0,0,0,NA,0,43T1,ROSECRANS AV,STUDEBAKER RD,380,E,-,A,-,N,NA,NA,NA,NA,NA,NA,NA,NA,NA,Y,3,0,2,2,A,-,09,21804,B,N,D,C,A,A,H,-,A,D,0,NA,NA,NA,NA,Y,NA,D,22,0,2,0,0,0,0,0,0,0,-,-,NA,NA,LOS ANGELES,NORWALK,-118.09886169433594,33.90203094482422
84950171,2025,2025-11-27,1900,2025-10-22,1155,650094,NA,3,5,6,1949,0,0,0,NA,0,43T1,ALONDRA BLVD,STUDEBAKER RD,433,W,-,A,-,N,NA,NA,NA,NA,NA,NA,NA,NA,NA,Y,4,0,1,2,A,-,03,22350,NA,M,B,-,A,A,H,-,A,A,0,NA,NA,NA,NA,Y,NA,A,01,0,0,1,0,0,0,0,0,0,-,-,33.887420654296875,-118.10147094726564,LOS ANGELES,NORWALK,-118.10140228271484,33.88759994506836
84950175,2025,2025-11-27,1900,2025-10-24,430,602995,NA,5,5,6,1950,0,0,0,NA,0,262T1,AVENUE R-2,ROBINA AVENUE,0,NA,-,A,-,N,NA,NA,NA,NA,NA,NA,NA,NA,NA,N,4,0,1,2,A,-,03,22350,NA,M,E,I,A,A,H,-,A,D,0,NA,NA,NA,NA,Y,NA,A,07,0,0,1,0,0,0,0,0,0,-,-,34.57135009765625,-118.1106185913086,LOS ANGELES,PALMDALE,-118.11040496826172,34.57130432128906
84950181,2025,2025-11-27,1900,2025-11-12,2140,642792,NA,3,5,5,1943,0,0,0,NA,0,212T2,IMPERIAL HIGHWAY,STATE STREET,0,NA,-,A,-,N,NA,NA,NA,NA,NA,NA,NA,NA,NA,Y,4,0,2,2,A,-,09,21801,A,N,D,C,A,A,H,-,C,A,0,NA,NA,NA,NA,Y,NA,A,01,0,0,2,0,0,0,0,0,0,-,-,33.930511474609375,-118.21630096435548,LOS ANGELES,LYNWOOD,-118.21644592285156,33.930458068847656
84950183,2025,2025-11-27,1900,2025-11-09,2216,681566,NA,7,5,6,1950,0,0,0,NA,0,263T1,SIERRA HIGHWAY,AVENUE P,0,NA,-,A,-,N,NA,NA,NA,NA,NA,NA,NA,NA,NA,N,2,0,2,3,A,-,03,22350,NA,N,C,C,A,A,H,-,A,A,0,NA,NA,NA,NA,Y,NA,A,01,1,1,0,0,0,0,0,0,0,-,-,34.60171127319336,-118.12119293212892,LOS ANGELES,PALMDALE,-118.12130737304688,34.60181427001953
84950185,2025,2025-11-27,1900,2025-11-12,1000,648315,NA,3,5,5,1935,0,0,0,NA,0,132T1,WOODRUFF AV,SOUTH ST,12,N,-,A,-,N,NA,NA,NA,NA,NA,NA,NA,NA,NA,N,3,0,1,2,A,-,17,21451,B,N,H,G,A,A,H,-,A,A,0,NA,Y,NA,NA,Y,NA,L,04,0,1,0,0,0,0,1,0,0,-,-,33.85844039916992,-118.11720275878906,LOS ANGELES,LAKEWOOD,-118.11707305908205,33.858314514160156
84950222,2025,2025-11-28,1975,2025-11-01,958,508,NA,6,5,6,1975,0,0,0,NA,0,001,LARK ELLEN AV,ROWLAND AV,0,NA,Y,A,-,N,NA,NA,NA,NA,NA,NA,NA,NA,NA,N,4,0,1,2,D,-,00,NA,NA,N,D,C,A,A,H,-,A,A,0,NA,NA,NA,NA,Y,NA,-,-,0,0,1,0,0,0,0,0,0,-,-,34.07923889160156,-117.9165496826172,LOS ANGELES,WEST COVINA,-117.91658782958984,34.07912063598633
84950223,2025,2025-11-28,1975,2025-11-08,1401,458,NA,6,5,6,1975,0,0,0,NA,0,NA,LARK ELLEN AV,GARVEY AV S,540,S,N,A,-,N,NA,NA,NA,NA,NA,NA,NA,NA,NA,Y,2,0,2,3,A,-,09,21801,A,N,B,C,A,A,A,-,A,D,0,NA,NA,Y,NA,Y,NA,A,01,1,0,1,0,0,0,0,0,1,-,-,34.07147979736328,-117.91658782958984,LOS ANGELES,WEST COVINA,-117.91660308837892,34.06996154785156
84950249,2025,2025-11-28,1966,2025-10-16,1015,11072,NA,4,5,3,1966,0,0,0,NA,0,003,W ORANGE GROVE AVE,S LIMA ST,0,N,-,A,-,N,NA,NA,NA,NA,NA,NA,NA,NA,NA,Y,3,0,2,2,A,-,09,21801,A,N,D,C,A,A,H,-,A,D,0,NA,NA,NA,NA,Y,NA,A,01,0,2,0,0,0,0,0,0,0,-,-,NA,NA,LOS ANGELES,SIERRA MADRE,-118.05975341796876,34.15696334838867
84950259,2025,2025-11-28,1962,2025-10-07,2201,146,NA,2,5,4,1962,0,0,0,NA,0,002,LAS TUNAS DR,DEL MAR AV,20,W,N,A,-,N,NA,NA,NA,NA,NA,NA,NA,NA,NA,N,4,0,1,2,A,-,12,21453,A,F,D,C,A,A,H,-,C,A,0,NA,NA,NA,Y,Y,NA,F,26,0,0,1,0,0,0,0,0,0,-,-,34.10279846191406,-118.09969329833984,LOS ANGELES,SAN GABRIEL,-118.09974670410156,34.1027946472168
84950288,2025,2025-11-28,1923,2025-10-22,2306,580,NA,3,5,3,1923,0,0,0,NA,0,3L5M,EL SEGUNDO BLVD,KANSAS ST,62,W,N,A,-,N,NA,NA,NA,NA,NA,NA,NA,NA,NA,Y,4,0,1,3,A,-,01,23152,A,N,B,C,A,A,H,-,C,D,0,NA,NA,NA,NA,Y,Y,A,01,0,0,1,0,0,0,0,0,0,-,-,33.9163818359375,-118.40048980712892,LOS ANGELES,EL SEGUNDO,-118.40072631835938,33.91638946533203
84950303,2025,2025-11-28,1923,2025-11-05,1609,520,NA,3,5,3,1923,0,0,0,NA,0,002,PACIFIC COAST HIGHWAY,HOLLY AVE,0,NA,Y,A,-,Y,LA,NA,1,NA,NA,25.237,H,NA,L,N,3,0,1,2,A,-,09,21804,A,N,D,C,A,A,H,-,A,A,0,NA,NA,NA,NA,Y,NA,D,22,0,1,0,0,0,0,0,0,0,-,-,33.92081069946289,-118.39630126953124,LOS ANGELES,EL SEGUNDO,-118.39634704589844,33.92080307006836
84950341,2025,2025-11-28,1922,2025-11-12,1620,463,NA,3,5,6,1922,0,0,0,NA,0,004,MAXSON RD,VALLEY BLVD,200,S,N,A,-,N,NA,NA,NA,NA,NA,NA,NA,NA,NA,N,4,0,1,2,A,-,21,22106,NA,F,H,C,A,A,H,-,A,D,0,NA,NA,NA,NA,Y,NA,A,01,0,0,1,0,0,0,0,0,0,-,-,NA,NA,LOS ANGELES,EL MONTE,-118.01538848876952,34.060829162597656
84950634,2025,2025-11-28,1910,2025-11-15,720,368,NA,6,5,4,1910,0,0,0,NA,0,004,SUNSET BLVD,GREENWAY DR,0,NA,Y,B,C,N,NA,NA,NA,NA,NA,NA,NA,NA,NA,Y,3,0,1,1,A,-,03,22350,NA,N,E,I,A,B,H,-,A,A,0,NA,NA,NA,NA,Y,NA,A,01,0,1,0,0,0,0,0,0,0,-,-,34.076988220214844,-118.4210968017578,LOS ANGELES,BEVERLY HILLS,-118.42127227783205,34.07698059082031
84950637,2025,2025-11-28,1910,2025-11-18,644,443,NA,2,5,4,1910,0,0,0,NA,0,005,EL CAMINO DR,GREGORY WAY,0,NA,Y,A,-,N,NA,NA,NA,NA,NA,NA,NA,NA,NA,N,3,0,1,2,A,-,03,22350,NA,N,A,G,A,A,H,-,A,A,0,NA,Y,NA,NA,Y,NA,-,62,0,1,0,0,0,0,1,0,0,-,-,34.06222915649414,-118.4001007080078,LOS ANGELES,BEVERLY HILLS,-118.40019989013672,34.062217712402344
84950642,2025,2025-11-28,1910,2025-11-20,1521,373,NA,4,5,4,1910,0,0,0,NA,0,005,LASKY DR,ROXBURY DR.,15,S,N,C,-,N,NA,NA,NA,NA,NA,NA,NA,NA,NA,Y,3,0,1,6,A,-,01,23152,F,N,B,C,A,B,H,-,A,D,0,NA,NA,NA,NA,Y,NA,A,01,0,1,0,0,0,0,0,0,0,-,-,34.06386947631836,-118.4102020263672,LOS ANGELES,BEVERLY HILLS,NA,NA
84950644,2025,2025-11-28,1910,2025-11-24,1305,357,NA,1,5,4,1910,0,0,0,NA,0,009,OLYMPIC BLVD,S CLARK DR,0,NA,Y,A,-,N,NA,NA,NA,NA,NA,NA,NA,NA,NA,Y,3,0,2,2,A,-,09,21801,A,N,D,C,A,A,H,-,A,A,0,NA,NA,NA,NA,Y,NA,A,01,0,1,1,0,0,0,0,0,0,-,-,34.05937957763672,-118.38459777832033,LOS ANGELES,BEVERLY HILLS,-118.38468170166016,34.059349060058594
84950646,2025,2025-11-28,1910,2025-11-24,1523,430,NA,1,5,4,1910,0,0,0,NA,0,005,S LINDEN DR,OLYMPIC BLVD,0,NA,Y,A,-,N,NA,NA,NA,NA,NA,NA,NA,NA,NA,Y,3,0,2,2,A,-,09,21801,A,N,D,C,A,A,H,-,A,D,0,NA,NA,NA,NA,Y,NA,A,01,0,2,0,0,0,0,0,0,0,-,-,34.059730529785156,-118.40779876708984,LOS ANGELES,BEVERLY HILLS,-118.40782165527344,34.059688568115234
84950650,2025,2025-11-28,1910,2025-11-25,907,357,NA,2,5,4,1910,0,0,0,NA,0,005,S CAMDEN DR,OLYMPIC BLVD,0,NA,Y,A,-,N,NA,NA,NA,NA,NA,NA,NA,NA,NA,Y,4,0,1,2,A,-,12,21453,A,N,D,C,A,A,H,-,A,A,0,NA,NA,NA,NA,Y,NA,A,01,0,0,1,0,0,0,0,0,0,-,-,34.05971145629883,-118.4022979736328,LOS ANGELES,BEVERLY HILLS,-118.40237426757813,34.0596809387207
84950658,2025,2025-11-28,1910,2025-11-17,1319,443,NA,1,5,4,1910,0,0,0,NA,0,009,BURTON WAY,PALM DR,31,S,N,C,-,N,NA,NA,NA,NA,NA,NA,NA,NA,NA,Y,3,0,2,2,A,-,03,22350,NA,N,D,C,A,B,H,-,A,A,0,NA,NA,NA,NA,Y,NA,A,01,0,2,0,0,0,0,0,0,0,-,-,34.07236099243164,-118.39219665527344,LOS ANGELES,BEVERLY HILLS,-118.39225769042967,34.07209014892578
84950660,2025,2025-11-28,1910,2025-11-26,1226,368,NA,3,5,4,1910,0,0,0,NA,0,004,N BEDFORD DR,900,0,NA,N,A,-,N,NA,NA,NA,NA,NA,NA,NA,NA,NA,Y,3,0,1,2,A,-,21,22106,NA,N,D,C,A,A,H,-,-,A,0,NA,NA,NA,NA,Y,NA,A,01,0,1,0,0,0,0,0,0,0,-,-,34.0797004699707,-118.41799926757813,LOS ANGELES,BEVERLY HILLS,NA,NA
84950702,2025,2025-11-28,1910,2025-11-25,1247,430,NA,2,5,4,1910,0,0,0,NA,0,009,BURTON WAY,N PALM DR,0,NA,Y,A,-,N,NA,NA,NA,NA,NA,NA,NA,NA,NA,Y,3,0,3,2,A,-,09,21802,A,N,B,C,A,A,H,-,A,D,0,NA,NA,NA,NA,Y,NA,A,01,0,3,0,0,0,0,0,0,0,-,-,34.07236099243164,-118.39219665527344,LOS ANGELES,BEVERLY HILLS,-118.39225769042967,34.07209014892578
84950704,2025,2025-11-28,1942,2025-11-27,405,46333,NA,4,5,7,1942,0,0,0,NA,0,0909,RUNNYMEDE ST,COSTELLO AVE,150,E,N,A,-,N,NA,NA,NA,NA,NA,NA,NA,NA,NA,Y,2,0,1,4,A,-,01,23152,A,N,A,E,A,A,H,-,D,D,0,NA,NA,NA,NA,Y,Y,A,01,1,0,0,0,0,0,0,0,0,-,-,NA,NA,LOS ANGELES,LOS ANGELES,-118.43775939941406,34.20575714111328
84950762,2025,2025-11-28,1900,2025-11-17,2011,644575,NA,1,5,5,1919,0,0,0,NA,0,230K3,SOUTH ST,BLOOMFIELD AV,0,NA,-,A,-,N,NA,NA,NA,NA,NA,NA,NA,NA,NA,N,4,0,1,2,A,-,11,21954,A,N,G,B,D,B,H,-,C,D,0,Y,NA,NA,NA,Y,NA,N,60,0,0,1,0,1,0,0,0,0,-,-,33.858619689941406,-118.06385803222656,LOS ANGELES,CERRITOS,-118.06369018554688,33.8585205078125
84950767,2025,2025-11-28,1900,2025-09-17,1229,635593,NA,3,5,4,1979,0,0,0,NA,0,92T1,SPAULDING AV,ROMAINE ST,310,N,-,A,-,N,NA,NA,NA,NA,NA,NA,NA,NA,NA,N,4,0,1,2,A,-,21,22106,NA,N,C,C,A,A,H,-,A,D,0,NA,NA,NA,NA,Y,NA,A,01,0,0,1,0,0,0,0,0,0,-,-,34.08964157104492,-118.35742950439452,LOS ANGELES,WEST HOLLYWOOD,-118.35742950439452,34.089599609375
84950770,2025,2025-11-28,1900,2025-09-20,1438,635593,NA,6,5,4,1979,0,0,0,NA,0,92T1,FOUNTAIN AV,FLORES ST,0,NA,-,A,-,N,NA,NA,NA,NA,NA,NA,NA,NA,NA,Y,3,0,1,2,A,-,09,21802,A,N,A,C,A,A,H,-,A,A,0,NA,NA,NA,NA,Y,NA,A,07,0,1,0,0,0,0,0,0,0,-,-,34.09402084350586,-118.37149047851564,LOS ANGELES,WEST HOLLYWOOD,-118.37152099609376,34.09404373168945
84950780,2025,2025-11-28,1900,2025-08-05,2000,653914,NA,2,5,3,1968,0,0,0,NA,0,55T1,RUSH STREET,MERCED AVENUE,0,NA,-,A,-,N,NA,NA,NA,NA,NA,NA,NA,NA,NA,N,3,0,1,2,A,-,11,21954,A,N,G,B,D,A,H,-,E,A,0,Y,NA,NA,NA,Y,NA,A,07,0,1,0,0,1,0,0,0,0,-,-,34.0518684387207,-118.05111694335938,LOS ANGELES,SOUTH EL MONTE,-118.0512924194336,34.05186080932617
84950788,2025,2025-11-28,1900,2025-11-25,1450,657316,NA,2,5,5,1977,0,0,0,NA,0,164T1,DEL AMO BLVD,CENTRAL AV,43,W,-,A,-,N,NA,NA,NA,NA,NA,NA,NA,NA,NA,N,4,0,1,2,A,-,03,22350,NA,N,C,C,A,A,H,-,B,D,0,NA,NA,NA,NA,Y,NA,A,01,0,0,1,0,0,0,0,0,0,-,-,33.84674835205078,-118.24881744384766,LOS ANGELES,CARSON,-118.2487335205078,33.84672927856445
84950791,2025,2025-11-28,1900,2025-10-15,1230,625597,NA,3,5,6,1950,0,0,0,NA,0,826T,TECHNOLOGY DRIVE,3RD STREET EAST,0,NA,-,A,-,N,NA,NA,NA,NA,NA,NA,NA,NA,NA,N,4,0,1,2,A,-,04,21703,NA,N,C,C,A,A,H,-,A,A,0,NA,NA,NA,NA,Y,NA,A,07,0,0,1,0,0,0,0,0,0,-,-,34.59450912475586,-118.12525177001952,LOS ANGELES,PALMDALE,-118.12543487548828,34.59443283081055
84950795,2025,2025-11-28,1900,2025-11-07,1741,649087,NA,5,5,6,1950,0,0,0,NA,0,263T1,SIERRA HIGHWAY,RANCHO VISTA BOULEVARD,528,S,-,A,-,N,NA,NA,NA,NA,NA,NA,NA,NA,NA,N,3,0,1,2,A,-,21,22106,NA,N,C,C,A,A,H,-,C,D,0,NA,NA,NA,NA,Y,NA,D,22,0,1,0,0,0,0,0,0,0,-,-,34.600250244140625,-118.12100982666016,LOS ANGELES,PALMDALE,-118.12108612060548,34.600372314453125
84950796,2025,2025-11-28,1900,2025-11-09,1030,691918,NA,7,5,6,1950,0,0,0,NA,0,262T1,TIERRA SUBIDA AVENUE,DATE PALM DRIVE,18,S,-,A,-,N,NA,NA,NA,NA,NA,NA,NA,NA,NA,Y,3,0,2,2,A,-,12,21453,A,N,A,C,A,A,H,-,A,A,0,NA,NA,NA,NA,Y,NA,A,07,0,1,1,0,0,0,0,0,0,-,-,34.58378982543945,-118.14743041992188,LOS ANGELES,PALMDALE,-118.1474609375,34.5837287902832
84950799,2025,2025-11-28,1900,2025-11-13,1304,611535,NA,4,5,6,1950,0,0,0,NA,0,1900,PEARBLOSSOM HWY,30TH ST E,0,NA,-,A,-,Y,NA,NA,NA,NA,NA,NA,NA,NA,NA,Y,4,0,1,2,A,-,12,21453,A,N,D,C,A,A,H,-,A,A,0,NA,NA,NA,NA,Y,NA,A,01,0,0,1,0,0,0,0,0,0,-,-,34.541770935058594,-118.073486328125,LOS ANGELES,PALMDALE,-118.07347106933594,34.54174041748047
84950800,2025,2025-11-28,1900,2025-11-14,750,625597,NA,5,5,6,1950,0,0,0,NA,0,262T1,RANCHO VISTA BLVD,3RD STREET EAST,0,NA,-,C,-,N,NA,NA,NA,NA,NA,NA,NA,NA,NA,Y,4,0,1,2,A,-,12,21453,A,N,D,C,A,B,H,-,A,A,0,NA,NA,NA,NA,Y,NA,D,22,0,0,1,0,0,0,0,0,0,-,-,34.60169982910156,-118.12548828125,LOS ANGELES,PALMDALE,-118.1255111694336,34.60176086425781
84950801,2025,2025-11-28,1900,2025-11-14,850,625597,NA,5,5,6,1950,0,0,0,NA,0,262T1,20TH ST E,AVENUE R-4,0,NA,-,A,-,N,NA,NA,NA,NA,NA,NA,NA,NA,NA,Y,3,0,1,2,A,-,09,21802,A,N,D,C,A,B,H,-,A,A,0,NA,NA,NA,NA,Y,NA,A,01,0,1,0,0,0,0,0,0,0,-,-,34.56903076171875,-118.09400177001952,LOS ANGELES,PALMDALE,-118.09395599365234,34.57270050048828
84950835,2025,2025-12-01,1975,2025-09-30,609,500,NA,2,5,6,1975,0,0,0,NA,0,002,GRAND AV,VIRGINIA AV,0,NA,Y,A,-,N,NA,NA,NA,NA,NA,NA,NA,NA,NA,Y,1,1,1,2,A,-,09,21802,A,N,D,C,A,A,H,-,E,A,0,NA,NA,Y,NA,Y,NA,A,01,0,1,0,0,0,0,0,1,0,-,-,34.06681823730469,-117.87174987792967,LOS ANGELES,WEST COVINA,-117.87191009521484,34.06834030151367
84950836,2025,2025-12-01,1975,2025-10-29,1210,5037,NA,3,5,6,1975,0,0,0,NA,0,004,AZUSA AV,CAMERON AV,72,S,N,A,-,Y,NA,NA,NA,NA,NA,NA,NA,NA,NA,N,4,0,1,2,A,-,03,22350,NA,N,C,C,A,A,H,-,A,A,0,NA,NA,NA,NA,Y,NA,A,07,0,0,1,0,0,0,0,0,0,-,-,34.06113052368164,-117.90782928466795,LOS ANGELES,WEST COVINA,-117.90795135498048,34.06089401245117
84950837,2025,2025-12-01,1975,2025-11-04,1443,511,NA,2,5,6,1975,0,0,0,NA,0,001,ROWLAND AV,VINCENT AV,0,NA,Y,A,-,N,NA,NA,NA,NA,NA,NA,NA,NA,NA,N,3,0,1,2,A,-,10,21950,A,N,G,B,B,A,H,-,A,A,0,Y,NA,NA,NA,Y,NA,A,01,0,1,0,0,1,0,0,0,0,-,-,34.07912826538086,-117.92597198486328,LOS ANGELES,WEST COVINA,-117.926025390625,34.07912063598633
84950839,2025,2025-12-01,1901,2025-09-05,1622,194,NA,5,5,5,1901,0,0,0,NA,0,003,COMMONWEALTH AVE,PALM AVE,0,NA,Y,A,-,N,NA,NA,NA,NA,NA,NA,NA,NA,NA,Y,3,0,3,2,A,-,09,21801,B,N,A,C,A,A,H,-,A,A,0,NA,NA,NA,NA,Y,NA,A,01,0,1,2,0,0,0,0,0,0,-,-,NA,NA,LOS ANGELES,ALHAMBRA,-118.14662170410156,34.087894439697266
84950841,2025,2025-12-01,1975,2025-11-10,1204,483,NA,1,5,6,1975,0,0,0,NA,0,006,VALLEY BLVD,MORGANFIELD AV,0,NA,Y,A,-,N,NA,NA,NA,NA,NA,NA,NA,NA,NA,N,3,0,1,2,A,-,09,21802,A,N,D,C,A,A,H,-,A,A,0,NA,NA,NA,NA,Y,NA,A,01,0,1,0,0,0,0,0,0,0,-,-,34.00215148925781,-117.87529754638672,LOS ANGELES,WEST COVINA,-117.87535858154295,34.00217819213867
84950842,2025,2025-12-01,1975,2025-11-12,1600,502,NA,3,5,6,1975,0,0,0,NA,0,003,THACKERY ST,LARK ELLEN AV,3,E,N,A,-,N,NA,NA,NA,NA,NA,NA,NA,NA,NA,N,3,0,1,2,A,-,05,21650,NA,N,B,G,A,A,H,-,A,A,0,NA,Y,NA,NA,Y,NA,L,04,0,1,0,0,0,0,1,0,0,-,-,34.058631896972656,-117.91673278808594,LOS ANGELES,WEST COVINA,-117.91670989990234,34.058589935302734