CASE_ID,ACCIDENT_YEAR,PROC_DATE,JURIS,COLLISION_DATE,COLLISION_TIME,OFFICER_ID,REPORTING_DISTRICT,DAY_OF_WEEK,CHP_SHIFT,POPULATION,CNTY_CITY_LOC,SPECIAL_COND,BEAT_TYPE,CHP_BEAT_TYPE,CITY_DIVISION_LAPD,CHP_BEAT_CLASS,BEAT_NUMBER,PRIMARY_RD,SECONDARY_RD,DISTANCE,DIRECTION,INTERSECTION,WEATHER_1,WEATHER_2,STATE_HWY_IND,CALTRANS_COUNTY,CALTRANS_DISTRICT,STATE_ROUTE,ROUTE_SUFFIX,POSTMILE_PREFIX,POSTMILE,LOCATION_TYPE,RAMP_INTERSECTION,SIDE_OF_HWY,TOW_AWAY,COLLISION_SEVERITY,NUMBER_KILLED,NUMBER_INJURED,PARTY_COUNT,PRIMARY_COLL_FACTOR,PCF_CODE_OF_VIOL,PCF_VIOL_CATEGORY,PCF_VIOLATION,PCF_VIOL_SUBSECTION,HIT_AND_RUN,TYPE_OF_COLLISION,MVIW,PED_ACTION,ROAD_SURFACE,ROAD_COND_1,ROAD_COND_2,LIGHTING,CONTROL_DEVICE,CHP_ROAD_TYPE,PEDESTRIAN_ACCIDENT,BICYCLE_ACCIDENT,MOTORCYCLE_ACCIDENT,TRUCK_ACCIDENT,NOT_PRIVATE_PROPERTY,ALCOHOL_INVOLVED,STWD_VEHTYPE_AT_FAULT,CHP_VEHTYPE_AT_FAULT,COUNT_SEVERE_INJ,COUNT_VISIBLE_INJ,COUNT_COMPLAINT_PAIN,COUNT_PED_KILLED,COUNT_PED_INJURED,COUNT_BICYCLIST_KILLED,COUNT_BICYCLIST_INJURED,COUNT_MC_KILLED,COUNT_MC_INJURED,PRIMARY_RAMP,SECONDARY_RAMP,LATITUDE,LONGITUDE,COUNTY,CITY,POINT_X,POINT_Y
84965410,2025,2025-12-10,1942,2025-11-09,315,42282,NA,7,5,7,1942,0,0,0,NA,0,1802,MANCHESTER,FIGUEROA ST,90,E,N,A,-,N,NA,NA,NA,NA,NA,NA,NA,NA,NA,N,3,0,1,2,A,-,11,21954,A,F,G,B,D,A,H,-,C,A,0,Y,NA,NA,NA,Y,NA,N,60,0,1,0,0,1,0,0,0,0,-,-,NA,NA,LOS ANGELES,LOS ANGELES,-118.28243255615234,33.96006774902344
84965418,2025,2025-12-10,1942,2025-09-07,2355,39397,NA,7,5,7,1942,0,0,0,NA,0,1268,BROADWAY,MANCHESTER AV,30,N,N,A,-,N,NA,NA,NA,NA,NA,NA,NA,NA,NA,N,3,0,1,2,A,-,00,5509,NA,F,D,C,A,A,H,-,C,A,0,NA,NA,NA,NA,Y,NA,-,99,0,1,0,0,0,0,0,0,0,-,-,NA,NA,LOS ANGELES,LOS ANGELES,-118.27828216552734,33.96016311645508
84965419,2025,2025-12-10,1942,2025-11-09,1055,40404,NA,7,5,7,1942,0,0,0,NA,0,1257,79TH ST,HOOVER ST,525,E,N,A,-,N,NA,NA,NA,NA,NA,NA,NA,NA,NA,N,4,0,1,2,A,-,08,22107,NA,F,D,G,A,A,H,-,A,D,0,NA,Y,NA,NA,Y,NA,-,99,0,0,1,0,0,0,1,0,0,-,-,NA,NA,LOS ANGELES,LOS ANGELES,-118.28539276123048,33.967830657958984
84965424,2025,2025-12-10,1942,2025-11-07,1400,37146,NA,5,5,7,1942,0,0,0,NA,0,1248,VERMONT AV,65TH ST,150,N,N,A,-,N,NA,NA,NA,NA,NA,NA,NA,NA,NA,N,3,0,1,3,A,-,07,21658,A,F,B,C,A,A,H,-,A,D,0,NA,NA,NA,NA,Y,NA,-,99,0,1,0,0,0,0,0,0,0,-,-,NA,NA,LOS ANGELES,LOS ANGELES,-118.29186248779295,33.98091125488281
84965596,2025,2025-12-10,1942,2025-12-08,1530,40937,NA,1,5,7,1942,0,0,0,NA,0,1506,TUJUNGA AV,VALERIO ST,115,N,N,A,-,N,NA,NA,NA,NA,NA,NA,NA,NA,NA,N,2,0,1,2,A,-,03,22350,NA,N,C,C,A,A,H,-,A,A,0,NA,NA,Y,NA,Y,NA,C,02,1,0,0,0,0,0,0,0,1,-,-,NA,NA,LOS ANGELES,LOS ANGELES,-118.3790283203125,34.20514678955078
84965680,2025,2025-12-10,1942,2025-11-04,1025,41933,NA,2,5,7,1942,0,0,0,NA,0,0328,27TH ST,FIGUEROA ST,50,W,N,A,-,N,NA,NA,NA,NA,NA,NA,NA,NA,NA,Y,3,0,2,3,A,-,03,22350,NA,F,B,E,A,A,H,-,A,D,0,NA,NA,NA,NA,Y,NA,A,08,0,2,0,0,0,0,0,0,0,-,-,NA,NA,LOS ANGELES,LOS ANGELES,-118.27684783935548,34.027164459228516
84965709,2025,2025-12-10,1942,2025-11-08,550,41729,NA,6,5,7,1942,0,0,0,NA,0,1241,MANCHESTER AVE,NORMANDIE AVE,0,NA,Y,A,-,N,NA,NA,NA,NA,NA,NA,NA,NA,NA,Y,3,0,1,2,A,-,12,21453,A,F,D,C,A,A,H,-,A,A,0,NA,NA,NA,NA,Y,NA,A,01,0,1,0,0,0,0,0,0,0,-,-,NA,NA,LOS ANGELES,LOS ANGELES,-118.3002700805664,33.96000671386719
84965785,2025,2025-12-10,1942,2025-12-06,1955,38090,NA,6,5,7,1942,0,0,0,NA,0,2055,OLYMPIC BLVD,FEDORA ST,10,E,N,A,-,N,NA,NA,NA,NA,NA,NA,NA,NA,NA,N,3,0,1,2,A,-,12,21453,A,F,G,B,B,A,H,-,C,A,0,Y,NA,NA,NA,Y,NA,-,99,0,1,0,0,1,0,0,0,0,-,-,NA,NA,LOS ANGELES,LOS ANGELES,-118.2978744506836,34.052650451660156
84965801,2025,2025-12-10,1942,2025-12-03,1340,41623,NA,3,5,7,1942,0,0,0,NA,0,2036,NEW HAMPSHIRE ST,7TH STREET,8,N,N,A,-,N,NA,NA,NA,NA,NA,NA,NA,NA,NA,N,3,0,1,2,A,-,08,22107,NA,F,B,G,A,A,H,-,A,D,0,NA,Y,NA,NA,Y,NA,-,99,0,1,0,0,0,0,1,0,0,-,-,NA,NA,LOS ANGELES,LOS ANGELES,-118.29289245605467,34.059810638427734
84965933,2025,2025-12-10,1942,2025-12-02,2153,46340,NA,2,5,7,1942,0,0,0,NA,0,1257,HOOVER ST,78TH STREET,67,N,N,A,-,Y,NA,NA,NA,NA,NA,NA,NA,NA,NA,Y,3,0,1,2,A,-,08,22103,NA,F,F,C,A,A,H,-,C,D,0,NA,NA,NA,NA,Y,NA,A,01,0,1,0,0,0,0,0,0,0,-,-,NA,NA,LOS ANGELES,LOS ANGELES,-118.2871322631836,33.96897506713867
84965987,2025,2025-12-10,1942,2025-12-09,2350,37006,NA,2,5,7,1942,0,0,0,NA,0,1484,LOYOLA BLVD,LINCOLN BLVD,226,W,N,A,-,N,NA,NA,NA,NA,NA,NA,NA,NA,NA,N,3,0,2,3,A,-,11,21954,A,F,G,B,D,A,H,-,C,D,0,Y,NA,NA,NA,Y,NA,N,60,0,2,0,0,2,0,0,0,0,-,-,NA,NA,LOS ANGELES,LOS ANGELES,-118.41781616210938,33.95732879638672
84965993,2025,2025-12-10,1942,2025-10-17,1630,41973,NA,5,5,7,1942,0,0,0,NA,0,NA,MANCHESTER AV,BUDLONG AV,0,NA,Y,A,-,N,NA,NA,NA,NA,NA,NA,NA,NA,NA,N,3,0,2,2,A,-,03,22350,NA,F,C,C,A,A,H,-,A,D,0,NA,NA,NA,NA,Y,NA,-,99,0,2,0,0,0,0,0,0,0,-,-,NA,NA,LOS ANGELES,LOS ANGELES,-118.2959213256836,33.96000671386719
84966027,2025,2025-12-10,1942,2025-10-23,1955,39151,NA,4,5,7,1942,0,0,0,NA,0,1259,CENTRAL AVE,76TH STREET,0,NA,Y,A,-,N,NA,NA,NA,NA,NA,NA,NA,NA,NA,Y,4,0,2,2,A,-,09,21802,A,F,D,C,A,A,H,-,C,A,0,NA,NA,NA,NA,Y,NA,-,99,0,0,2,0,0,0,0,0,0,-,-,NA,NA,LOS ANGELES,LOS ANGELES,-118.25640869140624,33.97119140625
84966040,2025,2025-12-10,1942,2025-08-28,1635,42539,NA,4,5,7,1942,0,0,0,NA,0,1243,GRAMERCY,66TH ST,0,NA,Y,A,-,N,NA,NA,NA,NA,NA,NA,NA,NA,NA,N,3,0,1,2,A,-,12,22450,A,F,D,C,A,A,H,-,A,A,0,NA,NA,NA,NA,Y,NA,-,99,0,1,0,0,0,0,0,0,0,-,-,NA,NA,LOS ANGELES,LOS ANGELES,-118.31337738037108,33.979129791259766
84966055,2025,2025-12-10,1942,2025-12-06,720,41179,NA,6,5,7,1942,0,0,0,NA,0,1729,BALBOA BLVD,SAN FERNANDO MISSION BLVD,34,N,N,A,-,N,NA,NA,NA,NA,NA,NA,NA,NA,NA,N,2,0,1,2,A,-,11,21954,A,F,G,B,D,A,H,-,A,A,0,Y,NA,NA,NA,Y,NA,N,60,1,0,0,0,1,0,0,0,0,-,-,NA,NA,LOS ANGELES,LOS ANGELES,-118.502197265625,34.27214431762695
84966398,2025,2025-12-10,1942,2025-11-28,1300,42775,NA,5,5,7,1942,0,0,0,NA,0,1727,WILBUR AVE,CHATSWORTH ST,7,S,N,A,-,N,NA,NA,NA,NA,NA,NA,NA,NA,NA,N,2,0,1,2,A,-,09,21801,A,N,D,G,A,A,H,-,A,A,0,NA,Y,NA,NA,Y,NA,A,01,1,0,0,0,0,0,1,0,0,-,-,NA,NA,LOS ANGELES,LOS ANGELES,-118.54483795166016,34.26451110839844
84966409,2025,2025-12-10,1942,2025-10-03,1230,46048,NA,5,5,7,1942,0,0,0,NA,0,NA,COMPTON,102ND ST,50,S,N,A,-,N,NA,NA,NA,NA,NA,NA,NA,NA,NA,N,3,0,1,2,B,-,22,NA,NA,F,A,G,A,A,H,-,A,D,0,NA,Y,NA,NA,Y,NA,-,-,0,1,0,0,0,0,1,0,0,-,-,NA,NA,LOS ANGELES,LOS ANGELES,-118.24620819091795,33.94414138793945
84966524,2025,2025-12-10,1942,2025-10-26,900,35936,NA,7,5,7,1942,0,0,0,NA,0,1829,ALAMEDA STREET,CENTURY BL,30,N,N,A,-,N,NA,NA,NA,NA,NA,NA,NA,NA,NA,N,2,0,1,2,A,-,11,21954,A,F,G,B,E,A,H,-,A,D,0,Y,NA,NA,NA,Y,NA,N,60,1,0,0,0,1,0,0,0,0,-,-,NA,NA,LOS ANGELES,LOS ANGELES,-118.22863006591795,33.94662094116211
84966533,2025,2025-12-10,1942,2025-11-01,220,39151,NA,6,5,7,1942,0,0,0,NA,0,1801,VERMONT AVE,88TH ST,415,S,N,A,-,N,NA,NA,NA,NA,NA,NA,NA,NA,NA,Y,4,0,2,3,A,-,03,22350,NA,F,C,E,A,A,H,-,C,A,0,NA,NA,NA,Y,Y,NA,A,07,0,0,2,0,0,0,0,0,0,-,-,NA,NA,LOS ANGELES,LOS ANGELES,-118.29157257080078,33.95683670043945
84966540,2025,2025-12-10,1942,2025-05-03,2230,42958,NA,6,5,7,1942,0,0,0,NA,0,1826,FIRTH BL,96TH ST,0,NA,Y,A,-,N,NA,NA,NA,NA,NA,NA,NA,NA,NA,N,3,0,2,4,A,-,03,22350,NA,F,C,C,E,A,H,-,C,D,0,Y,NA,NA,NA,Y,NA,-,99,0,2,0,0,1,0,0,0,0,-,-,NA,NA,LOS ANGELES,LOS ANGELES,-118.24770355224608,33.94902420043945
84966636,2025,2025-12-10,1910,2025-02-01,1130,365,NA,6,5,4,1910,0,0,0,NA,0,006,CIVIC CENTER DR,N PALM DR,0,NA,Y,A,-,Y,NA,NA,NA,NA,NA,NA,NA,NA,NA,N,4,0,1,2,A,-,10,21950,A,N,G,B,A,A,H,-,A,A,0,NA,NA,Y,NA,Y,NA,A,01,0,0,1,0,0,0,0,0,0,-,-,34.077239990234375,-118.39550018310548,LOS ANGELES,BEVERLY HILLS,-118.3923110961914,34.07898712158203
84966837,2025,2025-12-10,1900,2025-11-17,206,679947,NA,1,5,6,1992,0,0,0,NA,0,112T2,WEST AVENUE J-10,ELM AVENUE,0,NA,-,A,-,N,NA,NA,NA,NA,NA,NA,NA,NA,NA,Y,1,1,0,2,A,-,11,21956,A,N,G,B,E,A,H,-,C,D,0,Y,NA,NA,NA,Y,NA,N,60,0,0,0,1,0,0,0,0,0,-,-,34.680641174316406,-118.14095306396484,LOS ANGELES,LANCASTER,-118.14089965820313,34.680580139160156
84966838,2025,2025-12-10,1900,2025-07-26,1845,529402,NA,6,5,3,1940,0,0,0,NA,0,0PM,PACIFIC COAST HWY,CYPRESS ST,130,W,-,A,-,Y,LA,NA,1,NA,NA,14,H,NA,L,N,2,0,1,2,A,-,03,22350,NA,N,H,G,A,A,H,-,A,A,0,NA,Y,NA,NA,Y,NA,L,04,1,0,0,0,0,0,1,0,0,-,-,33.78947067260742,-118.32318878173828,LOS ANGELES,LOMITA,-118.32318878173828,33.78948211669922
84966843,2025,2025-12-10,1900,2025-12-03,1201,652367,NA,3,5,2,1993,0,0,0,NA,0,226,LINDERO CANYON RD,AGOURA RD,0,NA,-,A,-,N,NA,NA,NA,NA,NA,NA,NA,NA,NA,Y,3,0,2,2,A,-,09,21804,A,N,A,C,A,A,H,-,A,B,0,NA,NA,NA,NA,Y,NA,A,01,0,2,0,0,0,0,0,0,0,-,-,34.14002990722656,-118.8057098388672,LOS ANGELES,WESTLAKE VILLAGE,-118.80589294433594,34.14606475830078
84966848,2025,2025-12-10,1910,2025-12-08,1745,430,NA,1,5,4,1910,0,0,0,NA,0,004,N SANTA MONICA BLVD,WILSHIRE BLVD,0,NA,Y,A,-,N,NA,NA,NA,NA,NA,NA,NA,NA,NA,N,3,0,1,2,A,-,08,22107,NA,M,B,B,A,A,H,-,C,D,0,NA,NA,NA,NA,Y,NA,A,01,0,1,0,0,0,0,0,0,0,-,-,34.06584930419922,-118.4114990234375,LOS ANGELES,BEVERLY HILLS,-118.4104232788086,34.06707000732422
84966849,2025,2025-12-10,1900,2025-12-04,645,624602,NA,4,5,5,1954,0,0,0,NA,0,151T1,9304 REX ROAD,CITRONELL AVENUE,217,E,-,A,-,N,NA,NA,NA,NA,NA,NA,NA,NA,NA,Y,2,0,1,3,A,-,03,22350,NA,N,A,E,A,A,H,-,A,D,0,NA,NA,NA,NA,Y,NA,A,01,1,0,0,0,0,0,0,0,0,-,-,33.97404098510742,-118.09571075439452,LOS ANGELES,PICO RIVERA,-118.09574127197266,33.974082946777344
84966852,2025,2025-12-10,1900,2025-08-06,1730,642065,NA,3,5,4,1971,0,0,0,NA,0,52T1,LIVE OAK AVENUE,CAMELLIA AVENUE,82,W,-,A,-,N,NA,NA,NA,NA,NA,NA,NA,NA,NA,N,3,0,1,2,A,-,08,22107,NA,N,D,C,A,A,H,-,A,D,0,NA,NA,NA,Y,Y,NA,F,21,0,1,0,0,0,0,0,0,0,-,-,34.10321044921875,-118.05911254882813,LOS ANGELES,TEMPLE CITY,-118.05897521972656,34.10321807861328
84966860,2025,2025-12-10,1910,2025-12-09,1058,430,NA,2,5,4,1910,0,0,0,NA,0,004,LEXINGTON RD,OXFORD WAY,0,NA,Y,A,-,N,NA,NA,NA,NA,NA,NA,NA,NA,NA,Y,3,0,1,2,A,-,09,21801,A,N,B,C,A,A,H,-,A,D,0,NA,NA,Y,NA,Y,NA,A,01,0,1,0,0,0,0,0,0,1,-,-,34.08375930786133,-118.41680145263672,LOS ANGELES,BEVERLY HILLS,-118.41690063476564,34.083736419677734
84966864,2025,2025-12-10,1900,2025-10-15,1815,5180,NA,3,5,5,1959,0,0,0,NA,0,53T1,WALNUT GROVE AVENUE,MISSION DRIVE,0,NA,-,A,-,N,NA,NA,NA,NA,NA,NA,NA,NA,NA,Y,3,0,1,2,A,-,09,21801,A,N,D,C,A,A,H,-,C,D,0,NA,NA,NA,NA,Y,NA,A,01,0,1,0,0,0,0,0,0,0,-,-,34.086700439453125,-118.08209991455078,LOS ANGELES,ROSEMEAD,-118.08213043212892,34.08776092529297
84966869,2025,2025-12-10,1900,2025-10-16,1100,621443,NA,4,5,6,1949,0,0,0,NA,0,43T1,ROSECRANS AV,STUDEBAKER RD,450,E,-,A,-,N,NA,NA,NA,NA,NA,NA,NA,NA,NA,N,4,0,1,2,A,-,03,22350,NA,M,C,C,A,A,H,-,A,D,0,NA,NA,NA,NA,Y,NA,A,01,0,0,1,0,0,0,0,0,0,-,-,NA,NA,LOS ANGELES,NORWALK,-118.0986328125,33.90203094482422
84966875,2025,2025-12-10,1900,2025-12-04,1151,606643,NA,4,5,5,1977,0,0,0,NA,0,164T,ALBERTONI ST,AVALON BLVD,335,W,-,A,-,N,NA,NA,NA,NA,NA,NA,NA,NA,NA,N,4,0,3,2,A,-,07,21658,A,N,B,C,A,A,H,-,A,D,0,NA,NA,NA,NA,Y,NA,A,08,0,0,3,0,0,0,0,0,0,-,-,33.871761322021484,-118.26744842529295,LOS ANGELES,CARSON,-118.26739501953124,33.87177658081055
84966883,2025,2025-12-10,1900,2025-12-05,2308,659681,NA,5,5,5,1977,0,0,0,NA,0,160T,ALAMEDA ST,SEPULVEDA BLVD,2928,S,-,A,-,N,NA,NA,NA,NA,NA,NA,NA,NA,NA,Y,3,0,1,2,D,-,00,NA,NA,N,B,C,A,A,H,-,C,D,0,NA,NA,Y,Y,Y,NA,-,-,0,1,0,0,0,0,0,0,1,-,-,33.80070114135742,-118.23739624023438,LOS ANGELES,CARSON,-118.23758697509766,33.800262451171875
84966885,2025,2025-12-10,1900,2025-12-06,1520,644570,NA,6,5,5,1977,0,0,0,NA,0,168T,FIGUEROA ST,228TH ST,0,NA,-,A,-,N,NA,NA,NA,NA,NA,NA,NA,NA,NA,Y,3,0,1,2,A,-,09,21801,A,N,A,C,A,A,H,-,A,A,0,NA,NA,NA,NA,Y,NA,A,08,0,1,0,0,0,0,0,0,0,-,-,33.81895065307617,-118.28585052490234,LOS ANGELES,CARSON,-118.2860107421875,33.81895065307617
84966886,2025,2025-12-10,1900,2025-12-06,1758,652302,NA,6,5,5,1977,0,0,0,NA,0,167T1,CARSON STREET,MAIN STREET,384,W,-,A,-,N,NA,NA,NA,NA,NA,NA,NA,NA,NA,Y,3,0,1,2,A,-,09,21801,A,N,D,D,A,A,H,-,C,D,0,NA,NA,Y,NA,Y,NA,A,01,0,1,0,0,0,0,0,0,1,-,-,33.83150100708008,-118.27940368652344,LOS ANGELES,CARSON,-118.27796173095705,33.83168029785156
84966889,2025,2025-12-10,1900,2025-12-07,702,606643,NA,7,5,5,1977,0,0,0,NA,0,164T,DEL AMO BLVD,TILLMAN AV,42,W,-,A,-,N,NA,NA,NA,NA,NA,NA,NA,NA,NA,Y,4,0,1,1,A,-,08,22107,NA,N,E,I,A,A,H,-,B,D,0,NA,NA,NA,NA,Y,NA,A,01,0,0,1,0,0,0,0,0,0,-,-,33.84663009643555,-118.25373077392578,LOS ANGELES,CARSON,-118.25362396240234,33.84682083129883
84966897,2025,2025-12-10,1900,2025-11-16,110,659203,NA,7,5,6,1985,0,0,0,NA,0,61T1,STEINWAY ST,ASHBORO DR,30,E,-,A,-,N,NA,NA,NA,NA,NA,NA,NA,NA,NA,Y,4,0,1,1,A,-,01,23152,A,N,E,I,A,A,H,-,C,D,0,NA,NA,NA,NA,Y,Y,A,01,0,0,1,0,0,0,0,0,0,-,-,34.43558883666992,-118.48007965087892,LOS ANGELES,SANTA CLARITA,-118.48014831542967,34.43568801879883
84966899,2025,2025-12-10,1900,2025-12-02,1622,642063,NA,2,5,6,1985,0,0,0,NA,0,61T1,SOLEDAD CANYON RD,HIDAWAY AV,0,NA,-,A,-,N,NA,NA,NA,NA,NA,NA,NA,NA,NA,N,3,0,1,2,A,-,04,21703,NA,N,C,D,A,A,H,-,A,D,0,NA,NA,NA,NA,Y,NA,A,07,0,1,0,0,0,0,0,0,0,-,-,34.41572189331055,-118.46888732910156,LOS ANGELES,SANTA CLARITA,-118.4689712524414,34.41570281982422
84966900,2025,2025-12-10,1900,2025-11-10,850,602995,NA,1,5,6,1950,0,0,0,NA,0,262T1,DIVISION ST,RANCHO VISTA BLVD,0,NA,-,A,-,N,NA,NA,NA,NA,NA,NA,NA,NA,NA,Y,4,0,1,2,A,-,03,22350,NA,N,B,C,A,A,H,-,A,A,0,NA,NA,NA,NA,Y,NA,A,01,0,0,1,0,0,0,0,0,0,-,-,34.60176086425781,-118.12996673583984,LOS ANGELES,PALMDALE,-118.1299057006836,34.601741790771484
84966901,2025,2025-12-10,1900,2025-12-04,1834,6238,NA,4,5,6,1985,0,0,0,NA,0,64T1,NEWHALL RANCH RD,MCBEAN PKWY,0,NA,-,A,-,N,NA,NA,NA,NA,NA,NA,NA,NA,NA,Y,3,0,1,2,A,-,07,21658,A,N,B,C,A,A,H,-,C,A,0,NA,NA,NA,NA,Y,NA,A,07,0,1,0,0,0,0,0,0,0,-,-,34.43136978149414,-118.55760192871094,LOS ANGELES,SANTA CLARITA,-118.55773162841795,34.43135452270508
84966907,2025,2025-12-10,1900,2025-11-13,1445,696479,NA,4,5,6,1950,0,0,0,NA,0,263T1,50TH ST E,AVENUE R-12,13,N,-,A,-,N,NA,NA,NA,NA,NA,NA,NA,NA,NA,N,4,0,2,2,A,-,09,21802,A,N,D,C,A,A,H,-,A,A,0,NA,NA,NA,NA,Y,NA,A,01,0,0,2,0,0,0,0,0,0,-,-,34.56126022338867,-118.0408172607422,LOS ANGELES,PALMDALE,-118.04059600830078,34.57272720336914
84966908,2025,2025-12-10,1900,2025-12-08,1653,643228,NA,1,5,6,1985,0,0,0,NA,0,62T1,NEWHALL RANCH RD,MCBEAN PKWY,580,W,-,A,-,N,NA,NA,NA,NA,NA,NA,NA,NA,NA,Y,4,0,1,3,A,-,04,21703,NA,N,C,C,A,A,H,-,C,A,0,NA,NA,NA,NA,Y,NA,A,01,0,0,1,0,0,0,0,0,0,-,-,34.432281494140625,-118.5590362548828,LOS ANGELES,SANTA CLARITA,-118.55914306640624,34.43242645263672
84966918,2025,2025-12-10,1900,2025-12-03,1400,691918,NA,3,5,6,1950,0,0,0,NA,0,262T1,45TH ST E,AVENUE S,519,S,-,A,-,N,NA,NA,NA,NA,NA,NA,NA,NA,NA,N,3,0,3,2,A,-,08,22107,NA,N,D,C,A,A,H,-,A,A,0,NA,NA,NA,NA,Y,NA,A,07,0,1,2,0,0,0,0,0,0,-,-,34.556541442871094,-118.04976654052734,LOS ANGELES,PALMDALE,-118.04975128173828,34.556758880615234
84966921,2025,2025-12-10,1900,2025-12-02,1322,623539,NA,2,5,5,1935,0,0,0,NA,0,132T1,DOWNEY AVENUE,SOUTH STREET,295,S,-,A,-,N,NA,NA,NA,NA,NA,NA,NA,NA,NA,Y,3,0,2,3,A,-,09,21804,A,N,D,I,A,A,H,-,A,D,0,NA,NA,NA,NA,Y,NA,A,01,0,1,1,0,0,0,0,0,0,-,-,NA,NA,LOS ANGELES,LAKEWOOD,-118.1511688232422,33.85940933227539
84967019,2025,2025-12-11,1967,2025-11-27,1642,136,NA,4,5,2,1967,0,0,0,NA,0,NORTH,CALIFORNIA AV,SPRING,10,N,N,-,-,N,NA,NA,NA,NA,NA,NA,NA,NA,NA,N,4,0,1,2,A,-,21,22106,NA,N,C,C,A,A,H,-,B,A,0,NA,NA,NA,NA,Y,NA,D,22,0,0,1,0,0,0,0,0,0,-,-,NA,NA,LOS ANGELES,SIGNAL HILL,-118.1806869506836,33.81169891357422
84967040,2025,2025-12-11,1962,2025-11-09,245,183,NA,7,5,4,1962,0,0,0,NA,0,003,RAMONA ST,GRAND AV,9,S,N,E,-,N,NA,NA,NA,NA,NA,NA,NA,NA,NA,N,4,0,1,1,A,-,03,22350,NA,N,A,I,A,A,H,-,D,A,0,NA,NA,NA,NA,Y,Y,A,01,0,0,1,0,0,0,0,0,0,-,-,34.09164810180664,-118.10800170898438,LOS ANGELES,SAN GABRIEL,-118.10797882080078,34.09158706665039
84967053,2025,2025-12-11,1947,2025-11-18,803,1452,NA,2,5,5,1947,0,0,0,NA,0,00C,3RD ST,MADISON AVE,22,S,N,A,-,N,NA,NA,NA,NA,NA,NA,NA,NA,NA,N,4,0,2,2,A,-,03,22350,NA,N,C,G,A,A,H,-,A,A,0,NA,Y,NA,NA,Y,NA,A,01,0,0,2,0,0,0,2,0,0,-,-,34.012550354003906,-118.10179138183594,LOS ANGELES,MONTEBELLO,-118.10177612304688,34.01251220703125
84967057,2025,2025-12-11,1947,2025-12-01,1616,1457,NA,1,5,5,1947,0,0,0,NA,0,00B,BEVERLY BLVD,SPRUCE ST.,0,NA,Y,A,-,N,NA,NA,NA,NA,NA,NA,NA,NA,NA,N,4,0,1,2,A,-,17,21461,A,N,D,C,A,A,H,-,A,D,0,NA,NA,NA,NA,Y,NA,A,01,0,0,1,0,0,0,0,0,0,-,-,34.017799377441406,-118.10865020751952,LOS ANGELES,MONTEBELLO,-118.10755157470705,34.01751708984375
84967083,2025,2025-12-11,1969,2025-12-08,2029,10261,NA,1,5,5,1969,0,0,0,NA,0,002,FILESTONE BLVD,CHESTNUT AV,40,W,N,A,-,N,NA,NA,NA,NA,NA,NA,NA,NA,NA,Y,3,0,1,3,A,-,03,22350,NA,F,C,E,A,A,H,-,C,A,0,NA,NA,NA,NA,Y,NA,A,01,0,1,0,0,0,0,0,0,0,-,-,33.95553970336914,-118.21914672851564,LOS ANGELES,SOUTH GATE,-118.21929168701172,33.95556640625
84967084,2025,2025-12-11,1965,2025-10-01,856,4164,NA,3,5,5,1965,0,0,0,NA,0,B001,OCEAN AVE,WILSHIRE BLVD,177,S,-,A,-,N,NA,NA,NA,NA,NA,NA,NA,NA,NA,N,4,0,1,2,A,-,08,22107,NA,N,H,G,A,A,H,-,A,D,0,NA,Y,NA,NA,Y,NA,A,07,0,0,1,0,0,0,1,0,0,-,-,34.01641845703125,-118.50067138671876,LOS ANGELES,SANTA MONICA,-118.50083160400392,34.01643753051758
84967089,2025,2025-12-11,1965,2025-10-17,1319,4164,NA,5,5,5,1965,0,0,0,NA,0,B001,7TH ST,BROADWAY,15,S,-,A,-,N,NA,NA,NA,NA,NA,NA,NA,NA,NA,N,4,0,1,2,A,-,10,21950,A,N,G,B,B,A,H,-,A,A,0,Y,NA,NA,NA,Y,NA,A,07,0,0,1,0,1,0,0,0,0,-,-,34.01728820800781,-118.4906997680664,LOS ANGELES,SANTA MONICA,-118.49073791503906,34.01736068725586
84967091,2025,2025-12-11,1965,2025-10-20,1050,4164,NA,1,5,5,1965,0,0,0,NA,0,B002,3RD ST,BAY ST,0,NA,-,A,-,N,NA,NA,NA,NA,NA,NA,NA,NA,NA,N,4,0,1,2,A,-,12,22450,A,N,D,C,A,A,H,-,A,D,0,NA,NA,NA,NA,Y,NA,A,07,0,0,1,0,0,0,0,0,0,-,-,34.00825119018555,-118.48744201660156,LOS ANGELES,SANTA MONICA,-118.4874267578125,34.00824737548828
84967094,2025,2025-12-11,1965,2025-10-20,2245,3158,NA,1,5,5,1965,0,0,0,NA,0,B002,OCEAN PARK BLVD,4TH ST,240,E,-,A,-,N,NA,NA,NA,NA,NA,NA,NA,NA,NA,Y,4,0,2,2,A,-,03,22350,NA,N,C,C,A,A,H,-,C,D,0,NA,NA,NA,NA,Y,NA,A,07,0,0,2,0,0,0,0,0,0,-,-,34.00428009033203,-118.4806671142578,LOS ANGELES,SANTA MONICA,-118.48082733154295,34.004310607910156
84967096,2025,2025-12-11,1965,2025-10-22,730,4083,NA,3,5,5,1965,0,0,0,NA,0,B003,26TH ST,PENNSYLVANIA AVE,0,NA,-,A,-,N,NA,NA,NA,NA,NA,NA,NA,NA,NA,Y,3,0,2,2,A,-,03,22350,NA,N,C,C,A,A,H,-,A,A,0,NA,NA,NA,NA,Y,NA,A,01,0,1,1,0,0,0,0,0,0,-,-,34.029701232910156,-118.4701919555664,LOS ANGELES,SANTA MONICA,-118.47029876708984,34.02980041503906