CASE_ID,ACCIDENT_YEAR,PROC_DATE,JURIS,COLLISION_DATE,COLLISION_TIME,OFFICER_ID,REPORTING_DISTRICT,DAY_OF_WEEK,CHP_SHIFT,POPULATION,CNTY_CITY_LOC,SPECIAL_COND,BEAT_TYPE,CHP_BEAT_TYPE,CITY_DIVISION_LAPD,CHP_BEAT_CLASS,BEAT_NUMBER,PRIMARY_RD,SECONDARY_RD,DISTANCE,DIRECTION,INTERSECTION,WEATHER_1,WEATHER_2,STATE_HWY_IND,CALTRANS_COUNTY,CALTRANS_DISTRICT,STATE_ROUTE,ROUTE_SUFFIX,POSTMILE_PREFIX,POSTMILE,LOCATION_TYPE,RAMP_INTERSECTION,SIDE_OF_HWY,TOW_AWAY,COLLISION_SEVERITY,NUMBER_KILLED,NUMBER_INJURED,PARTY_COUNT,PRIMARY_COLL_FACTOR,PCF_CODE_OF_VIOL,PCF_VIOL_CATEGORY,PCF_VIOLATION,PCF_VIOL_SUBSECTION,HIT_AND_RUN,TYPE_OF_COLLISION,MVIW,PED_ACTION,ROAD_SURFACE,ROAD_COND_1,ROAD_COND_2,LIGHTING,CONTROL_DEVICE,CHP_ROAD_TYPE,PEDESTRIAN_ACCIDENT,BICYCLE_ACCIDENT,MOTORCYCLE_ACCIDENT,TRUCK_ACCIDENT,NOT_PRIVATE_PROPERTY,ALCOHOL_INVOLVED,STWD_VEHTYPE_AT_FAULT,CHP_VEHTYPE_AT_FAULT,COUNT_SEVERE_INJ,COUNT_VISIBLE_INJ,COUNT_COMPLAINT_PAIN,COUNT_PED_KILLED,COUNT_PED_INJURED,COUNT_BICYCLIST_KILLED,COUNT_BICYCLIST_INJURED,COUNT_MC_KILLED,COUNT_MC_INJURED,PRIMARY_RAMP,SECONDARY_RAMP,LATITUDE,LONGITUDE,COUNTY,CITY,POINT_X,POINT_Y
84986608,2025,2025-12-25,1900,2025-11-01,2102,679688,NA,6,5,6,1992,0,0,0,NA,0,112T2,AVENUE K,20TH ST E,0,NA,-,A,-,N,NA,NA,NA,NA,NA,NA,NA,NA,NA,N,4,0,1,2,A,-,12,21453,A,M,D,C,A,A,H,-,C,A,0,NA,NA,NA,NA,Y,NA,-,99,0,0,1,0,0,0,0,0,0,-,-,34.67509841918945,-118.09459686279295,LOS ANGELES,LANCASTER,-118.09490966796876,34.675289154052734
84986609,2025,2025-12-25,1900,2025-11-02,1314,510509,NA,7,5,6,1992,0,0,0,NA,0,112T2,AVENUE J,CEDAR AV,0,NA,-,A,-,N,NA,NA,NA,NA,NA,NA,NA,NA,NA,Y,4,0,1,2,A,-,03,22350,NA,N,C,C,A,A,H,-,A,A,0,NA,NA,NA,NA,Y,NA,A,07,0,0,1,0,0,0,0,0,0,-,-,NA,NA,LOS ANGELES,LANCASTER,-118.13814544677734,34.689456939697266
84986611,2025,2025-12-25,1900,2025-11-05,1930,695908,NA,3,5,6,1992,0,0,0,NA,0,111T2,20TH STREET WEST,LANCASTER BOULEVARD,511,N,-,A,-,N,NA,NA,NA,NA,NA,NA,NA,NA,NA,N,4,0,5,3,A,-,03,22350,NA,M,C,C,A,A,H,-,C,A,0,NA,NA,NA,NA,Y,Y,D,22,0,0,5,0,0,0,0,0,0,-,-,34.69791030883789,-118.1658172607422,LOS ANGELES,LANCASTER,-118.16584014892578,34.69813919067383
84986614,2025,2025-12-25,1900,2025-11-10,1914,623025,NA,1,5,6,1992,0,0,0,NA,0,112T2,10TH ST W,AVENUE K8,450,N,-,A,-,N,NA,NA,NA,NA,NA,NA,NA,NA,NA,Y,3,0,1,2,A,-,07,21658,A,M,B,C,A,A,H,-,C,D,0,NA,NA,NA,NA,Y,NA,A,01,0,1,0,0,0,0,0,0,0,-,-,NA,NA,LOS ANGELES,LANCASTER,-118.14784240722656,34.6688232421875
84986617,2025,2025-12-25,1900,2025-12-10,816,533418,NA,3,5,5,1919,0,0,0,NA,0,230T,NORWALK BLVD,PARK ST,155,S,-,A,-,N,NA,NA,NA,NA,NA,NA,NA,NA,NA,N,4,0,1,2,A,-,05,21650,NA,N,G,G,A,A,H,-,A,A,0,NA,Y,NA,NA,Y,NA,L,04,0,0,1,0,0,0,1,0,0,-,-,33.87776184082031,-118.07254791259766,LOS ANGELES,CERRITOS,-118.07273864746094,33.87776565551758
84986652,2025,2025-12-26,1963,2025-12-10,1259,335,NA,3,5,3,1963,0,0,0,NA,0,ONE,LOS ROBLES AV,MISSION ST,0,NA,Y,A,-,N,NA,NA,NA,NA,NA,NA,NA,NA,NA,N,3,0,1,2,A,-,10,21950,A,F,G,B,B,A,H,-,A,A,0,Y,NA,NA,NA,Y,NA,A,01,0,1,0,0,1,0,0,0,0,-,-,NA,NA,LOS ANGELES,SAN MARINO,-118.13797760009766,34.1161994934082
84986692,2025,2025-12-26,1922,2025-12-10,1600,674,NA,3,5,6,1922,0,0,0,NA,0,NA,GAGE AVE,MILDRED ST,0,NA,Y,A,-,N,NA,NA,NA,NA,NA,NA,NA,NA,NA,N,3,0,1,2,A,-,10,21950,A,N,G,B,B,A,H,-,A,A,0,Y,NA,NA,NA,Y,NA,A,01,0,1,0,0,1,0,0,0,0,-,-,34.06673049926758,-118.03974151611328,LOS ANGELES,EL MONTE,-118.03936767578124,34.06679153442383
84986708,2025,2025-12-26,1947,2025-12-17,1335,1472,NA,3,5,5,1947,0,0,0,NA,0,00C,4TH ST,VICTORIA AVE,0,NA,Y,A,-,N,NA,NA,NA,NA,NA,NA,NA,NA,NA,N,4,0,1,2,A,-,08,22107,NA,F,B,D,A,A,H,-,A,D,0,NA,NA,NA,NA,Y,NA,-,99,0,0,1,0,0,0,0,0,0,-,-,34.01805114746094,-118.10124969482422,LOS ANGELES,MONTEBELLO,-118.10124206542967,34.0180549621582
84986758,2025,2025-12-26,1965,2025-11-21,1702,3553,NA,5,5,5,1965,0,0,0,NA,0,B002,MAIN ST,BAY ST,0,NA,-,B,-,N,NA,NA,NA,NA,NA,NA,NA,NA,NA,Y,4,0,2,2,A,-,09,21802,A,N,D,C,A,A,H,-,B,A,0,NA,NA,NA,NA,Y,NA,A,01,0,0,2,0,0,0,0,0,0,-,-,34.00716018676758,-118.4888916015625,LOS ANGELES,SANTA MONICA,-118.48897552490234,34.00718307495117
84986791,2025,2025-12-26,1925,2025-12-10,653,30591,NA,3,5,6,1925,0,0,0,NA,0,004,BRAND BOULEVARD,SANCHEZ DRIVE,28,W,N,A,-,N,NA,NA,NA,NA,NA,NA,NA,NA,NA,N,3,0,1,2,B,-,22,NA,NA,N,D,C,A,A,H,-,A,A,0,NA,NA,NA,NA,Y,NA,-,-,0,1,0,0,0,0,0,0,0,-,-,34.15599822998047,-118.25498962402344,LOS ANGELES,GLENDALE,-118.25514221191406,34.155941009521484
84986793,2025,2025-12-26,1925,2025-12-12,1440,31344,NA,5,5,6,1925,0,0,0,NA,0,003,CHEVY CHASE DRIVE,ADAMS STREET,88,W,N,A,-,N,NA,NA,NA,NA,NA,NA,NA,NA,NA,N,4,0,1,2,A,-,08,22100,A,M,D,C,A,A,H,-,A,D,0,NA,NA,NA,NA,Y,NA,A,07,0,0,1,0,0,0,0,0,0,-,-,NA,NA,LOS ANGELES,GLENDALE,-118.24201965332033,34.133811950683594
84986839,2025,2025-12-26,1955,2025-10-20,54,43139,NA,1,5,6,1955,0,0,0,NA,0,002,GAREY AVE,PENFIELD ST,80,N,N,A,-,N,NA,NA,NA,NA,NA,NA,NA,NA,NA,Y,4,0,1,1,A,-,08,22107,NA,N,E,I,A,A,H,-,C,D,0,NA,NA,NA,NA,Y,NA,A,01,0,0,1,0,0,0,0,0,0,-,-,34.082271575927734,-117.75289154052734,LOS ANGELES,POMONA,-117.75299072265624,34.08250045776367
84986840,2025,2025-12-26,1955,2025-10-20,2217,42685,NA,1,5,6,1955,0,0,0,NA,0,001,HOLT AVE,SHORT ST,180,E,N,A,-,N,NA,NA,NA,NA,NA,NA,NA,NA,NA,Y,4,0,1,1,A,-,08,22107,NA,N,E,I,A,A,H,-,C,A,0,NA,NA,NA,NA,Y,NA,A,01,0,0,1,0,0,0,0,0,0,-,-,34.06148147583008,-117.78627777099608,LOS ANGELES,POMONA,NA,NA
84986922,2025,2025-12-26,1942,2025-12-24,1645,43456,NA,3,5,7,1942,0,0,0,NA,0,1519,VINELAND AVE.,VANOWEN ST.,0,NA,Y,C,-,N,NA,NA,NA,NA,NA,NA,NA,NA,NA,Y,2,0,2,2,A,-,09,21804,A,N,D,C,A,B,G,-,C,D,0,NA,NA,NA,NA,Y,NA,A,01,1,1,0,0,0,0,0,0,0,-,-,NA,NA,LOS ANGELES,LOS ANGELES,-118.37030029296876,34.19395065307617
84986940,2025,2025-12-26,1942,2025-12-19,1945,44446,NA,5,5,7,1942,0,0,0,NA,0,1621,LAUREL CANYON BL,VAN NUYS BL,0,NA,Y,A,-,N,NA,NA,NA,NA,NA,NA,NA,NA,NA,Y,3,0,2,3,A,-,03,22350,NA,F,A,C,A,A,H,-,C,A,0,NA,NA,NA,NA,Y,NA,A,07,0,2,0,0,0,0,0,0,0,-,-,NA,NA,LOS ANGELES,LOS ANGELES,-118.43209838867188,34.2587890625
84986948,2025,2025-12-26,1942,2025-12-19,1750,37226,NA,5,5,7,1942,0,0,0,NA,0,1963,WOODMAN AVE,TERRA BELLA,330,S,N,A,-,N,NA,NA,NA,NA,NA,NA,NA,NA,NA,N,4,0,1,2,A,-,04,21703,NA,F,C,C,A,A,H,-,C,A,0,NA,NA,NA,NA,Y,NA,-,99,0,0,1,0,0,0,0,0,0,-,-,NA,NA,LOS ANGELES,LOS ANGELES,-118.44300842285156,34.2391357421875
84986956,2025,2025-12-26,1942,2025-12-22,1800,44921,NA,1,5,7,1942,0,0,0,NA,0,1779,WOODLEY AVE,PLUMMER ST,0,NA,Y,A,-,N,NA,NA,NA,NA,NA,NA,NA,NA,NA,Y,2,0,1,2,A,-,08,22107,NA,N,A,C,A,A,H,-,C,A,0,NA,NA,NA,NA,Y,NA,A,01,1,0,0,0,0,0,0,0,0,-,-,NA,NA,LOS ANGELES,LOS ANGELES,-118.48501586914064,34.24291229248047
84986964,2025,2025-12-26,1942,2025-12-24,1510,40165,NA,3,5,7,1942,0,0,0,NA,0,1981,SEPULVEDA BL,PARTHENIA PL,30,N,N,C,-,N,NA,NA,NA,NA,NA,NA,NA,NA,NA,Y,3,0,1,1,A,-,01,23152,A,N,E,I,A,B,H,-,A,D,0,NA,NA,NA,NA,Y,Y,D,22,0,1,0,0,0,0,0,0,0,-,-,NA,NA,LOS ANGELES,LOS ANGELES,-118.46749114990234,34.230743408203125
84986966,2025,2025-12-26,1942,2025-12-23,1315,42768,NA,2,5,7,1942,0,0,0,NA,0,NA,WILBUR AVE,ERWIN ST,0,NA,Y,A,-,N,NA,NA,NA,NA,NA,NA,NA,NA,NA,N,2,0,2,3,A,-,10,21950,A,N,B,B,B,B,H,-,A,A,0,Y,NA,NA,NA,Y,NA,A,07,1,0,1,0,2,0,0,0,0,-,-,NA,NA,LOS ANGELES,LOS ANGELES,-118.54497528076172,34.18386459350586
84986981,2025,2025-12-26,1942,2025-12-23,1800,34561,NA,2,5,7,1942,0,0,0,NA,0,1959,ARLETA AV,PIERCE ST,760,S,N,B,-,N,NA,NA,NA,NA,NA,NA,NA,NA,NA,N,3,0,1,2,A,-,00,21760,C,F,C,G,A,B,H,-,C,D,0,NA,Y,NA,NA,Y,NA,-,99,0,1,0,0,0,0,1,0,0,-,-,NA,NA,LOS ANGELES,LOS ANGELES,-118.43387603759766,34.24940872192383
84987003,2025,2025-12-26,1942,2025-12-23,1725,37304,NA,2,5,7,1942,0,0,0,NA,0,1562,COLDWATER CANYON AVE,MILBANK ST,100,S,N,B,-,N,NA,NA,NA,NA,NA,NA,NA,NA,NA,N,4,0,1,3,A,-,07,21658,A,F,B,C,A,B,H,-,B,A,0,NA,NA,NA,NA,Y,NA,-,99,0,0,1,0,0,0,0,0,0,-,-,NA,NA,LOS ANGELES,LOS ANGELES,-118.41378784179688,34.15299606323242
84987019,2025,2025-12-26,1942,2025-10-24,1300,44557,NA,5,5,7,1942,0,0,0,NA,0,1904,BLEDSOE ST,FOOTHILL BOULEVARD,0,NA,Y,A,-,N,NA,NA,NA,NA,NA,NA,NA,NA,NA,N,3,0,1,2,A,-,10,21950,A,F,G,B,B,A,H,-,A,D,0,Y,NA,NA,NA,Y,NA,A,01,0,1,0,0,1,0,0,0,0,-,-,NA,NA,LOS ANGELES,LOS ANGELES,-118.4477996826172,34.320987701416016
84987025,2025,2025-12-26,1942,2025-12-23,2125,38687,NA,2,5,7,1942,0,0,0,NA,0,1747,HAYVENHURST AVE,BLACKHAWK ST,125,N,N,B,-,N,NA,NA,NA,NA,NA,NA,NA,NA,NA,Y,3,0,3,2,A,-,08,22103,NA,F,D,C,A,A,H,-,C,D,0,NA,NA,NA,NA,Y,NA,A,01,0,3,0,0,0,0,0,0,0,-,-,NA,NA,LOS ANGELES,LOS ANGELES,-118.49358367919922,34.25876235961914
84987071,2025,2025-12-26,1942,2025-12-24,1710,44769,NA,3,5,7,1942,0,0,0,NA,0,0985,VENTURA BLVD,TYRONE AVE,0,NA,Y,B,C,N,NA,NA,NA,NA,NA,NA,NA,NA,NA,N,2,0,1,2,A,-,10,21950,A,N,G,B,B,B,H,-,C,A,0,Y,NA,NA,NA,Y,NA,A,01,1,0,0,0,1,0,0,0,0,-,-,NA,NA,LOS ANGELES,LOS ANGELES,-118.44583892822266,34.150447845458984
84987089,2025,2025-12-26,1942,2025-12-24,2100,46333,NA,3,5,7,1942,0,0,0,NA,0,0901,SEPULVEDA BLVD,SHERMAN WAY,150,N,N,A,-,N,NA,NA,NA,NA,NA,NA,NA,NA,NA,N,4,0,1,2,A,-,08,22107,NA,N,G,G,A,B,H,-,C,D,0,NA,Y,NA,NA,Y,NA,L,04,0,0,1,0,0,0,1,0,0,-,-,NA,NA,LOS ANGELES,LOS ANGELES,-118.46620178222656,34.20153045654297
84987107,2025,2025-12-26,1942,2025-12-22,1810,46035,NA,1,5,7,1942,0,0,0,NA,0,0645,FRANKLIN AVE,ORCHID AVE,10,E,N,A,-,N,NA,NA,NA,NA,NA,NA,NA,NA,NA,N,3,0,1,2,D,-,00,NA,NA,N,G,B,B,A,H,-,C,A,0,Y,NA,NA,NA,Y,NA,-,-,0,1,0,0,1,0,0,0,0,-,-,NA,NA,LOS ANGELES,LOS ANGELES,-118.34017944335938,34.104129791259766
84987117,2025,2025-12-26,1942,2025-12-25,1900,41978,NA,4,5,7,1942,0,0,0,NA,0,2062,ARLINGTON BLVD,COUNTRY CLUB DR,300,N,N,A,-,N,NA,NA,NA,NA,NA,NA,NA,NA,NA,N,2,0,1,2,D,-,00,NA,NA,F,B,C,A,A,H,-,C,D,0,NA,NA,NA,NA,Y,Y,-,-,1,0,0,0,0,0,0,0,0,-,-,NA,NA,LOS ANGELES,LOS ANGELES,-118.3159408569336,34.05103302001953
84987138,2025,2025-12-26,1942,2025-12-07,1310,43569,NA,7,5,7,1942,0,0,0,NA,0,0926,VICTORY BLVD,TYRONE AVE,147,E,N,A,-,N,NA,NA,NA,NA,NA,NA,NA,NA,NA,Y,1,1,1,2,A,-,05,21651,B,N,A,C,A,A,H,-,A,D,0,NA,NA,NA,NA,Y,NA,A,07,0,1,0,0,0,0,0,0,0,-,-,NA,NA,LOS ANGELES,LOS ANGELES,-118.44385528564452,34.186668395996094
84987183,2025,2025-12-26,1942,2025-12-07,2048,44437,NA,7,5,7,1942,0,0,0,NA,0,1693,STRATHERN ST,WHITSETT AVE,0,NA,Y,-,-,N,NA,NA,NA,NA,NA,NA,NA,NA,NA,Y,3,0,2,2,B,-,22,NA,NA,F,-,-,A,-,-,-,-,-,0,NA,NA,NA,NA,Y,NA,A,01,0,2,0,0,0,0,0,0,0,-,-,NA,NA,LOS ANGELES,LOS ANGELES,-118.40526580810548,34.21573257446289
84987209,2025,2025-12-26,1942,2025-12-24,140,43295,NA,3,5,7,1942,0,0,0,NA,0,1987,WOODMAN AVE,ROSCOE BLVD,3,N,N,C,-,N,NA,NA,NA,NA,NA,NA,NA,NA,NA,Y,2,0,1,2,A,-,01,23152,A,N,E,I,F,B,H,-,C,D,0,Y,NA,NA,NA,Y,Y,A,01,1,0,0,0,1,0,0,0,0,-,-,NA,NA,LOS ANGELES,LOS ANGELES,-118.43274688720705,34.22168731689453
84987240,2025,2025-12-26,1942,2025-12-24,720,40065,NA,3,5,7,1942,0,0,0,NA,0,1756,DEVONSHIRE ST,WHITE OAK AV,0,NA,Y,C,-,N,NA,NA,NA,NA,NA,NA,NA,NA,NA,Y,4,0,2,2,A,-,09,21800,A,N,D,C,A,B,H,-,A,B,0,NA,NA,NA,NA,Y,NA,-,-,0,0,2,0,0,0,0,0,0,-,-,NA,NA,LOS ANGELES,LOS ANGELES,-118.51979064941406,34.257625579833984
84987256,2025,2025-12-26,1942,2025-12-24,845,41179,NA,3,5,7,1942,0,0,0,NA,0,1781,DE SOTO AVE,PARTHENIA ST,0,NA,Y,C,-,N,NA,NA,NA,NA,NA,NA,NA,NA,NA,N,3,0,1,2,A,-,09,21800,A,N,D,C,A,B,G,-,A,B,0,NA,NA,NA,NA,Y,NA,-,-,0,1,0,0,0,0,0,0,0,-,-,NA,NA,LOS ANGELES,LOS ANGELES,-118.58853149414064,34.228206634521484
84987270,2025,2025-12-26,1942,2025-12-18,2005,42251,NA,4,5,7,1942,0,0,0,NA,0,1907,FOOTHILL BL,MACLAY ST,24,E,N,A,-,N,NA,NA,NA,NA,NA,NA,NA,NA,NA,Y,2,0,2,1,A,-,03,22350,NA,N,E,I,A,A,H,-,C,A,0,NA,NA,NA,NA,Y,NA,A,07,1,0,1,0,0,0,0,0,0,-,-,NA,NA,LOS ANGELES,LOS ANGELES,-118.42046356201172,34.29846954345703
84987384,2025,2025-12-26,1942,2025-12-24,30,45883,NA,3,5,7,1942,0,0,0,NA,0,0981,VENTURA BLVD,LEMONA AVE,0,NA,Y,C,-,N,NA,NA,NA,NA,NA,NA,NA,NA,NA,Y,3,0,2,1,A,-,03,22350,NA,N,A,I,A,B,H,-,C,A,0,NA,NA,NA,NA,Y,NA,A,01,0,2,0,0,0,0,0,0,0,-,-,NA,NA,LOS ANGELES,LOS ANGELES,-118.45962524414064,34.152713775634766
84987472,2025,2025-12-26,1942,2025-10-03,755,42640,NA,5,5,7,1942,0,0,0,NA,0,0775,WASHINGTON BL,PALM GROVE AV,138,W,N,B,-,N,NA,NA,NA,NA,NA,NA,NA,NA,NA,Y,3,0,2,2,A,-,03,22350,NA,N,C,C,A,A,H,-,A,A,0,NA,NA,NA,NA,Y,NA,A,01,0,1,1,0,0,0,0,0,0,-,-,NA,NA,LOS ANGELES,LOS ANGELES,-118.34189605712892,34.03982925415039
84987475,2025,2025-12-26,1942,2025-12-16,1450,41671,NA,2,5,7,1942,0,0,0,NA,0,2021,WILSHIRE BL,CRENSHAW BL,30,E,N,A,-,N,NA,NA,NA,NA,NA,NA,NA,NA,NA,N,4,0,1,2,A,-,03,22350,NA,F,C,C,A,A,H,-,A,D,0,NA,NA,NA,NA,Y,NA,-,99,0,0,1,0,0,0,0,0,0,-,-,NA,NA,LOS ANGELES,LOS ANGELES,-118.31906127929688,34.061729431152344
84987477,2025,2025-12-26,1942,2025-12-17,1900,41978,NA,3,5,7,1942,0,0,0,NA,0,0752,FAIRFAX AVE,WHITWORTH DR,40,S,N,A,-,N,NA,NA,NA,NA,NA,NA,NA,NA,NA,Y,4,0,1,3,A,-,03,22350,NA,F,C,C,A,A,H,-,C,D,0,NA,NA,NA,NA,Y,NA,-,99,0,0,1,0,0,0,0,0,0,-,-,NA,NA,LOS ANGELES,LOS ANGELES,-118.36500549316406,34.05564880371094
84987521,2025,2025-12-26,1942,2025-10-04,1305,39655,NA,6,5,7,1942,0,0,0,NA,0,0701,MELROSE AVE,LAUREL AVE,40,W,N,A,-,N,NA,NA,NA,NA,NA,NA,NA,NA,NA,N,3,0,1,1,A,-,03,22350,NA,N,H,A,A,A,H,-,A,A,0,NA,NA,NA,NA,Y,NA,M,94,0,1,0,0,0,0,0,0,0,-,-,NA,NA,LOS ANGELES,LOS ANGELES,-118.36495208740234,34.08376693725586
84987522,2025,2025-12-26,1942,2025-12-18,810,40065,NA,4,5,7,1942,0,0,0,NA,0,1777,NORDHOFF ST,COLLETT AV,24,E,N,A,-,N,NA,NA,NA,NA,NA,NA,NA,NA,NA,Y,4,0,2,2,A,-,09,21801,A,N,D,C,A,A,H,-,A,D,0,NA,NA,NA,NA,Y,NA,D,22,0,0,2,0,0,0,0,0,0,-,-,NA,NA,LOS ANGELES,LOS ANGELES,-118.48396301269533,34.235618591308594
84987542,2025,2025-12-26,1942,2025-12-22,216,43712,NA,1,5,7,1942,0,0,0,NA,0,2128,SATICOY ST,WINNETKA AVE,80,E,N,A,-,N,NA,NA,NA,NA,NA,NA,NA,NA,NA,Y,1,1,0,2,A,-,11,21954,A,N,G,B,E,A,H,-,C,D,0,Y,NA,NA,NA,Y,NA,N,60,0,0,0,1,0,0,0,0,0,-,-,NA,NA,LOS ANGELES,LOS ANGELES,-118.5707778930664,34.2083625793457
84987548,2025,2025-12-26,1942,2025-10-06,940,41003,NA,1,5,7,1942,0,0,0,NA,0,0849,BEDFORD ST,WHITWORTH DR,512,S,N,B,-,N,NA,NA,NA,NA,NA,NA,NA,NA,NA,N,4,0,1,2,D,-,00,NA,NA,N,B,E,A,A,H,-,A,D,0,NA,NA,NA,NA,Y,NA,-,-,0,0,1,0,0,0,0,0,0,-,-,NA,NA,LOS ANGELES,LOS ANGELES,-118.38050079345705,34.05571746826172
84987690,2025,2025-12-26,1942,2025-10-03,1215,41671,NA,5,5,7,1942,0,0,0,NA,0,2024,NORMANDIE AV,WILSHIRE BL,35,N,N,A,-,N,NA,NA,NA,NA,NA,NA,NA,NA,NA,N,3,0,2,2,A,-,07,21658,A,N,B,C,A,A,H,-,A,A,0,NA,NA,NA,NA,Y,NA,A,01,0,1,1,0,0,0,0,0,0,-,-,NA,NA,LOS ANGELES,LOS ANGELES,-118.30038452148438,34.06183624267578
84987746,2025,2025-12-26,1900,2025-10-19,1757,638302,NA,7,5,3,1968,0,0,0,NA,0,55T1,GARVEY AVENUE,LASHBROOK AVENUE,14,W,-,A,-,N,NA,NA,NA,NA,NA,NA,NA,NA,NA,N,3,0,1,2,A,-,10,21950,A,N,G,B,B,A,H,-,C,A,0,Y,NA,NA,NA,Y,NA,A,01,0,1,0,0,1,0,0,0,0,-,-,34.06275939941406,-118.06326293945313,LOS ANGELES,SOUTH EL MONTE,-118.0632553100586,34.062740325927734
84987748,2025,2025-12-26,1900,2025-10-07,1352,695734,NA,2,5,4,1936,0,0,0,NA,0,46K2,ALONDRA BLVD,HERON AV,84,W,-,A,-,N,NA,NA,NA,NA,NA,NA,NA,NA,NA,N,3,0,1,2,A,-,05,21650,1,N,H,G,A,A,H,-,A,D,0,NA,Y,NA,NA,Y,NA,L,04,0,1,0,0,0,0,1,0,0,-,-,NA,NA,LOS ANGELES,LA MIRADA,-118.02661895751952,33.88800811767578
84987751,2025,2025-12-26,1900,2025-11-18,1206,623048,NA,2,5,3,1921,0,0,0,NA,0,57A,EAST DUARTE ROAD,BUENA VISTA ST,244,E,-,B,-,N,NA,NA,NA,NA,NA,NA,NA,NA,NA,Y,3,0,1,2,A,-,04,21703,NA,N,C,C,A,A,H,-,A,A,0,NA,NA,NA,NA,Y,NA,A,01,0,1,0,0,0,0,0,0,0,-,-,34.1321907043457,-117.97664642333984,LOS ANGELES,DUARTE,-117.97674560546876,34.132179260253906
84987752,2025,2025-12-26,1900,2025-10-28,1610,695734,NA,2,5,4,1936,0,0,0,NA,0,46K2,HUTCHINS DR,LA MIRADA BLVD,0,NA,-,A,-,N,NA,NA,NA,NA,NA,NA,NA,NA,NA,Y,3,0,2,2,A,-,12,21453,A,N,D,C,A,A,H,-,A,A,0,NA,NA,NA,NA,Y,NA,-,-,0,2,0,0,0,0,0,0,0,-,-,33.919158935546875,-118.0120086669922,LOS ANGELES,LA MIRADA,-118.01199340820313,33.91916275024414
84987753,2025,2025-12-26,1900,2025-10-29,1300,659146,NA,3,5,6,1949,0,0,0,NA,0,43T1,STUDEBAKER RD,HERMES ST,95,S,-,A,-,N,NA,NA,NA,NA,NA,NA,NA,NA,NA,Y,3,0,1,1,A,-,00,22107,C,N,E,I,A,A,H,-,A,D,0,NA,NA,NA,NA,Y,NA,A,01,0,1,0,0,0,0,0,0,0,-,-,NA,NA,LOS ANGELES,NORWALK,-118.09934997558594,33.930049896240234
84987771,2025,2025-12-29,1910,2025-12-17,1216,357,NA,3,5,4,1910,0,0,0,NA,0,009,S ROBERTSON BLVD,OLYMPIC BOULEVARD,402,N,N,A,-,N,NA,NA,NA,NA,NA,NA,NA,NA,NA,N,4,0,1,2,A,-,03,22350,NA,F,B,B,E,A,H,-,A,D,0,Y,NA,NA,NA,Y,NA,A,01,0,0,1,0,1,0,0,0,0,-,-,34.06053161621094,-118.38379669189452,LOS ANGELES,BEVERLY HILLS,-118.38360595703124,34.06047058105469
84987817,2025,2025-12-29,1975,2025-11-30,1241,475,NA,7,5,6,1975,0,0,0,NA,0,002,BARRANCA ST,GARVEY AVE NORTH,0,NA,Y,A,-,N,NA,NA,NA,NA,NA,NA,NA,NA,NA,Y,3,0,3,3,A,-,12,21453,A,N,D,C,A,A,H,-,A,A,0,NA,NA,NA,NA,Y,NA,-,-,0,3,0,0,0,0,0,0,0,-,-,NA,NA,LOS ANGELES,WEST COVINA,-117.88127899169922,34.07266616821289
84987819,2025,2025-12-29,1975,2025-12-11,1257,436,NA,4,5,6,1975,0,0,0,NA,0,002,CITRUS AV,EASTLAND CENTER DR,0,NA,Y,A,-,Y,NA,NA,NA,NA,NA,NA,NA,NA,NA,Y,3,0,1,2,A,-,12,21453,A,N,D,C,A,A,H,-,A,A,0,NA,NA,NA,NA,Y,NA,A,07,0,1,0,0,0,0,0,0,0,-,-,34.073638916015625,-117.89006805419922,LOS ANGELES,WEST COVINA,-117.89002227783205,34.073577880859375
84987820,2025,2025-12-29,1975,2025-12-13,2250,473,NA,6,5,6,1975,0,0,0,NA,0,006,LA PUENTE RD,SENTOUS ST,0,NA,Y,B,-,N,NA,NA,NA,NA,NA,NA,NA,NA,NA,Y,4,0,1,2,A,-,09,21801,A,N,D,C,A,A,H,-,C,A,0,NA,NA,NA,NA,Y,NA,A,01,0,0,1,0,0,0,0,0,0,-,-,34.01152038574219,-117.88002777099608,LOS ANGELES,WEST COVINA,-117.88011169433594,34.011451721191406
84987902,2025,2025-12-29,1922,2025-10-23,629,669,NA,4,5,6,1922,0,0,0,NA,0,002,MAXSON RD,RAMONA BLVD,0,NA,Y,A,-,N,NA,NA,NA,NA,NA,NA,NA,NA,NA,N,4,0,1,2,A,-,10,21950,A,N,G,B,B,A,H,-,C,A,0,Y,NA,NA,NA,Y,NA,A,01,0,0,1,0,1,0,0,0,0,-,-,34.075931549072266,-118.0076904296875,LOS ANGELES,EL MONTE,-118.00765991210938,34.07590866088867
84987907,2025,2025-12-29,1922,2025-12-06,925,729,NA,6,5,6,1922,0,0,0,NA,0,003,GARVEY AVE,WASHINGTON AVE,15,N,N,A,-,N,NA,NA,NA,NA,NA,NA,NA,NA,NA,N,4,0,2,2,A,-,09,21801,A,N,A,C,A,A,H,-,A,A,0,NA,NA,NA,NA,Y,Y,A,01,0,0,2,0,0,0,0,0,0,-,-,34.06277084350586,-118.03822326660156,LOS ANGELES,EL MONTE,-118.03813934326172,34.06283187866211
84988069,2025,2025-12-29,1925,2025-12-12,18,29987,NA,5,5,6,1925,0,0,0,NA,0,001,PACIFIC AVENUE,ARDEN AVENUE (N),115,N,N,A,-,N,NA,NA,NA,NA,NA,NA,NA,NA,NA,Y,4,0,1,3,A,-,07,21658,A,N,C,C,A,A,H,-,C,A,0,NA,NA,NA,NA,Y,NA,A,01,0,0,1,0,0,0,0,0,0,-,-,NA,NA,LOS ANGELES,GLENDALE,-118.26406860351564,34.15857696533203