CASE_ID,ACCIDENT_YEAR,PROC_DATE,JURIS,COLLISION_DATE,COLLISION_TIME,OFFICER_ID,REPORTING_DISTRICT,DAY_OF_WEEK,CHP_SHIFT,POPULATION,CNTY_CITY_LOC,SPECIAL_COND,BEAT_TYPE,CHP_BEAT_TYPE,CITY_DIVISION_LAPD,CHP_BEAT_CLASS,BEAT_NUMBER,PRIMARY_RD,SECONDARY_RD,DISTANCE,DIRECTION,INTERSECTION,WEATHER_1,WEATHER_2,STATE_HWY_IND,CALTRANS_COUNTY,CALTRANS_DISTRICT,STATE_ROUTE,ROUTE_SUFFIX,POSTMILE_PREFIX,POSTMILE,LOCATION_TYPE,RAMP_INTERSECTION,SIDE_OF_HWY,TOW_AWAY,COLLISION_SEVERITY,NUMBER_KILLED,NUMBER_INJURED,PARTY_COUNT,PRIMARY_COLL_FACTOR,PCF_CODE_OF_VIOL,PCF_VIOL_CATEGORY,PCF_VIOLATION,PCF_VIOL_SUBSECTION,HIT_AND_RUN,TYPE_OF_COLLISION,MVIW,PED_ACTION,ROAD_SURFACE,ROAD_COND_1,ROAD_COND_2,LIGHTING,CONTROL_DEVICE,CHP_ROAD_TYPE,PEDESTRIAN_ACCIDENT,BICYCLE_ACCIDENT,MOTORCYCLE_ACCIDENT,TRUCK_ACCIDENT,NOT_PRIVATE_PROPERTY,ALCOHOL_INVOLVED,STWD_VEHTYPE_AT_FAULT,CHP_VEHTYPE_AT_FAULT,COUNT_SEVERE_INJ,COUNT_VISIBLE_INJ,COUNT_COMPLAINT_PAIN,COUNT_PED_KILLED,COUNT_PED_INJURED,COUNT_BICYCLIST_KILLED,COUNT_BICYCLIST_INJURED,COUNT_MC_KILLED,COUNT_MC_INJURED,PRIMARY_RAMP,SECONDARY_RAMP,LATITUDE,LONGITUDE,COUNTY,CITY,POINT_X,POINT_Y
84988071,2025,2025-12-29,1925,2025-12-14,1800,28134,NA,7,5,6,1925,0,0,0,NA,0,002,BRAND BOULEVARD,BROADWAY,0,E,Y,A,-,N,NA,NA,NA,NA,NA,NA,NA,NA,NA,Y,4,0,2,2,A,-,09,21806,A,N,D,C,A,A,H,-,A,A,0,NA,NA,NA,NA,Y,NA,A,01,0,0,2,0,0,0,0,0,0,-,-,34.14630889892578,-118.25501251220705,LOS ANGELES,GLENDALE,-118.25508880615234,34.1462516784668
84988391,2025,2025-12-29,1900,2025-12-11,1915,630312,NA,4,5,3,1991,0,0,0,NA,0,1260,ALTA CANYADA RD,LINDA VISTA DR.,0,NA,-,A,-,N,NA,NA,NA,NA,NA,NA,NA,NA,NA,N,4,0,1,3,A,-,03,22350,NA,N,A,E,A,A,H,-,D,D,0,NA,NA,NA,NA,Y,NA,-,-,0,0,1,0,0,0,0,0,0,-,-,34.22652053833008,-118.21302795410156,LOS ANGELES,LA CANADA-FLINTRIDGE,-118.21305084228516,34.22615432739258
84988392,2025,2025-12-29,1900,2025-12-12,1511,629498,NA,5,5,3,1991,0,0,0,NA,0,121T1,LA GRANADA WY,GLENHAVEN DR,93,W,-,A,-,N,NA,NA,NA,NA,NA,NA,NA,NA,NA,Y,4,0,1,3,A,-,08,22107,NA,N,D,C,A,A,H,-,A,B,0,NA,NA,NA,NA,Y,NA,A,01,0,0,1,0,0,0,0,0,0,-,-,NA,NA,LOS ANGELES,LA CANADA-FLINTRIDGE,-118.21981811523438,34.209266662597656
84988403,2025,2025-12-29,1900,2025-11-07,2103,654794,NA,5,5,5,1908,0,0,0,NA,0,133T1,LAKEWOOD BLVD,FLOWER ST,38,S,-,A,-,Y,NA,NA,NA,NA,NA,NA,NA,NA,NA,Y,3,0,1,2,A,-,04,21703,NA,N,C,C,A,A,H,-,C,A,0,NA,NA,NA,Y,Y,Y,A,07,0,1,0,0,0,0,0,0,0,-,-,NA,NA,LOS ANGELES,BELLFLOWER,-118.14263153076172,33.88189697265625
84988471,2025,2025-12-29,1905,2025-12-22,816,3083,NA,1,5,4,1905,0,0,0,NA,0,NA,AZUSA AV,ARROW HWY,297,N,-,A,-,N,NA,NA,NA,NA,NA,NA,NA,NA,NA,N,3,0,1,2,A,-,08,22107,NA,N,D,G,A,A,H,-,A,D,0,NA,Y,NA,NA,Y,NA,A,07,0,1,0,0,0,0,1,0,0,-,-,NA,NA,LOS ANGELES,AZUSA,-117.90757751464844,34.1075553894043
84988493,2025,2025-12-29,1956,2025-12-15,747,1395,NA,1,5,5,1956,0,0,0,NA,0,002,DEL AMO BLVD,PROSPECT AV,0,NA,Y,A,-,N,NA,NA,NA,NA,NA,NA,NA,NA,NA,N,3,0,1,2,A,-,09,21453,B,N,D,G,A,A,H,-,A,D,0,NA,Y,NA,NA,Y,NA,A,01,0,1,0,0,0,0,1,0,0,-,-,33.84851837158203,-118.37763214111328,LOS ANGELES,REDONDO BEACH,-118.37754821777344,33.84847640991211
84988494,2025,2025-12-29,1956,2025-12-15,1625,1433,NA,1,5,5,1956,0,0,0,NA,0,005,INGLEWOOD AV,NELSON AV,0,NA,Y,A,-,N,NA,NA,NA,NA,NA,NA,NA,NA,NA,Y,3,0,2,2,A,-,08,22107,NA,N,D,C,A,A,H,-,B,D,0,NA,NA,NA,NA,Y,NA,A,01,0,2,0,0,0,0,0,0,0,-,-,33.87472915649414,-118.36132049560548,LOS ANGELES,REDONDO BEACH,-118.36132049560548,33.87474822998047
84988535,2025,2025-12-29,1923,2025-12-16,1047,520,NA,2,5,3,1923,0,0,0,NA,0,003,PACIFIC COAST HIGHWAY,IMPERIAL HWY,107,S,N,A,-,Y,LA,NA,1,NA,NA,25.909,H,NA,R,N,3,0,1,2,A,-,01,23153,A,N,C,C,A,A,H,-,A,A,0,NA,NA,NA,NA,Y,Y,D,22,0,1,0,0,0,0,0,0,0,-,-,33.93082809448242,-118.3961181640625,LOS ANGELES,EL SEGUNDO,-118.39604949951172,33.930824279785156
84988625,2025,2025-12-29,1925,2025-12-16,1548,30962,NA,2,5,6,1925,0,0,0,NA,0,001,GLENOAKS BOULEVARD,ROSEDALE AVENUE,60,E,N,A,-,N,NA,NA,NA,NA,NA,NA,NA,NA,NA,N,2,0,1,2,A,-,08,22107,NA,N,D,G,A,A,H,-,A,D,0,NA,Y,NA,NA,Y,NA,D,22,1,0,0,0,0,0,1,0,0,-,-,34.16640090942383,-118.28321838378906,LOS ANGELES,GLENDALE,-118.28324127197266,34.16630935668945
84988857,2025,2025-12-29,1900,2025-12-24,810,644558,NA,3,5,5,1919,0,0,0,NA,0,230M3,BLOOMFIELD AV,ARTESIA BLVD,41,S,-,B,C,N,NA,NA,NA,NA,NA,NA,NA,NA,NA,N,4,0,1,2,A,-,03,22350,NA,N,C,C,A,B,H,-,A,A,0,NA,NA,NA,NA,Y,NA,A,07,0,0,1,0,0,0,0,0,0,-,-,33.873390197753906,-118.06395721435548,LOS ANGELES,CERRITOS,-118.06394958496094,33.87295913696289
84988859,2025,2025-12-29,1900,2025-12-08,1330,673010,NA,1,5,4,1979,0,0,0,NA,0,93T1,SANTA MONICA BLVD,ALFRED ST,65,E,-,A,-,N,NA,NA,NA,NA,NA,NA,NA,NA,NA,N,3,0,1,2,A,-,17,22517,NA,M,H,G,A,A,H,-,A,D,0,NA,Y,NA,NA,Y,NA,A,07,0,1,0,0,0,0,1,0,0,-,-,34.09003829956055,-118.37506866455078,LOS ANGELES,WEST HOLLYWOOD,-118.37512969970705,34.09003448486328
84988869,2025,2025-12-29,1910,2025-12-27,1717,373,NA,6,5,4,1910,0,0,0,NA,0,NA,S REXFORD DR,GREGORY WAY,195,S,N,A,-,N,NA,NA,NA,NA,NA,NA,NA,NA,NA,Y,3,0,1,2,A,-,13,22515,NA,N,E,I,A,A,H,-,B,D,0,NA,NA,NA,NA,Y,NA,A,01,0,1,0,0,0,0,0,0,0,-,-,34.06163024902344,-118.39438629150392,LOS ANGELES,BEVERLY HILLS,-118.39388275146484,34.061676025390625
84988894,2025,2025-12-29,1963,2025-12-11,1701,382,NA,4,5,3,1963,0,0,0,NA,0,001,OAK GROVE AV,SHENANDOAH RD,342,E,N,A,-,N,NA,NA,NA,NA,NA,NA,NA,NA,NA,N,3,0,1,2,A,-,06,21751,NA,N,A,G,A,A,H,-,C,D,0,NA,Y,NA,NA,Y,NA,A,01,0,1,0,0,0,0,1,0,0,-,-,NA,NA,LOS ANGELES,SAN MARINO,-118.1216278076172,34.124786376953125
84988928,2025,2025-12-29,1967,2025-12-12,732,157,NA,5,5,2,1967,0,0,0,NA,0,SOUTH,CHERRY AV,21ST,0,NA,Y,B,E,N,NA,NA,NA,NA,NA,NA,NA,NA,NA,N,4,0,1,3,A,-,12,21453,A,N,D,C,A,B,H,-,A,A,0,NA,NA,NA,NA,Y,NA,A,07,0,0,1,0,0,0,0,0,0,-,-,NA,NA,LOS ANGELES,SIGNAL HILL,-118.16779327392578,33.79532241821289
84988929,2025,2025-12-29,1967,2025-12-13,1720,125,NA,6,5,2,1967,0,0,0,NA,0,SOUTH,WILLOW,WALNUT AV,25,W,N,A,-,N,NA,NA,NA,NA,NA,NA,NA,NA,NA,N,4,0,2,2,D,-,00,NA,NA,N,C,C,A,A,H,-,B,A,0,NA,NA,NA,NA,Y,NA,-,-,0,0,2,0,0,0,0,0,0,-,-,NA,NA,LOS ANGELES,SIGNAL HILL,-118.17206573486328,33.804298400878906
84988936,2025,2025-12-29,1962,2025-08-04,1722,124,NA,1,5,4,1962,0,0,0,NA,0,003,VALLEY BLVD,STEVENS AV,152,E,N,A,-,N,NA,NA,NA,NA,NA,NA,NA,NA,NA,N,4,0,1,2,A,-,05,21202,NA,N,D,G,A,A,H,-,A,D,0,NA,Y,NA,NA,Y,NA,L,04,0,0,1,0,0,0,1,0,0,-,-,34.079410552978516,-118.10678863525392,LOS ANGELES,SAN GABRIEL,-118.1062240600586,34.079437255859375
84988939,2025,2025-12-29,1962,2025-11-21,2137,184,NA,5,5,4,1962,0,0,0,NA,0,001,236 W MISSION ROAD,NOT STATED,0,NA,-,B,-,N,NA,NA,NA,NA,NA,NA,NA,NA,NA,Y,4,0,1,2,A,-,08,22107,NA,N,C,E,A,A,H,-,C,D,0,NA,NA,NA,NA,Y,NA,A,01,0,0,1,0,0,0,0,0,0,-,-,NA,NA,LOS ANGELES,SAN GABRIEL,-118.103155,34.095508
84988968,2025,2025-12-29,1922,2025-12-12,2100,726,NA,5,5,6,1922,0,0,0,NA,0,002,PECK RD,SITKA ST,0,NA,Y,A,-,N,NA,NA,NA,NA,NA,NA,NA,NA,NA,N,4,0,1,2,A,-,09,21804,A,N,D,C,A,A,H,-,C,D,0,NA,NA,NA,NA,Y,NA,-,-,0,0,1,0,0,0,0,0,0,-,-,34.073448181152344,-118.02345275878906,LOS ANGELES,EL MONTE,-118.02346801757813,34.073299407958984
84988971,2025,2025-12-29,1922,2025-12-13,2132,463,NA,6,5,6,1922,0,0,0,NA,0,003,TYLER AVE,MILDRED ST,0,NA,Y,A,-,N,NA,NA,NA,NA,NA,NA,NA,NA,NA,Y,4,0,1,2,A,-,04,21703,NA,N,C,C,A,A,H,-,C,A,0,NA,NA,NA,NA,Y,NA,A,01,0,0,1,0,0,0,0,0,0,-,-,34.0665397644043,-118.03594207763672,LOS ANGELES,EL MONTE,-118.03598022460938,34.06644821166992
84989049,2025,2025-12-29,1925,2025-12-06,2324,30342,NA,6,5,6,1925,0,0,0,NA,0,001,GLENOAKS BOULEVARD,CONCORD STREET,470,E,N,A,-,N,NA,NA,NA,NA,NA,NA,NA,NA,NA,Y,4,0,1,3,A,-,08,22107,NA,N,B,C,A,A,H,-,C,D,0,NA,NA,NA,NA,Y,NA,A,07,0,0,1,0,0,0,0,0,0,-,-,NA,NA,LOS ANGELES,GLENDALE,-118.26930236816406,34.15974426269531
84989197,2025,2025-12-29,1942,2025-12-28,1555,40165,NA,7,5,7,1942,0,0,0,NA,0,1967,TERRA BELLA ST,BEACHY AV,0,NA,Y,A,-,N,NA,NA,NA,NA,NA,NA,NA,NA,NA,N,2,0,1,2,A,-,12,21453,A,F,D,C,A,A,H,-,A,B,0,NA,NA,Y,NA,Y,NA,-,99,1,0,0,0,0,0,0,0,1,-,-,NA,NA,LOS ANGELES,LOS ANGELES,-118.43571472167967,34.24562072753906
84989205,2025,2025-12-29,1942,2025-12-27,2220,42324,NA,6,5,7,1942,0,0,0,NA,0,1944,BRAND BL,LAUREL CANYON BL,276,W,N,A,-,N,NA,NA,NA,NA,NA,NA,NA,NA,NA,N,2,0,1,2,A,-,11,21954,A,N,G,B,D,A,H,-,D,D,0,Y,NA,NA,NA,Y,NA,N,60,1,0,0,0,1,0,0,0,0,-,-,NA,NA,LOS ANGELES,LOS ANGELES,-118.44994354248048,34.274356842041016
84989211,2025,2025-12-29,1942,2025-12-28,605,37613,NA,7,5,7,1942,0,0,0,NA,0,1958,VAN NUYS BL,BEACHY AVE,600,E,N,A,-,N,NA,NA,NA,NA,NA,NA,NA,NA,NA,Y,2,0,1,2,A,-,08,22107,NA,N,C,E,A,A,H,-,B,D,0,NA,NA,NA,NA,Y,NA,D,22,1,0,0,0,0,0,0,0,0,-,-,NA,NA,LOS ANGELES,LOS ANGELES,-118.44049072265624,34.252685546875
84989218,2025,2025-12-29,1942,2025-12-23,1335,40165,NA,2,5,7,1942,0,0,0,NA,0,1028,VICTORY BL,BALBOA BL,70,W,N,B,-,N,NA,NA,NA,NA,NA,NA,NA,NA,NA,Y,2,0,1,2,A,-,08,22107,NA,N,G,B,F,B,H,-,A,D,0,Y,NA,NA,NA,Y,NA,D,22,1,0,0,0,1,0,0,0,0,-,-,NA,NA,LOS ANGELES,LOS ANGELES,-118.50132751464844,34.18663024902344
84989270,2025,2025-12-29,1942,2025-12-26,1710,43456,NA,5,5,7,1942,0,0,0,NA,0,1526,LANKERSHIM BLVD.,OXNARD ST.,0,NA,Y,C,-,N,NA,NA,NA,NA,NA,NA,NA,NA,NA,N,3,0,1,2,A,-,11,21954,A,F,G,B,D,B,H,-,D,D,0,Y,NA,NA,NA,Y,NA,N,60,0,1,0,0,1,0,0,0,0,-,-,NA,NA,LOS ANGELES,LOS ANGELES,-118.38340759277344,34.17941665649414
84989326,2025,2025-12-29,1942,2025-12-26,1345,40606,NA,5,5,7,1942,0,0,0,NA,0,NA,SATICOY,WINNETKA,0,NA,N,C,-,N,NA,NA,NA,NA,NA,NA,NA,NA,NA,N,3,0,1,2,A,-,11,21954,A,N,G,B,D,B,H,-,A,A,0,Y,NA,NA,NA,Y,NA,N,60,0,1,0,0,1,0,0,0,0,-,-,NA,NA,LOS ANGELES,LOS ANGELES,-118.57103729248048,34.208370208740234
84989328,2025,2025-12-29,1942,2025-12-27,645,40291,NA,6,5,7,1942,0,0,0,NA,0,0915,LENNOX AVE,VOSE ST,60,N,N,A,-,N,NA,NA,NA,NA,NA,NA,NA,NA,NA,N,3,0,1,2,A,-,01,23152,A,M,C,C,A,B,H,-,C,D,0,NA,NA,NA,NA,Y,Y,A,01,0,1,0,0,0,0,0,0,0,-,-,NA,NA,LOS ANGELES,LOS ANGELES,-118.44545745849608,34.19862365722656
84989335,2025,2025-12-29,1942,2025-12-27,2055,33504,NA,6,5,7,1942,0,0,0,NA,0,1025,SHERMAN WAY,LINDLEY AVE,201,W,N,B,-,N,NA,NA,NA,NA,NA,NA,NA,NA,NA,Y,3,0,1,1,A,-,01,23152,A,N,E,I,A,A,H,-,C,A,0,NA,NA,NA,NA,Y,Y,A,01,0,1,0,0,0,0,0,0,0,-,-,NA,NA,LOS ANGELES,LOS ANGELES,-118.52796173095705,34.20106887817383
84989347,2025,2025-12-29,1942,2025-12-21,2235,44395,NA,7,5,7,1942,0,0,0,NA,0,1049,VICTORY BLVD / WHITMAN AVE,WHITMAN AVE,0,NA,Y,A,-,N,NA,NA,NA,NA,NA,NA,NA,NA,NA,N,3,0,2,2,A,-,12,22450,A,F,D,C,A,A,H,-,C,D,0,NA,NA,NA,NA,Y,Y,-,99,0,1,1,0,0,0,0,0,0,-,-,NA,NA,LOS ANGELES,LOS ANGELES,-118.47650909423828,34.1866455078125
84989354,2025,2025-12-29,1942,2025-12-27,1830,43712,NA,6,5,7,1942,0,0,0,NA,0,1776,HAYVENHURST AVE,SUPERIOR ST,35,S,N,A,-,N,NA,NA,NA,NA,NA,NA,NA,NA,NA,Y,3,0,1,5,A,-,01,23152,A,N,B,E,A,A,H,-,C,D,0,NA,NA,NA,NA,Y,Y,A,01,0,1,0,0,0,0,0,0,0,-,-,NA,NA,LOS ANGELES,LOS ANGELES,-118.49369049072266,34.24651336669922
84989396,2025,2025-12-29,1942,2025-12-22,2225,41249,NA,1,5,7,1942,0,0,0,NA,0,1985,ROSCOE BLVD,WAKEFIELD AVE,0,NA,Y,A,-,N,NA,NA,NA,NA,NA,NA,NA,NA,NA,N,3,0,1,2,A,-,11,21954,A,F,G,B,D,A,H,-,C,D,0,Y,NA,NA,NA,Y,NA,N,60,0,1,0,0,1,0,0,0,0,-,-,NA,NA,LOS ANGELES,LOS ANGELES,-118.44343566894533,34.22159957885742
84989407,2025,2025-12-29,1942,2025-12-21,1320,39281,NA,7,5,7,1942,0,0,0,NA,0,1764,PLUMMER ST,SHIRLEY AV,383,W,N,A,-,N,NA,NA,NA,NA,NA,NA,NA,NA,NA,N,3,0,1,2,B,-,22,NA,NA,F,G,B,C,A,H,-,A,D,0,Y,NA,NA,NA,Y,NA,-,99,0,1,0,0,1,0,0,0,0,-,-,NA,NA,LOS ANGELES,LOS ANGELES,-118.55925750732422,34.24272918701172
84989443,2025,2025-12-29,1913,2025-11-23,1414,4260,NA,7,5,4,1913,0,0,0,NA,0,002,N INDIAN HILL BLVD,W. FIRST ST,107,N,-,A,-,N,NA,NA,NA,NA,NA,NA,NA,NA,NA,N,3,0,2,2,A,-,08,22107,NA,N,B,C,A,A,H,-,A,D,0,NA,NA,NA,NA,Y,NA,A,01,0,2,0,0,0,0,0,0,0,-,-,34.095638275146484,-117.71927642822266,LOS ANGELES,CLAREMONT,-117.71930694580078,34.09496307373047
84989768,2025,2025-12-29,1942,2025-12-26,1830,38687,NA,5,5,7,1942,0,0,0,NA,0,2105,TOPANGA CANYON BLVD,SCHOENBORN ST,0,NA,Y,C,-,N,NA,NA,NA,NA,NA,NA,NA,NA,NA,N,3,0,1,2,A,-,10,21950,A,F,G,B,F,B,H,-,C,D,0,Y,NA,NA,NA,Y,Y,-,99,0,1,0,0,1,0,0,0,0,-,-,NA,NA,LOS ANGELES,LOS ANGELES,-118.6060028076172,34.220916748046875
84989791,2025,2025-12-29,1942,2025-12-27,1255,42656,NA,6,5,7,1942,0,0,0,NA,0,2025,KENMORE AVE,4TH ST,0,NA,Y,A,-,N,NA,NA,NA,NA,NA,NA,NA,NA,NA,N,3,0,1,2,A,-,10,21950,A,N,G,B,B,A,H,-,A,A,0,Y,NA,NA,NA,Y,NA,A,07,0,1,0,0,1,0,0,0,0,-,-,NA,NA,LOS ANGELES,LOS ANGELES,-118.29663848876952,34.067222595214844
84989805,2025,2025-12-29,1942,2025-12-11,1800,45916,NA,4,5,7,1942,0,0,0,NA,0,1685,TUXFORD ST,CAYUGA AVE,76,E,N,A,-,N,NA,NA,NA,NA,NA,NA,NA,NA,NA,Y,3,0,1,2,A,-,03,22350,NA,F,C,C,A,A,H,-,C,A,0,NA,NA,NA,NA,Y,NA,A,01,0,1,0,0,0,0,0,0,0,-,-,NA,NA,LOS ANGELES,LOS ANGELES,-118.3852310180664,34.224388122558594
84989892,2025,2025-12-29,1942,2025-12-24,1635,39772,NA,3,5,7,1942,0,0,0,NA,0,2081,WASHINGTON BL,GRAMERCY PL,10,E,N,B,-,N,NA,NA,NA,NA,NA,NA,NA,NA,NA,N,3,0,1,2,A,-,08,22107,NA,F,D,C,A,B,H,-,A,A,0,NA,NA,NA,NA,Y,NA,-,99,0,1,0,0,0,0,0,0,0,-,-,NA,NA,LOS ANGELES,LOS ANGELES,-118.31328582763672,34.03990936279297
84989933,2025,2025-12-29,1942,2025-12-28,1750,40165,NA,7,5,7,1942,0,0,0,NA,0,0955,VAN NUYS BL,MAGNOLIA BL,100,N,N,A,-,N,NA,NA,NA,NA,NA,NA,NA,NA,NA,N,3,0,1,2,A,-,03,22350,NA,F,C,C,A,A,H,-,C,D,0,NA,NA,NA,NA,Y,NA,-,99,0,1,0,0,0,0,0,0,0,-,-,NA,NA,LOS ANGELES,LOS ANGELES,-118.44871520996094,34.16514587402344
84990064,2025,2025-12-29,1942,2025-12-18,1425,45982,NA,4,5,7,1942,0,0,0,NA,0,0742,WILSHIRE BLVD,CAPISTRANO WAY,250,W,N,A,-,N,NA,NA,NA,NA,NA,NA,NA,NA,NA,N,3,0,1,2,D,-,00,NA,NA,F,D,C,A,A,H,-,A,D,0,NA,NA,NA,NA,Y,NA,-,-,0,1,0,0,0,0,0,0,0,-,-,NA,NA,LOS ANGELES,LOS ANGELES,NA,NA
84990098,2025,2025-12-29,1942,2025-10-09,1113,42630,NA,4,5,7,1942,0,0,0,NA,0,0663,LA BREA AV,ROMAINE ST.,50,S,N,A,-,N,NA,NA,NA,NA,NA,NA,NA,NA,NA,Y,4,0,1,2,A,-,04,21703,NA,N,C,C,A,A,H,-,A,A,0,NA,NA,NA,NA,Y,NA,I,20,0,0,1,0,0,0,0,0,0,-,-,NA,NA,LOS ANGELES,LOS ANGELES,-118.34408569335938,34.08875274658203
84990122,2025,2025-12-29,1942,2025-12-20,1155,40165,NA,6,5,7,1942,0,0,0,NA,0,0971,VENTURA BL,KESTER AV,170,W,N,A,-,N,NA,NA,NA,NA,NA,NA,NA,NA,NA,Y,3,0,2,4,A,-,03,22350,NA,N,B,C,A,A,H,-,A,D,0,NA,NA,NA,NA,Y,NA,D,22,0,2,0,0,0,0,0,0,0,-,-,NA,NA,LOS ANGELES,LOS ANGELES,-118.45797729492188,34.15244674682617
84990192,2025,2025-12-29,1942,2025-10-10,1025,42656,NA,5,5,7,1942,0,0,0,NA,0,2034,IROLO ST,8TH ST,34,S,N,B,-,N,NA,NA,NA,NA,NA,NA,NA,NA,NA,Y,4,0,2,3,A,-,03,22350,NA,N,A,C,A,A,H,-,A,A,0,NA,NA,NA,Y,Y,NA,A,01,0,0,2,0,0,0,0,0,0,-,-,NA,NA,LOS ANGELES,LOS ANGELES,-118.3009033203125,34.05763626098633
84990216,2025,2025-12-29,1942,2025-10-10,1120,43818,NA,5,5,7,1942,0,0,0,NA,0,0725,POINSETTIA PLACE,BEVERLY BLVD,133,S,N,A,-,N,NA,NA,NA,NA,NA,NA,NA,NA,NA,N,3,0,1,2,A,-,09,21804,A,N,D,C,A,A,H,-,A,D,0,NA,NA,NA,NA,Y,NA,M,94,0,1,0,0,0,0,0,0,0,-,-,NA,NA,LOS ANGELES,LOS ANGELES,-118.34867095947266,34.0758056640625
84990219,2025,2025-12-29,1942,2025-12-23,2300,45902,NA,2,5,7,1942,0,0,0,NA,0,2088,HOOVER STREET,VENICE BLVD,15,S,N,C,-,N,NA,NA,NA,NA,NA,NA,NA,NA,NA,N,4,0,1,2,A,-,11,21954,A,F,G,B,D,B,H,-,C,A,0,Y,NA,NA,NA,Y,NA,N,60,0,0,1,0,1,0,0,0,0,-,-,NA,NA,LOS ANGELES,LOS ANGELES,-118.28414916992188,34.043758392333984
84990258,2025,2025-12-29,1942,2025-12-13,1540,46094,NA,6,5,7,1942,0,0,0,NA,0,1459,BRADDOCK DR,PURDUE AVE,160,E,N,A,-,N,NA,NA,NA,NA,NA,NA,NA,NA,NA,Y,3,0,1,2,D,-,00,NA,NA,F,D,C,A,A,H,-,A,A,0,NA,NA,NA,NA,Y,Y,-,-,0,1,0,0,0,0,0,0,0,-,-,NA,NA,LOS ANGELES,LOS ANGELES,-118.40921783447266,33.99982452392578
84990262,2025,2025-12-29,1942,2025-12-26,2000,42640,NA,5,5,7,1942,0,0,0,NA,0,2024,6TH ST,HARVARD BL,0,NA,Y,B,-,N,NA,NA,NA,NA,NA,NA,NA,NA,NA,N,3,0,1,2,A,-,10,21950,A,F,G,B,B,B,H,-,C,A,0,Y,NA,NA,NA,Y,NA,-,99,0,1,0,0,1,0,0,0,0,-,-,NA,NA,LOS ANGELES,LOS ANGELES,-118.30410766601564,34.06355285644531
84990288,2025,2025-12-29,1942,2025-10-10,740,42656,NA,5,5,7,1942,0,0,0,NA,0,0732,MARYLAND DR,CRESCENT HEIGHTS BLVD,0,NA,Y,B,-,N,NA,NA,NA,NA,NA,NA,NA,NA,NA,Y,3,0,2,2,A,-,09,21802,B,N,D,C,A,A,H,-,A,A,0,NA,NA,NA,NA,Y,NA,A,01,0,2,0,0,0,0,0,0,0,-,-,NA,NA,LOS ANGELES,LOS ANGELES,-118.36467742919922,34.06694412231445
84990379,2025,2025-12-29,1942,2025-12-28,2145,42664,NA,7,5,7,1942,0,0,0,NA,0,0884,BENTLEY AVE,TENNESSEE AVE,167,N,N,A,-,N,NA,NA,NA,NA,NA,NA,NA,NA,NA,Y,4,0,1,2,A,-,08,22107,NA,F,C,E,A,A,H,-,C,D,0,NA,NA,NA,NA,Y,NA,A,08,0,0,1,0,0,0,0,0,0,-,-,NA,NA,LOS ANGELES,LOS ANGELES,-118.43612670898438,34.03960418701172
84990380,2025,2025-12-29,1942,2025-10-11,1415,39655,NA,6,5,7,1942,0,0,0,NA,0,0898,REYNIER AVE,OLIN ST,108,S,N,A,-,N,NA,NA,NA,NA,NA,NA,NA,NA,NA,N,3,0,1,1,A,-,03,22350,NA,N,H,J,A,A,H,-,A,D,0,NA,Y,NA,NA,Y,NA,M,91,0,1,0,0,0,0,1,0,0,-,-,NA,NA,LOS ANGELES,LOS ANGELES,-118.38607788085938,34.03560256958008
84990431,2025,2025-12-29,1942,2025-10-04,1213,34251,NA,6,5,7,1942,0,0,0,NA,0,2038,WESTMORELAND AVE,7TH ST,0,NA,Y,A,-,N,NA,NA,NA,NA,NA,NA,NA,NA,NA,N,3,0,1,2,A,-,10,21950,A,N,G,B,B,A,H,-,A,A,0,Y,NA,NA,NA,Y,NA,D,22,0,1,0,0,1,0,0,0,0,-,-,NA,NA,LOS ANGELES,LOS ANGELES,-118.28907775878906,34.05978012084961
84990473,2025,2025-12-29,1942,2025-10-09,1151,34251,NA,4,5,7,1942,0,0,0,NA,0,0898,S ROBERTSON BL,CATTARAUGUS AVE,100,N,N,A,-,N,NA,NA,NA,NA,NA,NA,NA,NA,NA,N,4,0,1,2,A,-,07,21658,A,N,B,C,A,A,D,-,A,A,0,NA,NA,NA,Y,Y,NA,A,07,0,0,1,0,0,0,0,0,0,-,-,NA,NA,LOS ANGELES,LOS ANGELES,-118.38925170898438,34.035099029541016
84990526,2025,2025-12-29,1942,2025-10-07,1410,41671,NA,2,5,7,1942,0,0,0,NA,0,0817,LE CONTE AV,WESTWOOD PLAZA,225,E,N,A,-,N,NA,NA,NA,NA,NA,NA,NA,NA,NA,Y,4,0,1,2,A,-,07,21658,A,N,B,C,A,A,H,-,A,A,0,NA,NA,NA,NA,Y,NA,A,08,0,0,1,0,0,0,0,0,0,-,-,NA,NA,LOS ANGELES,LOS ANGELES,-118.44467926025392,34.06369400024414
84990545,2025,2025-12-29,1942,2025-10-13,1215,41671,NA,1,5,7,1942,0,0,0,NA,0,0881,PICO BL,BARRINGTON AV,158,W,N,B,-,N,NA,NA,NA,NA,NA,NA,NA,NA,NA,N,3,0,1,2,D,-,00,NA,NA,N,B,E,A,A,H,-,A,D,0,NA,NA,NA,NA,Y,NA,-,-,0,1,0,0,0,0,0,0,0,-,-,NA,NA,LOS ANGELES,LOS ANGELES,-118.44615936279295,34.03139114379883
84990574,2025,2025-12-29,1942,2025-10-14,1855,42664,NA,2,5,7,1942,0,0,0,NA,0,2024,NORMANDIE AVE,WILSHIRE BLVD,0,NA,Y,B,-,N,NA,NA,NA,NA,NA,NA,NA,NA,NA,N,3,0,5,2,A,-,09,21801,A,N,D,C,A,A,H,-,C,A,0,NA,NA,NA,NA,Y,NA,A,01,0,4,1,0,0,0,0,0,0,-,-,NA,NA,LOS ANGELES,LOS ANGELES,-118.30039215087892,34.06174087524414
84990593,2025,2025-12-29,1942,2025-10-14,1115,43818,NA,2,5,7,1942,0,0,0,NA,0,0881,BUNDY DRIVE,LA GRANGE AVE,26,N,N,C,-,N,NA,NA,NA,NA,NA,NA,NA,NA,NA,N,3,0,2,2,A,-,03,22350,NA,N,C,C,A,B,G,-,A,A,0,NA,NA,NA,NA,Y,NA,J,48,0,2,0,0,0,0,0,0,0,-,-,NA,NA,LOS ANGELES,LOS ANGELES,-118.45557403564452,34.03396987915039