CASE_ID,ACCIDENT_YEAR,PROC_DATE,JURIS,COLLISION_DATE,COLLISION_TIME,OFFICER_ID,REPORTING_DISTRICT,DAY_OF_WEEK,CHP_SHIFT,POPULATION,CNTY_CITY_LOC,SPECIAL_COND,BEAT_TYPE,CHP_BEAT_TYPE,CITY_DIVISION_LAPD,CHP_BEAT_CLASS,BEAT_NUMBER,PRIMARY_RD,SECONDARY_RD,DISTANCE,DIRECTION,INTERSECTION,WEATHER_1,WEATHER_2,STATE_HWY_IND,CALTRANS_COUNTY,CALTRANS_DISTRICT,STATE_ROUTE,ROUTE_SUFFIX,POSTMILE_PREFIX,POSTMILE,LOCATION_TYPE,RAMP_INTERSECTION,SIDE_OF_HWY,TOW_AWAY,COLLISION_SEVERITY,NUMBER_KILLED,NUMBER_INJURED,PARTY_COUNT,PRIMARY_COLL_FACTOR,PCF_CODE_OF_VIOL,PCF_VIOL_CATEGORY,PCF_VIOLATION,PCF_VIOL_SUBSECTION,HIT_AND_RUN,TYPE_OF_COLLISION,MVIW,PED_ACTION,ROAD_SURFACE,ROAD_COND_1,ROAD_COND_2,LIGHTING,CONTROL_DEVICE,CHP_ROAD_TYPE,PEDESTRIAN_ACCIDENT,BICYCLE_ACCIDENT,MOTORCYCLE_ACCIDENT,TRUCK_ACCIDENT,NOT_PRIVATE_PROPERTY,ALCOHOL_INVOLVED,STWD_VEHTYPE_AT_FAULT,CHP_VEHTYPE_AT_FAULT,COUNT_SEVERE_INJ,COUNT_VISIBLE_INJ,COUNT_COMPLAINT_PAIN,COUNT_PED_KILLED,COUNT_PED_INJURED,COUNT_BICYCLIST_KILLED,COUNT_BICYCLIST_INJURED,COUNT_MC_KILLED,COUNT_MC_INJURED,PRIMARY_RAMP,SECONDARY_RAMP,LATITUDE,LONGITUDE,COUNTY,CITY,POINT_X,POINT_Y
84991569,2025,2025-12-30,1942,2025-11-24,2245,44630,NA,1,5,7,1942,0,0,0,NA,0,1822,CENTURY BLVD,BROADWAY AVE,0,NA,N,A,-,N,NA,NA,NA,NA,NA,NA,NA,NA,NA,Y,4,0,1,3,A,-,03,22350,NA,F,A,C,A,A,H,-,C,A,0,NA,NA,NA,NA,Y,NA,A,07,0,0,1,0,0,0,0,0,0,-,-,NA,NA,LOS ANGELES,LOS ANGELES,-118.27838897705078,33.945552825927734
84991607,2025,2025-12-30,1942,2025-12-13,410,43006,NA,6,5,7,1942,0,0,0,NA,0,1235,SLAUSON AVE,NORMANDIE AVE,0,NA,Y,A,-,N,NA,NA,NA,NA,NA,NA,NA,NA,NA,Y,4,0,1,2,A,-,12,21453,A,F,D,C,A,A,H,-,C,A,0,NA,NA,NA,NA,Y,NA,A,01,0,0,1,0,0,0,0,0,0,-,-,NA,NA,LOS ANGELES,LOS ANGELES,-118.30018615722656,33.989139556884766
84991646,2025,2025-12-30,1942,2025-12-21,1140,40404,NA,7,5,7,1942,0,0,0,NA,0,1258,MAIN ST,77TH ST,50,N,N,A,-,N,NA,NA,NA,NA,NA,NA,NA,NA,NA,N,4,0,1,2,A,-,11,21954,A,F,G,B,E,A,H,-,A,A,0,Y,NA,NA,NA,Y,NA,N,60,0,0,1,0,1,0,0,0,0,-,-,NA,NA,LOS ANGELES,LOS ANGELES,-118.27391815185548,33.96997833251953
84991662,2025,2025-12-30,1942,2025-12-17,1500,41579,NA,3,5,7,1942,0,0,0,NA,0,1232,SLAUSON AVE,CRENSHAW BLVD,50,W,N,A,-,N,NA,NA,NA,NA,NA,NA,NA,NA,NA,N,3,0,1,2,A,-,11,21954,A,F,G,B,E,A,H,-,A,A,0,Y,NA,NA,NA,Y,NA,N,60,0,1,0,0,1,0,0,0,0,-,-,NA,NA,LOS ANGELES,LOS ANGELES,-118.33119201660156,33.989009857177734
84991669,2025,2025-12-30,1942,2025-12-06,1730,44035,NA,6,5,7,1942,0,0,0,NA,0,0392,48TH STREET,9TH AVE,35,W,N,A,-,N,NA,NA,NA,NA,NA,NA,NA,NA,NA,N,4,0,1,2,A,-,08,22103,NA,F,A,D,A,A,H,-,C,A,0,NA,NA,NA,NA,Y,NA,-,99,0,0,1,0,0,0,0,0,0,-,-,NA,NA,LOS ANGELES,LOS ANGELES,-118.32705688476564,33.9999885559082
84991684,2025,2025-12-30,1942,2025-11-30,2300,33599,NA,7,5,7,1942,0,0,0,NA,0,1862,SAN PEDRO ST,IMPERIAL HWY,0,NA,Y,A,-,N,NA,NA,NA,NA,NA,NA,NA,NA,NA,N,3,0,1,2,A,-,10,21950,A,F,G,B,B,A,H,-,C,A,0,Y,NA,NA,NA,Y,NA,-,99,0,1,0,0,1,0,0,0,0,-,-,NA,NA,LOS ANGELES,LOS ANGELES,-118.26954650878906,33.93119812011719
84991700,2025,2025-12-30,1942,2025-12-06,1625,44035,NA,6,5,7,1942,0,0,0,NA,0,0321,LA CIENEGA BLVD,BOWESFIELD STREET,70,S,N,A,-,N,NA,NA,NA,NA,NA,NA,NA,NA,NA,N,4,0,3,2,A,-,03,22350,NA,F,C,C,A,A,H,-,B,A,0,NA,NA,NA,NA,Y,NA,-,99,0,0,3,0,0,0,0,0,0,-,-,NA,NA,LOS ANGELES,LOS ANGELES,-118.37227630615234,34.02316665649414
84991712,2025,2025-12-30,1942,2025-12-05,1720,44035,NA,5,5,7,1942,0,0,0,NA,0,0327,HOOVER ST,27TH ST,30,N,N,A,-,N,NA,NA,NA,NA,NA,NA,NA,NA,NA,N,3,0,1,2,A,-,05,21651,B,F,A,C,A,A,H,-,C,A,0,NA,NA,Y,NA,Y,NA,-,99,0,1,0,0,0,0,0,0,1,-,-,NA,NA,LOS ANGELES,LOS ANGELES,-118.2839813232422,34.030372619628906
84991717,2025,2025-12-30,1942,2025-12-09,1615,38088,NA,2,5,7,1942,0,0,0,NA,0,0563,GAFFEY ST,14TH ST,0,NA,Y,A,-,N,NA,NA,NA,NA,NA,NA,NA,NA,NA,N,4,0,1,2,A,-,05,21650,NA,F,D,G,A,A,H,-,A,D,0,NA,Y,NA,NA,Y,NA,-,99,0,0,1,0,0,0,1,0,0,-,-,NA,NA,LOS ANGELES,LOS ANGELES,-118.29236602783205,33.73154067993164
84991726,2025,2025-12-30,1942,2025-12-15,1855,44907,NA,1,5,7,1942,0,0,0,NA,0,NA,AVALON,CENTURY BLVD,0,NA,Y,A,-,N,NA,NA,NA,NA,NA,NA,NA,NA,NA,N,4,0,1,2,A,-,10,21950,A,F,G,B,B,A,H,-,C,A,0,Y,NA,NA,NA,Y,NA,-,99,0,0,1,0,1,0,0,0,0,-,-,NA,NA,LOS ANGELES,LOS ANGELES,-118.2651824951172,33.94560623168945
84991734,2025,2025-12-30,1942,2025-12-04,1340,40717,NA,4,5,7,1942,0,0,0,NA,0,0338,HOOVER ST,32ND ST,200,N,N,A,-,N,NA,NA,NA,NA,NA,NA,NA,NA,NA,N,2,0,1,2,B,-,22,NA,NA,F,A,B,F,A,H,-,C,D,0,Y,NA,NA,NA,Y,NA,-,99,1,0,0,0,1,0,0,0,0,-,-,NA,NA,LOS ANGELES,LOS ANGELES,-118.28397369384766,34.02610778808594
84991737,2025,2025-12-30,1942,2025-12-11,740,43902,NA,4,5,7,1942,0,0,0,NA,0,1241,8TH AVE,67TH ST,150,S,N,A,-,N,NA,NA,NA,NA,NA,NA,NA,NA,NA,N,4,0,1,2,A,-,21,22106,NA,F,D,B,D,A,H,-,A,B,0,Y,NA,NA,NA,Y,NA,-,99,0,0,1,0,1,0,0,0,0,-,-,NA,NA,LOS ANGELES,LOS ANGELES,-118.32652282714844,33.97774887084961
84991739,2025,2025-12-30,1942,2025-11-24,600,38111,NA,1,5,7,1942,0,0,0,NA,0,1219,FIGUEROA ST,54TH ST,0,NA,Y,A,-,N,NA,NA,NA,NA,NA,NA,NA,NA,NA,Y,3,0,1,3,A,-,09,21801,A,F,D,C,A,A,H,-,A,A,0,NA,NA,NA,NA,Y,NA,A,01,0,1,0,0,0,0,0,0,0,-,-,NA,NA,LOS ANGELES,LOS ANGELES,-118.28267669677734,33.9932861328125
84991797,2025,2025-12-30,1942,2025-12-13,1125,35936,NA,6,5,7,1942,0,0,0,NA,0,1251,FLORENCE AV,9TH AV,17,W,N,A,-,N,NA,NA,NA,NA,NA,NA,NA,NA,NA,N,3,0,3,2,A,-,03,22350,NA,F,C,C,A,A,H,-,A,D,0,NA,NA,NA,NA,Y,NA,-,99,0,3,0,0,0,0,0,0,0,-,-,NA,NA,LOS ANGELES,LOS ANGELES,-118.32764434814452,33.97454833984375
84991918,2025,2025-12-30,1942,2025-12-12,1000,45050,NA,5,5,7,1942,0,0,0,NA,0,1267,BROADWAY,MANCHESTER,33,N,N,A,-,N,NA,NA,NA,NA,NA,NA,NA,NA,NA,N,4,0,1,2,A,-,03,22350,NA,F,D,J,A,A,H,-,A,D,0,NA,NA,NA,NA,Y,NA,-,99,0,0,1,0,0,0,0,0,0,-,-,NA,NA,LOS ANGELES,LOS ANGELES,-118.27828216552734,33.96017074584961
84991942,2025,2025-12-30,1942,2025-12-20,1415,40717,NA,6,5,7,1942,0,0,0,NA,0,0359,M L KING JR BL,FIGUEROA ST,635,W,N,A,-,N,NA,NA,NA,NA,NA,NA,NA,NA,NA,Y,3,0,1,2,A,-,07,21658,A,F,B,C,A,A,H,-,A,D,0,NA,NA,NA,NA,Y,NA,A,01,0,1,0,0,0,0,0,0,0,-,-,NA,NA,LOS ANGELES,LOS ANGELES,-118.28482818603516,34.01114273071289
84991947,2025,2025-12-30,1942,2025-12-25,2035,39151,NA,4,5,7,1942,0,0,0,NA,0,0311,RIDGELEY DR,WESTHAVEN ST,50,N,N,A,-,N,NA,NA,NA,NA,NA,NA,NA,NA,NA,Y,3,0,3,4,A,-,01,23152,A,F,A,B,E,A,H,-,C,D,0,Y,NA,NA,NA,Y,Y,A,01,0,2,1,0,3,0,0,0,0,-,-,NA,NA,LOS ANGELES,LOS ANGELES,-118.36192321777344,34.03150177001953
84991983,2025,2025-12-30,1942,2025-12-19,1300,37550,NA,5,5,7,1942,0,0,0,NA,0,1515,HART ST,SIMPSON AV,18,E,N,A,-,N,NA,NA,NA,NA,NA,NA,NA,NA,NA,Y,2,0,2,2,A,-,09,21802,A,N,D,C,A,A,H,-,A,A,0,NA,NA,NA,NA,Y,NA,A,01,1,1,0,0,0,0,0,0,0,-,-,NA,NA,LOS ANGELES,LOS ANGELES,-118.3888702392578,34.197540283203125
84992004,2025,2025-12-30,1942,2025-12-11,1840,40957,NA,4,5,7,1942,0,0,0,NA,0,0565,CABRILLO AVE,8TH ST,35,S,N,A,-,N,NA,NA,NA,NA,NA,NA,NA,NA,NA,Y,4,0,2,2,A,-,03,22350,NA,F,C,C,A,A,H,-,C,A,0,NA,NA,NA,NA,Y,NA,D,22,0,0,2,0,0,0,0,0,0,-,-,NA,NA,LOS ANGELES,LOS ANGELES,-118.29459381103516,33.73689270019531
84992013,2025,2025-12-30,1942,2025-12-11,530,33296,NA,4,5,7,1942,0,0,0,NA,0,1256,FIGUEROA ST,73RD STREET,0,NA,Y,A,-,N,NA,NA,NA,NA,NA,NA,NA,NA,NA,N,3,0,1,2,A,-,10,21950,A,F,G,B,B,A,H,-,C,A,0,Y,NA,NA,NA,Y,NA,-,99,0,1,0,0,1,0,0,0,0,-,-,NA,NA,LOS ANGELES,LOS ANGELES,-118.28269958496094,33.97367858886719
84992017,2025,2025-12-30,1942,2025-12-11,1900,41754,NA,4,5,7,1942,0,0,0,NA,0,1802,BROADWAY,90TH ST,0,NA,Y,A,-,N,NA,NA,NA,NA,NA,NA,NA,NA,NA,N,3,0,1,2,A,-,03,22350,NA,F,G,B,D,A,H,-,C,D,0,Y,NA,NA,NA,Y,NA,-,99,0,1,0,0,1,0,0,0,0,-,-,NA,NA,LOS ANGELES,LOS ANGELES,-118.27821350097656,33.95458984375
84992032,2025,2025-12-30,1942,2025-12-22,1,39151,NA,1,5,7,1942,0,0,0,NA,0,1239,FIGUEROA ST,59TH PL,110,S,N,A,-,N,NA,NA,NA,NA,NA,NA,NA,NA,NA,Y,3,0,1,6,A,-,08,22100,B,F,D,C,A,A,H,-,C,A,0,NA,NA,NA,NA,Y,NA,A,07,0,1,0,0,0,0,0,0,0,-,-,NA,NA,LOS ANGELES,LOS ANGELES,-118.28269958496094,33.98563766479492
84992039,2025,2025-12-30,1942,2025-11-17,1305,35936,NA,1,5,7,1942,0,0,0,NA,0,1842,MAIN STREET,IMPERIAL HIGHWAY,120,N,N,C,-,N,NA,NA,NA,NA,NA,NA,NA,NA,NA,N,3,0,1,2,A,-,06,21750,A,F,C,G,A,B,H,-,A,D,0,NA,Y,NA,NA,Y,NA,-,99,0,1,0,0,0,0,1,0,0,-,-,NA,NA,LOS ANGELES,LOS ANGELES,-118.4159698486328,33.931461334228516
84992047,2025,2025-12-30,1942,2025-12-03,1300,35393,NA,3,5,7,1942,0,0,0,NA,0,1268,82ND STREET,MAIN STREET,600,W,N,A,-,N,NA,NA,NA,NA,NA,NA,NA,NA,NA,N,3,0,2,2,A,-,21,22106,NA,F,D,C,A,A,H,-,A,D,0,NA,NA,NA,NA,Y,NA,-,99,0,1,1,0,0,0,0,0,0,-,-,NA,NA,LOS ANGELES,LOS ANGELES,-118.27586364746094,33.96505355834961
84992052,2025,2025-12-30,1942,2025-12-21,1814,44664,NA,7,5,7,1942,0,0,0,NA,0,1266,HOOVER AVE,82ND ST,100,N,N,A,-,Y,NA,NA,NA,NA,NA,NA,NA,NA,NA,Y,3,0,1,4,A,-,03,22350,NA,F,C,C,A,A,H,-,C,D,0,NA,NA,NA,NA,Y,NA,-,99,0,1,0,0,0,0,0,0,0,-,-,NA,NA,LOS ANGELES,LOS ANGELES,-118.287109375,33.964542388916016
84992059,2025,2025-12-30,1942,2025-12-29,1208,42344,NA,1,5,7,1942,0,0,0,NA,0,2015,VERMONT AV,1ST ST,250,N,N,A,-,N,NA,NA,NA,NA,NA,NA,NA,NA,NA,N,4,0,1,2,A,-,05,21460,A,F,A,C,A,A,H,-,A,D,0,NA,NA,NA,NA,Y,NA,-,99,0,0,1,0,0,0,0,0,0,-,-,NA,NA,LOS ANGELES,LOS ANGELES,-118.29168701171876,34.07344436645508
84992079,2025,2025-12-30,1942,2025-11-28,1640,44035,NA,5,5,7,1942,0,0,0,NA,0,0392,VERNON AVE,LEIMERT BL,0,NA,Y,A,-,N,NA,NA,NA,NA,NA,NA,NA,NA,NA,Y,4,0,1,2,A,-,12,21453,A,F,D,C,A,A,H,-,A,A,0,NA,NA,NA,NA,Y,NA,-,-,0,0,1,0,0,0,0,0,0,-,-,NA,NA,LOS ANGELES,LOS ANGELES,-118.33084106445313,34.00365447998047
84992084,2025,2025-12-30,1942,2025-12-28,1745,44325,NA,7,5,7,1942,0,0,0,NA,0,1651,LAUREL CANYON BLVD,MONTAGUE ST.,40,N,N,A,-,N,NA,NA,NA,NA,NA,NA,NA,NA,NA,Y,4,0,1,2,A,-,01,23152,A,N,C,C,A,A,H,-,C,A,0,NA,NA,NA,NA,Y,Y,A,08,0,0,1,0,0,0,0,0,0,-,-,NA,NA,LOS ANGELES,LOS ANGELES,-118.41641998291016,34.243961334228516
84992184,2025,2025-12-30,1942,2025-12-18,2000,44162,NA,4,5,7,1942,0,0,0,NA,0,1245,NORMANDIE AVE,61ST ST.,35,S,N,A,-,N,NA,NA,NA,NA,NA,NA,NA,NA,NA,Y,4,0,1,2,A,-,01,23152,A,N,C,C,A,A,H,-,C,D,0,NA,NA,NA,NA,Y,Y,A,01,0,0,1,0,0,0,0,0,0,-,-,NA,NA,LOS ANGELES,LOS ANGELES,-118.30026245117188,33.98404312133789
84992192,2025,2025-12-30,1942,2025-12-20,1810,44035,NA,6,5,7,1942,0,0,0,NA,0,1258,FLORENCE AVE,SAN PEDRO ST,0,NA,Y,A,-,N,NA,NA,NA,NA,NA,NA,NA,NA,NA,Y,3,0,1,2,A,-,01,23152,A,N,D,C,A,A,H,-,C,A,0,NA,NA,NA,NA,Y,Y,D,22,0,1,0,0,0,0,0,0,0,-,-,NA,NA,LOS ANGELES,LOS ANGELES,-118.26956939697266,33.974693298339844
84992204,2025,2025-12-30,1942,2025-12-13,200,42282,NA,6,5,7,1942,0,0,0,NA,0,0557,7TH STREET,PACIFIC AVE,0,NA,Y,B,-,N,NA,NA,NA,NA,NA,NA,NA,NA,NA,Y,2,0,3,2,A,-,01,23152,A,N,D,C,A,A,H,-,C,A,0,NA,NA,NA,NA,Y,Y,A,01,2,1,0,0,0,0,0,0,0,-,-,NA,NA,LOS ANGELES,LOS ANGELES,-118.28791809082033,33.737876892089844
84992220,2025,2025-12-30,1942,2025-12-19,1710,44790,NA,5,5,7,1942,0,0,0,NA,0,0363,BUCKINGHAM,SANTA ROSALIA,5,S,N,A,-,N,NA,NA,NA,NA,NA,NA,NA,NA,NA,N,4,0,1,2,A,-,03,22350,NA,F,G,B,B,A,H,-,B,A,0,Y,NA,NA,NA,Y,NA,-,99,0,0,1,0,1,0,0,0,0,-,-,NA,NA,LOS ANGELES,LOS ANGELES,-118.34228515625,34.01207733154297
84992263,2025,2025-12-30,1942,2025-11-18,820,35393,NA,2,5,7,1942,0,0,0,NA,0,1203,45TH STREET,HARVARD BLVD,90,E,N,A,-,N,NA,NA,NA,NA,NA,NA,NA,NA,NA,N,3,0,1,2,A,-,06,21751,NA,N,B,E,A,A,H,-,A,D,0,NA,NA,NA,Y,Y,NA,A,01,0,1,0,0,0,0,0,0,0,-,-,NA,NA,LOS ANGELES,LOS ANGELES,-118.30646514892578,34.00278854370117
84992311,2025,2025-12-30,1942,2025-07-24,2230,44700,NA,4,5,7,1942,0,0,0,NA,0,1268,79TH ST,SAN PEDRO ST,430,W,N,A,-,N,NA,NA,NA,NA,NA,NA,NA,NA,NA,Y,4,0,1,5,A,-,03,22350,NA,F,B,C,A,A,H,-,E,D,0,NA,NA,NA,NA,Y,NA,A,01,0,0,1,0,0,0,0,0,0,-,-,NA,NA,LOS ANGELES,LOS ANGELES,-118.26954650878906,33.96738052368164
84992347,2025,2025-12-30,1942,2025-12-21,1,44980,NA,7,5,7,1942,0,0,0,NA,0,0376,MLK,NORMANDIE,0,NA,Y,A,-,N,NA,NA,NA,NA,NA,NA,NA,NA,NA,Y,3,0,1,2,A,-,12,21453,A,F,A,C,A,A,H,-,C,A,0,NA,NA,NA,NA,Y,NA,A,01,0,1,0,0,0,0,0,0,0,-,-,NA,NA,LOS ANGELES,LOS ANGELES,-118.30017852783205,34.0108757019043
84992355,2025,2025-12-30,1942,2025-12-30,240,44645,NA,2,5,7,1942,0,0,0,NA,0,0326,S. WESTERN AVE,28TH ST,17,S,N,A,-,N,NA,NA,NA,NA,NA,NA,NA,NA,NA,N,4,0,1,2,A,-,03,22350,NA,F,B,C,A,A,H,-,C,D,0,NA,NA,Y,NA,Y,NA,-,99,0,0,1,0,0,0,0,0,1,-,-,NA,NA,LOS ANGELES,LOS ANGELES,-118.30895233154295,34.029884338378906
84992363,2025,2025-12-30,1910,2025-12-12,827,349,NA,5,5,4,1910,0,0,0,NA,0,004,N CAMDEN DR,LOMITAS AVE,0,NA,Y,A,-,N,NA,NA,NA,NA,NA,NA,NA,NA,NA,N,3,0,1,2,A,-,12,22450,A,N,D,C,A,A,H,-,A,A,0,NA,NA,NA,NA,Y,NA,A,01,0,1,0,0,0,0,0,0,0,-,-,34.07735061645508,-118.4145965576172,LOS ANGELES,BEVERLY HILLS,-118.41463470458984,34.07733917236328
84992372,2025,2025-12-30,1942,2025-12-20,1420,41579,NA,6,5,7,1942,0,0,0,NA,0,0328,FIGUEROA ST,ADAMS BL,50,N,N,A,-,N,NA,NA,NA,NA,NA,NA,NA,NA,NA,N,3,0,1,2,A,-,21,22106,NA,F,B,C,A,A,H,-,A,A,0,NA,NA,NA,NA,Y,Y,A,01,0,1,0,0,0,0,0,0,0,-,-,NA,NA,LOS ANGELES,LOS ANGELES,-118.27594757080078,34.028282165527344
84992379,2025,2025-12-30,1942,2025-12-28,2120,39385,NA,7,5,7,1942,0,0,0,NA,0,0393,LEIMERT BL,STOCKER PL,100,N,N,A,-,N,NA,NA,NA,NA,NA,NA,NA,NA,NA,Y,3,0,1,2,A,-,03,22350,NA,F,C,C,A,A,H,-,C,D,0,NA,NA,NA,NA,Y,NA,A,01,0,1,0,0,0,0,0,0,0,-,-,NA,NA,LOS ANGELES,LOS ANGELES,-118.32611846923828,34.008392333984375
84992388,2025,2025-12-30,1942,2025-12-27,1305,45050,NA,6,5,7,1942,0,0,0,NA,0,1241,HYDE PARK,11TH AVE,0,NA,Y,A,-,N,NA,NA,NA,NA,NA,NA,NA,NA,NA,N,3,0,1,2,A,-,12,22450,A,F,D,C,A,A,H,-,A,A,0,NA,NA,Y,NA,Y,NA,-,99,0,1,0,0,0,0,0,0,1,-,-,NA,NA,LOS ANGELES,LOS ANGELES,-118.3293914794922,33.98061752319336
84992393,2025,2025-12-30,1942,2025-12-27,1314,43070,NA,6,5,7,1942,0,0,0,NA,0,1266,82ND ST,HOOVER ST,0,NA,Y,A,-,N,NA,NA,NA,NA,NA,NA,NA,NA,NA,Y,4,0,5,3,A,-,12,21453,A,F,D,C,A,A,H,-,A,A,0,NA,NA,NA,NA,Y,NA,A,01,0,0,5,0,0,0,0,0,0,-,-,NA,NA,LOS ANGELES,LOS ANGELES,-118.287109375,33.964271545410156
84992399,2025,2025-12-30,1942,2025-12-12,1906,46340,NA,5,5,7,1942,0,0,0,NA,0,1269,CENTRAL AVENUE,78TH STREET,15,N,N,A,-,N,NA,NA,NA,NA,NA,NA,NA,NA,NA,N,3,0,1,2,A,-,03,22350,NA,F,G,B,D,A,H,-,C,D,0,Y,NA,NA,NA,Y,NA,-,99,0,1,0,0,1,0,0,0,0,-,-,NA,NA,LOS ANGELES,LOS ANGELES,-118.25641632080078,33.968509674072266
84992404,2025,2025-12-30,1942,2025-12-26,1700,41957,NA,5,5,7,1942,0,0,0,NA,0,0362,SANTA ROSALIA DR,AUGUST ST,0,NA,Y,C,-,N,NA,NA,NA,NA,NA,NA,NA,NA,NA,N,4,0,1,2,A,-,03,22350,NA,F,C,G,A,B,H,-,C,D,0,NA,Y,NA,NA,Y,NA,-,99,0,0,1,0,0,0,1,0,0,-,-,NA,NA,LOS ANGELES,LOS ANGELES,-118.34726715087892,34.015960693359375
84992416,2025,2025-12-30,1942,2025-12-20,1440,44035,NA,6,5,7,1942,0,0,0,NA,0,1211,CRENSHAW BLVD,SLAUSON AVE,40,S,N,A,-,N,NA,NA,NA,NA,NA,NA,NA,NA,NA,N,4,0,2,2,A,-,04,21703,NA,F,C,C,A,A,H,-,A,A,0,NA,NA,NA,NA,Y,NA,-,99,0,0,2,0,0,0,0,0,0,-,-,NA,NA,LOS ANGELES,LOS ANGELES,-118.33102416992188,33.98889923095703
84992435,2025,2025-12-30,1942,2025-09-18,335,44310,NA,4,5,7,1942,0,0,0,NA,0,0397,VERNON AVE,DENKER AVE,0,NA,Y,C,-,N,NA,NA,NA,NA,NA,NA,NA,NA,NA,Y,3,0,1,2,A,-,03,22350,NA,F,D,C,A,B,H,-,C,A,0,NA,NA,NA,NA,Y,NA,-,99,0,1,0,0,0,0,0,0,0,-,-,NA,NA,LOS ANGELES,LOS ANGELES,-118.3045654296875,34.00371170043945
84992662,2025,2025-12-30,1900,2025-12-15,1300,657878,NA,1,5,3,1994,0,0,0,NA,0,103,THOUSAND OAKS BLVD,KANAN RD,500,W,-,A,-,N,NA,NA,NA,NA,NA,NA,NA,NA,NA,Y,3,0,2,3,A,-,09,21804,A,N,D,C,A,A,H,-,A,D,0,NA,NA,NA,NA,Y,NA,A,07,0,2,0,0,0,0,0,0,0,-,-,34.15428924560547,-118.75839996337892,LOS ANGELES,AGOURA HILLS,-118.75872039794922,34.154457092285156
84992665,2025,2025-12-30,1900,2025-12-20,1100,625470,NA,6,5,5,1990,0,0,0,NA,0,293,PALOMINO DR,LA BONITA RD,54,E,-,A,-,N,NA,NA,NA,NA,NA,NA,NA,NA,NA,N,3,0,1,2,A,-,21,22106,NA,N,G,B,D,A,H,-,A,D,0,Y,NA,NA,NA,Y,NA,D,22,0,1,0,0,1,0,0,0,0,-,-,34.0235481262207,-117.80857849121094,LOS ANGELES,DIAMOND BAR,-117.80868530273438,34.02353286743164
84992666,2025,2025-12-30,1900,2025-12-23,1210,625470,NA,2,5,5,1990,0,0,0,NA,0,292T1,PATHFINDER RD,CANYON RIDGE RD,0,NA,-,B,C,N,NA,NA,NA,NA,NA,NA,NA,NA,NA,Y,3,0,3,2,A,-,09,21802,A,N,D,C,A,B,H,-,A,A,0,NA,NA,NA,NA,Y,NA,A,01,0,1,2,0,0,0,0,0,0,-,-,33.97774887084961,-117.85505676269533,LOS ANGELES,DIAMOND BAR,-117.85511779785156,33.977725982666016
84992668,2025,2025-12-30,1900,2025-12-16,1758,9811,NA,2,5,6,1992,0,0,0,NA,0,111T1,30TH ST W,AVENUE K-8,0,NA,-,A,-,N,NA,NA,NA,NA,NA,NA,NA,NA,NA,Y,4,0,3,3,A,-,12,21453,A,N,D,C,A,A,H,-,C,A,0,NA,NA,NA,NA,Y,NA,A,08,0,0,3,0,0,0,0,0,0,-,-,34.667579650878906,-118.18350982666016,LOS ANGELES,LANCASTER,-118.1835479736328,34.66754150390625
84992670,2025,2025-12-30,1900,2025-12-17,2309,651440,NA,3,5,6,1992,0,0,0,NA,0,112T2,AVENUE I,57TH ST W,528,E,-,A,-,N,NA,NA,NA,NA,NA,NA,NA,NA,NA,N,4,0,1,2,A,-,14,21201,D,N,C,G,A,A,H,-,D,D,0,NA,Y,NA,NA,Y,NA,L,04,0,0,1,0,0,0,1,0,0,-,-,34.704010009765625,-118.23052215576172,LOS ANGELES,LANCASTER,-118.23058319091795,34.704036712646484
84992671,2025,2025-12-30,1900,2025-12-18,1442,660059,NA,4,5,6,1992,0,0,0,NA,0,111T1,AVENUE L,10TH ST W,47,N,-,A,-,N,NA,NA,NA,NA,NA,NA,NA,NA,NA,N,4,0,2,2,A,-,12,21453,A,N,A,C,A,A,H,-,A,A,0,NA,NA,NA,NA,Y,NA,A,01,0,0,2,0,0,0,0,0,0,-,-,34.66033172607422,-118.14749145507813,LOS ANGELES,LANCASTER,-118.14784240722656,34.660369873046875
84992673,2025,2025-12-30,1900,2025-12-18,1843,693410,NA,4,5,6,1992,0,0,0,NA,0,112T2,AVENUE K,25TH ST E,0,NA,-,A,-,N,NA,NA,NA,NA,NA,NA,NA,NA,NA,Y,3,0,2,2,A,-,09,21802,A,N,D,C,A,A,H,-,C,A,0,NA,NA,NA,NA,Y,Y,A,01,0,2,0,0,0,0,0,0,0,-,-,34.67512893676758,-118.0856704711914,LOS ANGELES,LANCASTER,-118.08576965332033,34.67516326904297
84992674,2025,2025-12-30,1900,2025-12-19,1625,656370,NA,5,5,6,1992,0,0,0,NA,0,112T1,10TH ST W,AVENUE J-4,215,S,-,A,-,N,NA,NA,NA,NA,NA,NA,NA,NA,NA,Y,4,0,1,2,A,-,09,21801,A,N,D,C,A,A,H,-,A,D,0,NA,NA,NA,NA,Y,NA,A,07,0,0,1,0,0,0,0,0,0,-,-,34.68510818481445,-118.14788055419922,LOS ANGELES,LANCASTER,-118.14800262451172,34.6851921081543
84992764,2025,2025-12-31,1963,2025-12-14,1317,378,NA,7,5,3,1963,0,0,0,NA,0,002,HUNTINGTON DR,SAN GABRIEL BLVD,0,NA,Y,A,-,N,NA,NA,NA,NA,NA,NA,NA,NA,NA,N,4,0,1,2,D,-,00,NA,NA,F,C,C,A,A,H,-,A,A,0,NA,NA,NA,NA,Y,Y,-,-,0,0,1,0,0,0,0,0,0,-,-,NA,NA,LOS ANGELES,SAN MARINO,-118.09101104736328,34.1268310546875
84992837,2025,2025-12-31,1962,2025-11-28,1645,188,NA,5,5,4,1962,0,0,0,NA,0,003,VALLEY BLVD,NEW AV,334,E,N,A,-,N,NA,NA,NA,NA,NA,NA,NA,NA,NA,Y,3,0,1,1,A,-,08,22107,NA,N,E,I,A,A,H,-,B,D,0,NA,NA,NA,NA,Y,NA,A,07,0,1,0,0,0,0,0,0,0,-,-,34.07931900024414,-118.10830688476564,LOS ANGELES,SAN GABRIEL,-118.1072006225586,34.07938003540039