CASE_ID,ACCIDENT_YEAR,PROC_DATE,JURIS,COLLISION_DATE,COLLISION_TIME,OFFICER_ID,REPORTING_DISTRICT,DAY_OF_WEEK,CHP_SHIFT,POPULATION,CNTY_CITY_LOC,SPECIAL_COND,BEAT_TYPE,CHP_BEAT_TYPE,CITY_DIVISION_LAPD,CHP_BEAT_CLASS,BEAT_NUMBER,PRIMARY_RD,SECONDARY_RD,DISTANCE,DIRECTION,INTERSECTION,WEATHER_1,WEATHER_2,STATE_HWY_IND,CALTRANS_COUNTY,CALTRANS_DISTRICT,STATE_ROUTE,ROUTE_SUFFIX,POSTMILE_PREFIX,POSTMILE,LOCATION_TYPE,RAMP_INTERSECTION,SIDE_OF_HWY,TOW_AWAY,COLLISION_SEVERITY,NUMBER_KILLED,NUMBER_INJURED,PARTY_COUNT,PRIMARY_COLL_FACTOR,PCF_CODE_OF_VIOL,PCF_VIOL_CATEGORY,PCF_VIOLATION,PCF_VIOL_SUBSECTION,HIT_AND_RUN,TYPE_OF_COLLISION,MVIW,PED_ACTION,ROAD_SURFACE,ROAD_COND_1,ROAD_COND_2,LIGHTING,CONTROL_DEVICE,CHP_ROAD_TYPE,PEDESTRIAN_ACCIDENT,BICYCLE_ACCIDENT,MOTORCYCLE_ACCIDENT,TRUCK_ACCIDENT,NOT_PRIVATE_PROPERTY,ALCOHOL_INVOLVED,STWD_VEHTYPE_AT_FAULT,CHP_VEHTYPE_AT_FAULT,COUNT_SEVERE_INJ,COUNT_VISIBLE_INJ,COUNT_COMPLAINT_PAIN,COUNT_PED_KILLED,COUNT_PED_INJURED,COUNT_BICYCLIST_KILLED,COUNT_BICYCLIST_INJURED,COUNT_MC_KILLED,COUNT_MC_INJURED,PRIMARY_RAMP,SECONDARY_RAMP,LATITUDE,LONGITUDE,COUNTY,CITY,POINT_X,POINT_Y
84992844,2025,2025-12-31,1962,2025-11-30,1042,162,NA,7,5,4,1962,0,0,0,NA,0,003,DEL MAR,INTERSTATE 10 FREEWAY,58,S,N,A,-,N,NA,NA,NA,NA,NA,NA,NA,NA,NA,N,2,0,1,1,A,-,03,22350,NA,N,H,J,A,A,H,-,A,D,0,NA,Y,NA,NA,Y,NA,L,04,1,0,0,0,0,0,1,0,0,-,-,34.07191848754883,-118.09957122802734,LOS ANGELES,SAN GABRIEL,-118.09953308105467,34.07160186767578
84992867,2025,2025-12-31,1922,2025-12-13,2349,736,NA,6,5,6,1922,0,0,0,NA,0,001,VALLEY BLVD,BALDWIN AVE,50,W,N,A,-,N,NA,NA,NA,NA,NA,NA,NA,NA,NA,N,4,0,1,2,A,-,09,21800,A,F,B,C,A,A,H,-,C,A,0,NA,NA,NA,NA,Y,NA,A,01,0,0,1,0,0,0,0,0,0,-,-,34.0789909362793,-118.05287170410156,LOS ANGELES,EL MONTE,-118.052978515625,34.07908248901367
84992870,2025,2025-12-31,1922,2025-12-15,1007,625,NA,1,5,6,1922,0,0,0,NA,0,NA,GARVEY AVE,VALLEY BLVD,0,NA,Y,B,-,N,NA,NA,NA,NA,NA,NA,NA,NA,NA,N,4,0,1,2,A,-,12,21453,A,N,D,D,A,B,H,-,A,A,0,NA,NA,NA,NA,Y,NA,D,22,0,0,1,0,0,0,0,0,0,-,-,34.062808990478516,-118.01938629150392,LOS ANGELES,EL MONTE,-118.01938629150392,34.06289291381836
84992874,2025,2025-12-31,1922,2025-12-15,1119,737,NA,1,5,6,1922,0,0,0,NA,0,003,PECK RD,GARVEY AVE,0,NA,Y,B,-,N,NA,NA,NA,NA,NA,NA,NA,NA,NA,Y,4,0,2,2,A,-,00,23123,NA,F,D,C,A,A,H,-,A,A,0,NA,NA,NA,NA,Y,NA,A,08,0,0,2,0,0,0,0,0,0,-,-,34.062801361083984,-118.0305404663086,LOS ANGELES,EL MONTE,-118.0305404663086,34.06284713745117
84992908,2025,2025-12-31,1969,2025-12-04,1800,10257,NA,4,5,5,1969,0,0,0,NA,0,002,CALIFORNIA AV,DUANE WY,7,E,N,A,-,Y,NA,NA,NA,NA,NA,NA,NA,NA,NA,N,4,0,1,2,A,-,03,22350,NA,N,C,C,A,A,H,-,B,A,0,NA,NA,NA,NA,Y,NA,A,01,0,0,1,0,0,0,0,0,0,-,-,33.948848724365234,-118.20687866210938,LOS ANGELES,SOUTH GATE,-118.20688629150392,33.94886016845703
84992922,2025,2025-12-31,1969,2025-12-08,2005,10256,NA,1,5,5,1969,0,0,0,NA,0,005,GARFIELD AV,MONROE AV,51,N,N,A,-,N,NA,NA,NA,NA,NA,NA,NA,NA,NA,Y,4,0,1,1,A,-,08,22107,NA,N,E,I,A,A,H,-,C,A,0,NA,NA,NA,NA,Y,NA,A,01,0,0,1,0,0,0,0,0,0,-,-,33.9222297668457,-118.16898345947266,LOS ANGELES,SOUTH GATE,-118.1689910888672,33.92232894897461
84992931,2025,2025-12-31,1909,2025-12-08,1505,656,NA,1,5,4,1909,0,0,0,NA,0,NA,SCOUT AV,SUVA ST,380,S,N,A,-,N,NA,NA,NA,NA,NA,NA,NA,NA,NA,Y,4,0,1,2,A,-,08,22107,NA,N,D,C,A,A,H,-,A,A,0,NA,NA,NA,NA,Y,NA,A,01,0,0,1,0,0,0,0,0,0,-,-,33.966129302978516,-118.13806915283205,LOS ANGELES,BELL GARDENS,-118.13883209228516,33.96530532836914
84992933,2025,2025-12-31,1909,2025-12-19,634,640,NA,5,5,4,1909,0,0,0,NA,0,SOUTH,EASTERN AV,JABONERIA RD,0,NA,Y,A,-,N,NA,NA,NA,NA,NA,NA,NA,NA,NA,N,4,0,1,2,A,-,10,21950,A,N,G,B,B,A,H,-,C,A,0,Y,NA,NA,NA,Y,NA,A,01,0,0,1,0,1,0,0,0,0,-,-,33.959930419921875,-118.16542816162108,LOS ANGELES,BELL GARDENS,-118.16546630859376,33.95985412597656
84993079,2025,2025-12-31,1925,2025-12-19,1635,29636,NA,5,5,6,1925,0,0,0,NA,0,003,GARFIELD AVENUE,ADAMS STREET,850,W,N,A,-,N,NA,NA,NA,NA,NA,NA,NA,NA,NA,Y,4,0,2,2,A,-,09,21801,A,N,D,C,A,A,H,-,B,D,0,NA,NA,NA,NA,Y,NA,A,07,0,0,2,0,0,0,0,0,0,-,-,34.136009216308594,-118.24176025390624,LOS ANGELES,GLENDALE,-118.24456024169922,34.13600158691406
84993080,2025,2025-12-31,1925,2025-12-19,2102,30705,NA,5,5,6,1925,0,0,0,NA,0,003,COLORADO STREET,CHEVY CHASE DRIVE,26,N,N,A,-,N,NA,NA,NA,NA,NA,NA,NA,NA,NA,Y,4,0,1,2,A,-,12,21453,A,N,D,C,A,A,H,-,C,A,0,NA,NA,NA,NA,Y,NA,A,07,0,0,1,0,0,0,0,0,0,-,-,34.14262008666992,-118.23963928222656,LOS ANGELES,GLENDALE,-118.2395248413086,34.14263153076172
84993160,2025,2025-12-31,1955,2025-09-19,531,42690,NA,5,5,6,1955,0,0,0,NA,0,001,ORANGE GROVE AVE,PARK AVE,25,W,N,A,-,N,NA,NA,NA,NA,NA,NA,NA,NA,NA,Y,4,0,1,2,A,-,08,22107,NA,F,C,C,A,A,H,-,C,A,0,NA,NA,NA,NA,Y,NA,D,22,0,0,1,0,0,0,0,0,0,-,-,34.071468353271484,-117.75501251220705,LOS ANGELES,POMONA,-117.75509643554688,34.07141876220703
84993161,2025,2025-12-31,1955,2025-10-03,2152,42484,NA,5,5,6,1955,0,0,0,NA,0,003,SAN ANTONIO AVE,SAN BERNARDINO AVE,35,N,N,A,-,N,NA,NA,NA,NA,NA,NA,NA,NA,NA,Y,3,0,5,2,A,-,12,21453,A,F,D,C,A,A,H,-,C,A,0,NA,NA,NA,NA,Y,NA,D,22,0,1,4,0,0,0,0,0,0,-,-,34.07583999633789,-117.73674011230467,LOS ANGELES,POMONA,-117.73671722412108,34.0759162902832
84993377,2025,2025-12-31,1910,2025-12-24,1402,357,NA,3,5,4,1910,0,0,0,NA,0,009,WILSHIRE BLVD,N LE DOUX RD,0,NA,Y,C,-,N,NA,NA,NA,NA,NA,NA,NA,NA,NA,Y,4,0,1,2,A,-,09,21801,A,N,D,C,A,B,H,-,A,D,0,NA,NA,NA,NA,Y,NA,A,01,0,0,1,0,0,0,0,0,0,-,-,34.06547164916992,-118.377197265625,LOS ANGELES,BEVERLY HILLS,-118.37727355957033,34.065467834472656
84994652,2025,2025-12-31,1900,2025-09-09,950,619422,NA,2,5,3,1940,0,0,0,NA,0,172,PALOS VERDES DR E,PALOS VERDES DR N,230,S,-,A,-,N,NA,NA,NA,NA,NA,NA,NA,NA,NA,N,3,0,1,2,A,-,00,22350,C,N,C,D,A,A,H,-,A,A,0,NA,NA,NA,NA,Y,NA,A,01,0,1,0,0,0,0,0,0,0,-,-,NA,NA,LOS ANGELES,LOMITA,-118.32742309570313,33.77249526977539
84994653,2025,2025-12-31,1900,2025-09-11,1438,646216,NA,4,5,4,1980,0,0,0,NA,0,173,MONERO DRIVE,LOMO DRIVE,446,W,-,A,-,N,NA,NA,NA,NA,NA,NA,NA,NA,NA,N,3,0,1,2,A,-,08,22107,NA,N,C,E,A,A,H,-,A,A,0,NA,NA,NA,NA,Y,NA,A,07,0,1,0,0,0,0,0,0,0,-,-,NA,NA,LOS ANGELES,RANCHO PALOS VERDES,-118.39522552490234,33.781375885009766
84994655,2025,2025-12-31,1900,2025-03-14,1114,475342,NA,5,5,5,1915,0,0,0,NA,0,282T1,LONG BEACH BLVD,ELM ST (N),60,N,-,B,C,N,NA,NA,NA,NA,NA,NA,NA,NA,NA,Y,4,0,1,2,A,-,08,22107,NA,N,C,E,A,B,H,-,A,A,0,NA,NA,NA,NA,Y,NA,A,01,0,0,1,0,0,0,0,0,0,-,-,33.901039123535156,-118.20822143554688,LOS ANGELES,COMPTON,-118.20836639404295,33.900962829589844
84994657,2025,2025-12-31,1900,2025-11-30,1028,642508,NA,7,5,4,1960,0,0,0,NA,0,81K2,BONITA AVENUE,PONY EXPRESS WAY,828,E,-,A,-,N,NA,NA,NA,NA,NA,NA,NA,NA,NA,N,3,0,2,2,A,-,04,21703,NA,N,C,C,A,A,H,-,A,D,0,NA,NA,NA,NA,Y,NA,E,22,0,2,0,0,0,0,0,0,0,-,-,34.10667037963867,-117.79855346679688,LOS ANGELES,SAN DIMAS,-117.79823303222656,34.106658935546875
84994676,2025,2025-12-31,1900,2025-12-27,1403,639869,NA,6,5,4,1974,0,0,0,NA,0,291K2,LEMON AV,VEJAR RD,0,NA,-,A,-,N,NA,NA,NA,NA,NA,NA,NA,NA,NA,N,3,0,1,2,D,-,00,NA,NA,N,D,G,A,A,H,-,A,A,0,NA,Y,NA,NA,Y,NA,-,-,0,1,0,0,0,0,1,0,0,-,-,34.01544189453125,-117.86392211914064,LOS ANGELES,WALNUT,-117.86389923095705,34.01539993286133
84994678,2025,2025-12-31,1900,2025-10-23,644,514238,NA,4,5,3,1968,0,0,0,NA,0,55T1,LEE AVENUE,KLINGERMAN STREET,281,N,-,A,-,N,NA,NA,NA,NA,NA,NA,NA,NA,NA,Y,2,0,1,2,A,-,09,21804,B,N,D,C,A,A,H,-,B,D,0,NA,NA,NA,NA,Y,NA,A,01,1,0,0,0,0,0,0,0,0,-,-,34.056209564208984,-118.06732940673828,LOS ANGELES,SOUTH EL MONTE,-118.06729125976564,34.05620193481445
84994682,2025,2025-12-31,1900,2025-12-08,1900,663350,NA,1,5,4,1939,0,0,0,NA,0,35T1,HAWTHORNE BLVD,171ST ST (W),0,NA,-,A,-,N,NA,NA,NA,NA,NA,NA,NA,NA,NA,Y,3,0,1,3,A,-,09,21802,A,N,D,C,A,A,H,-,C,A,0,NA,NA,NA,NA,Y,NA,A,07,0,1,0,0,0,0,0,0,0,-,-,33.52320098876953,-118.21080017089844,LOS ANGELES,LAWNDALE,-118.35270690917967,33.87565612792969
84994691,2025,2025-12-31,1900,2025-11-10,841,641586,NA,1,5,6,1949,0,0,0,NA,0,43T1,ROSECRANS AV,BLOOMFIELD AV,200,W,-,A,-,N,NA,NA,NA,NA,NA,NA,NA,NA,NA,N,4,0,1,2,A,-,21,22106,NA,N,C,C,A,A,H,-,A,A,0,NA,NA,NA,NA,Y,NA,A,01,0,0,1,0,0,0,0,0,0,-,-,NA,NA,LOS ANGELES,NORWALK,-118.06476593017578,33.90224838256836
84994697,2025,2025-12-31,1900,2025-12-24,1212,626048,NA,3,5,5,1977,0,0,0,NA,0,167T1,CARSON ST,DOLORES ST,17,E,-,C,-,N,NA,NA,NA,NA,NA,NA,NA,NA,NA,Y,4,0,1,1,A,-,03,22350,NA,N,E,I,A,B,F,-,B,A,0,NA,NA,NA,NA,Y,NA,A,07,0,0,1,0,0,0,0,0,0,-,-,33.83163070678711,-118.2722625732422,LOS ANGELES,CARSON,-118.27229309082033,33.831581115722656
84994701,2025,2025-12-31,1900,2025-12-26,915,606643,NA,5,5,5,1977,0,0,0,NA,0,164T,AVALON BLVD,184TH ST (E),57,N,-,B,C,N,NA,NA,NA,NA,NA,NA,NA,NA,NA,Y,4,0,1,2,A,-,03,22350,NA,N,C,C,A,B,H,-,A,A,0,NA,NA,NA,NA,Y,NA,A,01,0,0,1,0,0,0,0,0,0,-,-,33.863250732421875,-118.26622009277344,LOS ANGELES,CARSON,-118.2663803100586,33.86320495605469
84994704,2025,2025-12-31,1900,2025-12-27,307,631573,NA,6,5,5,1977,0,0,0,NA,0,160T,WILMINGTON AV,LOMITA BLVD,929,N,-,A,-,N,NA,NA,NA,NA,NA,NA,NA,NA,NA,Y,2,0,2,3,A,-,03,22350,NA,N,C,C,A,B,H,-,C,D,0,NA,NA,NA,NA,Y,NA,A,01,1,1,0,0,0,0,0,0,0,-,-,33.801971435546875,-118.25762176513672,LOS ANGELES,CARSON,-118.25762176513672,33.801876068115234
84994709,2025,2025-12-31,1900,2025-11-26,1215,691918,NA,3,5,6,1950,0,0,0,NA,0,262T1,RANCHO VISTA BOULEVARD,20TH ST W,0,NA,-,A,-,N,NA,NA,NA,NA,NA,NA,NA,NA,NA,Y,4,0,4,2,A,-,09,21453,C,N,A,C,A,A,H,-,A,A,0,NA,NA,NA,NA,Y,NA,A,01,0,0,4,0,0,0,0,0,0,-,-,34.601688385009766,-118.1654815673828,LOS ANGELES,PALMDALE,-118.1654815673828,34.601741790771484
84994710,2025,2025-12-31,1900,2025-12-02,748,659222,NA,2,5,5,1943,0,0,0,NA,0,212T4,IMPERIAL HWY,DUNCAN AV,381,E,-,B,-,N,NA,NA,NA,NA,NA,NA,NA,NA,NA,N,3,0,2,2,A,-,03,22350,NA,N,D,C,A,A,H,-,A,D,0,NA,NA,NA,NA,Y,NA,A,01,0,2,0,0,0,0,0,0,0,-,-,33.930908203125,-118.17948150634766,LOS ANGELES,LYNWOOD,-118.17958831787108,33.930931091308594
84994711,2025,2025-12-31,1900,2025-12-05,2300,633946,NA,5,5,6,1950,0,0,0,NA,0,262T1,20TH ST E,AVENUE S,0,NA,-,A,-,N,NA,NA,NA,NA,NA,NA,NA,NA,NA,Y,4,0,1,1,A,-,03,22350,NA,N,E,I,A,A,H,-,C,A,0,NA,NA,NA,NA,Y,NA,A,07,0,0,1,0,0,0,0,0,0,-,-,34.55860137939453,-118.0939712524414,LOS ANGELES,PALMDALE,-118.09413909912108,34.55825424194336
84994718,2025,2025-12-31,1900,2025-12-22,1300,625597,NA,1,5,6,1950,0,0,0,NA,0,263T1,47TH STREET EAST,PALMDALE BOULEVARD,0,NA,-,A,-,N,NA,NA,NA,NA,NA,NA,NA,NA,NA,N,4,0,1,2,A,-,04,21703,NA,N,C,C,A,A,H,-,A,A,0,NA,NA,NA,NA,Y,NA,D,22,0,0,1,0,0,0,0,0,0,-,-,35.579811096191406,-118.04506683349608,LOS ANGELES,PALMDALE,-118.04517364501952,34.58005142211914
84994802,2025,2026-01-01,1905,2025-12-24,1624,1234,NA,3,5,4,1905,0,0,0,NA,0,002,FOOTHILL BLVD,ANGELENO AV,24,E,-,B,C,N,NA,NA,NA,NA,NA,NA,NA,NA,NA,Y,3,0,1,3,A,-,01,23153,A,N,C,C,A,B,H,-,A,D,0,NA,NA,NA,NA,Y,Y,A,08,0,1,0,0,0,0,0,0,0,-,-,NA,NA,LOS ANGELES,AZUSA,-117.9100341796875,34.13349914550781
84994854,2025,2026-01-01,1922,2025-12-16,939,698,NA,2,5,6,1922,0,0,0,NA,0,001,SANTA ANITA AVE,LOWER AZUSA RD (W),270,S,N,A,-,N,NA,NA,NA,NA,NA,NA,NA,NA,NA,N,3,0,1,2,A,-,17,22517,NA,N,H,G,A,A,H,-,A,D,0,NA,Y,NA,NA,Y,NA,A,07,0,1,0,0,0,0,1,0,0,-,-,34.0921516418457,-118.0264892578125,LOS ANGELES,EL MONTE,-118.02652740478516,34.09138870239258
84994900,2025,2026-01-01,1909,2025-12-16,800,656,NA,2,5,4,1909,0,0,0,NA,0,NORTH,EASTERN AV,SHULL ST (N),147,S,N,E,-,N,NA,NA,NA,NA,NA,NA,NA,NA,NA,Y,4,0,1,2,A,-,08,22107,NA,N,C,E,A,A,H,-,A,A,0,NA,NA,NA,NA,Y,NA,A,01,0,0,1,0,0,0,0,0,0,-,-,33.955711364746094,-118.16381072998048,LOS ANGELES,BELL GARDENS,-118.163818359375,33.95526123046875
84994902,2025,2026-01-01,1909,2025-12-21,1737,640,NA,7,5,4,1909,0,0,0,NA,0,NORTH,EASTERN AV,LOVELAND ST,0,NA,Y,A,-,N,NA,NA,NA,NA,NA,NA,NA,NA,NA,N,4,0,1,2,A,-,21,22106,NA,F,C,C,A,A,H,-,C,A,0,NA,NA,NA,NA,Y,NA,A,01,0,0,1,0,0,0,0,0,0,-,-,33.97431182861328,-118.1638412475586,LOS ANGELES,BELL GARDENS,-118.16393280029295,33.97429656982422
84994912,2025,2026-01-01,1965,2025-11-20,1713,3553,NA,4,5,5,1965,0,0,0,NA,0,B002,LINCOLN BLVD,OCEAN PARK BLVD,14,S,-,B,C,N,NA,NA,NA,NA,NA,NA,NA,NA,NA,N,4,0,1,2,A,-,10,21950,A,N,G,B,B,B,H,-,C,A,0,Y,NA,NA,NA,Y,NA,A,01,0,0,1,0,1,0,0,0,0,-,-,34.00682067871094,-118.47633361816406,LOS ANGELES,SANTA MONICA,-118.47628784179688,34.00692367553711
84994914,2025,2026-01-01,1965,2025-11-21,909,4053,NA,5,5,5,1965,0,0,0,NA,0,B003,LINCOLN BLVD,OLYMPIC BLVD (S),0,NA,-,B,-,N,NA,NA,NA,NA,NA,NA,NA,NA,NA,N,3,0,2,2,A,-,12,21453,A,N,D,C,A,B,H,-,A,A,0,NA,NA,NA,NA,Y,NA,A,01,0,1,1,0,0,0,0,0,0,-,-,NA,NA,LOS ANGELES,SANTA MONICA,-118.48554229736328,34.014564514160156
84994916,2025,2026-01-01,1965,2025-11-21,1840,3553,NA,5,5,5,1965,0,0,0,NA,0,B003,11TH ST,MICHIGAN AVE,0,NA,-,A,B,N,NA,NA,NA,NA,NA,NA,NA,NA,NA,Y,4,0,3,2,A,-,12,21453,A,N,D,C,A,A,H,-,C,A,0,NA,NA,NA,NA,Y,NA,-,-,0,0,3,0,0,0,0,0,0,-,-,34.016109466552734,-118.48194122314452,LOS ANGELES,SANTA MONICA,-118.48194122314452,34.01612854003906
84995358,2025,2026-01-01,1900,2025-09-23,646,511512,NA,2,5,3,1940,0,0,0,NA,0,171T2,WALNUT ST,254TH ST,0,NA,-,A,-,N,NA,NA,NA,NA,NA,NA,NA,NA,NA,N,4,0,1,2,A,-,09,21800,A,N,H,G,A,A,H,-,A,A,0,NA,Y,NA,NA,Y,NA,A,01,0,0,1,0,0,0,1,0,0,-,-,NA,NA,LOS ANGELES,LOMITA,-118.3120574951172,33.79341506958008
84995361,2025,2026-01-01,1900,2025-11-16,1131,652551,NA,7,5,2,1958,0,0,0,NA,0,173T2,HAWTHORNE BLVD,PALOS VERDES DR N,898,S,-,C,-,N,NA,NA,NA,NA,NA,NA,NA,NA,NA,Y,3,0,1,1,A,-,03,22350,NA,N,E,I,A,B,H,-,A,A,0,NA,NA,NA,NA,Y,NA,A,01,0,1,0,0,0,0,0,0,0,-,-,NA,NA,LOS ANGELES,ROLLING HILLS EST,-118.36046600341795,33.786537170410156
84995367,2025,2026-01-01,1900,2025-11-05,1930,680731,NA,3,5,3,1989,0,0,0,NA,0,103A,CALABASAS RD,PARKWAY CALABASAS,0,NA,-,A,-,N,NA,NA,NA,NA,NA,NA,NA,NA,NA,Y,3,0,1,2,A,-,08,22100,5,N,D,C,A,A,H,-,C,A,0,NA,NA,NA,NA,Y,NA,A,01,0,1,0,0,0,0,0,0,0,-,-,34.152198791503906,-118.65139770507813,LOS ANGELES,CALABASAS,-118.65142822265624,34.15230941772461
84995368,2025,2026-01-01,1900,2025-12-24,1152,637368,NA,3,5,4,1960,0,0,0,NA,0,81T1,SAN DIMAS AV,1ST ST,0,NA,-,B,C,N,NA,NA,NA,NA,NA,NA,NA,NA,NA,Y,3,0,2,3,A,-,09,21802,A,N,D,C,A,D,H,-,A,A,0,NA,NA,NA,NA,Y,NA,A,01,0,1,1,0,0,0,0,0,0,-,-,34.10768127441406,-117.8077392578125,LOS ANGELES,SAN DIMAS,-117.80713653564452,34.10771560668945
84995373,2025,2026-01-01,1900,2025-06-05,756,681708,NA,4,5,5,1915,0,0,0,NA,0,282T1,SANTA FE AV,ELM ST,0,NA,-,A,-,N,NA,NA,NA,NA,NA,NA,NA,NA,NA,N,4,0,1,2,A,-,09,21802,A,N,H,G,A,A,H,-,A,A,0,NA,Y,NA,NA,Y,NA,L,04,0,0,1,0,0,0,1,0,0,-,-,33.90074920654297,-118.21620941162108,LOS ANGELES,COMPTON,-118.2161102294922,33.90074157714844
84995374,2025,2026-01-01,1900,2025-12-28,1500,652420,NA,7,5,5,1954,0,0,0,NA,0,152,WASHINGTON BLVD,PASSONS BLVD,0,NA,-,A,-,N,NA,NA,NA,NA,NA,NA,NA,NA,NA,N,3,0,1,3,A,-,08,22107,NA,N,A,C,A,A,H,-,A,A,0,NA,NA,NA,NA,Y,NA,A,07,0,1,0,0,0,0,0,0,0,-,-,33.97951889038086,-118.09031677246094,LOS ANGELES,PICO RIVERA,-118.09012603759766,33.9793815612793
84995376,2025,2026-01-01,1900,2025-10-20,2245,662144,NA,1,5,6,1949,0,0,0,NA,0,45K2,FILESTONE BLVD,FUNSTON AV,105,W,-,A,-,N,NA,NA,NA,NA,NA,NA,NA,NA,NA,N,4,0,1,1,D,-,00,NA,NA,N,E,I,A,A,H,-,C,D,0,NA,NA,NA,NA,Y,NA,-,-,0,0,1,0,0,0,0,0,0,-,-,NA,NA,LOS ANGELES,NORWALK,-118.07315826416016,33.90800094604492
84995380,2025,2026-01-01,1900,2025-10-27,2053,657892,NA,1,5,6,1949,0,0,0,NA,0,45K1,IMPERIAL HWY,ADOREE ST,0,NA,-,A,-,Y,NA,NA,NA,NA,NA,NA,NA,NA,NA,Y,4,0,1,2,A,-,12,21453,A,N,D,C,A,A,H,-,C,A,0,NA,NA,NA,NA,Y,NA,A,01,0,0,1,0,0,0,0,0,0,-,-,NA,NA,LOS ANGELES,NORWALK,-118.07915496826172,33.9170036315918
84995386,2025,2026-01-01,1900,2025-11-25,1500,673085,NA,2,5,6,1949,0,0,0,NA,0,43T1,FOSTER RD,FUNSTON AV,0,NA,-,A,-,N,NA,NA,NA,NA,NA,NA,NA,NA,NA,Y,4,0,1,3,A,-,12,22450,A,N,D,C,A,A,H,-,A,A,0,NA,NA,NA,NA,Y,NA,A,01,0,0,1,0,0,0,0,0,0,-,-,NA,NA,LOS ANGELES,NORWALK,-118.07408142089844,33.90581512451172
84995397,2025,2026-01-01,1900,2025-10-29,1345,693059,NA,3,5,6,1992,0,0,0,NA,0,112T2,AVENUE I,DIVISION ST,38,W,-,A,-,N,NA,NA,NA,NA,NA,NA,NA,NA,NA,N,4,0,1,2,D,-,00,NA,NA,N,C,C,A,A,H,-,A,A,0,NA,NA,NA,NA,Y,NA,-,-,0,0,1,0,0,0,0,0,0,-,-,34.703941345214844,-118.13065338134766,LOS ANGELES,LANCASTER,-118.1305694580078,34.70398712158203
84995398,2025,2026-01-01,1900,2025-10-30,1740,657355,NA,4,5,6,1992,0,0,0,NA,0,111T2,AVENUE G,SIERRA HWY,0,NA,-,A,-,N,NA,NA,NA,NA,NA,NA,NA,NA,NA,Y,4,0,4,2,D,-,00,NA,NA,N,D,C,A,A,H,-,A,D,0,NA,NA,NA,NA,Y,NA,-,-,0,0,4,0,0,0,0,0,0,-,-,34.7333984375,-118.14219665527344,LOS ANGELES,LANCASTER,-118.14222717285156,34.733375549316406
84995399,2025,2026-01-01,1900,2025-10-30,1845,657355,NA,4,5,6,1992,0,0,0,NA,0,111T2,10TH ST W,AVENUE J,0,NA,-,A,-,N,NA,NA,NA,NA,NA,NA,NA,NA,NA,N,4,0,1,2,D,-,00,NA,NA,N,D,C,A,A,H,-,C,A,0,NA,NA,NA,NA,Y,NA,-,-,0,0,1,0,0,0,0,0,0,-,-,34.689300537109375,-118.14779663085938,LOS ANGELES,LANCASTER,-118.14802551269533,34.68944549560547
84995400,2025,2026-01-01,1900,2025-10-31,1517,679947,NA,5,5,6,1992,0,0,0,NA,0,110B,AVENUE K,10TH ST W,668,W,-,A,-,N,NA,NA,NA,NA,NA,NA,NA,NA,NA,N,3,0,1,3,A,-,03,22350,NA,N,C,C,A,A,H,-,A,D,0,NA,NA,NA,NA,Y,NA,A,01,0,1,0,0,0,0,0,0,0,-,-,NA,NA,LOS ANGELES,LANCASTER,-118.15010833740234,34.674869537353516
84995401,2025,2026-01-01,1900,2025-11-01,1822,679688,NA,6,5,6,1992,0,0,0,NA,0,112T2,35TH ST W,AVENUE L,0,NA,-,A,-,N,NA,NA,NA,NA,NA,NA,NA,NA,NA,Y,2,0,1,2,A,-,12,21453,A,N,D,C,A,A,H,-,C,A,0,NA,NA,NA,NA,Y,NA,A,07,1,0,0,0,0,0,0,0,0,-,-,34.66019821166992,-118.19229888916016,LOS ANGELES,LANCASTER,-118.1923599243164,34.66022491455078
84995402,2025,2026-01-01,1900,2025-12-05,1730,656476,NA,5,5,6,1950,0,0,0,NA,0,264T1,PALMDALE BOULEVARD,75TH STREET EAST,0,W,-,A,-,N,NA,NA,NA,NA,NA,NA,NA,NA,NA,Y,4,0,3,3,A,-,03,22350,NA,N,C,C,A,A,H,-,D,D,0,NA,NA,NA,NA,Y,NA,D,22,0,0,3,0,0,0,0,0,0,-,-,34.57963180541992,-117.99675750732422,LOS ANGELES,PALMDALE,-117.99597930908205,34.579647064208984
84995404,2025,2026-01-01,1900,2025-11-06,828,656740,NA,4,5,6,1992,0,0,0,NA,0,111T1,60TH ST W,AVENUE M,492,N,-,A,-,N,NA,NA,NA,NA,NA,NA,NA,NA,NA,Y,4,0,2,3,A,-,03,22350,NA,M,C,C,A,A,H,-,A,D,0,NA,NA,NA,NA,Y,NA,D,22,0,0,2,0,0,0,0,0,0,-,-,NA,NA,LOS ANGELES,LANCASTER,-118.23609161376952,34.646949768066406
84995405,2025,2026-01-01,1900,2025-11-06,1533,695908,NA,4,5,6,1992,0,0,0,NA,0,112T2,AVENUE K,DIVISION STREET,55,E,-,A,-,N,NA,NA,NA,NA,NA,NA,NA,NA,NA,N,4,0,2,2,D,-,00,NA,NA,N,C,C,A,A,H,-,A,A,0,NA,NA,NA,NA,Y,Y,-,-,0,0,2,0,0,0,0,0,0,-,-,34.6749382019043,-118.12991333007813,LOS ANGELES,LANCASTER,-118.1301727294922,34.674991607666016