CASE_ID,ACCIDENT_YEAR,PROC_DATE,JURIS,COLLISION_DATE,COLLISION_TIME,OFFICER_ID,REPORTING_DISTRICT,DAY_OF_WEEK,CHP_SHIFT,POPULATION,CNTY_CITY_LOC,SPECIAL_COND,BEAT_TYPE,CHP_BEAT_TYPE,CITY_DIVISION_LAPD,CHP_BEAT_CLASS,BEAT_NUMBER,PRIMARY_RD,SECONDARY_RD,DISTANCE,DIRECTION,INTERSECTION,WEATHER_1,WEATHER_2,STATE_HWY_IND,CALTRANS_COUNTY,CALTRANS_DISTRICT,STATE_ROUTE,ROUTE_SUFFIX,POSTMILE_PREFIX,POSTMILE,LOCATION_TYPE,RAMP_INTERSECTION,SIDE_OF_HWY,TOW_AWAY,COLLISION_SEVERITY,NUMBER_KILLED,NUMBER_INJURED,PARTY_COUNT,PRIMARY_COLL_FACTOR,PCF_CODE_OF_VIOL,PCF_VIOL_CATEGORY,PCF_VIOLATION,PCF_VIOL_SUBSECTION,HIT_AND_RUN,TYPE_OF_COLLISION,MVIW,PED_ACTION,ROAD_SURFACE,ROAD_COND_1,ROAD_COND_2,LIGHTING,CONTROL_DEVICE,CHP_ROAD_TYPE,PEDESTRIAN_ACCIDENT,BICYCLE_ACCIDENT,MOTORCYCLE_ACCIDENT,TRUCK_ACCIDENT,NOT_PRIVATE_PROPERTY,ALCOHOL_INVOLVED,STWD_VEHTYPE_AT_FAULT,CHP_VEHTYPE_AT_FAULT,COUNT_SEVERE_INJ,COUNT_VISIBLE_INJ,COUNT_COMPLAINT_PAIN,COUNT_PED_KILLED,COUNT_PED_INJURED,COUNT_BICYCLIST_KILLED,COUNT_BICYCLIST_INJURED,COUNT_MC_KILLED,COUNT_MC_INJURED,PRIMARY_RAMP,SECONDARY_RAMP,LATITUDE,LONGITUDE,COUNTY,CITY,POINT_X,POINT_Y
85035830,2025,2026-01-29,1942,2025-07-09,1925,38050,NA,3,5,6,1953,0,0,0,NA,0,NA,FOOTHILL BL,SIERRA MADRE BL,0,NA,Y,A,-,N,NA,NA,NA,NA,NA,NA,NA,NA,NA,Y,3,0,2,2,A,-,12,21453,A,F,D,C,A,A,H,-,A,A,0,NA,NA,NA,NA,Y,NA,A,07,0,1,1,0,0,0,0,0,0,-,-,NA,NA,LOS ANGELES,PASADENA,-118.1003189086914,34.14983367919922
85035855,2025,2026-01-29,1942,2025-06-19,2330,44038,NA,4,5,7,1942,0,0,0,NA,0,0233,RAMPART BLVD,COUNCIL ST.,0,NA,Y,A,-,N,NA,NA,NA,NA,NA,NA,NA,NA,NA,Y,4,0,1,3,A,-,12,22450,A,F,B,C,A,A,H,-,C,D,0,NA,NA,NA,NA,Y,NA,A,01,0,0,1,0,0,0,0,0,0,-,-,NA,NA,LOS ANGELES,LOS ANGELES,-118.2758560180664,34.07096862792969
85035879,2025,2026-01-29,1942,2025-07-10,940,38502,NA,4,5,7,1942,0,0,0,NA,0,0211,BERENDO ST,ROSEWOOD AVE,0,NA,Y,A,-,N,NA,NA,NA,NA,NA,NA,NA,NA,NA,N,4,0,1,2,A,-,10,21950,A,F,G,B,B,A,H,-,A,A,0,Y,NA,NA,NA,Y,NA,-,99,0,0,1,0,1,0,0,0,0,-,-,NA,NA,LOS ANGELES,LOS ANGELES,-118.29403686523438,34.07903289794922
85035886,2025,2026-01-29,1942,2025-07-10,740,31542,NA,4,5,7,1942,0,0,0,NA,0,0251,CORONADO STREET,OCEAN VIEW BOULEVARD,0,NA,Y,A,-,N,NA,NA,NA,NA,NA,NA,NA,NA,NA,N,1,1,0,2,A,-,12,22450,A,N,D,G,A,A,H,-,A,A,0,NA,Y,NA,NA,Y,NA,L,04,0,0,0,0,0,1,0,0,0,-,-,NA,NA,LOS ANGELES,LOS ANGELES,-118.280029296875,34.06254196166992
85035896,2025,2026-01-29,1942,2025-12-07,2110,42664,NA,7,5,7,1942,0,0,0,NA,0,2062,11TH ST,WESTERN AVE,0,NA,Y,A,-,N,NA,NA,NA,NA,NA,NA,NA,NA,NA,N,3,0,1,2,A,-,12,21453,A,N,D,G,A,A,H,-,C,A,0,NA,Y,NA,NA,Y,NA,-,-,0,1,0,0,0,0,1,0,0,-,-,NA,NA,LOS ANGELES,LOS ANGELES,-118.3090591430664,34.05080795288086
85035976,2025,2026-01-29,1942,2025-12-16,700,42656,NA,2,5,7,1942,0,0,0,NA,0,0764,VENICE BLVD,COCHRAN AVE,0,NA,Y,E,-,N,NA,NA,NA,NA,NA,NA,NA,NA,NA,N,4,0,1,2,A,-,09,21801,A,N,D,C,A,A,H,-,A,A,0,NA,NA,NA,NA,Y,NA,A,01,0,0,1,0,0,0,0,0,0,-,-,NA,NA,LOS ANGELES,LOS ANGELES,-118.35388946533205,34.044830322265625
85036090,2025,2026-01-29,1942,2025-12-10,900,42656,NA,3,5,7,1942,0,0,0,NA,0,0847,BELLWOOD AVE,OLYMPIC BLVD,285,S,N,A,-,N,NA,NA,NA,NA,NA,NA,NA,NA,NA,N,4,0,1,2,A,-,08,22107,NA,N,B,C,A,A,H,-,A,B,0,NA,NA,NA,Y,Y,NA,-,-,0,0,1,0,0,0,0,0,0,-,-,NA,NA,LOS ANGELES,LOS ANGELES,-118.41759490966795,34.05126953125
85036177,2025,2026-01-29,1900,2025-11-17,820,673042,NA,1,5,4,1939,0,0,0,NA,0,035,REDONDO BEACH BLVD,OSAGE AV,0,NA,-,A,-,N,NA,NA,NA,NA,NA,NA,NA,NA,NA,Y,3,0,1,3,A,-,12,21453,A,F,B,C,A,A,H,-,A,A,0,NA,NA,NA,NA,Y,NA,A,01,0,1,0,0,0,0,0,0,0,-,-,33.87689971923828,-118.34580230712892,LOS ANGELES,LAWNDALE,-118.34569549560548,33.876712799072266
85036178,2025,2026-01-29,1900,2025-12-30,1130,625513,NA,2,5,3,1940,0,0,0,NA,0,171,WALNUT ST,TURRELL ST,0,NA,-,B,C,N,NA,NA,NA,NA,NA,NA,NA,NA,NA,N,4,0,1,2,A,-,09,21802,A,N,D,C,A,B,H,-,A,A,0,NA,NA,NA,NA,Y,NA,-,-,0,0,1,0,0,0,0,0,0,-,-,33.80263137817383,-118.31179809570313,LOS ANGELES,LOMITA,-118.31178283691406,33.802669525146484
85036179,2025,2026-01-29,1900,2025-09-23,1359,650418,NA,2,5,3,1968,0,0,0,NA,0,54X,ROSEMEAD BOULEVARD,BRUIN AVENUE,0,NA,-,A,-,N,NA,NA,NA,NA,NA,NA,NA,NA,NA,Y,3,0,1,2,A,-,09,21801,A,N,D,C,A,A,H,-,A,D,0,NA,NA,NA,NA,Y,NA,A,01,0,1,0,0,0,0,0,0,0,-,-,NA,NA,LOS ANGELES,SOUTH EL MONTE,-118.06471252441406,34.061283111572266
85036180,2025,2026-01-29,1900,2025-10-16,1605,5180,NA,4,5,5,1959,0,0,0,NA,0,53T1,MISSION DRIVE,MISSION VILLA DRIVE,0,NA,-,A,-,N,NA,NA,NA,NA,NA,NA,NA,NA,NA,N,4,0,1,2,A,-,09,21802,A,N,H,G,A,A,H,-,A,A,0,NA,Y,NA,NA,Y,NA,A,08,0,0,1,0,0,0,1,0,0,-,-,34.08760070800781,-118.0814971923828,LOS ANGELES,ROSEMEAD,-118.08782958984376,34.08985900878906
85036185,2025,2026-01-29,1900,2025-10-30,811,633581,NA,4,5,5,1959,0,0,0,NA,0,53T1AM,NEW AVENUE,FERN AVENUE,0,NA,-,A,-,N,NA,NA,NA,NA,NA,NA,NA,NA,NA,N,3,0,2,3,A,-,10,21950,A,N,G,B,B,A,H,-,A,D,0,Y,NA,NA,NA,Y,NA,A,07,0,2,0,0,2,0,0,0,0,-,-,34.05942153930664,-118.10798645019533,LOS ANGELES,ROSEMEAD,-118.10810089111328,34.05942916870117
85036196,2025,2026-01-29,1900,2025-12-07,1803,620050,NA,7,5,4,1936,0,0,0,NA,0,46T1,IMPERIAL HWY,TELEGRAPH RD,172,W,-,A,-,N,NA,NA,NA,NA,NA,NA,NA,NA,NA,N,2,0,1,2,A,-,09,21801,A,N,D,C,A,A,H,-,C,D,0,NA,NA,Y,NA,Y,NA,A,07,1,0,0,0,0,0,0,0,1,-,-,NA,NA,LOS ANGELES,LA MIRADA,-118.01401519775392,33.91716003417969
85036198,2025,2026-01-29,1900,2025-12-25,1909,677313,NA,4,5,5,1915,0,0,0,NA,0,283T2,COMPTON BLVD,CENTRAL AVE,0,NA,-,A,-,N,NA,NA,NA,NA,NA,NA,NA,NA,NA,Y,4,0,2,2,D,-,00,NA,NA,N,D,C,A,A,H,-,C,A,0,NA,NA,NA,NA,Y,NA,-,-,0,0,2,0,0,0,0,0,0,-,-,33.89580154418945,-118.25180053710938,LOS ANGELES,COMPTON,-118.25196075439452,33.89580154418945
85036200,2025,2026-01-29,1900,2025-12-31,1724,1442,NA,3,5,6,1985,0,0,0,NA,0,62T1,TOURNEY RD,VALENCIA BLVD,740,N,-,C,-,N,NA,NA,NA,NA,NA,NA,NA,NA,NA,Y,3,0,1,2,A,-,08,22107,NA,N,B,C,A,B,H,-,C,A,0,NA,NA,NA,NA,Y,NA,A,01,0,1,0,0,0,0,0,0,0,-,-,34.41154098510742,-118.57357788085938,LOS ANGELES,SANTA CLARITA,-118.57373809814452,34.41109085083008
85036202,2025,2026-01-29,1900,2025-12-27,2157,676825,NA,6,5,6,1950,0,0,0,NA,0,263T1,30TH ST E,AVENUE Q-4,0,NA,-,A,-,N,NA,NA,NA,NA,NA,NA,NA,NA,NA,Y,4,0,1,3,A,-,08,22107,NA,N,B,E,A,A,H,-,C,D,0,NA,NA,NA,NA,Y,NA,A,01,0,0,1,0,0,0,0,0,0,-,-,34.58406066894531,-118.07642364501952,LOS ANGELES,PALMDALE,-118.0762939453125,34.587459564208984
85036203,2025,2026-01-29,1900,2025-12-31,1410,600430,NA,3,5,6,1950,0,0,0,NA,0,260T2,30TH STREET EAST,PALMDALE BOULEVARD,1008,S,-,C,-,N,NA,NA,NA,NA,NA,NA,NA,NA,NA,Y,3,0,1,2,A,-,07,21658,A,N,D,C,A,B,H,-,B,D,0,NA,NA,NA,NA,Y,NA,A,01,0,1,0,0,0,0,0,0,0,-,-,34.57740020751953,-118.07623291015624,LOS ANGELES,PALMDALE,-118.07484436035156,34.57862091064453
85036206,2025,2026-01-29,1900,2025-12-13,1408,645432,NA,6,5,6,1992,0,0,0,NA,0,110,SIERRA HWY,AVENUE I,0,NA,-,A,-,N,NA,NA,NA,NA,NA,NA,NA,NA,NA,Y,3,0,5,2,A,-,09,21801,A,N,A,C,A,A,H,-,A,A,0,NA,NA,NA,NA,Y,NA,A,01,0,1,4,0,0,0,0,0,0,-,-,NA,NA,LOS ANGELES,LANCASTER,-118.13785552978516,34.70392990112305
85036211,2025,2026-01-29,1900,2025-12-12,1413,657379,NA,5,5,5,1935,0,0,0,NA,0,135B,PIONEER BLVD,183RD ST,5,N,-,A,-,N,NA,NA,NA,NA,NA,NA,NA,NA,NA,Y,4,0,2,9,A,-,08,22107,NA,N,G,B,F,A,H,-,A,A,0,Y,NA,NA,NA,Y,NA,A,01,0,0,2,0,1,0,0,0,0,-,-,33.86589050292969,-118.08236694335938,LOS ANGELES,LAKEWOOD,-118.08220672607422,33.86572265625
85036217,2025,2026-01-29,1900,2025-12-21,1636,654794,NA,7,5,5,1908,0,0,0,NA,0,133T1,WOODRUFF AV,FLORA VISTA ST,0,NA,-,A,-,N,NA,NA,NA,NA,NA,NA,NA,NA,NA,Y,4,0,1,4,A,-,09,21801,A,N,D,C,A,A,H,-,A,A,0,NA,NA,NA,NA,Y,NA,A,07,0,0,1,0,0,0,0,0,0,-,-,NA,NA,LOS ANGELES,BELLFLOWER,-118.1173095703125,33.88188552856445
85036218,2025,2026-01-29,1900,2025-12-28,1311,648315,NA,7,5,5,1935,0,0,0,NA,0,132T1,SOUTH ST,ALBURTIS AV,291,W,-,A,-,N,NA,NA,NA,NA,NA,NA,NA,NA,NA,N,3,0,1,2,A,-,09,21801,A,N,A,C,A,A,H,-,A,A,0,NA,NA,NA,NA,Y,NA,A,07,0,1,0,0,0,0,0,0,0,-,-,33.85834884643555,-118.08567810058594,LOS ANGELES,LAKEWOOD,-118.08558654785156,33.85847854614258
85036219,2025,2026-01-29,1900,2025-12-29,950,648315,NA,1,5,5,1935,0,0,0,NA,0,132T1,WOODRUFF AV,HARVEY WY (1),567,S,-,A,-,N,NA,NA,NA,NA,NA,NA,NA,NA,NA,N,4,0,1,2,A,-,09,21801,A,N,D,C,A,A,H,-,A,A,0,NA,NA,NA,NA,Y,NA,A,07,0,0,1,0,0,0,0,0,0,-,-,33.83443832397461,-118.11659240722656,LOS ANGELES,LAKEWOOD,-118.11672973632813,33.836021423339844
85036278,2025,2026-01-30,1910,2025-01-15,1812,352,NA,3,5,4,1910,0,0,0,NA,0,009,S ROBERTSON BLVD,OLYMPIC BLVD,25,S,N,A,-,N,NA,NA,NA,NA,NA,NA,NA,NA,NA,N,3,0,1,3,A,-,03,22350,NA,F,C,C,A,A,H,-,C,A,0,NA,NA,NA,NA,Y,NA,A,01,0,1,0,0,0,0,0,0,0,-,-,34.05937957763672,-118.38359832763672,LOS ANGELES,BEVERLY HILLS,-118.38364410400392,34.059303283691406
85036451,2025,2026-01-30,1947,2025-12-06,837,1495,NA,6,5,5,1947,0,0,0,NA,0,00F,MONTEBELLO BLVD,MONARCH STREET,0,NA,Y,A,-,N,NA,NA,NA,NA,NA,NA,NA,NA,NA,N,4,0,1,2,A,-,10,21950,A,N,G,B,B,A,H,-,A,A,0,Y,NA,NA,NA,Y,NA,A,01,0,0,1,0,1,0,0,0,0,-,-,NA,NA,LOS ANGELES,MONTEBELLO,NA,NA
85036714,2025,2026-01-30,1955,2025-12-24,2025,42987,NA,3,5,6,1955,0,0,0,NA,0,005,CURRAN PL,9TH ST,0,NA,Y,C,-,N,NA,NA,NA,NA,NA,NA,NA,NA,NA,N,4,0,1,2,A,-,12,22450,A,N,D,C,A,B,H,-,C,D,0,NA,NA,NA,NA,Y,NA,A,01,0,0,1,0,0,0,0,0,0,-,-,34.05070877075195,-117.77462005615234,LOS ANGELES,POMONA,-117.77459716796876,34.050655364990234
85036743,2025,2026-01-30,1955,2025-12-09,1514,43213,NA,2,5,6,1955,0,0,0,NA,0,003,BONNIE BRAE ST,VERDE VISTA AVE,0,NA,Y,A,-,N,NA,NA,NA,NA,NA,NA,NA,NA,NA,Y,4,0,1,2,A,-,08,22107,NA,N,C,E,A,A,H,-,A,D,0,NA,NA,NA,NA,Y,NA,A,07,0,0,1,0,0,0,0,0,0,-,-,34.074668884277344,-117.71822357177734,LOS ANGELES,POMONA,-117.71818542480467,34.074459075927734
85036866,2025,2026-01-30,1942,2025-07-10,1516,41661,NA,4,5,7,1942,0,0,0,NA,0,1309,ALAMEDA ST,10FWY EAST OFF RAMP,0,NA,Y,A,-,Y,NA,NA,NA,NA,NA,NA,NA,NA,NA,N,3,0,1,2,A,-,12,21453,A,F,D,C,A,A,H,-,A,A,0,NA,NA,NA,NA,Y,NA,-,99,0,1,0,0,0,0,0,0,0,-,-,NA,NA,LOS ANGELES,LOS ANGELES,NA,NA
85036879,2025,2026-01-30,1942,2025-06-24,2100,37825,NA,2,5,7,1942,0,0,0,NA,0,0438,ALHAMBRA AVE,BELLEGLADE AVE,0,NA,Y,A,-,N,NA,NA,NA,NA,NA,NA,NA,NA,NA,N,2,0,1,2,A,-,03,22350,NA,F,G,B,E,A,H,-,C,D,0,Y,NA,NA,NA,Y,NA,-,99,1,0,0,0,1,0,0,0,0,-,-,NA,NA,LOS ANGELES,LOS ANGELES,-118.17450714111328,34.07182312011719
85037113,2025,2026-01-30,1942,2025-07-11,410,44620,NA,5,5,7,1942,0,0,0,NA,0,0127,ALAMEDA ST,COMMERCIAL ST,0,NA,Y,A,-,Y,NA,NA,NA,NA,NA,NA,NA,NA,NA,Y,2,0,1,2,A,-,12,21453,A,N,D,C,A,A,H,-,C,A,0,NA,NA,Y,NA,Y,NA,-,-,1,0,0,0,0,0,0,0,1,-,-,NA,NA,LOS ANGELES,LOS ANGELES,-118.23793792724608,34.053749084472656
85037640,2025,2026-01-30,1942,2025-12-12,1055,37511,NA,5,5,7,1942,0,0,0,NA,0,0885,OVERLAND AV.,AYRES AV.,150,S,N,A,-,N,NA,NA,NA,NA,NA,NA,NA,NA,NA,Y,4,0,2,2,A,-,03,22350,NA,N,C,E,A,A,H,-,A,D,0,NA,NA,NA,NA,Y,NA,A,07,0,0,2,0,0,0,0,0,0,-,-,NA,NA,LOS ANGELES,LOS ANGELES,-118.42398834228516,34.040733337402344
85037721,2025,2026-01-30,1900,2025-08-15,1750,679555,NA,5,5,4,1980,0,0,0,NA,0,173D,WESTERN AV,FITNESS DR,0,NA,-,A,-,Y,NA,NA,NA,NA,NA,NA,NA,NA,NA,Y,4,0,1,2,A,-,09,21801,A,N,D,C,A,A,H,-,A,D,0,NA,NA,Y,NA,Y,NA,A,07,0,0,1,0,0,0,0,0,1,-,-,NA,NA,LOS ANGELES,RANCHO PALOS VERDES,NA,NA
85037722,2025,2026-01-30,1900,2025-10-15,1800,679555,NA,3,5,3,1940,0,0,0,NA,0,173D,PACIFIC COAST HWY,NARBONNE AVE,23,S,-,A,-,N,NA,NA,NA,NA,NA,NA,NA,NA,NA,N,3,0,1,2,A,-,10,21950,A,F,-,G,A,A,H,-,B,A,0,NA,Y,NA,NA,Y,Y,-,99,0,1,0,0,0,0,1,0,0,-,-,NA,NA,LOS ANGELES,LOMITA,-118.31999206542967,33.789520263671875
85037729,2025,2026-01-30,1900,2025-10-26,1330,653914,NA,7,5,4,1971,0,0,0,NA,0,53A,LAS TUNAS DRIVE,ENCINITA AVENUE,0,NA,-,A,-,N,NA,NA,NA,NA,NA,NA,NA,NA,NA,Y,4,0,1,2,A,-,09,21453,B,N,D,C,A,A,H,-,A,A,0,NA,NA,NA,NA,Y,NA,A,01,0,0,1,0,0,0,0,0,0,-,-,NA,NA,LOS ANGELES,TEMPLE CITY,-118.06797790527344,34.10570526123047
85037730,2025,2026-01-30,1900,2025-10-02,820,652895,NA,4,5,6,1949,0,0,0,NA,0,43T1,EXCELSIOR DR,ELAINE AV,0,NA,-,A,-,N,NA,NA,NA,NA,NA,NA,NA,NA,NA,Y,3,0,1,2,A,-,09,21802,A,N,D,C,A,A,H,-,A,A,0,NA,NA,NA,NA,Y,NA,A,07,0,1,0,0,0,0,0,0,0,-,-,NA,NA,LOS ANGELES,NORWALK,-118.07817840576172,33.8949089050293
85037733,2025,2026-01-30,1900,2025-10-29,1645,673085,NA,3,5,6,1949,0,0,0,NA,0,48A,ROSECRANS AV,STUDEBAKER RD,346,W,-,A,-,N,NA,NA,NA,NA,NA,NA,NA,NA,NA,N,3,0,3,2,A,-,09,21801,A,N,D,C,A,A,H,-,A,D,0,NA,NA,NA,NA,Y,NA,A,08,0,1,2,0,0,0,0,0,0,-,-,NA,NA,LOS ANGELES,NORWALK,-118.10124969482422,33.90205001831055
85037736,2025,2026-01-30,1900,2025-12-08,805,489533,NA,1,5,6,1949,0,0,0,NA,0,43T1,STUDEBAKER RD,105 FREEWAY,0,NA,-,A,-,N,NA,NA,NA,NA,NA,NA,NA,NA,NA,Y,4,0,3,2,A,-,08,22101,D,N,D,C,A,A,H,-,A,A,0,NA,NA,NA,NA,Y,NA,A,07,0,0,3,0,0,0,0,0,0,-,-,NA,NA,LOS ANGELES,NORWALK,-118.0993194580078,33.91436767578125
85037829,2025,2026-02-02,1962,2025-12-30,1542,183,NA,2,5,4,1962,0,0,0,NA,0,003,VALLEY BLVD,STEVENS AV,0,NA,Y,A,-,N,NA,NA,NA,NA,NA,NA,NA,NA,NA,N,3,0,1,2,A,-,10,21950,A,N,G,B,B,A,H,-,A,D,0,Y,NA,NA,NA,Y,Y,A,08,0,1,0,0,1,0,0,0,0,-,-,34.07939910888672,-118.10675811767578,LOS ANGELES,SAN GABRIEL,-118.10671997070313,34.079410552978516
85037830,2025,2026-02-02,1956,2025-12-13,935,1394,NA,6,5,5,1956,0,0,0,NA,0,003,AVIATION BLVD,FORD AV,0,NA,Y,A,-,N,NA,NA,NA,NA,NA,NA,NA,NA,NA,Y,3,0,1,2,A,-,12,21453,A,N,D,C,A,A,H,-,A,A,0,NA,NA,NA,NA,Y,NA,A,07,0,1,0,0,0,0,0,0,0,-,-,33.86716842651367,-118.38401794433594,LOS ANGELES,REDONDO BEACH,-118.38409423828124,33.86717224121094
85037924,2025,2026-02-02,1909,2025-12-10,1810,650,NA,3,5,4,1909,0,0,0,NA,0,NORTH,EASTERN AVENUE,FLORENCE AVENUE,0,NA,Y,A,-,N,NA,NA,NA,NA,NA,NA,NA,NA,NA,N,4,0,1,2,A,-,10,21950,A,F,G,B,B,A,H,-,C,A,0,Y,NA,NA,NA,Y,NA,A,01,0,0,1,0,1,0,0,0,0,-,-,NA,NA,LOS ANGELES,BELL GARDENS,-118.16486358642578,33.96786117553711
85038277,2025,2026-02-02,1900,2025-09-12,1111,475342,NA,5,5,5,1915,0,0,0,NA,0,284F3,GREENLEAF BLVD,ALAMEDA ST (E),225,E,-,A,-,N,NA,NA,NA,NA,NA,NA,NA,NA,NA,Y,2,0,1,2,A,-,03,22350,NA,N,B,C,A,A,H,-,A,D,0,NA,NA,Y,NA,Y,NA,C,03,1,0,0,0,0,0,0,0,1,-,-,33.881290435791016,-118.21658325195313,LOS ANGELES,COMPTON,-118.21736145019533,33.881248474121094
85038278,2025,2026-02-02,1900,2025-11-13,1958,602259,NA,4,5,6,1949,0,0,0,NA,0,43T1,STUDEBAKER RD,CECILIA ST,37,N,-,A,-,N,NA,NA,NA,NA,NA,NA,NA,NA,NA,Y,3,0,1,1,A,-,01,23152,A,N,E,I,A,A,H,-,C,D,0,NA,NA,NA,NA,Y,Y,A,07,0,1,0,0,0,0,0,0,0,-,-,NA,NA,LOS ANGELES,NORWALK,-118.09928131103516,33.93210220336914
85038281,2025,2026-02-02,1900,2025-12-27,1920,680032,NA,6,5,5,1915,0,0,0,NA,0,283T1,MCMILLAN ST,CASTLEGATE AV,0,NA,-,A,-,N,NA,NA,NA,NA,NA,NA,NA,NA,NA,N,4,0,2,3,A,-,09,21800,A,N,D,C,A,A,H,-,C,A,0,NA,NA,NA,NA,Y,NA,A,07,0,0,2,0,0,0,0,0,0,-,-,33.90639877319336,-118.19664001464844,LOS ANGELES,COMPTON,-118.19668579101564,33.90629577636719
85038282,2025,2026-02-02,1900,2025-12-31,1856,657865,NA,3,5,5,1915,0,0,0,NA,0,283T1,ALONDRA BLVD,710 FREEWAY ENTRANCE/EXIT,0,NA,-,C,-,N,NA,NA,NA,NA,NA,NA,NA,NA,NA,Y,4,0,1,3,A,-,12,21453,A,F,D,C,A,B,H,-,C,A,0,NA,NA,NA,NA,Y,NA,-,99,0,0,1,0,0,0,0,0,0,-,-,33.8891487121582,-118.88915252685548,LOS ANGELES,COMPTON,-118.18878936767578,33.889068603515625
85038760,2025,2026-02-02,1900,2025-05-03,1320,652696,NA,6,5,4,1980,0,0,0,NA,0,173D,WESTERN AV,GREEN HILLS DRIVE,470,N,-,A,-,Y,NA,NA,NA,NA,NA,NA,NA,NA,NA,N,4,0,1,2,A,-,04,21703,NA,N,C,C,A,A,H,-,A,A,0,NA,NA,NA,NA,Y,NA,-,-,0,0,1,0,0,0,0,0,0,-,-,NA,NA,LOS ANGELES,RANCHO PALOS VERDES,-122.5412826538086,37.889801025390625
85038819,2025,2026-02-02,1956,2025-12-01,1730,1350,NA,1,5,5,1956,0,0,0,NA,0,NA,CATALINA AV,KNOB HILL AV,0,NA,Y,B,-,N,NA,NA,NA,NA,NA,NA,NA,NA,NA,N,3,0,1,2,A,-,09,21800,A,N,D,G,A,A,H,-,C,A,0,NA,Y,NA,NA,Y,NA,A,01,0,1,0,0,0,0,1,0,0,-,-,33.82892990112305,-118.38916015625,LOS ANGELES,REDONDO BEACH,-118.38902282714844,33.82892990112305
85039140,2025,2026-02-02,1942,2025-12-07,750,33397,NA,7,5,7,1942,0,0,0,NA,0,0362,MARTIN LUTHER KING,HILLCREST DR,180,E,N,A,-,N,NA,NA,NA,NA,NA,NA,NA,NA,NA,Y,3,0,2,2,A,-,09,21801,A,N,D,C,A,A,H,-,A,A,0,NA,NA,NA,NA,Y,NA,A,01,0,2,0,0,0,0,0,0,0,-,-,NA,NA,LOS ANGELES,LOS ANGELES,-118.34360504150392,34.015995025634766
85039146,2025,2026-02-02,1942,2025-12-11,820,45427,NA,4,5,7,1942,0,0,0,NA,0,1844,111TH PL,AVALON BLVD,0,NA,Y,A,-,N,NA,NA,NA,NA,NA,NA,NA,NA,NA,N,2,0,1,2,A,-,07,21658,A,F,G,C,A,A,H,-,A,A,0,NA,NA,Y,NA,Y,NA,-,99,1,0,0,0,0,0,0,0,1,-,-,NA,NA,LOS ANGELES,LOS ANGELES,-118.26519012451172,33.93392562866211
85039153,2025,2026-02-02,1942,2025-01-01,1715,33852,NA,3,5,7,1942,0,0,0,NA,0,0557,GAFFEY ST,3RD STREET,12,N,N,C,-,N,NA,NA,NA,NA,NA,NA,NA,NA,NA,N,3,0,1,2,A,-,11,21954,A,N,G,B,C,A,B,-,C,D,0,Y,NA,NA,NA,Y,NA,N,60,0,1,0,0,1,0,0,0,0,-,-,NA,NA,LOS ANGELES,LOS ANGELES,-118.29232788085938,33.741554260253906
85039158,2025,2026-02-02,1942,2025-11-30,2305,45359,NA,7,5,7,1942,0,0,0,NA,0,0503,LOMITA BLVD,BROADWELL AVE,55,W,N,A,-,N,NA,NA,NA,NA,NA,NA,NA,NA,NA,Y,3,0,1,2,A,-,05,21651,A,N,F,C,A,A,H,-,C,D,0,NA,NA,NA,NA,Y,NA,A,01,0,1,0,0,0,0,0,0,0,-,-,NA,NA,LOS ANGELES,LOS ANGELES,-118.29296112060548,33.79772186279297
85039161,2025,2026-02-02,1942,2025-12-05,1250,46209,NA,5,5,7,1942,0,0,0,NA,0,1259,AVALON BLVD,77TH ST,90,S,N,A,-,N,NA,NA,NA,NA,NA,NA,NA,NA,NA,N,3,0,1,3,A,-,07,21658,A,N,B,1,-,A,H,-,A,D,0,Y,NA,NA,NA,Y,NA,A,01,0,1,0,0,1,0,0,0,0,-,-,NA,NA,LOS ANGELES,LOS ANGELES,-118.26516723632813,33.969093322753906
85039162,2025,2026-02-02,1942,2025-11-28,1540,45966,NA,5,5,7,1942,0,0,0,NA,0,1806,92ND ST,WADSWORTH AVE,45,S,N,A,-,N,NA,NA,NA,NA,NA,NA,NA,NA,NA,N,3,0,1,2,A,-,10,21950,A,N,D,G,A,A,H,-,A,D,0,NA,Y,NA,NA,Y,NA,A,01,0,1,0,0,0,0,1,0,0,-,-,NA,NA,LOS ANGELES,LOS ANGELES,-118.25865173339844,33.95289993286133
85039187,2025,2026-02-02,1942,2025-10-30,1635,38729,NA,4,5,7,1942,0,0,0,NA,0,0563,GAFFEY ST,15TH ST,0,NA,Y,A,-,N,NA,NA,NA,NA,NA,NA,NA,NA,NA,N,4,0,1,2,A,-,09,21801,A,N,D,C,A,A,H,-,A,A,0,NA,NA,NA,NA,Y,NA,A,01,0,0,1,0,0,0,0,0,0,-,-,NA,NA,LOS ANGELES,LOS ANGELES,-118.29238128662108,33.73063278198242
85039193,2025,2026-02-02,1942,2025-12-25,2300,46084,NA,4,5,7,1942,0,0,0,NA,0,0399,MARTIN LUTHER KING JR BLVD,110 FWY SOUTH,0,NA,Y,A,-,N,NA,NA,NA,NA,NA,NA,NA,NA,NA,Y,4,0,1,2,A,-,09,21801,A,N,A,C,A,B,H,-,C,A,0,NA,NA,NA,NA,Y,NA,A,01,0,0,1,0,0,0,0,0,0,-,-,NA,NA,LOS ANGELES,LOS ANGELES,-118.28128814697266,34.01108169555664