CASE_ID,ACCIDENT_YEAR,PROC_DATE,JURIS,COLLISION_DATE,COLLISION_TIME,OFFICER_ID,REPORTING_DISTRICT,DAY_OF_WEEK,CHP_SHIFT,POPULATION,CNTY_CITY_LOC,SPECIAL_COND,BEAT_TYPE,CHP_BEAT_TYPE,CITY_DIVISION_LAPD,CHP_BEAT_CLASS,BEAT_NUMBER,PRIMARY_RD,SECONDARY_RD,DISTANCE,DIRECTION,INTERSECTION,WEATHER_1,WEATHER_2,STATE_HWY_IND,CALTRANS_COUNTY,CALTRANS_DISTRICT,STATE_ROUTE,ROUTE_SUFFIX,POSTMILE_PREFIX,POSTMILE,LOCATION_TYPE,RAMP_INTERSECTION,SIDE_OF_HWY,TOW_AWAY,COLLISION_SEVERITY,NUMBER_KILLED,NUMBER_INJURED,PARTY_COUNT,PRIMARY_COLL_FACTOR,PCF_CODE_OF_VIOL,PCF_VIOL_CATEGORY,PCF_VIOLATION,PCF_VIOL_SUBSECTION,HIT_AND_RUN,TYPE_OF_COLLISION,MVIW,PED_ACTION,ROAD_SURFACE,ROAD_COND_1,ROAD_COND_2,LIGHTING,CONTROL_DEVICE,CHP_ROAD_TYPE,PEDESTRIAN_ACCIDENT,BICYCLE_ACCIDENT,MOTORCYCLE_ACCIDENT,TRUCK_ACCIDENT,NOT_PRIVATE_PROPERTY,ALCOHOL_INVOLVED,STWD_VEHTYPE_AT_FAULT,CHP_VEHTYPE_AT_FAULT,COUNT_SEVERE_INJ,COUNT_VISIBLE_INJ,COUNT_COMPLAINT_PAIN,COUNT_PED_KILLED,COUNT_PED_INJURED,COUNT_BICYCLIST_KILLED,COUNT_BICYCLIST_INJURED,COUNT_MC_KILLED,COUNT_MC_INJURED,PRIMARY_RAMP,SECONDARY_RAMP,LATITUDE,LONGITUDE,COUNTY,CITY,POINT_X,POINT_Y
85068962,2025,2026-02-24,1942,2025-08-07,1815,45544,NA,4,5,7,1942,0,0,0,NA,0,1152,FOUNTAIN AVE,MYRA AVE,0,NA,Y,A,-,N,NA,NA,NA,NA,NA,NA,NA,NA,NA,N,2,0,1,2,A,-,08,22107,NA,N,B,E,A,A,H,-,C,A,0,NA,NA,NA,NA,Y,NA,M,91,1,0,0,0,0,0,0,0,0,-,-,NA,NA,LOS ANGELES,LOS ANGELES,-118.28054809570313,34.09579849243164
85069150,2025,2026-02-24,1942,2025-08-08,750,40008,NA,5,5,7,1942,0,0,0,NA,0,0265,W 8TH ST,S WESTLAKE AVE,0,NA,Y,A,-,N,NA,NA,NA,NA,NA,NA,NA,NA,NA,N,2,0,1,2,A,-,10,21950,A,N,G,B,B,A,H,-,A,A,0,Y,NA,NA,NA,Y,NA,A,01,1,0,0,0,0,0,0,0,0,-,-,NA,NA,LOS ANGELES,LOS ANGELES,-118.27666473388672,34.05436325073242
85069156,2025,2026-02-24,1942,2025-08-08,940,37540,NA,5,5,7,1942,0,0,0,NA,0,0218,SUNSET BL,PORTIA ST,70,E,N,A,-,N,NA,NA,NA,NA,NA,NA,NA,NA,NA,N,2,0,1,2,A,-,08,22107,NA,N,D,C,A,A,H,-,A,D,0,NA,NA,Y,NA,Y,NA,A,07,1,0,0,0,0,0,0,0,1,-,-,NA,NA,LOS ANGELES,LOS ANGELES,-118.25416564941406,34.075374603271484
85069165,2025,2026-02-24,1942,2025-08-08,1330,44381,NA,5,5,7,1942,0,0,0,NA,0,0132,2ND ST,HILL ST,0,NA,Y,A,-,N,NA,NA,NA,NA,NA,NA,NA,NA,NA,Y,3,0,3,2,A,-,11,21453,D,N,H,-,A,A,H,-,A,-,0,NA,NA,NA,NA,Y,NA,A,01,0,3,0,0,0,0,0,0,0,-,-,NA,NA,LOS ANGELES,LOS ANGELES,-118.2477569580078,34.0531120300293
85069173,2025,2026-02-24,1942,2025-08-08,1140,46186,NA,5,5,7,1942,0,0,0,NA,0,1184,SUNSET BLVD,LEMOYNE ST,5,S,N,A,-,N,NA,NA,NA,NA,NA,NA,NA,NA,NA,N,2,0,1,2,A,-,08,22107,NA,F,G,B,A,A,H,-,A,A,0,NA,NA,NA,NA,Y,NA,-,99,1,0,0,0,0,0,0,0,0,-,-,NA,NA,LOS ANGELES,LOS ANGELES,-118.25940704345705,34.07765197753906
85069188,2025,2026-02-24,1942,2025-08-08,1415,38590,NA,5,5,7,1942,0,0,0,NA,0,1361,MAIN ST,49TH ST,0,NA,Y,A,-,N,NA,NA,NA,NA,NA,NA,NA,NA,NA,Y,3,0,3,2,A,-,12,21453,A,N,D,C,A,A,H,-,A,A,0,NA,NA,NA,NA,Y,NA,-,-,0,2,1,0,0,0,0,0,0,-,-,NA,NA,LOS ANGELES,LOS ANGELES,-118.2739715576172,33.99831771850586
85069191,2025,2026-02-24,1942,2025-08-08,1130,45042,NA,5,5,7,1942,0,0,0,NA,0,1124,N SAN FERNANDO RD,TREADWELL ST,0,NA,Y,A,-,N,NA,NA,NA,NA,NA,NA,NA,NA,NA,N,3,0,1,2,A,-,08,22107,NA,F,B,C,A,A,H,-,A,A,0,NA,NA,NA,NA,Y,NA,-,99,0,1,0,0,0,0,0,0,0,-,-,NA,NA,LOS ANGELES,LOS ANGELES,-118.25035858154295,34.1193962097168
85069196,2025,2026-02-24,1942,2025-08-08,1700,38590,NA,5,5,7,1942,0,0,0,NA,0,0182,OLYMPIC BL,FLOWER ST,0,NA,Y,A,-,N,NA,NA,NA,NA,NA,NA,NA,NA,NA,Y,4,0,1,2,A,-,12,21453,A,F,D,C,A,A,H,-,A,A,0,NA,NA,NA,NA,Y,NA,-,99,0,0,1,0,0,0,0,0,0,-,-,NA,NA,LOS ANGELES,LOS ANGELES,-118.26278686523438,34.04438018798828
85069486,2025,2026-02-24,1942,2025-08-08,1810,43725,NA,5,5,7,1942,0,0,0,NA,0,2036,BONNIE BRAE ST,BEVERLY BLVD,0,NA,N,A,-,N,NA,NA,NA,NA,NA,NA,NA,NA,NA,Y,3,0,2,2,A,-,03,22350,NA,F,A,C,A,A,H,-,A,A,0,NA,NA,NA,NA,Y,Y,A,01,0,2,0,0,0,0,0,0,0,-,-,NA,NA,LOS ANGELES,LOS ANGELES,-118.26786041259766,34.06555938720703
85069504,2025,2026-02-24,1942,2025-08-08,2135,45909,NA,5,5,7,1942,0,0,0,NA,0,0162,8TH ST,OLIVE ST,2,W,N,A,-,N,NA,NA,NA,NA,NA,NA,NA,NA,NA,N,3,0,1,2,A,-,10,21950,A,F,G,B,B,A,H,-,C,A,0,Y,NA,NA,NA,Y,NA,A,01,0,1,0,0,1,0,0,0,0,-,-,NA,NA,LOS ANGELES,LOS ANGELES,-118.25691223144533,34.0451545715332
85069523,2025,2026-02-24,1942,2025-08-03,1110,35077,NA,7,5,7,1942,0,0,0,NA,0,1176,RIVERSIDE DR,EADS ST,50,S,N,A,-,N,NA,NA,NA,NA,NA,NA,NA,NA,NA,Y,2,0,1,3,A,-,03,22350,NA,F,A,C,A,A,H,-,A,D,0,NA,NA,NA,NA,Y,NA,A,01,1,0,0,0,0,0,0,0,0,-,-,NA,NA,LOS ANGELES,LOS ANGELES,-118.24105834960938,34.09372329711914
85070126,2025,2026-02-24,1900,2025-12-31,935,9811,NA,3,5,6,1992,0,0,0,NA,0,111T1,AVENUE J,SIERRA HWY,0,NA,-,B,-,N,NA,NA,NA,NA,NA,NA,NA,NA,NA,Y,4,0,3,2,A,-,03,22350,NA,N,C,C,A,B,H,-,A,A,0,NA,NA,NA,NA,Y,NA,A,07,0,0,3,0,0,0,0,0,0,-,-,34.68949890136719,-118.13520050048828,LOS ANGELES,LANCASTER,-118.13536834716795,34.689430236816406
85070517,2025,2026-02-25,1942,2025-08-09,1300,43261,NA,6,5,7,1942,0,0,0,NA,0,0162,8TH ST,FIGUEROA ST,10,E,N,A,-,N,NA,NA,NA,NA,NA,NA,NA,NA,NA,N,4,0,1,2,A,-,08,22107,NA,F,B,C,A,A,H,-,A,A,0,NA,NA,NA,NA,Y,NA,-,99,0,0,1,0,0,0,0,0,0,-,-,NA,NA,LOS ANGELES,LOS ANGELES,-118.26117706298828,34.04792404174805
85070899,2025,2026-02-25,1942,2025-11-22,2015,42364,NA,6,5,7,1942,0,0,0,NA,0,1837,WILMINGTON AV,WILLOWBROOK AV,97,S,N,A,-,N,NA,NA,NA,NA,NA,NA,NA,NA,NA,N,1,1,0,2,A,-,12,22451,B,N,G,B,B,A,H,-,C,A,0,Y,NA,NA,NA,Y,NA,N,60,0,0,0,1,0,0,0,0,0,-,-,NA,NA,LOS ANGELES,LOS ANGELES,-118.23909759521484,33.93081283569336
85071084,2025,2026-02-25,1942,2025-08-10,600,36023,NA,7,5,7,1942,0,0,0,NA,0,1141,LOS FELIZ BLVD,VERMONT AVE,0,NA,Y,A,-,N,NA,NA,NA,NA,NA,NA,NA,NA,NA,Y,3,0,2,2,A,-,05,21650,NA,F,A,C,A,A,H,-,B,A,0,NA,NA,NA,NA,Y,NA,A,01,0,1,1,0,0,0,0,0,0,-,-,NA,NA,LOS ANGELES,LOS ANGELES,-118.29181671142578,34.111061096191406
85071088,2025,2026-02-25,1942,2025-08-10,730,42131,NA,7,5,7,1942,0,0,0,NA,0,1351,FLOWER ST,52ND PL,0,NA,Y,A,-,N,NA,NA,NA,NA,NA,NA,NA,NA,NA,N,3,0,1,2,A,-,09,21802,A,F,D,G,A,A,H,-,A,A,0,NA,Y,NA,NA,Y,NA,L,04,0,1,0,0,0,0,1,0,0,-,-,NA,NA,LOS ANGELES,LOS ANGELES,-118.28093719482422,33.994998931884766
85071104,2025,2026-02-25,1942,2025-08-10,310,34350,NA,7,5,7,1942,0,0,0,NA,0,0299,VENICE BLVD,OAK ST,50,E,N,A,-,N,NA,NA,NA,NA,NA,NA,NA,NA,NA,N,2,0,1,2,A,-,11,21954,A,F,G,B,E,A,H,-,C,A,0,Y,NA,NA,NA,Y,NA,-,-,1,0,0,0,1,0,0,0,0,-,-,NA,NA,LOS ANGELES,LOS ANGELES,-118.2754364013672,34.03985595703125
85071193,2025,2026-02-25,1942,2025-08-10,2100,40325,NA,7,5,7,1942,0,0,0,NA,0,0275,OLYMPIC BLVD,BONNIE BRAE ST,150,W,N,A,-,N,NA,NA,NA,NA,NA,NA,NA,NA,NA,N,1,1,0,2,A,-,11,21954,A,F,G,B,D,A,H,-,C,A,0,Y,NA,NA,NA,Y,NA,N,60,0,0,0,1,0,0,0,0,0,-,-,NA,NA,LOS ANGELES,LOS ANGELES,-118.278076171875,34.05091857910156
85071283,2025,2026-02-25,1942,2025-08-10,1700,36527,NA,7,5,7,1942,0,0,0,NA,0,0101,CHAVEZ RAVINE PL.,STADIUM WAY,188,S,N,A,-,N,NA,NA,NA,NA,NA,NA,NA,NA,NA,Y,3,0,2,2,A,-,05,21460,A,N,A,C,A,A,G,-,A,D,0,NA,NA,NA,NA,Y,NA,D,22,0,1,1,0,0,0,0,0,0,-,-,NA,NA,LOS ANGELES,LOS ANGELES,-118.24113464355467,34.06664276123047
85071327,2025,2026-02-25,1942,2025-08-10,1420,38590,NA,7,5,7,1942,0,0,0,NA,0,1183,ECHO PARK AV,FAIRBANKS PL,200,N,N,A,-,N,NA,NA,NA,NA,NA,NA,NA,NA,NA,N,3,0,1,1,A,-,03,22350,NA,N,E,I,A,A,H,-,A,D,0,NA,NA,Y,NA,Y,Y,C,03,0,1,0,0,0,0,0,0,1,-,-,NA,NA,LOS ANGELES,LOS ANGELES,-118.25619506835938,34.07866668701172
85071336,2025,2026-02-25,1942,2025-08-08,2030,40458,NA,5,5,7,1942,0,0,0,NA,0,NA,ADAMS BLVD,NORMANDIE AVE,0,NA,Y,A,-,N,NA,NA,NA,NA,NA,NA,NA,NA,NA,Y,4,0,4,4,A,-,12,21453,A,F,A,C,A,A,H,-,C,A,0,NA,NA,NA,NA,Y,NA,A,01,0,0,4,0,0,0,0,0,0,-,-,NA,NA,LOS ANGELES,LOS ANGELES,-118.30023956298828,34.032718658447266
85071338,2025,2026-02-25,1942,2025-08-11,1650,40421,NA,1,5,7,1942,0,0,0,NA,0,0176,SAN PEDRO ST,AGATHA ST,100,N,N,A,-,N,NA,NA,NA,NA,NA,NA,NA,NA,NA,Y,4,0,2,2,A,-,08,22102,NA,F,D,C,A,A,H,-,A,D,0,NA,NA,NA,NA,Y,NA,A,07,0,0,2,0,0,0,0,0,0,-,-,NA,NA,LOS ANGELES,LOS ANGELES,-118.24781799316406,34.03972244262695
85071344,2025,2026-02-25,1942,2025-08-11,1335,42131,NA,1,5,7,1942,0,0,0,NA,0,0237,UNION PL,CROWN HILL AV,80,N,N,A,-,N,NA,NA,NA,NA,NA,NA,NA,NA,NA,Y,3,0,1,2,A,-,01,23152,A,M,A,E,A,A,H,-,A,B,0,NA,NA,NA,NA,Y,Y,A,01,0,1,0,0,0,0,0,0,0,-,-,NA,NA,LOS ANGELES,LOS ANGELES,-118.26538848876952,34.06205749511719
85071360,2025,2026-02-25,1942,2025-08-12,600,44620,NA,2,5,7,1942,0,0,0,NA,0,0124,SPRING ST,TEMPLE ST,0,NA,Y,A,-,N,NA,NA,NA,NA,NA,NA,NA,NA,NA,N,4,0,1,2,D,-,00,NA,NA,F,G,B,E,A,H,-,A,A,0,Y,NA,NA,NA,Y,NA,-,-,0,0,1,0,1,0,0,0,0,-,-,NA,NA,LOS ANGELES,LOS ANGELES,-118.2426300048828,34.05488586425781
85072034,2025,2026-02-25,1942,2025-08-11,2350,45017,NA,1,5,7,1942,0,0,0,NA,0,1321,HILL ST,24TH ST,0,NA,Y,A,-,N,NA,NA,NA,NA,NA,NA,NA,NA,NA,N,3,0,1,2,A,-,09,21801,A,F,A,C,A,A,H,-,C,D,0,NA,NA,NA,NA,Y,NA,-,99,0,1,0,0,0,0,0,0,0,-,-,NA,NA,LOS ANGELES,LOS ANGELES,-118.26961517333984,34.02767562866211
85072061,2025,2026-02-25,1942,2025-08-12,855,40024,NA,2,5,7,1942,0,0,0,NA,0,NA,SANTA FE AVE,JESSE ST,0,NA,Y,A,-,N,NA,NA,NA,NA,NA,NA,NA,NA,NA,N,2,0,1,2,A,-,12,22450,A,N,D,G,A,A,H,-,A,A,0,NA,Y,NA,NA,Y,NA,M,91,1,0,0,0,0,0,1,0,0,-,-,NA,NA,LOS ANGELES,LOS ANGELES,-118.23030853271484,34.03636932373047
85072158,2025,2026-02-25,1942,2025-08-12,1850,39062,NA,2,5,7,1942,0,0,0,NA,0,0257,UNION AV.,6TH ST.,200,S,N,A,-,N,NA,NA,NA,NA,NA,NA,NA,NA,NA,Y,3,0,1,2,A,-,09,21804,A,F,D,C,A,A,H,-,A,D,0,NA,NA,NA,NA,Y,NA,A,01,0,1,0,0,0,0,0,0,0,-,-,NA,NA,LOS ANGELES,LOS ANGELES,-118.26986694335938,34.057308197021484
85072239,2025,2026-02-25,1942,2025-08-14,900,43070,NA,4,5,7,1942,0,0,0,NA,0,0289,ALBANY ST,PICO BL,10,N,N,A,-,N,NA,NA,NA,NA,NA,NA,NA,NA,NA,N,3,0,1,2,A,-,10,21950,A,N,G,B,A,A,H,-,A,D,0,NA,NA,NA,NA,Y,NA,A,01,0,1,0,0,0,0,0,0,0,-,-,NA,NA,LOS ANGELES,LOS ANGELES,-118.27398681640624,34.04335403442383
85072268,2025,2026-02-25,1942,2025-08-14,747,40404,NA,4,5,7,1942,0,0,0,NA,0,0147,5TH ST,WALL ST,140,E,N,A,-,N,NA,NA,NA,NA,NA,NA,NA,NA,NA,N,3,0,1,2,A,-,11,21954,A,N,G,B,E,A,H,-,A,D,0,Y,NA,NA,NA,Y,NA,N,60,0,1,0,0,1,0,0,0,0,-,-,NA,NA,LOS ANGELES,LOS ANGELES,-118.24539947509766,34.044742584228516
85072682,2025,2026-02-25,1900,2025-12-14,20,653172,NA,7,5,4,1971,0,0,0,NA,0,051,ROSEMEAD BLVD,LONGDEN AV,283,N,-,A,-,Y,NA,NA,NA,NA,NA,NA,NA,NA,NA,Y,3,0,3,2,A,-,03,22350,NA,N,C,E,A,A,H,-,C,D,0,NA,NA,NA,NA,Y,NA,A,01,0,3,0,0,0,0,0,0,0,-,-,34.11439895629883,-118.07347106933594,LOS ANGELES,TEMPLE CITY,-118.0735321044922,34.11433410644531
85072684,2025,2026-02-25,1900,2025-12-14,1632,642065,NA,7,5,4,1971,0,0,0,NA,0,52T1,LAS TUNAS DRIVE,SULTANA AVENUE,0,NA,-,A,-,N,NA,NA,NA,NA,NA,NA,NA,NA,NA,Y,3,0,1,2,A,-,09,21801,A,N,D,C,A,A,H,-,A,A,0,NA,NA,NA,NA,Y,NA,A,07,0,1,0,0,0,0,0,0,0,-,-,34.104251861572266,-118.0717315673828,LOS ANGELES,TEMPLE CITY,-118.07170104980467,34.104312896728516
85072688,2025,2026-02-25,1900,2025-12-19,1426,636465,NA,5,5,5,1959,0,0,0,NA,0,NA,SAN GABRIEL BLVD,NEWMARK AVENUE,204,N,-,A,-,N,NA,NA,NA,NA,NA,NA,NA,NA,NA,Y,4,0,1,2,A,-,09,21801,A,N,D,C,A,A,H,-,A,D,0,NA,NA,NA,NA,Y,NA,D,22,0,0,1,0,0,0,0,0,0,-,-,34.06050109863281,-118.09049987792967,LOS ANGELES,ROSEMEAD,-118.09056854248048,34.06047058105469
85072691,2025,2026-02-25,1900,2025-12-26,1337,677313,NA,5,5,5,1915,0,0,0,NA,0,283T2,ALAMEDA ST,MYRRH ST (W),0,NA,-,A,-,N,NA,NA,NA,NA,NA,NA,NA,NA,NA,Y,4,0,2,2,A,-,12,21453,A,N,D,C,A,A,H,-,A,A,0,NA,NA,NA,NA,Y,NA,-,-,0,0,2,0,0,0,0,0,0,-,-,33.89236831665039,-118.21925354003906,LOS ANGELES,COMPTON,-118.22000122070313,33.892433166503906
85072692,2025,2026-02-25,1900,2025-11-20,2221,659780,NA,4,5,5,1943,0,0,0,NA,0,212T4,LONG BEACH BLVD,IMPERIAL HWY,24,S,-,B,C,N,NA,NA,NA,NA,NA,NA,NA,NA,NA,N,3,0,3,3,A,-,03,22350,NA,N,A,C,A,B,H,-,C,A,0,NA,NA,NA,NA,Y,NA,D,22,0,1,2,0,0,0,0,0,0,-,-,33.930328369140625,-118.21150970458984,LOS ANGELES,LYNWOOD,-118.21163177490234,33.93043518066406
85072694,2025,2026-02-25,1900,2025-12-13,1232,660059,NA,6,5,6,1992,0,0,0,NA,0,112T1,AVENUE J,SIERRA HWY,30,E,-,A,-,N,NA,NA,NA,NA,NA,NA,NA,NA,NA,Y,3,0,1,2,A,-,01,23152,A,N,D,C,A,A,H,-,A,D,0,NA,NA,Y,NA,Y,Y,C,02,0,1,0,0,0,0,0,0,1,-,-,34.68941879272461,-118.13504791259766,LOS ANGELES,LANCASTER,-118.13526916503906,34.689430236816406
85072695,2025,2026-02-25,1900,2025-12-31,1921,660059,NA,3,5,6,1992,0,0,0,NA,0,112T1,LANCASTER BLVD,25TH ST W,0,NA,-,C,-,N,NA,NA,NA,NA,NA,NA,NA,NA,NA,Y,4,0,1,2,A,-,01,23152,A,N,D,C,A,B,H,-,C,A,0,NA,NA,NA,NA,Y,Y,D,22,0,0,1,0,0,0,0,0,0,-,-,34.69670104980469,-118.17459106445313,LOS ANGELES,LANCASTER,-118.1745834350586,34.696693420410156
85073584,2025,2026-02-26,1942,2025-11-22,1510,43902,NA,6,5,7,1942,0,0,0,NA,0,0353,CRENSHAW BL,OBAMA BLVD,23,W,N,A,-,N,NA,NA,NA,NA,NA,NA,NA,NA,NA,N,4,0,1,2,A,-,10,21950,A,F,G,B,B,A,H,-,A,A,0,Y,NA,NA,NA,Y,NA,-,99,0,0,1,0,1,0,0,0,0,-,-,NA,NA,LOS ANGELES,LOS ANGELES,-118.33509826660156,34.02143096923828
85073728,2025,2026-02-26,1942,2025-07-26,2323,44227,NA,6,5,7,1942,0,0,0,NA,0,1162,SUNSET BLVD,MANZANITA ST,100,W,N,A,-,N,NA,NA,NA,NA,NA,NA,NA,NA,NA,N,2,0,1,2,A,-,08,22107,NA,N,C,C,A,A,H,-,B,D,0,NA,NA,NA,NA,Y,Y,M,94,1,0,0,0,0,0,0,0,0,-,-,NA,NA,LOS ANGELES,LOS ANGELES,-118.28130340576172,34.09333038330078
85073810,2025,2026-02-26,1942,2025-08-13,1335,42926,NA,3,5,7,1942,0,0,0,NA,0,1307,AGATHA ST,CROCKER ST,0,NA,Y,A,-,N,NA,NA,NA,NA,NA,NA,NA,NA,NA,N,4,0,1,2,A,-,12,22450,A,F,D,G,A,A,H,-,A,A,0,NA,Y,NA,NA,Y,NA,L,04,0,0,1,0,0,0,1,0,0,-,-,NA,NA,LOS ANGELES,LOS ANGELES,-118.24716949462892,34.03892517089844
85073819,2025,2026-02-26,1942,2025-08-13,1635,40421,NA,3,5,7,1942,0,0,0,NA,0,0256,7TH ST,BONNIE BRAE ST,118,E,N,A,-,N,NA,NA,NA,NA,NA,NA,NA,NA,NA,N,3,0,1,2,A,-,03,22350,NA,N,D,G,A,A,H,-,A,D,0,NA,Y,NA,NA,Y,NA,M,91,0,1,0,0,0,0,1,0,0,-,-,NA,NA,LOS ANGELES,LOS ANGELES,-118.27423095703124,34.055294036865234
85073836,2025,2026-02-26,1942,2025-08-14,9,44907,NA,4,5,7,1942,0,0,0,NA,0,0236,BEVERLY BLVD,ALVERADO ST.,0,NA,Y,A,-,N,NA,NA,NA,NA,NA,NA,NA,NA,NA,N,2,0,1,2,A,-,08,22107,NA,N,D,G,A,A,H,-,C,A,0,NA,Y,NA,NA,Y,NA,A,01,1,0,0,0,0,0,1,0,0,-,-,NA,NA,LOS ANGELES,LOS ANGELES,-118.27031707763672,34.066673278808594
85073862,2025,2026-02-26,1942,2025-08-08,118,41320,NA,5,5,7,1942,0,0,0,NA,0,0166,7TH STREET,S. SAN PEDRO,0,NA,Y,A,-,N,NA,NA,NA,NA,NA,NA,NA,NA,NA,N,3,0,1,2,D,-,00,NA,NA,F,G,B,B,A,H,-,C,A,0,Y,NA,NA,NA,Y,NA,-,-,0,1,0,0,1,0,0,0,0,-,-,NA,NA,LOS ANGELES,LOS ANGELES,-118.2467803955078,34.04069900512695
85074051,2025,2026-02-26,1942,2025-08-15,1245,36023,NA,5,5,7,1942,0,0,0,NA,0,0156,6TH ST,SAN JULIAN ST,0,NA,Y,A,-,N,NA,NA,NA,NA,NA,NA,NA,NA,NA,N,2,0,1,2,A,-,12,21453,A,N,D,C,A,A,H,-,A,A,0,NA,NA,NA,NA,Y,NA,M,94,1,0,0,0,0,0,0,0,0,-,-,NA,NA,LOS ANGELES,LOS ANGELES,-118.24617767333984,34.042850494384766
85074158,2025,2026-02-26,1942,2025-08-15,2134,34332,NA,5,5,7,1942,0,0,0,NA,0,1317,HOOPER AVE,18TH ST,0,NA,Y,A,-,N,NA,NA,NA,NA,NA,NA,NA,NA,NA,N,1,1,0,2,A,-,11,21954,A,F,D,B,D,A,H,-,C,A,0,Y,NA,NA,NA,Y,NA,N,60,0,0,0,1,0,0,0,0,0,-,-,NA,NA,LOS ANGELES,LOS ANGELES,-118.24542999267578,34.022682189941406
85074235,2025,2026-02-26,1942,2025-08-16,320,38838,NA,6,5,7,1942,0,0,0,NA,0,0204,SUNSET BL,GOLDEN GATE AV,0,NA,Y,A,-,N,NA,NA,NA,NA,NA,NA,NA,NA,NA,N,2,0,1,2,A,-,10,21950,A,F,G,B,D,A,H,-,C,D,0,Y,NA,NA,NA,Y,NA,-,99,1,0,0,0,1,0,0,0,0,-,-,NA,NA,LOS ANGELES,LOS ANGELES,-118.2764129638672,34.088722229003906
85074492,2025,2026-02-26,1900,2025-12-07,1940,657287,NA,7,5,6,1949,0,0,0,NA,0,43T1,LIGGETT STREET,GARD AVENUE,250,W,-,A,-,N,NA,NA,NA,NA,NA,NA,NA,NA,NA,Y,3,0,2,2,A,-,08,22107,NA,N,A,C,A,A,H,-,C,D,0,NA,NA,NA,NA,Y,NA,A,01,0,1,1,0,0,0,0,0,0,-,-,NA,NA,LOS ANGELES,NORWALK,-118.08958435058594,33.90131378173828
85074494,2025,2026-02-26,1900,2025-12-08,2319,657287,NA,1,5,6,1949,0,0,0,NA,0,43T1,IMPERIAL HWY,NORWALK BLVD,278,E,-,A,-,N,NA,NA,NA,NA,NA,NA,NA,NA,NA,N,4,0,1,1,A,-,08,22107,NA,N,E,J,A,A,H,-,C,D,0,NA,NA,NA,NA,Y,NA,-,28,0,0,1,0,0,0,0,0,0,-,-,NA,NA,LOS ANGELES,NORWALK,-118.07178497314452,33.91706085205078
85074497,2025,2026-02-26,1900,2025-12-26,1430,633445,NA,5,5,5,1943,0,0,0,NA,0,212T4,LONG BEACH BLVD,EUCLID AV,0,NA,-,A,C,N,NA,NA,NA,NA,NA,NA,NA,NA,NA,Y,4,0,1,2,D,-,00,NA,NA,N,A,C,A,B,H,-,A,A,0,NA,NA,NA,NA,Y,NA,-,-,0,0,1,0,0,0,0,0,0,-,-,33.912681579589844,-118.20903778076172,LOS ANGELES,LYNWOOD,-118.20912170410156,33.91266632080078
85074499,2025,2026-02-26,1900,2025-12-12,1535,540658,NA,5,5,6,1992,0,0,0,NA,0,111T2,AVENUE K,13TH ST W,0,NA,-,A,-,N,NA,NA,NA,NA,NA,NA,NA,NA,NA,N,3,0,3,2,A,-,04,21703,NA,N,C,C,A,A,H,-,A,D,0,NA,NA,NA,NA,Y,NA,A,01,0,2,1,0,0,0,0,0,0,-,-,NA,NA,LOS ANGELES,LANCASTER,-118.15406799316406,34.67485809326172
85074500,2025,2026-02-26,1900,2025-12-14,1712,669717,NA,7,5,6,1992,0,0,0,NA,0,112T2,73RD ST W,AVENUE L-8,0,NA,-,A,-,Y,NA,NA,NA,NA,NA,NA,NA,NA,NA,N,3,0,2,2,A,-,03,22350,NA,N,C,C,A,A,H,-,B,D,0,NA,NA,Y,NA,Y,NA,C,02,0,1,1,0,0,0,0,0,2,-,-,NA,NA,LOS ANGELES,LANCASTER,-118.26155090332033,34.65279769897461
85074501,2025,2026-02-26,1900,2025-12-21,1653,683887,NA,7,5,6,1992,0,0,0,NA,0,111T2,AVENUE J,20TH ST W,411,W,-,A,-,N,NA,NA,NA,NA,NA,NA,NA,NA,NA,N,3,0,4,2,A,-,09,21801,A,N,D,C,A,A,H,-,B,D,0,NA,NA,NA,NA,Y,NA,A,07,0,4,0,0,0,0,0,0,0,-,-,34.68939971923828,-118.16719818115234,LOS ANGELES,LANCASTER,-118.16702270507813,34.68941879272461
85075284,2025,2026-02-27,1942,2025-08-15,300,40008,NA,5,5,7,1942,0,0,0,NA,0,1133,GLENDALE BL,HOLLYDALE DR,0,NA,Y,A,-,N,NA,NA,NA,NA,NA,NA,NA,NA,NA,N,2,0,1,2,A,-,09,21802,A,F,D,G,A,A,H,-,C,A,0,NA,Y,NA,NA,Y,NA,-,99,1,0,0,0,0,0,1,0,0,-,-,NA,NA,LOS ANGELES,LOS ANGELES,-118.26325988769533,34.11547088623047
85075297,2025,2026-02-27,1942,2025-08-15,1930,40730,NA,5,5,7,1942,0,0,0,NA,0,1177,SAN FERNANDO RD,AVENUE 26,115,N,N,A,-,N,NA,NA,NA,NA,NA,NA,NA,NA,NA,Y,4,0,2,3,A,-,08,22107,NA,N,A,C,A,A,H,-,C,A,0,NA,NA,NA,NA,Y,NA,A,01,0,0,2,0,0,0,0,0,0,-,-,NA,NA,LOS ANGELES,LOS ANGELES,-118.2258071899414,34.087093353271484
85075305,2025,2026-02-27,1942,2025-08-17,925,44620,NA,7,5,7,1942,0,0,0,NA,0,1313,CENTRAL AV,E 18TH ST,0,NA,Y,A,-,N,NA,NA,NA,NA,NA,NA,NA,NA,NA,N,2,0,1,2,A,-,09,21802,A,N,D,C,A,A,H,-,A,A,0,NA,NA,Y,NA,Y,NA,A,01,1,0,0,0,0,0,0,0,1,-,-,NA,NA,LOS ANGELES,LOS ANGELES,-118.2498779296875,34.02519226074219
85075323,2025,2026-02-27,1942,2025-08-15,1145,35077,NA,5,5,7,1942,0,0,0,NA,0,1347,LONG  BEACH,41ST ST,0,NA,Y,A,-,N,NA,NA,NA,NA,NA,NA,NA,NA,NA,N,3,0,2,2,A,-,12,21453,A,F,D,C,A,A,H,-,A,A,0,NA,NA,NA,NA,Y,NA,-,99,0,2,0,0,0,0,0,0,0,-,-,NA,NA,LOS ANGELES,LOS ANGELES,-118.24322509765624,34.008094787597656