CASE_ID,ACCIDENT_YEAR,PROC_DATE,JURIS,COLLISION_DATE,COLLISION_TIME,OFFICER_ID,REPORTING_DISTRICT,DAY_OF_WEEK,CHP_SHIFT,POPULATION,CNTY_CITY_LOC,SPECIAL_COND,BEAT_TYPE,CHP_BEAT_TYPE,CITY_DIVISION_LAPD,CHP_BEAT_CLASS,BEAT_NUMBER,PRIMARY_RD,SECONDARY_RD,DISTANCE,DIRECTION,INTERSECTION,WEATHER_1,WEATHER_2,STATE_HWY_IND,CALTRANS_COUNTY,CALTRANS_DISTRICT,STATE_ROUTE,ROUTE_SUFFIX,POSTMILE_PREFIX,POSTMILE,LOCATION_TYPE,RAMP_INTERSECTION,SIDE_OF_HWY,TOW_AWAY,COLLISION_SEVERITY,NUMBER_KILLED,NUMBER_INJURED,PARTY_COUNT,PRIMARY_COLL_FACTOR,PCF_CODE_OF_VIOL,PCF_VIOL_CATEGORY,PCF_VIOLATION,PCF_VIOL_SUBSECTION,HIT_AND_RUN,TYPE_OF_COLLISION,MVIW,PED_ACTION,ROAD_SURFACE,ROAD_COND_1,ROAD_COND_2,LIGHTING,CONTROL_DEVICE,CHP_ROAD_TYPE,PEDESTRIAN_ACCIDENT,BICYCLE_ACCIDENT,MOTORCYCLE_ACCIDENT,TRUCK_ACCIDENT,NOT_PRIVATE_PROPERTY,ALCOHOL_INVOLVED,STWD_VEHTYPE_AT_FAULT,CHP_VEHTYPE_AT_FAULT,COUNT_SEVERE_INJ,COUNT_VISIBLE_INJ,COUNT_COMPLAINT_PAIN,COUNT_PED_KILLED,COUNT_PED_INJURED,COUNT_BICYCLIST_KILLED,COUNT_BICYCLIST_INJURED,COUNT_MC_KILLED,COUNT_MC_INJURED,PRIMARY_RAMP,SECONDARY_RAMP,LATITUDE,LONGITUDE,COUNTY,CITY,POINT_X,POINT_Y
91385264,2021,2021-01-11,9580,2021-01-09,1035,022036,NA,6,1,7,1942,0,1,2,NA,2,102,US-101 N/B (VENTURA FREEWAY),LOUISE AVE,375,N,N,A,-,Y,NA,NA,101,NA,NA,NA,NA,NA,N,Y,4,0,1,1,A,-,08,22107,NA,N,E,J,A,A,H,-,A,D,0,NA,NA,NA,NA,Y,NA,A,01,0,0,1,0,0,0,0,0,0,-,-,34.171199798583984,-118.51200103759766,LOS ANGELES,LOS ANGELES,-118.51200103759766,34.17128372192383
91385271,2021,2021-01-11,9580,2021-01-10,1215,022036,NA,7,1,9,1900,0,1,3,NA,1,231,MULHOLLAND HWY,LAS VIRGENES RD,3168,W,N,A,-,N,NA,NA,NA,NA,NA,NA,NA,NA,NA,N,3,0,1,1,A,-,08,22107,NA,N,E,J,A,A,H,-,A,D,0,NA,NA,Y,NA,Y,NA,C,02,0,1,0,0,0,0,0,0,1,-,-,34.10466003417969,-118.72519683837892,LOS ANGELES,UNINCORPORATED,-118.7194595336914,34.10706329345703
91385286,2021,2021-01-11,9530,2021-01-01,0445,022302,NA,5,3,7,1941,0,1,1,NA,2,071,I-710 S/B (LONG BEACH FREEWAY),208TH ST.,45,S,N,A,-,Y,NA,NA,710,NA,NA,NA,NA,NA,S,Y,4,0,1,2,A,-,03,22350,NA,N,C,C,A,A,H,-,D,D,0,NA,NA,NA,NA,Y,NA,D,22,0,0,1,0,0,0,0,0,0,-,-,33.83919906616211,-118.2074966430664,LOS ANGELES,LONG BEACH,-118.20751953125,33.83920669555664
91385306,2021,2021-01-11,9525,2021-01-03,1324,022553,NA,7,1,6,1955,0,1,1,NA,2,107,I-10 W/B (SAN BERNARDINO FWY),KELLOGG DR.,3168,W,N,A,-,Y,NA,NA,10,NA,NA,NA,NA,NA,W,Y,4,0,2,1,A,-,08,22107,NA,N,E,I,A,A,D,E,A,D,0,NA,NA,NA,NA,Y,NA,A,01,0,0,2,0,0,0,0,0,0,-,-,34.06364822387695,-117.8186492919922,LOS ANGELES,POMONA,-117.8186492919922,34.063785552978516
91385324,2021,2021-01-11,9530,2021-01-03,1402,022427,NA,7,2,9,1900,0,3,5,NA,2,002,SAN PEDRO ST.,137TH ST.,0,NA,Y,A,-,N,NA,NA,NA,NA,NA,NA,NA,NA,NA,Y,4,0,1,2,A,-,08,22100,B,N,C,C,A,A,H,-,A,D,0,NA,NA,NA,NA,Y,NA,A,01,0,0,1,0,0,0,0,0,0,-,-,33.907440185546875,-118.26967620849608,LOS ANGELES,UNINCORPORATED,-118.26967620849608,33.90740966796875
91385372,2021,2021-01-11,9530,2021-01-04,1700,022454,NA,1,2,9,1900,0,3,5,NA,2,001,HOOPER AVE (5900 BLOCK),59TH PL.,16,S,N,A,-,N,NA,NA,NA,NA,NA,NA,NA,NA,NA,N,4,0,1,2,A,-,03,22350,NA,N,C,C,A,A,H,-,D,A,0,NA,NA,NA,NA,Y,NA,A,07,0,0,1,0,0,0,0,0,0,-,-,33.986061096191406,-118.25213623046876,LOS ANGELES,UNINCORPORATED,-118.25213623046876,33.986106872558594
91385399,2021,2021-01-11,9530,2021-01-02,2100,022586,NA,6,2,9,1900,0,1,1,NA,2,120,I-110 S/B (HARBOR FREEWAY),I-405,1000,N,N,A,-,Y,NA,NA,110,NA,NA,NA,NA,NA,S,Y,4,0,2,2,A,-,01,23152,F,N,C,C,A,A,H,-,D,D,0,NA,NA,NA,NA,Y,NA,A,01,0,0,2,0,0,0,0,0,0,-,-,33.86320114135742,-118.28526306152344,LOS ANGELES,UNINCORPORATED,-118.28523254394533,33.863197326660156
91385407,2021,2021-01-11,9550,2021-01-01,1430,022439,NA,5,2,9,1900,0,1,1,NA,2,653,INTERSTATE 605 (SAN GABRIEL RIVER FREEW,LA/OC LINE,200,N,N,A,-,Y,NA,NA,NA,NA,NA,NA,NA,NA,NA,Y,3,0,2,2,A,-,03,22350,NA,N,C,C,A,A,H,-,A,D,0,NA,NA,NA,NA,Y,NA,A,07,0,2,0,0,0,0,0,0,0,-,-,33.8060417175293,-118.08151245117188,LOS ANGELES,UNINCORPORATED,NA,NA
91385425,2021,2021-01-11,9530,2021-01-04,1245,021623,NA,1,1,9,1900,0,3,5,NA,2,002,WILLOWBROOK AVE. (13100 BLOCK),130TH ST.,500,S,N,A,-,N,NA,NA,NA,NA,NA,NA,NA,NA,NA,Y,2,0,2,2,A,-,09,21801,A,N,D,C,A,A,A,-,A,D,0,NA,NA,Y,NA,Y,NA,A,01,1,0,1,0,0,0,0,0,1,-,-,33.91341018676758,-118.22968292236328,LOS ANGELES,UNINCORPORATED,-118.23006439208984,33.91312789916992
91385453,2021,2021-01-11,9525,2021-01-07,0655,019970,NA,4,1,5,1906,0,1,1,NA,2,103,I-10 E/B (SAN BERNARDINO FWY),I-605 N/B,100,E,N,B,-,Y,NA,NA,NA,NA,NA,NA,NA,NA,NA,Y,3,0,1,1,A,-,08,22107,NA,N,E,I,A,A,H,-,A,D,0,NA,NA,NA,NA,Y,NA,A,07,0,1,0,0,0,0,0,0,0,-,-,34.353981018066406,-117.59587860107422,LOS ANGELES,BALDWIN PARK,-117.9997100830078,34.065025329589844
91385474,2021,2021-01-11,9535,2021-01-08,1555,022354,NA,5,2,1,1973,0,1,1,NA,2,072,I-710 (LONG BEACH FREEWAY) N/B,ATLANTIC BLVD.,500,N,N,A,-,Y,NA,NA,710,NA,NA,NA,NA,NA,N,N,4,0,1,2,A,-,03,22350,NA,N,C,C,A,A,H,-,A,D,0,NA,NA,NA,NA,Y,NA,A,01,0,0,1,0,0,0,0,0,0,-,-,33.998111724853516,-118.17635345458984,LOS ANGELES,VERNON,-118.17639923095705,33.99813461303711
91385520,2021,2021-01-11,9525,2021-01-10,1010,022009,NA,7,1,4,1905,0,1,1,NA,2,203,I-210 W/B (FOOTHILL FWY),VERNON AVE,150,E,N,A,-,Y,NA,NA,210,NA,NA,NA,NA,NA,W,N,4,0,1,2,A,-,03,22350,NA,M,C,C,A,A,H,-,A,D,0,NA,NA,NA,NA,Y,NA,A,07,0,0,1,0,0,0,0,0,0,-,-,34.125919342041016,-117.91558074951172,LOS ANGELES,AZUSA,-117.9155502319336,34.125953674316406
91385526,2021,2021-01-11,9525,2021-01-10,1405,021542,NA,7,2,4,1938,0,1,1,NA,2,207,SR-210 W/B (FOOTHILL FWY),EMERALD AVE,100,W,N,A,-,Y,NA,NA,210,NA,NA,NA,NA,NA,W,N,3,0,1,1,A,-,08,22107,NA,N,F,A,A,A,H,-,A,D,0,NA,NA,NA,NA,Y,NA,A,07,0,1,0,0,0,0,0,0,0,-,-,34.119590759277344,-117.76930236816406,LOS ANGELES,LA VERNE,-117.7693099975586,34.11974334716797
91385538,2021,2021-01-12,9545,2021-01-01,1140,019951,NA,5,1,9,1900,0,3,5,NA,2,003,ANGELES FOREST HIGHWAY,MT. GLEASON ROAD,2798,N,N,A,-,N,NA,NA,NA,NA,NA,NA,NA,NA,NA,N,2,0,1,1,C,-,18,NA,NA,N,F,A,A,C,H,-,A,D,0,NA,NA,Y,NA,Y,NA,-,-,1,0,0,0,0,0,0,0,1,-,-,34.39360046386719,-118.07640838623048,LOS ANGELES,UNINCORPORATED,NA,NA
91385542,2021,2021-01-12,9545,2021-01-02,0900,019951,NA,6,1,9,1900,0,1,3,NA,2,031,SR-14 S/B,CROWN VALLEY ROAD,5280,N,N,A,-,Y,NA,NA,14,NA,NA,NA,NA,NA,S,Y,3,0,1,1,A,-,03,22350,NA,N,F,A,A,A,H,-,A,D,0,NA,NA,Y,NA,Y,NA,C,02,0,1,0,0,0,0,0,0,1,-,-,34.49251937866211,-118.1803970336914,LOS ANGELES,UNINCORPORATED,-118.18040466308594,34.49251174926758
91385544,2021,2021-01-12,9545,2021-01-02,1043,019951,NA,6,1,9,1900,0,3,5,NA,2,001,40TH STREET EAST,AVENUE H,0,NA,Y,A,-,N,NA,NA,NA,NA,NA,NA,NA,NA,NA,Y,3,0,2,2,A,-,09,21802,A,N,D,C,A,A,H,-,A,A,0,NA,NA,NA,NA,Y,NA,A,01,0,1,1,0,0,0,0,0,0,-,-,34.71931838989258,-118.05915832519533,LOS ANGELES,UNINCORPORATED,-118.0592041015625,34.71929168701172
91385689,2021,2021-01-12,9530,2021-01-05,1820,022122,NA,2,2,9,1900,0,1,1,NA,2,210,I-105 W/B (GLENN ANDERSON FWY),COMPTON AVE.,125,E,N,A,-,Y,NA,NA,105,NA,NA,NA,NA,NA,W,Y,4,0,1,3,A,-,03,22350,NA,N,C,C,A,A,H,-,C,D,0,NA,NA,NA,NA,Y,NA,A,07,0,0,1,0,0,0,0,0,0,-,-,33.92893981933594,-118.24571990966795,LOS ANGELES,UNINCORPORATED,-118.24571990966795,33.92890167236328
91385732,2021,2021-01-12,9550,2021-01-02,1940,022167,NA,6,2,6,1949,0,1,1,NA,2,651,I-605 N/B,EXCELSIOR DRIVE,430,N,N,A,-,Y,NA,NA,605,NA,NA,NA,NA,NA,N,Y,3,0,1,1,A,-,08,22107,NA,N,E,I,A,A,H,-,D,D,0,NA,NA,NA,NA,Y,Y,A,01,0,1,0,0,0,0,0,0,0,-,-,33.8974494934082,-118.10482025146484,LOS ANGELES,NORWALK,-118.1047134399414,33.8974609375
91385769,2021,2021-01-12,9535,2021-01-06,1837,022243,NA,3,2,5,1915,0,1,1,NA,2,075,I-710 (LONG BEACH FREEWAY) S/B,ALONDRA BLVD,1400,N,N,A,-,Y,NA,NA,NA,NA,NA,NA,NA,NA,NA,Y,4,0,1,4,A,-,08,22107,NA,N,A,C,A,A,H,-,D,D,0,NA,NA,NA,NA,Y,NA,A,07,0,0,1,0,0,0,0,0,0,-,-,33.5334587097168,-118.11174774169922,LOS ANGELES,COMPTON,-118.18819427490234,33.89280319213867
91385781,2021,2021-01-12,9530,2021-01-04,1800,022438,NA,1,2,9,1900,0,3,5,NA,2,002,WILLOWBROOK AVENUE (12900 BLOCK),130TH ST.,385,N,N,A,-,N,NA,NA,NA,NA,NA,NA,NA,NA,NA,Y,4,0,1,4,A,-,08,22107,NA,F,B,C,A,A,H,-,C,D,0,NA,NA,NA,NA,Y,NA,A,07,0,0,1,0,0,0,0,0,0,-,-,33.915409088134766,-118.2313232421875,LOS ANGELES,UNINCORPORATED,-118.23123168945313,33.91535186767578
91385788,2021,2021-01-12,9580,2021-01-01,1045,022036,NA,5,1,3,1995,0,1,3,NA,1,231,SR-23 S/B (DECKER CYN RD),SR-1 (PACIFIC COAST HWY.),15840,N,N,B,-,N,NA,NA,23,NA,NA,NA,NA,NA,S,N,3,0,2,1,A,-,08,22107,NA,N,E,I,A,A,H,-,A,D,0,NA,NA,NA,NA,Y,NA,A,01,0,2,0,0,0,0,0,0,0,-,-,34.055301666259766,-118.89710235595705,LOS ANGELES,MALIBU,-118.89710998535156,34.05533218383789
91385789,2021,2021-01-12,9535,2021-01-08,1308,020902,NA,5,1,5,1959,0,1,1,NA,2,401,I-10 W/B FROM SAN GABRIEL BLVD S/B,SAN GABRIEL BLVD,200,W,N,A,-,Y,NA,NA,10,NA,NA,NA,R,NA,W,Y,4,0,1,2,A,-,03,22350,NA,N,C,C,A,A,H,-,A,D,0,NA,NA,NA,NA,Y,NA,A,01,0,0,1,0,0,0,0,0,0,-,-,34.072418212890625,-118.09146881103516,LOS ANGELES,ROSEMEAD,-118.09146881103516,34.072418212890625
91385794,2021,2021-01-12,9580,2021-01-08,1825,022019,NA,5,2,7,1942,0,1,1,NA,2,404,I-405 N/B (SAN DIEGO FWY),SEPULVEDA BLVD,2640,S,N,A,-,Y,NA,NA,405,NA,NA,NA,NA,NA,N,N,4,0,2,2,A,-,03,22350,NA,N,C,C,A,A,H,-,D,D,0,NA,NA,NA,NA,Y,NA,A,07,0,0,2,0,0,0,0,0,0,-,-,34.14059066772461,-118.47100830078124,LOS ANGELES,LOS ANGELES,-118.47125244140624,34.14056396484375
91385807,2021,2021-01-12,9590,2021-01-01,2115,022369,NA,5,2,7,1942,0,1,1,NA,2,051,I-110 S/B (HARBOR FREEWAY),CENTURY BLVD.,500,N,N,A,-,Y,NA,NA,110,NA,NA,NA,NA,NA,S,Y,4,0,1,1,A,-,01,23152,A,N,E,I,A,A,H,-,C,D,0,NA,NA,NA,NA,Y,Y,A,01,0,0,1,0,0,0,0,0,0,-,-,33.94704818725586,-118.27992248535156,LOS ANGELES,LOS ANGELES,-118.27970886230467,33.9470329284668
91385823,2021,2021-01-12,9530,2021-01-05,0615,021089,NA,2,1,9,1900,0,3,5,NA,2,001,FLORENCE AVE.,PACIFIC BLVD.,0,NA,Y,A,-,N,NA,NA,NA,NA,NA,NA,NA,NA,NA,N,4,0,1,2,A,-,09,21801,A,N,D,C,A,A,H,-,B,A,0,NA,NA,NA,NA,Y,NA,A,01,0,0,1,0,0,0,0,0,0,-,-,33.97380065917969,-118.22530364990234,LOS ANGELES,UNINCORPORATED,-118.22522735595705,33.97421646118164
91385833,2021,2021-01-12,9550,2021-01-02,2015,022474,NA,6,2,5,1919,0,1,1,NA,2,652,INTERSTATE 605 (SAN GABRIEL RIVER FREEW,ALONDRA BOULEVARD,1200,S,N,A,-,Y,NA,NA,605,NA,NA,NA,NA,NA,NA,N,4,0,1,2,A,-,08,22107,NA,N,B,C,A,A,H,-,C,D,0,NA,NA,NA,NA,Y,NA,A,01,0,0,1,0,0,0,0,0,0,-,-,33.883941650390625,-118.10398864746094,LOS ANGELES,CERRITOS,-118.10407257080078,33.883934020996094
91385841,2021,2021-01-12,9530,2021-01-05,0700,021004,NA,2,1,7,1941,0,1,1,NA,2,072,I-710 S/B TO I-405 N/B,I-405 N/B (SAN DIEGO FREEWAY),150,N,N,B,-,Y,NA,NA,710,NA,NA,NA,R,NA,S,Y,4,0,1,1,A,-,08,22107,NA,N,A,I,A,A,H,-,A,A,0,NA,NA,NA,NA,Y,NA,A,01,0,0,1,0,0,0,0,0,0,-,-,33.8272705078125,-118.20948028564452,LOS ANGELES,LONG BEACH,-118.20948028564452,33.8272705078125
91385846,2021,2021-01-12,9530,2021-01-05,1740,022453,NA,2,2,7,1942,0,1,1,NA,2,110,I-110 N/B (HARBOR FREEWAY),I-105 E/B (GLENN ANDERSON FWY),1400,N,N,A,-,Y,NA,NA,110,NA,NA,NA,NA,NA,N,Y,4,0,1,3,A,-,03,22350,NA,N,C,C,A,A,H,-,B,D,0,NA,NA,NA,NA,Y,NA,A,07,0,0,1,0,0,0,0,0,0,-,-,33.87685012817383,-118.28482055664064,LOS ANGELES,LOS ANGELES,-118.28482818603516,33.87685012817383
91385849,2021,2021-01-12,9535,2021-01-09,0025,022254,NA,6,3,5,1948,0,1,3,NA,2,600,SR-60 (POMONA FREEWAY) E/B,ATLANTIC BLVD.,100,E,N,A,-,Y,NA,NA,60,NA,NA,NA,NA,NA,E,Y,4,0,1,2,A,-,07,21658,A,N,B,C,A,A,H,-,C,D,0,NA,NA,NA,Y,Y,NA,G,25,0,0,1,0,0,0,0,0,0,-,-,34.035030364990234,-118.14974212646484,LOS ANGELES,MONTEREY PARK,-118.14976501464844,34.03498458862305
91385857,2021,2021-01-12,9530,2021-01-05,1825,022453,NA,2,2,7,1942,0,1,1,NA,2,200,I-105 W/B (GLENN ANDERSON FWY),CENTRAL AVE.,1400,E,N,A,-,Y,NA,NA,NA,NA,NA,NA,NA,NA,NA,Y,3,0,1,2,A,-,03,22350,NA,N,C,C,A,A,H,-,C,A,0,NA,NA,NA,NA,Y,NA,A,07,0,1,0,0,0,0,0,0,0,-,-,33.87685012817383,-118.28482055664064,LOS ANGELES,LOS ANGELES,-118.25370025634766,33.92829895019531
91385877,2021,2021-01-12,9530,2021-01-06,0920,020938,NA,3,1,9,1900,0,3,5,NA,2,002,REDONDO BEACH BLVD.,SAN PEDRO ST.,0,NA,Y,A,-,N,NA,NA,NA,NA,NA,NA,NA,NA,NA,Y,3,0,2,2,A,-,12,21453,A,N,D,C,A,A,H,-,A,A,0,NA,NA,NA,NA,Y,NA,A,01,0,1,1,0,0,0,0,0,0,-,-,33.89329147338867,-118.26680755615234,LOS ANGELES,UNINCORPORATED,-118.26702117919922,33.89318084716797
91385886,2021,2021-01-12,9530,2021-01-06,1820,022453,NA,3,2,9,1900,0,3,5,NA,2,001,COMPTON AVENUE (5900 BLOCK),59TH ST.,70,S,N,A,-,N,NA,NA,NA,NA,NA,NA,NA,NA,NA,Y,4,0,1,2,A,-,09,21804,A,N,D,C,A,A,H,-,C,D,0,NA,NA,NA,NA,Y,NA,A,01,0,0,1,0,0,0,0,0,0,-,-,33.98691940307617,-118.2478485107422,LOS ANGELES,UNINCORPORATED,-118.24774932861328,33.9868278503418
91385915,2021,2021-01-12,9525,2021-01-03,1210,017528,NA,7,1,9,1900,0,3,5,NA,2,002,COVINA BLVD,BONNIE COVE AVE,0,NA,Y,A,-,N,NA,NA,NA,NA,NA,NA,NA,NA,NA,Y,4,0,1,2,A,-,12,21453,A,N,D,C,A,A,H,-,A,A,0,NA,NA,NA,NA,Y,NA,A,01,0,0,1,0,0,0,0,0,0,-,-,34.099361419677734,-117.85504913330078,LOS ANGELES,UNINCORPORATED,-117.85507965087892,34.09945297241211
91385946,2021,2021-01-12,9530,2021-01-06,0720,020938,NA,3,1,9,1900,0,3,5,NA,2,001,70TH ST.,HOOPER AVE.,0,NA,Y,A,-,N,NA,NA,NA,NA,NA,NA,NA,NA,NA,Y,3,0,1,2,A,-,09,21802,A,N,D,C,A,A,H,-,A,D,0,NA,NA,NA,Y,Y,NA,F,26,0,1,0,0,0,0,0,0,0,-,-,33.97673034667969,-118.25205993652344,LOS ANGELES,UNINCORPORATED,-118.25206756591795,33.97669219970703
91385953,2021,2021-01-12,9535,2021-01-09,1910,022248,NA,6,2,9,1900,0,2,4,NA,2,014,CESAR E CHAVEZ AVE,ARIZONA AVE,0,NA,Y,A,-,N,NA,NA,NA,NA,NA,NA,NA,NA,NA,N,3,0,1,2,A,-,10,21950,A,N,G,B,B,A,H,-,C,D,0,Y,NA,NA,NA,Y,NA,A,01,0,1,0,0,1,0,0,0,0,-,-,34.040550231933594,-118.163818359375,LOS ANGELES,UNINCORPORATED,-118.16384887695313,34.04059982299805
91385979,2021,2021-01-12,9550,2021-01-01,1630,022391,NA,5,2,9,1900,0,1,3,NA,2,600,STATE ROUTE 60 EASTBOUND,CROSSROADS PARKWAY,200,E,N,A,-,Y,NA,NA,60,NA,NA,NA,NA,NA,E,Y,3,0,1,3,A,-,08,22107,NA,F,B,C,A,A,H,-,A,D,0,NA,NA,NA,NA,Y,NA,-,99,0,1,0,0,0,0,0,0,0,-,-,34.031490325927734,-118.0221710205078,LOS ANGELES,UNINCORPORATED,-118.02215576171876,34.03151321411133
91385998,2021,2021-01-12,9530,2021-01-06,1819,021310,NA,3,2,6,1972,0,1,1,NA,2,400,I-405 N/B (SAN DIEGO FREEWAY),INGLEWOOD AVE.,500,N,N,A,-,Y,NA,NA,NA,NA,NA,NA,NA,NA,NA,N,2,0,1,2,A,-,11,21956,NA,N,G,B,E,A,H,-,C,D,0,Y,NA,NA,NA,Y,NA,N,60,1,0,0,0,1,0,0,0,0,-,-,33.89234161376953,-118.36321258544922,LOS ANGELES,TORRANCE,-118.362548828125,33.89191818237305
91386004,2021,2021-01-12,9535,2021-01-07,1439,021976,NA,4,2,5,1959,0,1,1,NA,2,400,I-10 (SAN BERNARDINO FREEWAY) E/B,ROSEMEAD BLVD.,1100,W,N,A,-,Y,NA,NA,10,NA,NA,NA,NA,NA,E,Y,4,0,1,3,A,-,03,22350,NA,N,C,C,A,A,H,-,A,D,0,NA,NA,NA,NA,Y,NA,A,01,0,0,1,0,0,0,0,0,0,-,-,34.07209014892578,-118.07698822021484,LOS ANGELES,ROSEMEAD,-118.07698822021484,34.0720329284668
91386005,2021,2021-01-12,9550,2021-01-03,1345,022434,NA,7,1,9,1900,0,1,1,NA,2,500,I-5 N/B,I-605,1000,S,N,A,-,Y,NA,NA,NA,NA,NA,NA,NA,NA,NA,Y,3,0,2,2,A,-,07,21658,A,N,B,C,A,A,H,-,A,D,0,NA,NA,NA,NA,Y,NA,-,-,0,1,1,0,0,0,0,0,0,-,-,33.937808990478516,-118.09433746337892,LOS ANGELES,UNINCORPORATED,-118.09493255615234,33.93879318237305
91386035,2021,2021-01-12,9535,2021-01-09,1750,022305,NA,6,2,5,1906,0,1,1,NA,2,650,I-605 N/B (SAN GABRIEL RIVER FREEWAY),VALLEY BLVD,2254,N,N,A,-,Y,NA,NA,605,NA,NA,NA,NA,NA,N,Y,3,0,1,3,A,-,03,22350,NA,F,C,C,A,A,H,-,D,D,0,NA,NA,NA,NA,Y,NA,-,99,0,1,0,0,0,0,0,0,0,-,-,34.05873107910156,-118.0016632080078,LOS ANGELES,BALDWIN PARK,-118.001708984375,34.058753967285156
91386041,2021,2021-01-12,9525,2021-01-01,0605,019121,NA,5,1,5,1990,0,1,3,NA,2,574,SR-57 N/B TO SR-60 E/B,SR-60 E/B (POMONA FWY),475,S,N,A,-,Y,NA,NA,57,NA,NA,NA,R,NA,N,Y,3,0,1,1,A,-,08,22107,NA,N,E,I,A,A,H,-,C,D,0,NA,NA,NA,NA,Y,Y,D,22,0,1,0,0,0,0,0,0,0,-,-,34.0004997253418,-117.83583831787108,LOS ANGELES,DIAMOND BAR,-117.83583831787108,34.0004997253418
91386059,2021,2021-01-12,9525,2021-01-06,1650,020042,NA,3,2,6,1955,0,1,1,NA,2,110,I-10 E/B (SAN BERNARDINO FWY),FAIRPLEX DR.,528,E,N,A,-,Y,NA,NA,10,NA,NA,NA,NA,NA,E,N,4,0,2,5,A,-,07,21658,A,N,C,C,A,A,H,-,A,D,0,NA,NA,NA,NA,Y,NA,A,01,0,0,2,0,0,0,0,0,0,-,-,34.07278060913086,-117.7846908569336,LOS ANGELES,POMONA,-117.7846908569336,34.072811126708984
91386066,2021,2021-01-12,9550,2021-01-06,0110,018150,NA,3,3,4,1936,0,1,1,NA,2,501,I-5 (N/B),VALLEY VIEW AVENUE,600,S,N,A,-,Y,NA,NA,5,NA,NA,NA,NA,NA,NA,Y,3,0,1,1,A,-,01,23152,A,N,E,I,A,A,H,-,C,D,0,NA,NA,NA,NA,Y,Y,A,01,0,1,0,0,0,0,0,0,0,-,-,33.88323974609375,-118.02719116210938,LOS ANGELES,LA MIRADA,-118.02719116210938,33.88323974609375
91386072,2021,2021-01-12,9525,2021-01-08,0540,022546,NA,5,3,5,1990,0,1,3,NA,2,601,SR-60 W/B (POMONA FWY),GRAND AVE,2700,W,N,A,-,Y,NA,NA,60,NA,NA,NA,NA,NA,W,N,4,0,1,3,A,-,07,21658,A,N,B,C,A,A,H,-,C,D,0,NA,NA,NA,NA,Y,NA,A,01,0,0,1,0,0,0,0,0,0,-,-,34.004920959472656,-117.8295669555664,LOS ANGELES,DIAMOND BAR,-117.82950592041016,34.00484085083008
91386093,2021,2021-01-12,9525,2021-01-11,1510,020042,NA,1,2,9,1900,0,3,5,NA,2,002,VALLEY CENTER AVE,CIENEGA AVE,0,NA,Y,A,-,N,NA,NA,NA,NA,NA,NA,NA,NA,NA,Y,4,0,2,4,A,-,12,22450,A,N,D,C,A,A,H,-,A,A,0,NA,NA,NA,NA,Y,NA,A,01,0,0,2,0,0,0,0,0,0,-,-,34.10279083251953,-117.83775329589844,LOS ANGELES,UNINCORPORATED,-117.83763885498048,34.10306167602539
91386100,2021,2021-01-12,9580,2021-01-12,0910,020983,NA,2,1,7,1942,0,1,1,NA,2,405,I-405 S/B (SAN DIEGO FWY),SHERMAN WAY,200,S,N,A,-,Y,NA,NA,405,NA,NA,NA,NA,NA,S,Y,4,0,1,2,A,-,03,22350,NA,N,C,C,A,A,H,-,A,D,0,NA,NA,NA,NA,Y,NA,A,01,0,0,1,0,0,0,0,0,0,-,-,34.19717025756836,-118.47438049316406,LOS ANGELES,LOS ANGELES,-118.47438049316406,34.19717025756836
91386103,2021,2021-01-12,9530,2021-01-06,1950,022453,NA,3,2,7,1942,0,1,1,NA,2,110,NB I-110 TO EB I-105,SOUTH BROADWAY,400,E,N,A,-,Y,NA,NA,NA,NA,NA,NA,NA,NA,NA,Y,4,0,1,1,A,-,03,22350,NA,N,E,I,A,A,H,-,D,D,0,NA,NA,NA,NA,Y,NA,A,01,0,0,1,0,0,0,0,0,0,-,-,33.92802810668945,-118.2766571044922,LOS ANGELES,LOS ANGELES,-118.2770538330078,33.93564224243164
91386106,2021,2021-01-12,9580,2021-01-11,1145,022036,NA,1,1,7,1942,0,1,1,NA,2,404,I-405 N/B OFF-RAMP TO VICTORY BLVD.,VICTORY BLVD,25,N,N,A,-,Y,NA,NA,405,NA,NA,NA,R,NA,N,Y,4,0,1,2,A,-,03,22350,NA,N,C,C,A,A,H,-,A,A,0,NA,NA,NA,NA,Y,NA,A,01,0,0,1,0,0,0,0,0,0,-,-,34.186798095703125,-118.47319793701172,LOS ANGELES,LOS ANGELES,-118.47319793701172,34.186798095703125