CASE_ID,ACCIDENT_YEAR,PROC_DATE,JURIS,COLLISION_DATE,COLLISION_TIME,OFFICER_ID,REPORTING_DISTRICT,DAY_OF_WEEK,CHP_SHIFT,POPULATION,CNTY_CITY_LOC,SPECIAL_COND,BEAT_TYPE,CHP_BEAT_TYPE,CITY_DIVISION_LAPD,CHP_BEAT_CLASS,BEAT_NUMBER,PRIMARY_RD,SECONDARY_RD,DISTANCE,DIRECTION,INTERSECTION,WEATHER_1,WEATHER_2,STATE_HWY_IND,CALTRANS_COUNTY,CALTRANS_DISTRICT,STATE_ROUTE,ROUTE_SUFFIX,POSTMILE_PREFIX,POSTMILE,LOCATION_TYPE,RAMP_INTERSECTION,SIDE_OF_HWY,TOW_AWAY,COLLISION_SEVERITY,NUMBER_KILLED,NUMBER_INJURED,PARTY_COUNT,PRIMARY_COLL_FACTOR,PCF_CODE_OF_VIOL,PCF_VIOL_CATEGORY,PCF_VIOLATION,PCF_VIOL_SUBSECTION,HIT_AND_RUN,TYPE_OF_COLLISION,MVIW,PED_ACTION,ROAD_SURFACE,ROAD_COND_1,ROAD_COND_2,LIGHTING,CONTROL_DEVICE,CHP_ROAD_TYPE,PEDESTRIAN_ACCIDENT,BICYCLE_ACCIDENT,MOTORCYCLE_ACCIDENT,TRUCK_ACCIDENT,NOT_PRIVATE_PROPERTY,ALCOHOL_INVOLVED,STWD_VEHTYPE_AT_FAULT,CHP_VEHTYPE_AT_FAULT,COUNT_SEVERE_INJ,COUNT_VISIBLE_INJ,COUNT_COMPLAINT_PAIN,COUNT_PED_KILLED,COUNT_PED_INJURED,COUNT_BICYCLIST_KILLED,COUNT_BICYCLIST_INJURED,COUNT_MC_KILLED,COUNT_MC_INJURED,PRIMARY_RAMP,SECONDARY_RAMP,LATITUDE,LONGITUDE,COUNTY,CITY,POINT_X,POINT_Y
91391698,2021,2021-01-20,9545,2021-01-16,1320,016523,NA,6,1,9,1900,0,3,5,NA,2,001,SIERRA HIGHWAY,AVENUE A,0,NA,Y,A,-,N,NA,NA,NA,NA,NA,NA,NA,NA,NA,Y,2,0,1,2,A,-,12,22450,A,F,F,I,A,A,H,-,A,D,0,NA,NA,Y,NA,Y,NA,A,01,1,0,0,0,0,0,0,0,1,-,-,34.820701599121094,-118.15606689453124,LOS ANGELES,UNINCORPORATED,-118.15608215332033,34.820674896240234
91391699,2021,2021-01-20,9525,2021-01-18,1225,020341,NA,1,1,6,1955,0,1,1,NA,2,108,I-10 E/B (SAN BERNARDINO FWY),FAIRPLEX DR.,2020,W,N,A,-,Y,NA,NA,10,NA,NA,NA,NA,NA,E,Y,3,0,1,1,A,-,08,22107,NA,N,E,I,A,A,H,-,A,D,0,NA,NA,NA,NA,Y,NA,A,07,0,1,0,0,0,0,0,0,0,-,-,34.07102966308594,-117.79328918457033,LOS ANGELES,POMONA,-117.79331970214844,34.07109832763672
91391715,2021,2021-01-20,9580,2021-01-18,1015,014675,NA,1,1,9,1900,0,2,4,NA,1,131,MULHOLLAND HWY,HIGHPOINT DR,250,E,N,A,-,N,NA,NA,NA,NA,NA,NA,NA,NA,NA,Y,2,0,1,1,A,-,03,22350,NA,N,F,A,A,A,H,-,A,D,0,NA,NA,Y,NA,Y,NA,C,02,1,0,0,0,0,0,0,0,1,-,-,34.10966873168945,-118.75798797607422,LOS ANGELES,UNINCORPORATED,-118.7577667236328,34.10987091064453
91391739,2021,2021-01-20,9590,2021-01-11,0520,021606,NA,1,3,7,1942,0,1,2,NA,2,071,US-101 S/B (HOLLYWOOD FREEWAY),BEAUDRY AVE.,50,S,N,A,-,Y,NA,NA,101,NA,NA,NA,NA,NA,S,Y,4,0,2,3,A,-,08,22107,NA,N,B,C,A,A,H,-,B,D,0,NA,NA,NA,NA,Y,NA,A,01,0,0,2,0,0,0,0,0,0,-,-,34.063961029052734,-118.25015258789064,LOS ANGELES,LOS ANGELES,-118.25016784667967,34.06393814086914
91391741,2021,2021-01-20,9550,2021-01-19,1644,020014,NA,2,2,6,1920,0,1,1,NA,2,500,I-5 S/B TO LAKEWOOD BLVD,LAKEWOOD BOULEVARD,15,S,N,A,-,Y,NA,NA,5,NA,NA,NA,R,NA,S,N,4,0,2,2,A,-,03,22350,NA,N,C,C,A,A,H,-,A,D,0,NA,NA,NA,NA,Y,NA,A,01,0,0,2,0,0,0,0,0,0,-,-,33.956809997558594,-118.11254119873048,LOS ANGELES,DOWNEY,-118.11254119873048,33.956809997558594
91391910,2021,2021-01-21,9575,2021-01-11,2310,022582,NA,1,3,3,1991,0,1,1,NA,2,063,I-210 W/B (FOOTHILL FREEWAY),FOOTHILL BOULEVARD,300,E,N,A,-,Y,NA,NA,NA,NA,NA,NA,NA,NA,NA,Y,4,0,1,1,A,-,08,22107,NA,N,E,I,A,A,H,-,C,D,0,NA,NA,NA,NA,Y,NA,A,01,0,0,1,0,0,0,0,0,0,-,-,34.19675827026367,-118.18450927734376,LOS ANGELES,LA CANADA-FLINTRIDGE,-118.18492889404295,34.1971321105957
91391911,2021,2021-01-21,9525,2021-01-18,0450,021838,NA,1,3,9,1900,0,3,5,NA,2,002,ARROW HIGHWAY,BARRANCA AVE,0,NA,Y,A,-,N,NA,NA,NA,NA,NA,NA,NA,NA,NA,Y,3,0,2,2,A,-,12,21453,A,N,D,C,A,A,H,-,C,A,0,NA,NA,NA,NA,Y,NA,A,01,0,1,1,0,0,0,0,0,0,-,-,34.10667037963867,-117.88149261474608,LOS ANGELES,UNINCORPORATED,-117.88150787353516,34.10667037963867
91391914,2021,2021-01-21,9580,2021-01-17,2115,020791,NA,7,2,7,1942,0,1,3,NA,1,271,SR-27 N/B (TOPANGA CYN. BLVD.),SR-1(PACIFIC COAST HWY),3500,N,N,A,-,N,NA,NA,NA,NA,NA,NA,NA,NA,NA,Y,4,0,1,1,A,-,01,23152,A,N,F,I,A,A,H,-,D,D,0,NA,NA,NA,NA,Y,Y,A,01,0,0,1,0,0,0,0,0,0,-,-,34.049930572509766,-118.5801010131836,LOS ANGELES,LOS ANGELES,-118.25624084472656,33.79149627685547
91391919,2021,2021-01-21,9545,2021-01-16,2225,021642,NA,6,3,6,1950,0,1,3,NA,2,021,SR-14 S/B,AVENUE S,1900,N,N,A,-,Y,NA,NA,14,NA,NA,NA,NA,NA,S,Y,2,0,1,1,A,-,08,22107,NA,N,F,A,A,A,H,-,D,D,0,NA,NA,Y,NA,Y,NA,C,02,1,0,0,0,0,0,0,0,1,-,-,34.563419342041016,-118.13313293457033,LOS ANGELES,PALMDALE,-118.13309478759766,34.56342315673828
91391921,2021,2021-01-21,9540,2021-01-14,1445,021118,NA,4,2,6,1985,0,1,3,NA,1,144,SR-14 N/B (ANTELOPE VALLEY FWY),PLACERITA CANYON RD,1600,N,N,A,-,Y,NA,NA,14,NA,NA,NA,NA,NA,N,Y,4,0,1,2,A,-,03,22350,NA,N,C,C,A,A,H,-,A,D,0,NA,NA,NA,NA,Y,NA,A,01,0,0,1,0,0,0,0,0,0,-,-,34.38154983520508,-118.48876190185548,LOS ANGELES,SANTA CLARITA,-118.48885345458984,34.381656646728516
91391931,2021,2021-01-21,9540,2021-01-08,1525,021078,NA,5,2,6,1985,0,1,1,NA,2,506,I-5 N/B (G.S.F.) FROM NEWHALL RNCH. RD.,NEWHALL RANCH RD.,400,S,N,A,-,Y,NA,NA,5,NA,NA,NA,R,NA,N,Y,3,0,1,1,A,-,03,22350,NA,N,F,A,A,A,H,-,A,D,0,NA,NA,NA,Y,Y,NA,G,25,0,1,0,0,0,0,0,0,0,-,-,34.442649841308594,-118.60359954833984,LOS ANGELES,SANTA CLARITA,-118.60359954833984,34.442649841308594
91391938,2021,2021-01-21,9550,2021-01-16,0750,022587,NA,6,1,9,1900,0,2,4,NA,1,023,MULBERRY DRIVE,COLIMA ROAD,0,NA,Y,A,-,N,NA,NA,NA,NA,NA,NA,NA,NA,NA,Y,3,0,1,2,A,-,12,21453,A,N,D,C,A,A,H,-,A,A,0,NA,NA,NA,NA,Y,NA,A,01,0,1,0,0,0,0,0,0,0,-,-,33.93537139892578,-118.01666259765624,LOS ANGELES,UNINCORPORATED,-118.01679229736328,33.93525695800781
91391944,2021,2021-01-21,9565,2021-01-13,1255,021575,NA,3,1,9,1900,0,1,1,NA,2,060,I-405 SOUTHBOUND TO I-105 FREEWAY,LENNOX BOULEVARD,500,S,N,A,-,Y,NA,NA,405,NA,NA,NA,R,NA,S,Y,3,0,1,3,A,-,08,22107,NA,N,C,C,A,A,H,-,A,D,0,NA,NA,NA,Y,Y,NA,A,01,0,1,0,0,0,0,0,0,0,-,-,33.93684005737305,-118.36871337890624,LOS ANGELES,UNINCORPORATED,-118.36871337890624,33.93684005737305
91391954,2021,2021-01-21,9565,2021-01-17,0032,021892,NA,7,3,5,1928,0,1,1,NA,2,060,I-405 N/B,EL SEGUNDO BLVD,1100,S,N,A,-,Y,NA,NA,405,NA,NA,NA,NA,NA,N,Y,3,0,3,3,A,-,03,22350,NA,N,C,C,A,A,H,-,C,D,0,NA,NA,NA,NA,Y,Y,A,07,0,3,0,0,0,0,0,0,0,-,-,33.91352844238281,-118.37027740478516,LOS ANGELES,HAWTHORNE,-118.37029266357422,33.91352844238281
91391955,2021,2021-01-21,9590,2021-01-12,1250,017733,NA,2,1,7,1942,0,1,1,NA,2,080,I-5 N/B (SAF) TO I-5 N/B (GSF),WHITTIER BLVD,80,S,N,A,-,Y,NA,NA,5,NA,NA,NA,R,NA,N,Y,3,0,1,3,A,-,07,21658,A,N,B,C,A,A,H,-,A,D,0,NA,NA,NA,NA,Y,NA,A,01,0,1,0,0,0,0,0,0,0,-,-,34.035858154296875,-118.21987915039064,LOS ANGELES,LOS ANGELES,-118.21987915039064,34.035858154296875
91391967,2021,2021-01-21,9525,2021-01-20,1525,019495,NA,3,2,1,1934,0,1,1,NA,2,652,I-605 N/B (SAN GABRIEL RIVER FWY),I-210,4224,S,N,B,-,Y,NA,NA,605,NA,NA,NA,NA,NA,N,N,4,0,1,2,A,-,03,22350,NA,F,C,C,A,A,H,-,A,D,0,NA,NA,NA,NA,Y,NA,-,99,0,0,1,0,0,0,0,0,0,-,-,34.124290466308594,-117.96611785888672,LOS ANGELES,IRWINDALE,-117.96614074707033,34.12430953979492
91391990,2021,2021-01-21,9580,2021-01-14,2020,022566,NA,4,2,7,1942,0,1,2,NA,2,102,US-101 N/B (VENTURA FREEWAY),VAN NUYS BLVD,1690,N,N,A,-,Y,NA,NA,101,NA,NA,NA,NA,NA,N,Y,3,0,1,4,A,-,03,22350,NA,N,C,C,A,A,H,-,C,D,0,NA,NA,NA,NA,Y,NA,A,01,0,1,0,0,0,0,0,0,0,-,-,34.15800094604492,-118.45437622070313,LOS ANGELES,LOS ANGELES,-118.4543914794922,34.15789031982422
91391992,2021,2021-01-21,9580,2021-01-15,0715,020728,NA,5,1,7,1942,0,1,1,NA,2,405,I-405 S/B (SAN DIEGO FWY),BURBANK BLVD,220,N,N,A,-,Y,NA,NA,405,NA,NA,NA,NA,NA,S,Y,2,0,2,2,A,-,08,22107,NA,N,B,C,A,A,H,-,A,D,0,NA,NA,NA,Y,Y,NA,D,22,1,1,0,0,0,0,0,0,0,-,-,34.17224884033203,-118.46775817871094,LOS ANGELES,LOS ANGELES,-118.46778869628906,34.17224884033203
91391999,2021,2021-01-21,9540,2021-01-15,1105,021374,NA,5,1,9,1900,0,1,3,NA,2,147,SR-14 S/B (ANTELOPE VALLEY FREEWAY),SAND CANYON RD,528,N,N,A,-,Y,NA,NA,NA,NA,NA,NA,NA,NA,NA,N,3,0,1,3,A,-,03,22350,NA,N,C,C,A,A,H,-,A,D,0,NA,NA,NA,NA,Y,NA,A,07,0,1,0,0,0,0,0,0,0,-,-,34.42655944824219,-118.42247772216795,LOS ANGELES,UNINCORPORATED,-118.42208099365234,34.4260139465332
91392009,2021,2021-01-21,9580,2021-01-13,2250,022591,NA,3,3,7,1942,0,1,2,NA,2,100,US-101 S/B (VENTURA FREEWAY),LAUREL CANYON BLVD,750,N,N,A,-,Y,NA,NA,101,NA,NA,NA,NA,NA,S,Y,3,0,2,2,A,-,01,23152,F,N,C,C,A,A,H,-,D,D,0,NA,NA,NA,NA,Y,NA,A,01,0,2,0,0,0,0,0,0,0,-,-,34.155330657958984,-118.40057373046876,LOS ANGELES,LOS ANGELES,-118.40059661865234,34.15528106689453
91392018,2021,2021-01-21,9580,2021-01-11,0804,019715,NA,1,1,7,1942,0,1,2,NA,2,101,US-101 S/B (HOLLYWOOD FREEWAY),MOORPARK ST,620,N,N,A,-,Y,NA,NA,NA,NA,NA,NA,NA,NA,NA,Y,4,0,2,4,A,-,03,22350,NA,N,C,C,A,A,H,-,A,D,0,NA,NA,NA,NA,Y,NA,A,01,0,0,2,0,0,0,0,0,0,-,-,34.09080123901367,-118.22329711914064,LOS ANGELES,LOS ANGELES,-118.37548065185548,34.15180206298828
91392020,2021,2021-01-21,9580,2021-01-17,1527,021999,NA,7,2,9,1900,0,2,4,NA,1,128,KANAN RD,CORNELL ROAD,600,S,N,A,-,N,NA,NA,NA,NA,NA,NA,NA,NA,NA,Y,4,0,1,2,A,-,03,22350,NA,N,C,C,A,A,H,-,A,D,0,NA,NA,NA,NA,Y,NA,A,01,0,0,1,0,0,0,0,0,0,-,-,34.13856887817383,-118.75997161865234,LOS ANGELES,UNINCORPORATED,-118.75994873046876,34.138648986816406
91392028,2021,2021-01-21,9545,2021-01-20,0155,021361,NA,3,3,9,1900,0,1,3,NA,2,031,SR-14 S/B,CROWN VALLEY RD,4752,N,N,A,G,Y,NA,NA,14,NA,NA,NA,NA,NA,S,Y,3,0,1,1,A,-,01,23152,A,N,F,A,A,A,H,-,D,D,0,NA,NA,NA,NA,Y,Y,A,01,0,1,0,0,0,0,0,0,0,-,-,34.49361038208008,-118.18804931640624,LOS ANGELES,UNINCORPORATED,-118.18804931640624,34.49356460571289
91392044,2021,2021-01-21,9590,2021-01-08,0850,022252,NA,5,1,7,1942,0,1,1,NA,2,013,SR-110 S/B (ASP) FROM AVE 52,AVE 52,200,S,N,A,-,Y,NA,NA,110,NA,NA,NA,R,NA,S,N,4,0,1,2,A,-,03,22350,NA,N,C,C,A,A,H,-,A,D,0,NA,NA,NA,NA,Y,NA,A,07,0,0,1,0,0,0,0,0,0,-,-,34.10329818725586,-118.19679260253906,LOS ANGELES,LOS ANGELES,-118.19679260253906,34.10329818725586
91392047,2021,2021-01-21,9565,2021-01-11,0813,017648,NA,1,1,7,1942,0,1,1,NA,2,061,I-405 N/B,JEFFERSON BLVD,1320,S,N,A,-,Y,NA,NA,405,NA,NA,NA,NA,NA,N,N,4,0,2,3,A,-,03,22350,NA,N,C,C,A,A,H,-,A,D,0,NA,NA,NA,NA,Y,NA,A,07,0,0,2,0,0,0,0,0,0,-,-,33.98440170288086,-118.39617156982422,LOS ANGELES,LOS ANGELES,-118.39627838134766,33.98431396484375
91392056,2021,2021-01-21,9530,2021-01-15,2055,022197,NA,5,2,7,1941,0,1,1,NA,2,420,I-405 S/B (SAN DIEGO FREEWAY),TEMPLE AVE.,150,N,N,A,-,Y,NA,NA,405,NA,NA,NA,NA,NA,S,Y,4,0,1,2,A,-,07,21658,A,N,B,C,A,A,H,-,D,D,0,NA,NA,NA,NA,Y,NA,A,07,0,0,1,0,0,0,0,0,0,-,-,33.81061935424805,-118.15988159179688,LOS ANGELES,LONG BEACH,-118.15990447998048,33.81057357788086
91392132,2021,2021-01-21,9580,2021-01-17,1254,019483,NA,7,1,7,1942,0,1,2,NA,2,102,US-101 N/B (VENTURA FREEWAY),BALBOA BLVD,150,S,N,A,-,Y,NA,NA,101,NA,NA,NA,NA,NA,N,Y,2,0,2,2,A,-,00,22658,A,N,C,C,A,A,H,-,A,D,0,NA,NA,Y,NA,Y,NA,A,01,1,1,0,0,0,0,0,0,2,-,-,34.170989990234375,-118.50229644775392,LOS ANGELES,LOS ANGELES,-118.50230407714844,34.17097091674805
91392197,2021,2021-01-21,9530,2021-01-14,0900,020816,NA,4,1,9,1900,0,3,5,NA,2,001,MAIE AVE (8300 BLOCK),83RD ST.,9,N,N,A,-,N,NA,NA,NA,NA,NA,NA,NA,NA,NA,Y,4,0,1,2,A,-,06,21750,NA,N,B,C,A,A,H,-,A,D,0,NA,NA,NA,NA,Y,NA,D,22,0,0,1,0,0,0,0,0,0,-,-,33.96337127685547,-118.24442291259766,LOS ANGELES,UNINCORPORATED,-118.24445343017578,33.96298599243164
91392206,2021,2021-09-20,9535,2021-01-14,1230,022100,NA,4,1,9,1900,0,1,3,NA,2,601,SR-60 (POMONA FREEWAY) W/B,MEDNIK AVE.,70,E,N,A,-,Y,NA,NA,60,NA,NA,NA,NA,NA,W,Y,4,0,3,2,A,-,07,21658,A,N,B,C,A,A,D,-,A,A,0,NA,NA,NA,NA,Y,NA,A,01,0,0,3,0,0,0,0,0,0,-,-,34.03670883178711,-118.16148376464844,LOS ANGELES,UNINCORPORATED,-118.16147613525392,34.03666687011719
91392211,2021,2021-01-21,9590,2021-01-15,1910,017878,NA,5,2,7,1942,0,1,1,NA,2,041,I-5 S/B (SAF),ESPERANZA STREET,600,S,N,A,-,Y,NA,NA,5,NA,NA,NA,NA,NA,S,N,4,0,1,3,A,-,03,22350,NA,N,C,C,A,A,H,-,C,D,0,NA,NA,NA,NA,Y,NA,A,08,0,0,1,0,0,0,0,0,0,-,-,34.02138900756836,-118.19660949707033,LOS ANGELES,LOS ANGELES,-118.19658660888672,34.02143859863281
91392225,2021,2021-01-21,9565,2021-01-11,1804,022219,NA,1,2,5,1928,0,1,1,NA,2,012,I-105 E/B (CENTURY FREEWAY),YUKON AVE,450,W,N,A,-,Y,NA,NA,105,NA,NA,NA,NA,NA,E,Y,3,0,3,4,A,-,07,21658,A,N,B,C,A,A,H,-,B,D,0,NA,NA,NA,NA,Y,NA,A,01,0,1,2,0,0,0,0,0,0,-,-,33.925270080566406,-118.33667755126952,LOS ANGELES,HAWTHORNE,-118.33667755126952,33.92526626586914
91392269,2021,2021-01-21,9575,2021-01-04,1305,020711,NA,1,1,7,1942,0,1,1,NA,2,053,I-5 N/B (GOLDEN STATE FREEWAY),OSBORNE ST,1600,S,N,A,-,Y,NA,NA,5,NA,NA,NA,NA,NA,N,Y,4,0,1,6,A,-,07,21658,A,M,B,C,A,A,H,-,A,D,0,NA,NA,NA,Y,Y,NA,A,07,0,0,1,0,0,0,0,0,0,-,-,34.241790771484375,-118.41893768310548,LOS ANGELES,LOS ANGELES,-118.41905975341795,34.241661071777344
91392287,2021,2021-01-21,9525,2021-01-11,1439,022555,NA,1,2,6,1975,0,1,1,NA,2,105,I-10 W/B (SAN BERNARDINO FWY),AZUSA AVE,1056,W,N,A,-,Y,NA,NA,10,NA,NA,NA,NA,NA,W,Y,3,0,1,1,C,-,18,NA,NA,N,E,I,A,A,H,-,A,D,0,NA,NA,NA,Y,Y,NA,-,-,0,1,0,0,0,0,0,0,0,-,-,34.072200775146484,-117.91078186035156,LOS ANGELES,WEST COVINA,-117.91078186035156,34.072261810302734
91392295,2021,2021-01-21,9545,2021-01-20,1047,017305,NA,3,1,9,1900,0,2,S,NA,2,901,47TH STREET EAST,FORT TEJON ROAD,234,N,N,A,-,N,NA,NA,NA,NA,NA,NA,NA,NA,NA,Y,3,0,2,2,A,-,03,22350,NA,N,C,C,A,A,H,-,A,A,0,NA,NA,NA,NA,Y,NA,A,01,0,1,1,0,0,0,0,0,0,-,-,34.5548210144043,-118.0451431274414,LOS ANGELES,UNINCORPORATED,-118.04509735107422,34.55434036254883
91392310,2021,2021-01-21,9535,2021-01-15,1937,021976,NA,5,2,3,1914,0,1,1,NA,2,500,I-5 (SANTA ANA FREEWAY) N/B,SIMONS R/R U/P,50,S,N,A,-,Y,NA,NA,5,NA,NA,NA,NA,NA,N,Y,3,0,3,3,A,-,04,21703,NA,N,C,C,A,A,H,-,C,D,0,NA,NA,NA,NA,Y,NA,A,01,0,1,2,0,0,0,0,0,0,-,-,33.99515151977539,-118.14472198486328,LOS ANGELES,COMMERCE,-118.1447296142578,33.99513626098633
91392322,2021,2021-01-21,9525,2021-01-18,0735,019550,NA,1,1,9,1900,0,3,5,NA,2,004,THIRD AVE. (200 BLOCK),WORKMAN MILL RD.,10,N,N,A,-,N,NA,NA,NA,NA,NA,NA,NA,NA,NA,N,4,0,1,2,A,-,03,22350,NA,N,C,C,A,A,H,-,A,A,0,NA,NA,NA,NA,Y,NA,A,01,0,0,1,0,0,0,0,0,0,-,-,34.043678283691406,-117.99089050292967,LOS ANGELES,UNINCORPORATED,-117.99086761474608,34.0434684753418
91392491,2021,2021-01-22,9530,2021-01-06,1200,020816,NA,3,1,9,1900,0,1,1,NA,2,120,I-110 S/B (HARBOR FREEWAY),CARSON ST.,1430,N,N,A,-,Y,NA,NA,110,NA,NA,NA,NA,NA,S,Y,4,0,1,2,A,-,01,23152,A,N,E,I,A,A,H,-,A,D,0,NA,NA,NA,NA,Y,Y,A,01,0,0,1,0,0,0,0,0,0,-,-,33.83483123779297,-118.2873992919922,LOS ANGELES,UNINCORPORATED,-118.28745269775392,33.83483123779297
91392506,2021,2021-01-22,9575,2021-01-14,1220,019629,NA,4,1,9,1900,0,2,4,NA,2,020,ALTADENA DRIVE,LAKE AVENUE,0,NA,Y,A,-,N,NA,NA,NA,NA,NA,NA,NA,NA,NA,Y,3,0,1,2,A,-,09,21801,A,N,D,C,A,A,H,-,A,A,0,NA,NA,NA,NA,Y,NA,A,01,0,1,0,0,0,0,0,0,0,-,-,34.19010925292969,-118.13121795654295,LOS ANGELES,UNINCORPORATED,-118.13130950927734,34.190208435058594
91392510,2021,2021-01-22,9540,2021-01-21,0535,018037,NA,4,3,9,1900,0,1,3,NA,1,143,SR-14 S/B (ANTELOPE VALLEY FREEWAY),SIERRA HIGHWAY U/C,212,S,N,A,-,Y,NA,NA,14,NA,NA,NA,NA,NA,S,N,4,0,1,3,A,-,03,22350,NA,M,B,C,A,A,H,-,D,D,0,NA,NA,NA,NA,Y,NA,-,99,0,0,1,0,0,0,0,0,0,-,-,34.33818054199219,-118.50740814208984,LOS ANGELES,UNINCORPORATED,-118.50746917724608,34.338199615478516
91392515,2021,2021-01-22,9575,2021-01-15,1645,022503,NA,5,2,6,1953,0,1,1,NA,2,064,I-210 W/B (FOOTHILL FREEWAY),FAIR OAKS AVE.,305,W,N,A,-,Y,NA,NA,210,NA,NA,NA,NA,NA,W,N,4,0,1,2,A,-,07,21658,A,N,B,C,A,A,H,-,A,D,0,NA,NA,NA,NA,Y,NA,A,01,0,0,1,0,0,0,0,0,0,-,-,34.15153884887695,-118.15160369873048,LOS ANGELES,PASADENA,-118.15159606933594,34.15153121948242
91392522,2021,2021-01-22,9550,2021-01-16,2331,021532,NA,6,3,9,1900,0,1,1,NA,2,650,INTERSTATE 605 S/B,SARAGOSA STREET,0,NA,N,A,-,Y,NA,NA,605,NA,NA,NA,NA,NA,S,Y,4,0,1,1,A,-,03,22350,NA,N,E,J,A,A,H,-,C,D,0,NA,NA,NA,NA,Y,NA,A,01,0,0,1,0,0,0,0,0,0,-,-,33.975669860839844,-118.07949066162108,LOS ANGELES,UNINCORPORATED,-118.07958221435548,33.97570037841797
91392525,2021,2021-01-22,9580,2021-01-14,1615,022468,NA,4,2,7,1942,0,1,1,NA,2,404,I-405 N/B (SAN DIEGO FWY),VENTURA BLVD,2640,S,N,A,-,Y,NA,NA,405,NA,NA,NA,NA,NA,N,Y,4,0,1,3,A,-,03,22350,NA,N,C,C,A,A,H,-,A,D,0,NA,NA,NA,NA,Y,NA,D,22,0,0,1,0,0,0,0,0,0,-,-,34.14585876464844,-118.47061920166016,LOS ANGELES,LOS ANGELES,-118.47058868408205,34.145843505859375
91392586,2021,2021-01-22,9530,2021-01-17,2120,022380,NA,7,2,7,1942,0,1,1,NA,2,110,I-110 N/B (HARBOR FREEWAY),111TH PL.,100,S,N,A,-,Y,NA,NA,110,NA,NA,NA,NA,NA,N,Y,3,0,3,3,A,-,03,22350,NA,N,C,D,A,A,H,-,C,D,0,NA,NA,NA,NA,Y,NA,A,01,0,2,1,0,0,0,0,0,0,-,-,33.93370819091797,-118.27993011474608,LOS ANGELES,LOS ANGELES,-118.27983856201172,33.9337043762207
91392614,2021,2021-01-22,9530,2021-01-17,1240,021089,NA,7,1,9,1900,0,3,5,NA,2,002,126TH ST.,AVALON BLVD.,0,NA,Y,A,-,N,NA,NA,NA,NA,NA,NA,NA,NA,NA,N,4,0,2,2,A,-,12,21457,A,N,D,C,A,A,H,-,A,B,0,NA,NA,NA,NA,Y,NA,-,-,0,0,2,0,0,0,0,0,0,-,-,33.91910171508789,-118.26499938964844,LOS ANGELES,UNINCORPORATED,-118.26525115966795,33.91885757446289
91392619,2021,2021-01-22,9540,2021-01-13,1240,015093,NA,3,1,9,1900,0,2,4,NA,1,204,BOUQUET CANYON ROAD,TEXAS CANYON FIRE STATION,3168,N,N,B,-,N,NA,NA,NA,NA,NA,NA,NA,NA,NA,Y,3,0,1,1,A,-,03,22350,NA,N,F,A,A,A,H,-,A,D,0,NA,NA,NA,NA,Y,NA,A,07,0,1,0,0,0,0,0,0,0,-,-,34.51329040527344,-118.44921875,LOS ANGELES,UNINCORPORATED,-118.45632934570313,34.49846649169922
91392625,2021,2021-01-22,9530,2021-01-11,0500,022592,NA,1,3,9,1900,0,3,5,NA,2,002,WILMINGTON AVENUE (12500 BLOCK),126TH ST.,0,NA,Y,A,-,N,NA,NA,NA,NA,NA,NA,NA,NA,NA,Y,4,0,2,3,A,-,09,21802,A,N,D,C,A,A,H,-,C,D,0,NA,NA,NA,NA,Y,NA,A,01,0,0,2,0,0,0,0,0,0,-,-,33.91851043701172,-118.23915863037108,LOS ANGELES,UNINCORPORATED,-118.23915863037108,33.91802215576172
91392639,2021,2021-01-22,9530,2021-01-18,1610,021623,NA,1,2,7,1942,0,1,1,NA,2,110,I-110 N/B (HARBOR FREEWAY),REDONDO BEACH BLVD.,1000,S,N,A,-,Y,NA,NA,110,NA,NA,NA,NA,NA,N,Y,3,0,1,2,A,-,03,22350,NA,N,C,C,A,A,H,-,A,D,0,NA,NA,Y,NA,Y,NA,C,02,0,1,0,0,0,0,0,0,1,-,-,33.89363098144531,-118.2855224609375,LOS ANGELES,LOS ANGELES,-118.2855987548828,33.89362335205078
91392644,2021,2021-01-22,9530,2021-01-16,1710,021076,NA,6,2,9,1900,0,3,5,NA,2,001,HOOPER AVE. (5800 BLOCK),58TH PL.,4,W,N,A,-,N,NA,NA,NA,NA,NA,NA,NA,NA,NA,N,4,0,1,2,A,-,09,21804,A,M,B,C,A,A,H,-,C,A,0,NA,NA,NA,NA,Y,NA,M,96,0,0,1,0,0,0,0,0,0,-,-,33.98860168457031,-118.25221252441406,LOS ANGELES,UNINCORPORATED,-118.25212097167967,33.98860168457031