CASE_ID,ACCIDENT_YEAR,PROC_DATE,JURIS,COLLISION_DATE,COLLISION_TIME,OFFICER_ID,REPORTING_DISTRICT,DAY_OF_WEEK,CHP_SHIFT,POPULATION,CNTY_CITY_LOC,SPECIAL_COND,BEAT_TYPE,CHP_BEAT_TYPE,CITY_DIVISION_LAPD,CHP_BEAT_CLASS,BEAT_NUMBER,PRIMARY_RD,SECONDARY_RD,DISTANCE,DIRECTION,INTERSECTION,WEATHER_1,WEATHER_2,STATE_HWY_IND,CALTRANS_COUNTY,CALTRANS_DISTRICT,STATE_ROUTE,ROUTE_SUFFIX,POSTMILE_PREFIX,POSTMILE,LOCATION_TYPE,RAMP_INTERSECTION,SIDE_OF_HWY,TOW_AWAY,COLLISION_SEVERITY,NUMBER_KILLED,NUMBER_INJURED,PARTY_COUNT,PRIMARY_COLL_FACTOR,PCF_CODE_OF_VIOL,PCF_VIOL_CATEGORY,PCF_VIOLATION,PCF_VIOL_SUBSECTION,HIT_AND_RUN,TYPE_OF_COLLISION,MVIW,PED_ACTION,ROAD_SURFACE,ROAD_COND_1,ROAD_COND_2,LIGHTING,CONTROL_DEVICE,CHP_ROAD_TYPE,PEDESTRIAN_ACCIDENT,BICYCLE_ACCIDENT,MOTORCYCLE_ACCIDENT,TRUCK_ACCIDENT,NOT_PRIVATE_PROPERTY,ALCOHOL_INVOLVED,STWD_VEHTYPE_AT_FAULT,CHP_VEHTYPE_AT_FAULT,COUNT_SEVERE_INJ,COUNT_VISIBLE_INJ,COUNT_COMPLAINT_PAIN,COUNT_PED_KILLED,COUNT_PED_INJURED,COUNT_BICYCLIST_KILLED,COUNT_BICYCLIST_INJURED,COUNT_MC_KILLED,COUNT_MC_INJURED,PRIMARY_RAMP,SECONDARY_RAMP,LATITUDE,LONGITUDE,COUNTY,CITY,POINT_X,POINT_Y
91398898,2021,2021-01-29,9590,2021-01-17,2105,021535,NA,7,2,7,1942,0,1,1,NA,2,084,I-5 N/B (GOLDEN STATE FREEWAY),HYPERION AVENUE,100,S,N,A,-,Y,NA,NA,5,NA,NA,NA,NA,NA,N,N,3,0,1,3,A,-,08,22107,NA,N,B,C,E,A,H,-,C,D,0,Y,NA,NA,NA,Y,NA,A,07,0,1,0,0,1,0,0,0,0,-,-,34.1120491027832,-118.26528167724608,LOS ANGELES,LOS ANGELES,-118.26528167724608,34.11204528808594
91398904,2021,2021-01-29,9525,2021-01-23,0250,021967,NA,6,3,1,1934,0,1,1,NA,2,652,I-605 N/B (SAN GABRIEL RIVER FWY),LOWER AZUSA RD.,1848,N,N,A,-,Y,NA,NA,605,NA,NA,NA,NA,NA,N,Y,3,0,2,2,A,-,01,23152,A,N,A,C,A,A,H,-,D,D,0,NA,NA,NA,NA,Y,Y,A,01,0,1,1,0,0,0,0,0,0,-,-,34.095340728759766,-117.9870834350586,LOS ANGELES,IRWINDALE,-117.987060546875,34.09531784057617
91398914,2021,2021-01-29,9590,2021-01-23,1225,018345,NA,6,1,7,1942,0,1,1,NA,2,061,I-10 WB (SMF) COLLECTOR ROAD,WESTERN AVE.,120,E,N,B,-,Y,NA,NA,10,NA,NA,NA,NA,NA,W,N,4,0,1,6,A,-,03,22350,NA,N,C,C,A,A,H,-,A,D,0,NA,NA,NA,NA,Y,NA,A,01,0,0,1,0,0,0,0,0,0,-,-,34.03739929199219,-118.30843353271484,LOS ANGELES,LOS ANGELES,-118.30843353271484,34.03725814819336
91398916,2021,2021-01-29,9575,2021-01-23,1501,021784,NA,6,2,7,1942,0,1,3,NA,2,043,SR-134 W/B (VENTURA FREEWAY),FOREST LAWN DR.,1600,W,N,B,C,Y,NA,NA,134,NA,NA,NA,NA,NA,W,N,4,0,1,2,A,-,03,22350,NA,N,C,C,A,B,H,-,A,D,0,NA,NA,NA,NA,Y,NA,E,22,0,0,1,0,0,0,0,0,0,-,-,34.15462112426758,-118.31626892089844,LOS ANGELES,LOS ANGELES,-118.31622314453124,34.15489959716797
91398971,2021,2021-01-29,9530,2021-01-26,1700,017755,NA,2,2,5,1977,0,1,1,NA,2,410,I-405 S/B (SAN DIEGO FREEWAY),CARSON ST.,164,N,N,A,-,Y,NA,NA,405,NA,NA,NA,NA,NA,S,Y,4,0,1,2,A,-,03,22350,NA,N,E,I,A,A,H,-,A,D,0,NA,NA,NA,NA,Y,NA,A,01,0,0,1,0,0,0,0,0,0,-,-,33.83219909667969,-118.25640106201172,LOS ANGELES,CARSON,-118.25648498535156,33.832115173339844
91398985,2021,2021-01-29,9535,2021-01-25,0900,022011,NA,1,1,5,1952,0,1,1,NA,2,105,I-105 (CENTURY FREEWAY) W/B,I-710,50,E,N,A,-,Y,NA,NA,105,NA,NA,NA,NA,NA,W,Y,4,0,2,3,A,-,03,22350,NA,N,C,C,A,A,H,-,A,D,0,NA,NA,NA,NA,Y,NA,A,01,0,0,2,0,0,0,0,0,0,-,-,33.912899017333984,-118.1796417236328,LOS ANGELES,PARAMOUNT,-118.17963409423828,33.91291809082031
91398986,2021,2021-01-29,9535,2021-01-21,1615,022025,NA,4,2,5,1959,0,1,1,NA,2,110,I-10 (SAN BERNARDINO FREEWAY)E/B H.O.T.,DEL MAR AVE,430,E,N,A,-,Y,NA,NA,10,NA,NA,NA,NA,NA,NA,N,4,0,1,3,A,-,03,22350,NA,N,C,C,A,A,H,-,A,D,0,NA,NA,NA,NA,Y,Y,D,22,0,0,1,0,0,0,0,0,0,-,-,34.071800231933594,-118.097900390625,LOS ANGELES,ROSEMEAD,-118.097900390625,34.07174301147461
91398991,2021,2021-01-29,9525,2021-01-24,1405,021995,NA,7,2,9,1900,0,3,5,NA,2,003,AZUSA AVENUE,TADMORE STREET,44,N,N,B,-,N,NA,NA,NA,NA,NA,NA,NA,NA,NA,N,4,0,1,2,D,-,00,NA,NA,N,B,C,A,A,H,-,A,D,0,NA,NA,NA,NA,Y,NA,-,-,0,0,1,0,0,0,0,0,0,-,-,34.01499938964844,-117.92176818847656,LOS ANGELES,UNINCORPORATED,-117.9218292236328,34.01490783691406
91399040,2021,2021-01-29,9550,2021-01-22,1540,021656,NA,5,2,5,1919,0,1,3,NA,2,092,STATE ROUTE 91 W/B (ARTESIA FREEWAY),BLOOMFIELD AVENUE,100,W,N,A,-,Y,NA,NA,91,NA,NA,NA,NA,NA,W,Y,4,0,3,2,A,-,08,22107,NA,N,C,C,A,A,H,-,A,D,0,NA,NA,NA,NA,Y,NA,A,07,0,0,3,0,0,0,0,0,0,-,-,33.87575912475586,-118.064208984375,LOS ANGELES,CERRITOS,-118.06429290771484,33.87555694580078
91399071,2021,2021-02-01,9525,2021-01-21,2125,022546,NA,4,2,9,1900,0,3,5,NA,2,001,WEST HONDO PKWY (5100 BLOCK),TYLER AVE,30,E,N,A,-,N,NA,NA,NA,NA,NA,NA,NA,NA,NA,Y,3,0,1,7,A,-,01,23152,A,N,C,E,A,A,H,-,C,D,0,NA,NA,NA,NA,Y,Y,D,22,0,1,0,0,0,0,0,0,0,-,-,34.09806823730469,-118.02568817138672,LOS ANGELES,UNINCORPORATED,-118.0257568359375,34.09798812866211
91399159,2021,2021-02-01,9575,2021-01-17,2104,022582,NA,7,2,6,1953,0,1,1,NA,2,064,I-210 E/B (FOOTHILL FREEWAY),LAKE AVE,400,E,N,A,-,Y,NA,NA,210,NA,NA,NA,NA,NA,E,Y,4,0,1,1,A,-,01,23152,A,N,E,I,A,A,H,-,C,D,0,NA,NA,NA,NA,Y,Y,A,01,0,0,1,0,0,0,0,0,0,-,-,34.15169906616211,-118.13102722167967,LOS ANGELES,PASADENA,-118.13102722167967,34.15165328979492
91399163,2021,2021-02-01,9575,2021-01-17,2107,022582,NA,7,2,6,1953,0,1,1,NA,2,064,I-210 E/B (FOOTHILL FREEWAY),LAKE AVENUE,380,E,N,A,-,Y,NA,NA,210,NA,NA,NA,NA,NA,E,Y,4,0,1,2,A,-,03,22350,NA,N,C,C,A,A,H,-,C,D,0,NA,NA,NA,NA,Y,NA,A,07,0,0,1,0,0,0,0,0,0,-,-,34.15169143676758,-118.12972259521484,LOS ANGELES,PASADENA,-118.12972259521484,34.15165328979492
91399164,2021,2021-02-01,9550,2021-01-20,1030,022144,NA,3,1,9,1900,0,2,4,NA,1,051,NOGALES STREET,KILLIAN AVENUE,0,NA,Y,A,-,N,NA,NA,NA,NA,NA,NA,NA,NA,NA,Y,4,0,1,2,A,-,12,21453,A,N,D,C,A,A,H,-,A,D,0,NA,NA,NA,NA,Y,NA,-,-,0,0,1,0,0,0,0,0,0,-,-,33.98217010498047,-117.88883972167967,LOS ANGELES,UNINCORPORATED,-117.88877868652344,33.98212814331055
91399165,2021,2021-02-01,9545,2021-01-23,1831,022265,NA,6,2,6,1992,0,1,3,NA,2,011,SR-14 N/B,AVENUE K,2100,S,N,B,-,Y,NA,NA,14,NA,NA,NA,NA,NA,N,Y,3,0,2,2,A,-,08,22107,NA,N,E,I,A,B,H,-,D,D,0,NA,NA,NA,NA,Y,NA,A,01,0,1,1,0,0,0,0,0,0,-,-,34.67021179199219,-118.1536102294922,LOS ANGELES,LANCASTER,-118.15390777587892,34.67008972167969
91399207,2021,2021-02-01,9575,2021-01-24,2025,022448,NA,7,2,5,1902,0,1,1,NA,2,065,I-210 E/B (FOOTHILL FREEWAY),SANTA ANITA AVE.,200,E,N,B,C,Y,NA,NA,210,NA,NA,NA,NA,NA,E,Y,3,0,2,2,A,-,08,22107,NA,N,E,I,A,B,H,-,D,D,0,NA,NA,NA,Y,Y,NA,A,01,0,1,1,0,0,0,0,0,0,-,-,34.14744186401367,-118.03060150146484,LOS ANGELES,ARCADIA,-118.03061676025392,34.14739227294922
91399209,2021,2021-02-01,9550,2021-01-25,0500,022144,NA,1,3,5,1919,0,1,3,NA,2,091,STATE ROUTE 91 (ARTESIA FREEWAY) W/B,STUDEBAKER ROAD,200,E,N,C,-,Y,NA,NA,91,NA,NA,NA,NA,NA,W,Y,3,0,1,2,A,-,08,22107,NA,N,B,C,A,B,H,-,D,D,0,NA,NA,NA,NA,Y,NA,D,22,0,1,0,0,0,0,0,0,0,-,-,33.87651062011719,-118.09889221191406,LOS ANGELES,CERRITOS,-118.09889221191406,33.87638854980469
91399214,2021,2021-02-08,9545,2021-01-24,1515,021948,NA,7,2,9,1900,0,1,3,NA,2,031,SR-14 N/B,CROWN VALLEY RD,2138,N,N,B,-,Y,NA,NA,14,NA,NA,NA,NA,NA,N,Y,3,0,1,1,A,-,08,22107,NA,N,E,I,A,A,H,-,A,D,0,NA,NA,NA,NA,Y,NA,A,07,0,1,0,0,0,0,0,0,0,-,-,34.49256134033203,-118.19126129150392,LOS ANGELES,UNINCORPORATED,-118.19127655029295,34.49263000488281
91399308,2021,2021-02-01,9540,2021-01-21,1505,020875,NA,4,2,9,1900,0,2,4,NA,1,102,HASLEY CANYON ROAD,CAMBRIDGE AVE,0,NA,Y,A,-,N,NA,NA,NA,NA,NA,NA,NA,NA,NA,Y,3,0,2,2,A,-,12,21453,A,N,D,C,A,A,H,-,A,A,0,NA,NA,NA,NA,Y,NA,A,01,0,2,0,0,0,0,0,0,0,-,-,34.454811096191406,-118.621337890625,LOS ANGELES,UNINCORPORATED,-118.62142944335938,34.4549446105957
91399317,2021,2021-02-01,9580,2021-01-22,1410,022492,NA,5,2,7,1942,0,1,2,NA,2,101,US-101 S/B (VENTURA FREEWAY),COLDWATER CANYON AVE,1480,S,N,A,-,Y,NA,NA,101,NA,NA,NA,NA,NA,S,Y,3,0,2,3,A,-,03,22350,NA,N,C,C,A,A,H,-,A,D,0,NA,NA,NA,NA,Y,NA,A,01,0,1,1,0,0,0,0,0,0,-,-,34.15665817260742,-118.4086685180664,LOS ANGELES,LOS ANGELES,-118.4086685180664,34.156620025634766
91399319,2021,2021-02-01,9590,2021-01-14,1430,022431,NA,4,2,7,1942,0,1,1,NA,2,051,I-110 S/B (HARBOR FREEWAY),43RD STREET,50,N,N,A,-,Y,NA,NA,110,NA,NA,NA,NA,NA,S,Y,4,0,1,4,A,-,03,22350,NA,N,C,C,A,A,H,-,A,D,0,NA,NA,NA,NA,Y,NA,D,22,0,0,1,0,0,0,0,0,0,-,-,34.00584030151367,-118.28131103515624,LOS ANGELES,LOS ANGELES,-118.28118133544922,34.00584030151367
91399321,2021,2021-02-01,9525,2021-01-25,0330,022521,NA,1,3,1,1934,0,1,1,NA,2,651,I-605 S/B (SAN GABRIEL RIVER FWY),LOWER AZUSA RD.,300,N,N,B,C,Y,NA,NA,605,NA,NA,NA,NA,NA,S,Y,4,0,2,2,A,-,03,22350,NA,N,D,C,A,B,H,-,D,D,0,NA,NA,NA,NA,Y,NA,A,01,0,0,2,0,0,0,0,0,0,-,-,34.092708587646484,-117.99078369140624,LOS ANGELES,IRWINDALE,-117.99079895019533,34.09273147583008
91399325,2021,2021-02-01,9575,2021-01-22,1653,021744,NA,5,2,6,1953,0,1,1,NA,2,064,I-210 E/B (FOOTHILL FREEWAY),EL MOLINO AVENUE,500,W,N,A,-,Y,NA,NA,210,NA,NA,NA,NA,NA,E,Y,3,0,1,2,A,-,07,21658,A,N,D,C,A,A,H,-,A,D,0,NA,NA,NA,NA,Y,NA,D,22,0,1,0,0,0,0,0,0,0,-,-,34.15169143676758,-118.13893127441406,LOS ANGELES,PASADENA,-118.13893127441406,34.151649475097656
91399327,2021,2021-02-01,9590,2021-01-17,0935,021346,NA,7,1,7,1942,0,1,1,NA,2,065,I-10 W/B (SANTA MONICA FREEWAY),15TH STREET,200,E,N,A,-,Y,NA,NA,10,NA,NA,NA,NA,NA,W,Y,3,0,1,1,A,-,08,22107,NA,N,F,A,A,A,H,-,A,D,0,NA,NA,Y,NA,Y,NA,C,02,0,1,0,0,0,0,0,0,1,-,-,34.02423858642578,-118.2407684326172,LOS ANGELES,LOS ANGELES,-118.2407455444336,34.02417755126953
91399348,2021,2021-02-01,9575,2021-01-23,2300,021932,NA,6,3,7,1942,0,1,1,NA,2,053,SB I-5 FROM BRANFORD ST,SHELDON ST,1280,N,N,B,-,Y,NA,NA,5,NA,NA,NA,R,NA,NA,N,2,0,1,2,A,-,11,21954,A,N,G,B,E,A,H,-,C,D,0,Y,NA,NA,NA,Y,Y,N,60,1,0,0,0,1,0,0,0,0,-,-,34.23217010498047,-118.40868377685548,LOS ANGELES,LOS ANGELES,-118.40868377685548,34.23217010498047
91399372,2021,2021-02-01,9525,2021-01-22,2317,021362,NA,5,3,5,1990,0,1,3,NA,2,603,SR-60 W/B (POMONA FWY),GOLDEN SPRINGS DR.,2112,E,N,B,-,Y,NA,NA,60,NA,NA,NA,NA,NA,W,Y,4,0,1,2,A,-,03,22350,NA,N,C,C,A,B,H,-,C,D,0,NA,NA,NA,NA,Y,NA,A,07,0,0,1,0,0,0,0,0,0,-,-,34.025421142578125,-117.78661346435548,LOS ANGELES,DIAMOND BAR,-117.78660583496094,34.02542495727539
91399384,2021,2021-02-01,9575,2021-01-22,1550,022558,NA,5,2,7,1942,0,1,1,NA,2,050,I-5 S/B (GOLDEN STATE FREEWAY),SOUTH EDGE OF L.A. RIVER,70,N,N,A,-,Y,NA,NA,5,NA,NA,NA,NA,NA,S,Y,2,0,1,3,A,-,03,22350,NA,N,C,C,A,A,H,-,A,D,0,NA,NA,NA,NA,Y,NA,A,08,1,0,0,0,0,0,0,0,0,-,-,34.15570831298828,-118.28975677490234,LOS ANGELES,LOS ANGELES,-118.2897491455078,34.15571594238281
91399408,2021,2021-02-01,9540,2021-01-23,1010,021374,NA,6,1,9,1900,0,3,5,NA,2,200,SAND CANYON RD,THOMPSON RANCH RD,1056,W,N,B,C,N,NA,NA,NA,NA,NA,NA,NA,NA,NA,Y,2,0,1,1,A,-,03,22350,NA,N,E,I,A,B,H,-,A,D,0,NA,NA,NA,NA,Y,NA,A,01,1,0,0,0,0,0,0,0,0,-,-,34.44227981567383,-118.41925048828124,LOS ANGELES,UNINCORPORATED,-118.41910552978516,34.44143295288086
91399410,2021,2021-02-01,9535,2021-01-30,1250,021772,NA,6,1,3,1914,0,1,1,NA,2,501,I-5 (SANTA ANA FREEWAY) S/B,WASHINGTON BLVD,480,N,N,A,-,Y,NA,NA,5,NA,NA,NA,NA,NA,S,N,4,0,1,2,A,-,03,22350,NA,N,C,C,A,A,H,-,A,D,0,NA,NA,NA,NA,Y,NA,A,01,0,0,1,0,0,0,0,0,0,-,-,33.99631881713867,-118.14595794677734,LOS ANGELES,COMMERCE,-118.14600372314452,33.99628829956055
91399414,2021,2021-02-01,9590,2021-01-29,2318,022088,NA,5,3,7,1942,0,1,1,NA,2,063,I-10 W/B (SMF) TO I-110 N/B (HAF),PICO BLVD. U/C,200,S,N,A,-,Y,NA,NA,NA,NA,NA,NA,NA,NA,NA,Y,3,0,3,1,A,-,01,23152,A,N,E,J,A,A,H,-,C,D,0,NA,NA,NA,NA,Y,Y,A,07,0,2,1,0,0,0,0,0,0,-,-,34.04182815551758,-118.27304840087892,LOS ANGELES,LOS ANGELES,-118.45280456542967,34.027896881103516
91399420,2021,2021-02-01,9540,2021-01-23,1303,019254,NA,6,1,9,1900,0,1,1,NA,2,513,I-5 S/B (GOLDEN STATE FREEWAY),SMOKEY BEAR ROAD,5280,N,N,C,F,Y,NA,NA,5,NA,NA,NA,NA,NA,S,Y,4,0,1,1,A,-,03,22350,NA,N,E,I,A,B,H,-,A,D,0,NA,NA,NA,NA,Y,NA,A,01,0,0,1,0,0,0,0,0,0,-,-,34.72275161743164,-118.79936981201172,LOS ANGELES,UNINCORPORATED,-118.79924774169922,34.72275924682617
91399442,2021,2021-02-01,9590,2021-01-20,1632,021996,NA,3,2,7,1942,0,1,1,NA,2,085,I-5 S/B (GOLDEN STATE FREEWAY),COLORADO ST,1284,S,N,A,-,Y,NA,NA,5,NA,NA,NA,NA,NA,S,Y,4,0,1,2,A,-,07,21658,A,N,B,C,A,A,H,-,A,D,0,NA,NA,NA,NA,Y,NA,-,-,0,0,1,0,0,0,0,0,0,-,-,34.137359619140625,-118.27654266357422,LOS ANGELES,LOS ANGELES,-118.27650451660156,34.13737106323242
91399446,2021,2021-02-01,9565,2021-01-28,2005,021429,NA,4,2,6,1933,0,1,1,NA,2,060,I-405 N/B (SAN DIEGO FREEWAY),MANCHESTER BOULEVARD,1200,S,N,B,C,Y,NA,NA,405,NA,NA,NA,NA,NA,N,Y,4,0,1,1,A,-,03,22350,NA,N,E,I,A,B,H,-,C,D,0,NA,NA,NA,NA,Y,NA,A,07,0,0,1,0,0,0,0,0,0,-,-,33.95811080932617,-118.3693618774414,LOS ANGELES,INGLEWOOD,-118.36922454833984,33.958106994628906
91399452,2021,2021-02-01,9580,2021-01-29,0635,022591,NA,5,1,7,1942,0,1,1,NA,2,405,I-405 S/B (SAN DIEGO FWY),SEPULVEDA BLVD,450,S,N,B,-,Y,NA,NA,405,NA,NA,NA,NA,NA,S,Y,3,0,2,3,A,-,07,21658,A,N,B,C,A,B,H,-,A,D,0,NA,NA,NA,Y,Y,NA,-,-,0,1,1,0,0,0,0,0,0,-,-,34.139671325683594,-118.47158813476564,LOS ANGELES,LOS ANGELES,-118.47140502929688,34.13969039916992
91399500,2021,2021-02-01,9565,2021-01-30,1510,021429,NA,6,2,4,1918,0,1,1,NA,2,061,I-405 S/B (SAN DIEGO FREEWAY),VENICE BOULEVARD,600,S,N,A,-,Y,NA,NA,405,NA,NA,NA,NA,NA,S,Y,4,0,2,2,A,-,03,22350,NA,N,C,C,A,A,H,-,A,D,0,NA,NA,NA,NA,Y,NA,A,01,0,0,2,0,0,0,0,0,0,-,-,34.010711669921875,-118.41742706298828,LOS ANGELES,CULVER CITY,-118.41740417480467,34.01072692871094
91399526,2021,2021-02-01,9580,2021-01-29,0905,022535,NA,5,1,7,1942,0,1,2,NA,2,101,US-101 S/B (HOLLYWOOD FREEWAY),VINELAND AVE,50,S,N,B,-,Y,NA,NA,101,NA,NA,NA,NA,NA,S,Y,4,0,3,4,A,-,08,22107,NA,N,A,C,A,B,H,-,A,D,0,NA,NA,NA,NA,Y,NA,A,07,0,0,3,0,0,0,0,0,0,-,-,34.146549224853516,-118.37001037597656,LOS ANGELES,LOS ANGELES,-118.3699951171875,34.146568298339844
91399573,2021,2021-02-01,9575,2021-01-24,1100,019595,NA,7,1,7,1942,0,1,1,NA,2,053,I-5 S/B TO OSBORNE STREET,OSBORNE STREET,2,N,N,A,-,Y,NA,NA,5,NA,NA,NA,R,NA,S,N,4,0,1,2,A,-,03,22350,NA,N,C,C,A,A,H,-,A,A,0,NA,NA,NA,NA,Y,NA,A,01,0,0,1,0,0,0,0,0,0,-,-,34.244178771972656,-118.42340850830078,LOS ANGELES,LOS ANGELES,-118.42340850830078,34.244178771972656
91399592,2021,2021-02-01,9565,2021-01-20,1400,021429,NA,3,2,9,1900,0,2,4,NA,2,024,IMPERIAL HIGHWAY,BUDLONG AVENUE,0,NA,Y,A,-,N,NA,NA,NA,NA,NA,NA,NA,NA,NA,Y,3,0,3,3,A,-,09,21801,A,N,D,C,A,A,H,-,A,A,0,NA,NA,NA,NA,Y,NA,D,22,0,2,1,0,0,0,0,0,0,-,-,33.930908203125,-118.2958984375,LOS ANGELES,UNINCORPORATED,-118.29589080810548,33.93098068237305
91399600,2021,2021-02-01,9550,2021-01-23,0240,022239,NA,6,3,9,1900,0,2,4,NA,1,021,CARMENITA ROAD N/B,SUNSHINE AVENUE,55,N,N,B,-,N,NA,NA,NA,NA,NA,NA,NA,NA,NA,Y,4,0,1,4,A,-,08,22100,B,F,B,C,A,B,H,-,C,D,0,NA,NA,NA,NA,Y,NA,-,99,0,0,1,0,0,0,0,0,0,-,-,33.922210693359375,-118.0464096069336,LOS ANGELES,UNINCORPORATED,-118.04659271240234,33.922061920166016
91399610,2021,2021-02-01,9535,2021-01-23,1910,022235,NA,6,2,5,1952,0,1,1,NA,2,075,I-710S/B FROM ROSECRANS AVE.,ROSECRANS AVE,170,S,N,C,-,Y,NA,NA,710,NA,NA,NA,R,NA,NA,N,4,0,1,2,A,-,07,21658,A,N,B,C,A,B,H,-,C,D,0,NA,NA,NA,NA,Y,NA,D,22,0,0,1,0,0,0,0,0,0,-,-,33.90299987792969,-118.18686676025392,LOS ANGELES,PARAMOUNT,-118.18686676025392,33.90299987792969
91399651,2021,2021-02-01,9565,2021-01-23,2023,022145,NA,6,2,9,1900,0,2,4,NA,2,021,VERMONT AVENUE S/B,90TH STREET,0,NA,Y,C,-,N,NA,NA,NA,NA,NA,NA,NA,NA,NA,N,4,0,1,2,A,-,08,22100,B,N,B,C,A,B,H,-,C,D,0,NA,NA,NA,NA,Y,NA,A,07,0,0,1,0,0,0,0,0,0,-,-,33.95505905151367,-118.29183197021484,LOS ANGELES,UNINCORPORATED,-118.29189300537108,33.955055236816406
91399653,2021,2021-02-22,9590,2021-01-15,1310,017733,NA,5,1,7,1942,0,1,1,NA,2,012,SR-110 N/B (ARROYO SECO PKWY),VIA MARISOL,450,N,N,A,-,Y,NA,NA,110,NA,NA,NA,NA,NA,N,Y,3,0,3,4,A,-,03,22350,NA,N,C,C,A,A,H,-,A,D,0,NA,NA,NA,NA,Y,NA,A,07,0,3,0,0,0,0,0,0,0,-,-,34.105159759521484,-118.1893310546875,LOS ANGELES,LOS ANGELES,-118.18933868408205,34.10517501831055
91399668,2021,2021-02-01,9590,2021-01-27,1350,020618,NA,3,1,7,1942,0,1,1,NA,2,061,I-10 WB (SMF),HAUSER BOULEVARD,300,E,N,A,-,Y,NA,NA,10,NA,NA,NA,NA,NA,W,Y,3,0,1,3,A,-,07,21658,A,F,B,C,A,A,H,-,A,D,0,NA,NA,NA,NA,Y,NA,-,99,0,1,0,0,0,0,0,0,0,-,-,34.03390884399414,-118.3611068725586,LOS ANGELES,LOS ANGELES,-118.3611068725586,34.03391647338867
91399679,2021,2021-02-01,9550,2021-01-25,0505,021578,NA,1,3,9,1900,0,1,3,NA,2,601,SR-60 W/B,AZUSA AVE.,2500,E,N,B,-,Y,NA,NA,NA,NA,NA,NA,NA,NA,NA,N,4,0,1,2,A,-,03,22350,NA,F,C,C,A,B,H,-,C,D,0,NA,NA,NA,NA,Y,NA,-,99,0,0,1,0,0,0,0,0,0,-,-,33.995601654052734,-118.92032623291016,LOS ANGELES,UNINCORPORATED,-117.92325592041016,33.996036529541016
91399685,2021,2021-02-01,9580,2021-01-28,1135,022550,NA,4,1,7,1942,0,1,2,NA,2,102,US-101 N/B (VENTURA FREEWAY),LOUISE AVE,528,S,N,B,-,Y,NA,NA,101,NA,NA,NA,NA,NA,N,N,3,0,1,2,A,-,08,22107,NA,N,B,C,A,A,H,-,A,D,0,NA,NA,NA,Y,Y,NA,J,41,0,1,0,0,0,0,0,0,0,-,-,34.17127990722656,-118.50772094726564,LOS ANGELES,LOS ANGELES,-118.50772094726564,34.17127990722656
91399709,2021,2021-02-01,9565,2021-01-25,1733,022145,NA,1,2,6,1933,0,1,1,NA,2,060,I-405 N/B (SAN DIEGO FREEWAY),HILLCREST BLVD,485,N,N,A,-,Y,NA,NA,405,NA,NA,NA,NA,NA,N,Y,4,0,1,2,A,-,03,22350,NA,N,C,C,A,A,H,-,C,D,0,NA,NA,NA,NA,Y,NA,A,07,0,0,1,0,0,0,0,0,0,-,-,33.957908630371094,-118.36898040771484,LOS ANGELES,INGLEWOOD,-118.36922454833984,33.957916259765625
91399736,2021,2021-02-01,9550,2021-01-24,0120,022239,NA,7,3,9,1900,0,1,3,NA,2,600,SR-60 W/B,I-605,50,E,N,C,-,Y,NA,NA,60,NA,NA,NA,NA,NA,W,Y,3,0,2,3,A,-,08,22107,NA,N,E,I,A,B,H,-,C,D,0,NA,NA,NA,Y,Y,NA,A,07,0,1,1,0,0,0,0,0,0,-,-,34.033958435058594,-118.0270767211914,LOS ANGELES,UNINCORPORATED,-118.02703857421876,34.034053802490234
91399748,2021,2021-02-01,9590,2021-01-17,2000,022088,NA,7,2,7,1942,0,1,2,NA,2,070,US-101 NORTHBOUND (SANTA ANA FREEWAY),SPRING ST.,5,S,N,A,-,Y,NA,NA,101,NA,NA,NA,NA,NA,N,Y,4,0,1,2,A,-,07,21658,A,F,E,J,A,A,H,-,D,D,0,NA,NA,NA,NA,Y,NA,-,99,0,0,1,0,0,0,0,0,0,-,-,34.05630874633789,-118.24111938476564,LOS ANGELES,LOS ANGELES,-118.24114990234376,34.0562629699707
91399772,2021,2021-02-01,9590,2021-01-28,1210,019008,NA,4,1,7,1942,0,1,2,NA,2,072,US-101 NORTHBOUND (HOLLYWOOD FREEWAY),SUNSET BLVD,300,N,N,B,-,Y,NA,NA,101,NA,NA,NA,NA,NA,N,Y,3,0,1,1,A,-,08,22107,NA,N,F,A,A,A,H,-,A,D,0,NA,NA,NA,NA,Y,NA,D,22,0,1,0,0,0,0,0,0,0,-,-,34.0990104675293,-118.31482696533205,LOS ANGELES,LOS ANGELES,-118.31491088867188,34.09896469116211