CASE_ID,ACCIDENT_YEAR,PROC_DATE,JURIS,COLLISION_DATE,COLLISION_TIME,OFFICER_ID,REPORTING_DISTRICT,DAY_OF_WEEK,CHP_SHIFT,POPULATION,CNTY_CITY_LOC,SPECIAL_COND,BEAT_TYPE,CHP_BEAT_TYPE,CITY_DIVISION_LAPD,CHP_BEAT_CLASS,BEAT_NUMBER,PRIMARY_RD,SECONDARY_RD,DISTANCE,DIRECTION,INTERSECTION,WEATHER_1,WEATHER_2,STATE_HWY_IND,CALTRANS_COUNTY,CALTRANS_DISTRICT,STATE_ROUTE,ROUTE_SUFFIX,POSTMILE_PREFIX,POSTMILE,LOCATION_TYPE,RAMP_INTERSECTION,SIDE_OF_HWY,TOW_AWAY,COLLISION_SEVERITY,NUMBER_KILLED,NUMBER_INJURED,PARTY_COUNT,PRIMARY_COLL_FACTOR,PCF_CODE_OF_VIOL,PCF_VIOL_CATEGORY,PCF_VIOLATION,PCF_VIOL_SUBSECTION,HIT_AND_RUN,TYPE_OF_COLLISION,MVIW,PED_ACTION,ROAD_SURFACE,ROAD_COND_1,ROAD_COND_2,LIGHTING,CONTROL_DEVICE,CHP_ROAD_TYPE,PEDESTRIAN_ACCIDENT,BICYCLE_ACCIDENT,MOTORCYCLE_ACCIDENT,TRUCK_ACCIDENT,NOT_PRIVATE_PROPERTY,ALCOHOL_INVOLVED,STWD_VEHTYPE_AT_FAULT,CHP_VEHTYPE_AT_FAULT,COUNT_SEVERE_INJ,COUNT_VISIBLE_INJ,COUNT_COMPLAINT_PAIN,COUNT_PED_KILLED,COUNT_PED_INJURED,COUNT_BICYCLIST_KILLED,COUNT_BICYCLIST_INJURED,COUNT_MC_KILLED,COUNT_MC_INJURED,PRIMARY_RAMP,SECONDARY_RAMP,LATITUDE,LONGITUDE,COUNTY,CITY,POINT_X,POINT_Y
91401960,2021,2021-02-03,9525,2021-01-30,1620,021995,NA,6,2,6,1955,0,1,1,NA,2,108,I-10 E/B (SAN BERNARDINO FWY),FAIRPLEX DR.,1000,W,N,A,-,Y,NA,NA,10,NA,NA,NA,NA,NA,E,Y,3,0,2,1,A,-,08,22107,NA,N,E,I,A,A,H,-,A,D,0,NA,NA,Y,NA,Y,NA,C,02,0,2,0,0,0,0,0,0,2,-,-,34.07209014892578,-117.79105377197266,LOS ANGELES,POMONA,-117.7910385131836,34.07205581665039
91401990,2021,2021-02-03,9535,2021-01-30,1500,022354,NA,6,2,5,1901,0,1,1,NA,2,421,I-10 (SAN BERNARDINO FREEWAY) W/B,ATLANTIC BLVD.,1056,E,N,A,-,Y,NA,NA,10,NA,NA,NA,NA,NA,W,N,4,0,1,2,A,-,03,22350,NA,N,C,C,A,A,H,-,A,D,0,NA,NA,NA,NA,Y,NA,A,01,0,0,1,0,0,0,0,0,0,-,-,34.07162857055664,-118.13102722167967,LOS ANGELES,ALHAMBRA,-118.13103485107422,34.071712493896484
91402084,2021,2021-02-04,9525,2021-01-29,0400,021393,NA,5,3,6,1955,0,1,1,NA,2,108,I-10 E/B (SAN BERNARDINO FWY),KELLOGG DR.,800,E,N,C,-,Y,NA,NA,10,NA,NA,NA,NA,NA,E,Y,4,0,1,1,A,-,03,22350,NA,N,E,A,A,B,D,E,D,D,0,NA,NA,NA,NA,Y,NA,A,01,0,0,1,0,0,0,0,0,0,-,-,34.063560485839844,-117.8134765625,LOS ANGELES,POMONA,-117.81348419189452,34.0637092590332
91402245,2021,2021-02-04,9590,2021-01-22,2217,021912,NA,5,3,7,1942,0,1,1,NA,2,050,I-110 N/B (HARBOR FREEWAY),SLAUSON AVE.,1200,S,N,A,-,Y,NA,NA,110,NA,NA,NA,NA,NA,N,Y,4,0,1,2,A,-,03,22350,NA,F,C,C,A,A,H,-,C,D,0,NA,NA,NA,NA,Y,NA,-,99,0,0,1,0,0,0,0,0,0,-,-,33.985748291015625,-118.28034210205078,LOS ANGELES,LOS ANGELES,-118.28041076660156,33.98575210571289
91402250,2021,2021-02-04,9590,2021-01-25,1038,022304,NA,1,1,7,1942,0,1,2,NA,2,071,US-101 S/B (HOF) TO TEMPLE STREET,TEMPLE STREET,200,N,N,A,-,Y,NA,NA,101,NA,NA,NA,R,NA,S,Y,4,0,1,1,A,-,08,22107,NA,N,E,I,A,A,H,-,A,D,0,NA,NA,NA,NA,Y,NA,A,01,0,0,1,0,0,0,0,0,0,-,-,34.05984878540039,-118.2473602294922,LOS ANGELES,LOS ANGELES,-118.2473602294922,34.05984878540039
91402258,2021,2021-02-04,9580,2021-01-31,1430,022492,NA,7,2,7,1942,0,1,3,NA,2,171,SR-170 S/B (HOLLYWOOD FWY.),VICTORY BLVD,2000,N,N,A,-,Y,NA,NA,170,NA,NA,NA,NA,NA,S,Y,4,0,1,1,A,-,08,22107,NA,N,E,I,A,A,H,-,A,D,0,NA,NA,NA,NA,Y,NA,A,01,0,0,1,0,0,0,0,0,0,-,-,34.19227981567383,-118.40220642089844,LOS ANGELES,LOS ANGELES,-118.40235137939452,34.1922607421875
91402267,2021,2021-06-21,9575,2021-01-25,0458,021925,NA,1,3,7,1942,0,1,1,NA,2,052,I-5 S/B (GOLDEN STATE FREEWAY),PENROSE STREET,1498,S,N,C,-,Y,NA,NA,5,NA,NA,NA,NA,NA,S,Y,4,0,2,6,A,-,03,22350,NA,N,D,C,A,B,H,-,C,D,0,NA,NA,NA,Y,Y,NA,A,01,0,0,2,0,0,0,0,0,0,-,-,34.223419189453125,-118.3717803955078,LOS ANGELES,LOS ANGELES,-118.37184143066406,34.223331451416016
91402285,2021,2021-02-04,9575,2021-01-17,1522,017722,NA,7,2,9,1900,0,2,4,NA,2,084,DUARTE RD.,SAN GABRIEL BLVD.,0,NA,Y,A,-,N,NA,NA,NA,NA,NA,NA,NA,NA,NA,N,4,0,1,2,A,-,09,21801,A,N,H,G,A,A,H,-,A,A,0,NA,Y,NA,NA,Y,NA,A,07,0,0,1,0,0,0,1,0,0,-,-,34.11983108520508,-118.09127807617188,LOS ANGELES,UNINCORPORATED,-118.09127807617188,34.11986541748047
91402287,2021,2021-02-04,9535,2021-01-27,0330,022286,NA,3,3,3,1914,0,1,1,NA,2,072,I-710 (LBF) N/B TO WASHINGTON BLVD,WASHINGTON BLVD,320,N,N,A,-,Y,NA,NA,710,NA,NA,NA,R,NA,N,Y,3,0,1,1,A,-,03,22350,NA,N,E,I,A,A,H,-,D,D,0,NA,NA,NA,NA,Y,NA,A,01,0,1,0,0,0,0,0,0,0,-,-,34.00556945800781,-118.1718978881836,LOS ANGELES,COMMERCE,-118.1718978881836,34.00556945800781
91402288,2021,2021-02-04,9535,2021-01-28,2106,021976,NA,4,2,9,1900,0,1,3,NA,2,601,SR-60 (POMONA FREEWAY) W/B,3RD ST.,70,W,N,C,-,Y,NA,NA,60,NA,NA,NA,NA,NA,W,Y,4,0,1,1,A,-,03,22350,NA,N,E,I,A,B,H,-,D,D,0,NA,NA,NA,NA,Y,NA,A,07,0,0,1,0,0,0,0,0,0,-,-,34.03334045410156,-118.18096923828124,LOS ANGELES,UNINCORPORATED,-118.18098449707033,34.03337478637695
91402290,2021,2021-02-04,9525,2021-02-03,2230,019966,NA,3,3,4,1938,0,1,1,NA,2,209,SR-210 W/B (FOOTHILL FWY),FRUIT ST.,1160,E,N,B,-,Y,NA,NA,210,NA,NA,NA,NA,NA,W,Y,4,0,1,1,A,-,08,22107,NA,N,E,I,A,A,H,-,C,D,0,NA,NA,NA,Y,Y,NA,G,27,0,0,1,0,0,0,0,0,0,-,-,34.119789123535156,-117.75753021240234,LOS ANGELES,LA VERNE,-117.75753021240234,34.11971664428711
91402292,2021,2021-02-04,9545,2021-01-27,0050,021361,NA,3,3,9,1900,0,3,5,NA,2,001,110TH ST  W,AVENUE A,0,NA,Y,A,-,N,NA,NA,NA,NA,NA,NA,NA,NA,NA,Y,2,0,2,1,A,-,01,23152,A,N,E,I,A,A,H,-,D,A,0,NA,NA,NA,NA,Y,Y,A,01,1,1,0,0,0,0,0,0,0,-,-,34.81977844238281,-118.32630920410156,LOS ANGELES,UNINCORPORATED,-118.32628631591795,34.81974792480469
91402293,2021,2021-02-04,9530,2021-01-25,0835,022120,NA,1,1,9,1900,0,1,1,NA,2,200,I-105 W/B (GLENN ANDERSON FWY),STATE ST.,900,E,N,A,-,Y,NA,NA,NA,NA,NA,NA,NA,NA,NA,Y,3,0,3,3,A,-,03,22350,NA,N,C,C,A,A,H,-,A,D,0,NA,NA,NA,NA,Y,NA,A,08,0,1,2,0,0,0,0,0,0,-,-,33.92679977416992,-118.21402740478516,LOS ANGELES,UNINCORPORATED,-118.21501922607422,33.92728805541992
91402308,2021,2021-02-04,9575,2021-01-19,0030,021403,NA,2,3,7,1942,0,1,1,NA,2,053,I-5 N/B (GOLDEN STATE FREEWAY),OSBORNE STREET,1060,S,N,B,-,Y,NA,NA,5,NA,NA,NA,NA,NA,N,Y,3,0,1,1,A,-,08,22107,NA,N,E,I,A,A,H,-,D,D,0,NA,NA,NA,NA,Y,NA,A,01,0,1,0,0,0,0,0,0,0,-,-,34.24224090576172,-118.41977691650392,LOS ANGELES,LOS ANGELES,-118.41973114013672,34.24229049682617
91402314,2021,2021-02-04,9545,2021-01-24,1400,022093,NA,7,2,9,1900,0,3,5,NA,2,004,AVENUE J,165TH ST  E,20,E,N,A,-,N,NA,NA,NA,NA,NA,NA,NA,NA,NA,Y,4,0,1,1,A,-,08,22107,NA,N,E,I,A,A,H,-,A,D,0,NA,NA,NA,NA,Y,NA,A,01,0,0,1,0,0,0,0,0,0,-,-,34.69001007080078,-117.83592224121094,LOS ANGELES,UNINCORPORATED,-117.83595275878906,34.689910888671875
91402332,2021,2021-03-10,9530,2021-01-25,0801,022120,NA,1,1,5,1943,0,1,1,NA,2,200,I-105 E/B (GLENN ANDERSON FWY),LONG BEACH BLVD.,450,E,N,A,-,Y,NA,NA,105,NA,NA,NA,NA,NA,E,N,4,0,1,2,A,-,03,22350,NA,M,C,C,A,A,H,-,A,D,0,NA,NA,NA,NA,Y,NA,A,01,0,0,1,0,0,0,0,0,0,-,-,33.924049377441406,-118.20838165283205,LOS ANGELES,LYNWOOD,-118.20840454101564,33.92400360107422
91402362,2021,2021-02-04,9550,2021-01-27,0210,022480,NA,3,3,3,1964,0,1,1,NA,2,500,INTERSTATE 5 N/B(SANTA ANA FREEWAY),FLORENCE AVENUE,250,N,N,A,-,Y,NA,NA,5,NA,NA,NA,NA,NA,N,Y,4,0,1,2,A,-,07,21658,A,F,B,C,A,A,H,-,A,D,0,NA,NA,NA,NA,Y,NA,-,99,0,0,1,0,0,0,0,0,0,-,-,33.93581008911133,-118.09316253662108,LOS ANGELES,SANTA FE SPRINGS,-118.09300994873048,33.9359130859375
91402438,2021,2021-02-04,9590,2021-01-25,0619,022344,NA,1,1,7,1942,0,1,1,NA,2,012,SR-110 N/B (ASP),AVE 52,100,N,N,C,-,Y,NA,NA,110,NA,NA,NA,NA,NA,N,Y,4,0,1,2,A,-,08,22107,NA,N,F,C,A,B,H,-,B,D,0,NA,NA,NA,NA,Y,NA,A,01,0,0,1,0,0,0,0,0,0,-,-,34.10289001464844,-118.1958236694336,LOS ANGELES,LOS ANGELES,-118.1958236694336,34.102867126464844
91402449,2021,2021-02-04,9530,2021-01-25,0001,021582,NA,1,3,9,1900,0,3,5,NA,2,001,FLORENCE AVE. ( 1100 BLOCK),CENTRAL AVE.,400,E,N,C,-,N,NA,NA,NA,NA,NA,NA,NA,NA,NA,Y,4,0,1,2,A,-,07,21658,A,N,D,C,A,B,H,-,C,D,0,NA,NA,NA,NA,Y,NA,A,07,0,0,1,0,0,0,0,0,0,-,-,33.97475051879883,-118.2549285888672,LOS ANGELES,UNINCORPORATED,-118.25514221191406,33.97475814819336
91402456,2021,2021-02-04,9535,2021-01-30,1410,022235,NA,6,2,5,1948,0,1,1,NA,2,071,I-710 (LONG BEACH FREEWAY) S/B,FLORAL DR,1400,N,N,A,-,Y,NA,NA,710,NA,NA,NA,NA,NA,S,Y,4,0,2,1,A,-,08,22107,NA,N,E,I,A,A,H,-,A,D,0,NA,NA,NA,NA,Y,NA,A,01,0,0,2,0,0,0,0,0,0,-,-,34.04825973510742,-118.16757202148438,LOS ANGELES,MONTEREY PARK,-118.16756439208984,34.04825210571289
91402461,2021,2021-02-04,9575,2021-01-28,1955,022502,NA,4,2,6,1912,0,1,3,NA,2,044,SR-134 E/B (VENTURA FREEWAY),ALAMEDA AVENUE,80,W,N,C,-,Y,NA,NA,134,NA,NA,NA,NA,NA,E,Y,3,0,1,1,A,-,03,22350,NA,N,E,I,A,B,H,-,D,D,0,NA,NA,NA,NA,Y,NA,A,01,0,1,0,0,0,0,0,0,0,-,-,34.15386962890625,-118.34200286865234,LOS ANGELES,BURBANK,-118.34201049804688,34.15378189086914
91402523,2021,2021-02-04,9565,2021-01-23,0040,022099,NA,6,3,7,1942,0,1,1,NA,2,064,I-405 S/B (SAN DIEGO FWY),SEPULVEDA BLVD,500,N,N,B,C,Y,NA,NA,405,NA,NA,NA,NA,NA,S,Y,3,0,1,1,A,-,01,23152,A,N,E,I,A,B,H,-,D,A,0,NA,NA,NA,NA,Y,Y,A,01,0,1,0,0,0,0,0,0,0,-,-,34.0996208190918,-118.47837829589844,LOS ANGELES,LOS ANGELES,-118.47817230224608,34.09961700439453
91402540,2021,2021-02-04,9550,2021-01-30,1805,022167,NA,6,2,5,1919,0,1,3,NA,2,092,SR-91 E/B,183RD STREET,90,E,N,A,-,Y,NA,NA,91,NA,NA,NA,NA,NA,E,Y,3,0,1,2,A,-,08,22107,NA,F,B,C,A,A,H,-,D,D,0,NA,NA,NA,NA,Y,NA,-,99,0,1,0,0,0,0,0,0,0,-,-,33.86623001098633,-118.0496826171875,LOS ANGELES,CERRITOS,-118.04975128173828,33.866127014160156
91402549,2021,2021-02-04,9565,2021-01-29,1715,021678,NA,5,2,7,1942,0,1,1,NA,2,064,I-405 S/B (SAN DIEGO FREEWAY),MULHOLLAND DR.,100,S,N,B,-,Y,NA,NA,405,NA,NA,NA,NA,NA,S,Y,3,0,1,2,A,-,03,22350,NA,F,C,C,A,A,H,-,B,D,0,NA,NA,NA,NA,Y,NA,-,99,0,1,0,0,0,0,0,0,0,-,-,34.12601852416992,-118.47608947753906,LOS ANGELES,LOS ANGELES,-118.47600555419922,34.12594985961914
91402638,2021,2021-02-04,9550,2021-02-02,0955,017042,NA,2,1,5,1919,0,1,3,NA,2,092,SR-91 WB (ARTESIA FREEWAY),PIONEER BOULEVARD,1285,E,N,A,-,Y,NA,NA,91,NA,NA,NA,NA,NA,W,Y,3,0,3,4,A,-,03,22350,NA,N,C,C,A,A,H,-,A,D,0,NA,NA,NA,Y,Y,NA,F,26,0,1,2,0,0,0,0,0,0,-,-,33.876609802246094,-118.07794189453124,LOS ANGELES,CERRITOS,-118.07794189453124,33.87647247314453
91402653,2021,2021-02-04,9575,2021-01-29,1140,020182,NA,5,1,6,1953,0,1,3,NA,2,040,SR-134 W/B (VENTURA FREEWAY),ST. JOHN AVE.,340,W,N,B,C,Y,NA,NA,134,NA,NA,NA,NA,NA,W,Y,4,0,3,2,A,-,03,22350,NA,N,C,C,A,B,H,-,A,D,0,NA,NA,NA,NA,Y,NA,A,01,0,0,3,0,0,0,0,0,0,-,-,34.14884948730469,-118.1573486328125,LOS ANGELES,PASADENA,-118.15736389160156,34.14887237548828
91402657,2021,2021-02-04,9590,2021-02-04,0550,017520,NA,4,3,7,1942,0,1,1,NA,2,050,I-110 N/B (HAF),SLAUSON AVE,200,S,N,A,-,Y,NA,NA,110,NA,NA,NA,NA,NA,N,N,3,0,1,3,A,-,03,22350,NA,M,C,C,A,A,H,-,A,D,0,NA,NA,NA,NA,Y,NA,A,01,0,1,0,0,0,0,0,0,0,-,-,34.00537109375,-118.28118896484376,LOS ANGELES,LOS ANGELES,-118.28097534179688,34.005367279052734
91402666,2021,2021-02-04,9590,2021-01-26,1430,022497,NA,2,2,7,1942,0,1,1,NA,2,052,I-110 N/B (HARBOR FREEWAY),30TH STREET,500,S,N,A,-,Y,NA,NA,110,NA,NA,NA,NA,NA,N,N,4,0,2,4,A,-,03,22350,NA,N,C,C,A,A,H,-,A,D,0,NA,NA,NA,NA,Y,NA,D,22,0,0,2,0,0,0,0,0,0,-,-,34.0218505859375,-118.27735900878906,LOS ANGELES,LOS ANGELES,-118.27748107910156,34.021915435791016
91402681,2021,2021-02-04,9545,2021-02-02,1840,016124,NA,2,2,9,1900,0,3,5,NA,2,004,AVENUE T,87TH ST EAST,0,NA,Y,A,-,N,NA,NA,NA,NA,NA,NA,NA,NA,NA,N,3,0,1,2,A,-,09,21801,A,F,D,C,A,A,H,-,C,A,0,NA,NA,NA,Y,Y,NA,G,25,0,1,0,0,0,0,0,0,0,-,-,34.54310989379883,-117.97502136230467,LOS ANGELES,UNINCORPORATED,-117.9748306274414,34.54290771484375
91402735,2021,2021-02-04,9525,2021-02-03,1000,016677,NA,3,1,5,1990,0,1,3,NA,2,604,SR-60 E/B (POMONA FWY),GRAND AVE,2500,E,N,A,-,Y,NA,NA,60,NA,NA,NA,NA,NA,E,Y,3,0,1,1,A,-,08,22107,NA,N,E,J,A,A,H,-,A,D,0,NA,NA,NA,NA,Y,NA,A,01,0,1,0,0,0,0,0,0,0,-,-,34.01539993286133,-117.8181610107422,LOS ANGELES,DIAMOND BAR,-117.81826782226564,34.01548385620117
91402826,2021,2021-02-04,9550,2021-02-02,2105,020861,NA,2,2,1,1932,0,1,3,NA,2,600,SR-60 W/B (POMONA FREEWAY),WORKMAN MILL ROAD,400,E,N,A,-,Y,NA,NA,60,NA,NA,NA,NA,NA,W,Y,4,0,2,2,A,-,03,22350,NA,N,C,C,A,A,D,-,C,D,0,NA,NA,NA,NA,Y,NA,A,01,0,0,2,0,0,0,0,0,0,-,-,34.03133010864258,-118.02101135253906,LOS ANGELES,INDUSTRY,-118.02103424072266,34.031272888183594
91402866,2021,2021-02-04,9550,2021-01-26,1325,022434,NA,2,1,7,1941,0,1,1,NA,2,652,I-605 N/B,WARDLOW ROAD,500,S,N,A,-,Y,NA,NA,605,NA,NA,NA,NA,NA,N,Y,4,0,1,2,A,-,08,22107,NA,N,D,C,A,A,H,-,A,D,0,NA,NA,NA,NA,Y,NA,A,01,0,0,1,0,0,0,0,0,0,-,-,33.81605911254883,-118.08130645751952,LOS ANGELES,LONG BEACH,-118.0813217163086,33.81605911254883
91403010,2021,2021-02-05,9565,2021-01-23,1913,021889,NA,6,2,6,1933,0,1,1,NA,2,060,I-405 S/B (SAN DEIGO FWY),HILLCREST BLVD,250,N,N,C,-,Y,NA,NA,405,NA,NA,NA,NA,NA,S,Y,4,0,1,1,A,-,08,22107,NA,N,F,I,A,B,H,-,C,D,0,NA,NA,NA,NA,Y,NA,A,01,0,0,1,0,0,0,0,0,0,-,-,33.95718002319336,-118.36946105957033,LOS ANGELES,INGLEWOOD,-118.36949157714844,33.95718002319336
91403012,2021,2021-02-05,9575,2021-01-28,2149,021712,NA,4,2,6,1912,0,1,1,NA,2,051,I-5 S/B (GOLDEN STATE FREEWAY),WINONA AVE,983,S,N,B,C,Y,NA,NA,5,NA,NA,NA,NA,NA,S,Y,3,0,1,1,A,-,03,22350,NA,N,E,I,A,B,D,-,D,D,0,NA,NA,NA,NA,Y,NA,D,22,0,1,0,0,0,0,0,0,0,-,-,34.19744873046875,-118.3363037109375,LOS ANGELES,BURBANK,-118.33631134033205,34.19743728637695
91403015,2021,2021-02-05,9525,2021-01-26,2200,022546,NA,2,3,9,1900,0,3,5,NA,2,002,DONNA BETH AVE,LAXFORD RD,6,N,N,A,-,N,NA,NA,NA,NA,NA,NA,NA,NA,NA,Y,4,0,1,2,A,-,01,23152,A,M,D,E,A,A,H,-,C,D,0,NA,NA,NA,NA,Y,Y,A,01,0,0,1,0,0,0,0,0,0,-,-,34.10939025878906,-117.90538787841795,LOS ANGELES,UNINCORPORATED,-117.90544128417967,34.10941696166992
91403019,2021,2021-02-05,9590,2021-01-24,1423,022497,NA,7,2,7,1942,0,1,1,NA,2,052,I-110 N/B (HARBOR FREEWAY),3RD STREET,200,N,N,B,-,Y,NA,NA,110,NA,NA,NA,NA,NA,N,N,4,0,2,2,A,-,03,22350,NA,N,C,C,A,A,H,-,A,D,0,NA,NA,NA,NA,Y,NA,A,01,0,0,2,0,0,0,0,0,0,-,-,34.05791091918945,-118.25408172607422,LOS ANGELES,LOS ANGELES,-118.25408935546876,34.057918548583984
91403020,2021,2021-02-05,9530,2021-01-26,1915,022421,NA,2,2,9,1900,0,3,5,NA,2,001,HOOPER AVE. (8600 BLOCK),MANCHESTER AVE.,121,S,N,A,-,N,NA,NA,NA,NA,NA,NA,NA,NA,NA,Y,4,0,1,2,A,-,09,21801,A,N,D,C,A,A,H,-,C,D,0,NA,NA,NA,NA,Y,NA,A,07,0,0,1,0,0,0,0,0,0,-,-,33.95970916748047,-118.25405120849608,LOS ANGELES,UNINCORPORATED,-118.28700256347656,33.959720611572266
91403039,2021,2021-02-05,9550,2021-01-29,1019,022588,NA,5,1,6,1949,0,1,1,NA,2,150,I-105 EB TO I-605 SB,ROSECRANS AVE.,1510,N,N,A,-,Y,NA,NA,NA,NA,NA,NA,NA,NA,NA,Y,4,0,2,4,A,-,16,24002,A,N,B,C,A,B,H,-,A,D,0,NA,NA,NA,NA,Y,NA,E,22,0,0,2,0,0,0,0,0,0,-,-,33.90625,-118.10543823242188,LOS ANGELES,NORWALK,NA,NA
91403040,2021,2021-02-05,9575,2021-01-26,1529,021744,NA,2,2,6,1953,0,1,1,NA,2,065,I-210 E/B (FOOTHILL FREEWAY),SIERRA MADRE VILLA AVENUE,220,W,N,A,-,Y,NA,NA,210,NA,NA,NA,NA,NA,E,Y,3,0,1,7,A,-,08,22107,NA,N,B,C,A,A,H,-,A,D,0,NA,NA,NA,NA,Y,NA,A,01,0,1,0,0,0,0,0,0,0,-,-,34.147621154785156,-118.0824966430664,LOS ANGELES,PASADENA,-118.08250427246094,34.14754104614258
91403041,2021,2021-02-05,9540,2021-02-01,1430,019508,NA,1,2,9,1900,0,1,1,NA,2,508,I-5 N/B (GOLDEN STATE FREEWAY),TEMPLIN HWY,528,S,N,A,-,Y,NA,NA,5,NA,NA,NA,NA,NA,N,Y,4,0,1,3,A,-,07,21658,A,N,B,C,A,A,H,-,A,D,0,NA,NA,NA,Y,Y,NA,A,07,0,0,1,0,0,0,0,0,0,-,-,34.56644058227539,-118.68580627441406,LOS ANGELES,UNINCORPORATED,-118.68589782714844,34.5663948059082
91403050,2021,2021-02-22,9540,2021-01-31,1230,020400,NA,7,1,9,1900,0,1,3,NA,2,147,SR-14 S/B,AGUA DULCE CYN RD,2640,S,N,A,-,Y,NA,NA,14,NA,NA,NA,NA,NA,S,Y,2,0,7,3,A,-,08,22107,NA,N,C,C,A,A,H,-,A,D,0,NA,NA,NA,NA,Y,NA,A,01,2,1,4,0,0,0,0,0,0,-,-,34.4593505859375,-118.34439086914064,LOS ANGELES,UNINCORPORATED,-118.3446807861328,34.45973587036133
91403058,2021,2021-02-05,9545,2021-01-28,1850,022093,NA,4,2,9,1900,0,1,3,NA,1,042,SR-138 W/B,FORT TEJON RD,15,W,N,C,-,Y,NA,NA,138,NA,NA,NA,NA,NA,W,Y,3,0,2,2,A,-,21,22106,NA,N,D,C,A,B,H,-,D,D,0,NA,NA,NA,NA,Y,NA,A,07,0,1,1,0,0,0,0,0,0,-,-,34.45320129394531,-117.6623077392578,LOS ANGELES,UNINCORPORATED,-117.6623077392578,34.453208923339844
91403067,2021,2021-02-05,9545,2021-01-27,1040,017305,NA,3,1,9,1900,0,1,3,NA,1,042,106TH STREET EAST,SR-138,0,NA,Y,B,-,Y,NA,NA,NA,NA,NA,NA,NA,NA,NA,Y,4,0,1,2,A,-,09,21802,A,N,D,C,A,A,H,-,A,A,0,NA,NA,NA,NA,Y,NA,A,01,0,0,1,0,0,0,0,0,0,-,-,34.52109909057617,-117.94043731689452,LOS ANGELES,UNINCORPORATED,-117.94048309326172,34.52111053466797
91403097,2021,2021-02-05,9525,2021-01-26,1735,020216,NA,2,2,9,1900,0,2,4,NA,2,022,ARROW HIGHWAY,BONNIE COVE AVE.,0,NA,Y,A,-,N,NA,NA,NA,NA,NA,NA,NA,NA,NA,Y,3,0,3,3,A,-,09,21801,A,N,D,C,F,A,H,-,C,A,0,Y,NA,NA,NA,Y,NA,D,22,0,1,2,0,1,0,0,0,0,-,-,34.10660934448242,-117.85488891601564,LOS ANGELES,UNINCORPORATED,-117.85508728027344,34.10674285888672
91403098,2021,2021-02-05,9590,2021-01-24,0337,022360,NA,7,3,7,1942,0,1,1,NA,2,083,I-5 S/B (GOLDEN STATE FREEWAY),AVENUE 19,780,N,N,B,-,Y,NA,NA,5,NA,NA,NA,NA,NA,S,Y,3,0,1,1,A,-,08,22107,NA,N,E,I,A,B,H,-,C,D,0,NA,NA,NA,NA,Y,NA,A,01,0,1,0,0,0,0,0,0,0,-,-,34.08354187011719,-118.22888946533205,LOS ANGELES,LOS ANGELES,-118.22889709472656,34.08352279663086
91403099,2021,2021-02-05,9575,2021-01-28,2343,021254,NA,4,3,5,1902,0,1,1,NA,2,065,I-210 E/B (FOOTHILL FREEWAY),FIFTH AVENUE,563,W,N,C,-,Y,NA,NA,210,NA,NA,NA,NA,NA,E,Y,3,0,1,2,A,-,03,22350,NA,N,B,C,A,B,H,-,D,D,0,NA,NA,NA,NA,Y,NA,A,07,0,1,0,0,0,0,0,0,0,-,-,34.143409729003906,-118.02224731445313,LOS ANGELES,ARCADIA,-118.02223205566406,34.14345169067383
91403106,2021,2021-02-05,9575,2021-01-28,2200,022533,NA,4,3,6,1925,0,1,3,NA,2,042,SR-134 E/B (VENTURA FREEWAY),VERDUGO RD.,165,W,N,C,-,Y,NA,NA,134,NA,NA,NA,NA,NA,E,Y,3,0,1,1,A,-,08,22107,NA,N,E,I,A,B,H,-,C,D,0,NA,NA,NA,NA,Y,NA,A,07,0,1,0,0,0,0,0,0,0,-,-,34.15285110473633,-118.23737335205078,LOS ANGELES,GLENDALE,-118.23738098144533,34.152835845947266
91403113,2021,2021-02-05,9530,2021-01-26,1549,017755,NA,2,2,9,1900,0,1,1,NA,2,410,I-405 N/B TO I-110 N/B,I-110,447,S,N,A,-,Y,NA,NA,405,NA,NA,NA,R,NA,N,Y,3,0,1,1,A,-,08,22107,NA,N,E,I,A,A,H,-,A,D,0,NA,NA,NA,NA,Y,NA,A,01,0,1,0,0,0,0,0,0,0,-,-,33.85660171508789,-118.28330230712892,LOS ANGELES,UNINCORPORATED,-118.28330230712892,33.85660171508789