CASE_ID,ACCIDENT_YEAR,PROC_DATE,JURIS,COLLISION_DATE,COLLISION_TIME,OFFICER_ID,REPORTING_DISTRICT,DAY_OF_WEEK,CHP_SHIFT,POPULATION,CNTY_CITY_LOC,SPECIAL_COND,BEAT_TYPE,CHP_BEAT_TYPE,CITY_DIVISION_LAPD,CHP_BEAT_CLASS,BEAT_NUMBER,PRIMARY_RD,SECONDARY_RD,DISTANCE,DIRECTION,INTERSECTION,WEATHER_1,WEATHER_2,STATE_HWY_IND,CALTRANS_COUNTY,CALTRANS_DISTRICT,STATE_ROUTE,ROUTE_SUFFIX,POSTMILE_PREFIX,POSTMILE,LOCATION_TYPE,RAMP_INTERSECTION,SIDE_OF_HWY,TOW_AWAY,COLLISION_SEVERITY,NUMBER_KILLED,NUMBER_INJURED,PARTY_COUNT,PRIMARY_COLL_FACTOR,PCF_CODE_OF_VIOL,PCF_VIOL_CATEGORY,PCF_VIOLATION,PCF_VIOL_SUBSECTION,HIT_AND_RUN,TYPE_OF_COLLISION,MVIW,PED_ACTION,ROAD_SURFACE,ROAD_COND_1,ROAD_COND_2,LIGHTING,CONTROL_DEVICE,CHP_ROAD_TYPE,PEDESTRIAN_ACCIDENT,BICYCLE_ACCIDENT,MOTORCYCLE_ACCIDENT,TRUCK_ACCIDENT,NOT_PRIVATE_PROPERTY,ALCOHOL_INVOLVED,STWD_VEHTYPE_AT_FAULT,CHP_VEHTYPE_AT_FAULT,COUNT_SEVERE_INJ,COUNT_VISIBLE_INJ,COUNT_COMPLAINT_PAIN,COUNT_PED_KILLED,COUNT_PED_INJURED,COUNT_BICYCLIST_KILLED,COUNT_BICYCLIST_INJURED,COUNT_MC_KILLED,COUNT_MC_INJURED,PRIMARY_RAMP,SECONDARY_RAMP,LATITUDE,LONGITUDE,COUNTY,CITY,POINT_X,POINT_Y
91404290,2021,2021-02-08,9540,2021-02-07,1110,020400,NA,7,1,6,1985,0,1,1,NA,2,500,I-5 NORTHBOUND,I-405,100,N,N,A,-,Y,NA,NA,NA,NA,NA,NA,NA,NA,NA,Y,4,0,1,1,A,-,08,22107,NA,N,E,I,A,A,H,-,A,D,0,NA,NA,NA,NA,Y,NA,A,01,0,0,1,0,0,0,0,0,0,-,-,34.293731689453125,-118.47007751464844,LOS ANGELES,SANTA CLARITA,-121.07527160644533,37.39208984375
91404294,2021,2021-02-08,9535,2021-01-31,1240,022246,NA,7,1,5,1901,0,1,1,NA,2,420,I-10 (SAN BERNARDINO FREEWAY) E/B,ALMANSOR ST OVPS,100,E,N,A,-,Y,NA,NA,10,NA,NA,NA,NA,NA,E,Y,3,0,2,3,A,-,07,21658,A,N,E,I,A,A,H,-,A,D,0,NA,NA,Y,NA,Y,NA,C,03,0,2,0,0,0,0,0,0,2,-,-,34.07157897949219,-118.11733245849608,LOS ANGELES,ALHAMBRA,-118.11733245849608,34.07152557373047
91404304,2021,2021-03-05,9590,2021-01-02,1600,022456,NA,6,2,7,1942,0,1,2,NA,2,073,US-101 SB (HOLLYWOOD FREEWAY),LANKERSHIM BLVD,50,S,N,A,-,Y,NA,NA,101,NA,NA,NA,NA,NA,S,Y,3,0,1,2,A,-,01,23152,A,N,C,C,A,A,H,-,A,D,0,NA,NA,NA,NA,Y,Y,D,22,0,1,0,0,0,0,0,0,0,-,-,34.13764953613281,-118.36282348632813,LOS ANGELES,LOS ANGELES,-118.36288452148438,34.13756561279297
91404305,2021,2021-02-08,9535,2021-01-31,0020,022342,NA,7,3,5,1947,0,1,3,NA,2,600,SR-60 (POMONA FREEWAY) E/B,FINDLAY AVE,580,W,N,A,-,Y,NA,NA,60,NA,NA,NA,NA,NA,E,Y,3,0,2,2,A,-,07,21658,A,N,B,C,A,A,D,-,D,D,0,NA,NA,NA,NA,Y,Y,-,32,0,1,1,0,0,0,0,0,0,-,-,34.03300094604492,-118.1399383544922,LOS ANGELES,MONTEBELLO,-118.1399383544922,34.03296661376953
91404306,2021,2021-02-08,9590,2021-01-22,1930,022493,NA,5,2,7,1942,0,1,1,NA,2,050,I-110 N/B (HARBOR FREEWAY),42ND ST,70,S,N,B,C,Y,NA,NA,110,NA,NA,NA,NA,NA,N,Y,4,0,2,2,A,-,03,22350,NA,N,C,C,A,B,H,-,C,D,0,NA,NA,NA,NA,Y,NA,A,01,0,0,2,0,0,0,0,0,0,-,-,34.007049560546875,-118.28101348876952,LOS ANGELES,LOS ANGELES,-118.28095245361328,34.007049560546875
91404311,2021,2021-02-08,9535,2021-01-31,1840,022243,NA,7,2,5,1943,0,1,1,NA,2,075,I-710 S/B TO GARFIELD AVE,GARFIELD AVE,1175,W,N,A,-,Y,NA,NA,NA,NA,NA,NA,NA,NA,NA,Y,3,0,1,1,A,-,01,23152,A,N,F,I,A,A,H,-,D,D,0,NA,NA,NA,NA,Y,Y,A,01,0,1,0,0,0,0,0,0,0,-,-,33.91088104248047,-118.17191314697266,LOS ANGELES,LYNWOOD,NA,NA
91404344,2021,2021-02-08,9590,2021-01-20,1529,022344,NA,3,2,7,1942,0,1,1,NA,2,083,I-5 SB (GOLDEN STATE FREEWAY),LACY STREET BRIDGE,30,N,N,A,-,Y,NA,NA,5,NA,NA,NA,NA,NA,S,Y,4,0,1,2,A,-,01,23152,F,N,C,D,A,A,H,-,A,A,0,NA,NA,NA,NA,Y,NA,A,01,0,0,1,0,0,0,0,0,0,-,-,34.0801887512207,-118.2214126586914,LOS ANGELES,LOS ANGELES,-118.2214126586914,34.08018493652344
91404355,2021,2021-02-08,9575,2021-02-03,0800,019629,NA,3,1,9,1900,0,1,1,NA,2,062,I-210 W/B (FOOTHILL FREEWAY),OCEAN VIEW BLVD.,20,W,N,A,-,Y,NA,NA,210,NA,NA,NA,NA,NA,W,N,3,0,1,2,A,-,01,23152,A,N,B,C,A,A,H,-,A,D,0,NA,NA,NA,NA,Y,Y,A,01,0,1,0,0,0,0,0,0,0,-,-,34.21223068237305,-118.22865295410156,LOS ANGELES,UNINCORPORATED,-118.22864532470705,34.21224594116211
91404400,2021,2021-02-08,9565,2021-01-31,2250,022442,NA,7,3,9,1900,0,3,5,NA,2,006,SEPULVEDA BOULEVARD,WILSHIRE BOULEVARD,0,NA,Y,A,-,N,NA,NA,NA,NA,NA,NA,NA,NA,NA,Y,3,0,1,2,A,-,12,21453,A,F,D,C,A,A,H,-,C,A,0,NA,NA,NA,NA,Y,NA,-,99,0,1,0,0,0,0,0,0,0,-,-,34.05598068237305,-118.45142364501952,LOS ANGELES,UNINCORPORATED,-118.45159149169922,34.05609893798828
91404423,2021,2021-02-08,9540,2021-01-21,1807,021882,NA,4,2,9,1900,0,1,3,NA,2,148,SR-14 N/B,RED ROVER MINE RD,528,S,N,A,-,Y,NA,NA,14,NA,NA,NA,NA,NA,N,N,3,0,1,2,A,-,03,22350,NA,N,C,C,A,A,H,-,D,D,0,NA,NA,Y,NA,Y,NA,C,02,0,1,0,0,0,0,0,0,1,-,-,34.500999450683594,-118.25666046142578,LOS ANGELES,UNINCORPORATED,-118.2565689086914,34.50090408325195
91404428,2021,2021-02-08,9540,2021-01-28,2042,021882,NA,4,2,9,1900,0,1,3,NA,2,146,SR-14 S/B,ESCONDIDO CANYON RD,990,S,N,C,-,Y,NA,NA,14,NA,NA,NA,NA,NA,S,Y,2,0,2,1,A,-,03,22350,NA,N,E,I,A,B,H,-,D,D,0,NA,NA,NA,NA,Y,NA,A,07,1,1,0,0,0,0,0,0,0,-,-,34.49195861816406,-118.28398895263672,LOS ANGELES,UNINCORPORATED,-118.28399658203124,34.49197006225586
91404438,2021,2021-02-08,9590,2021-01-25,1240,021654,NA,1,1,7,1942,0,1,1,NA,2,052,I-110 N/B (HARBOR FREEWAY) (HAF),WILSHIRE BLVD,300,S,N,B,-,Y,NA,NA,110,NA,NA,NA,NA,NA,N,Y,4,0,3,2,A,-,07,21658,A,N,B,C,A,B,H,-,A,D,0,NA,NA,NA,NA,Y,NA,A,08,0,0,3,0,0,0,0,0,0,-,-,34.05065155029297,-118.26203155517578,LOS ANGELES,LOS ANGELES,-118.2620086669922,34.05061340332031
91404461,2021,2021-02-08,9525,2021-02-03,1459,020505,NA,3,2,5,1990,0,1,3,NA,2,602,SR-60 E/B (POMONA FWY),BREA CANYON RD.,200,E,N,B,-,Y,NA,NA,60,NA,NA,NA,NA,NA,E,Y,3,0,1,2,A,-,03,22350,NA,N,C,C,A,A,H,-,A,D,0,NA,NA,NA,NA,Y,NA,A,01,0,1,0,0,0,0,0,0,0,-,-,34.000648498535156,-117.84420776367188,LOS ANGELES,DIAMOND BAR,-117.84420776367188,34.00065231323242
91404481,2021,2021-02-08,9530,2021-02-05,1821,022454,NA,5,2,5,1943,0,1,1,NA,2,210,I-105 EB FROM SB LONG BEACH BLVD,FIR ST.,680,W,N,A,-,Y,NA,NA,105,NA,NA,NA,R,NA,E,Y,4,0,2,4,A,-,01,23152,A,N,C,C,A,A,H,-,C,D,0,NA,NA,NA,NA,Y,Y,D,22,0,0,2,0,0,0,0,0,0,-,-,33.9232292175293,-118.20686340332033,LOS ANGELES,LYNWOOD,-118.20686340332033,33.9232292175293
91404521,2021,2021-02-08,9545,2021-01-17,2320,019426,NA,7,3,9,1900,0,3,5,NA,2,004,PEARBLOSSOM HWY,OLD NADEAU RD,52,N,N,A,-,Y,NA,NA,NA,NA,NA,NA,NA,NA,NA,Y,3,0,1,1,A,-,01,23152,A,N,E,I,A,A,H,-,D,D,0,NA,NA,NA,NA,Y,Y,A,07,0,1,0,0,0,0,0,0,0,-,-,34.53504180908203,-118.08534240722656,LOS ANGELES,UNINCORPORATED,-118.09587860107422,34.523834228515625
91404552,2021,2021-02-08,9550,2021-02-03,2300,022600,NA,3,3,9,1900,0,2,4,NA,1,032,GALE AVENUE E/B,GALEMONT AVE.,105,W,N,A,-,N,NA,NA,NA,NA,NA,NA,NA,NA,NA,Y,4,0,1,2,A,-,08,22107,NA,N,C,E,A,A,H,-,C,D,0,NA,NA,NA,NA,Y,NA,A,01,0,0,1,0,0,0,0,0,0,-,-,34.01150131225586,-117.96534729003906,LOS ANGELES,UNINCORPORATED,-117.9652862548828,34.01152038574219
91404556,2021,2021-02-08,9530,2021-01-29,1200,022122,NA,5,1,7,1941,0,1,1,NA,2,072,I-710 N/B (LONG BEACH FREEWAY),PACIFIC COAST HWY.,1000,N,N,B,C,Y,NA,NA,710,NA,NA,NA,NA,NA,N,N,4,0,1,3,A,-,07,21658,A,M,B,C,A,B,H,-,A,D,0,NA,NA,NA,NA,Y,NA,-,99,0,0,1,0,0,0,0,0,0,-,-,33.792938232421875,-118.20735931396484,LOS ANGELES,LONG BEACH,-118.20737457275392,33.792945861816406
91404561,2021,2021-02-08,9535,2021-01-29,1533,021976,NA,5,2,5,1947,0,1,3,NA,2,600,SR-60 (POMONA FREEWAY) E/B,FINDLAY AVE.,80,W,N,A,-,Y,NA,NA,60,NA,NA,NA,NA,NA,E,N,4,0,2,2,A,-,07,21658,A,N,B,C,A,A,H,-,A,D,0,NA,NA,NA,Y,Y,NA,G,27,0,0,2,0,0,0,0,0,0,-,-,34.0330810546875,-118.12500762939452,LOS ANGELES,MONTEBELLO,-118.12500762939452,34.033103942871094
91404566,2021,2021-02-08,9535,2021-02-02,0743,020902,NA,2,1,5,1901,0,1,1,NA,2,421,I-10 W/B (SAN BERNARDINO FWY),WARWICK RD POC,300,E,N,A,-,Y,NA,NA,10,NA,NA,NA,NA,NA,W,Y,4,0,1,2,A,-,08,22107,NA,N,B,C,A,A,H,-,A,D,0,NA,NA,NA,Y,Y,NA,A,01,0,0,1,0,0,0,0,0,0,-,-,34.06468963623047,-118.15838623046876,LOS ANGELES,ALHAMBRA,-118.1584243774414,34.06474685668945
91404572,2021,2021-02-08,9565,2021-02-03,0950,015275,NA,3,1,7,1942,0,1,1,NA,2,064,I-405 SB (SAN DIEGO FREEWAY),BEL AIR CREST ROAD,528,N,N,B,-,Y,NA,NA,405,NA,NA,NA,NA,NA,S,Y,4,0,2,4,A,-,03,22350,NA,N,C,C,A,A,H,-,A,D,0,NA,NA,NA,NA,Y,NA,A,01,0,0,2,0,0,0,0,0,0,-,-,34.11320877075195,-118.48219299316406,LOS ANGELES,LOS ANGELES,-118.48221588134766,34.11321258544922
91404573,2021,2021-02-08,9575,2021-01-30,0635,022526,NA,6,1,6,1953,0,1,1,NA,2,064,I-210 W/B (FOOTHILL FREEWAY),CRAIG AVENUE,359,W,N,A,-,Y,NA,NA,210,NA,NA,NA,NA,NA,W,Y,4,0,1,2,A,-,08,22107,NA,N,B,C,A,A,H,-,B,D,0,NA,NA,NA,NA,Y,NA,A,07,0,0,1,0,0,0,0,0,0,-,-,34.15277862548828,-118.10774230957033,LOS ANGELES,PASADENA,-118.10773468017578,34.15268325805664
91404602,2021,2021-02-08,9525,2021-02-04,2330,021838,NA,4,3,4,1905,0,1,1,NA,2,213,I-210 W/B (FOOTHILL FWY),AZUSA AVE,1584,E,N,A,-,Y,NA,NA,210,NA,NA,NA,NA,NA,W,Y,4,0,1,1,A,-,01,23152,A,N,E,I,A,A,H,-,D,D,0,NA,NA,NA,NA,Y,Y,A,01,0,0,1,0,0,0,0,0,0,-,-,34.12071990966797,-117.90634155273438,LOS ANGELES,AZUSA,-117.90634155273438,34.120750427246094
91404616,2021,2021-02-08,9590,2021-01-28,1855,018538,NA,4,2,7,1942,0,1,1,NA,2,052,I-110 N/B (HARBOR FWY.),1ST STREET,100,S,N,B,-,Y,NA,NA,110,NA,NA,NA,NA,NA,N,Y,3,0,1,2,A,-,03,22350,NA,N,C,C,A,A,H,-,C,D,0,NA,NA,Y,NA,Y,NA,C,02,0,1,0,0,0,0,0,0,1,-,-,34.058528900146484,-118.25337982177734,LOS ANGELES,LOS ANGELES,-118.25341796875,34.058570861816406
91404628,2021,2021-02-08,9525,2021-02-05,1640,018164,NA,5,2,5,1906,0,1,1,NA,2,104,I-10 E/B (SAN BERNARDINO FWY),FRANCISQUITO AVE,1200,W,N,A,-,Y,NA,NA,10,NA,NA,NA,NA,NA,E,N,3,0,2,3,A,-,03,22350,NA,N,C,C,A,A,H,-,A,D,0,NA,NA,NA,NA,Y,NA,D,22,0,2,0,0,0,0,0,0,0,-,-,34.068241119384766,-117.97551727294922,LOS ANGELES,BALDWIN PARK,-117.97552490234376,34.06827163696289
91404647,2021,2021-02-08,9525,2021-02-01,1220,020552,NA,1,1,9,1900,0,3,5,NA,2,004,MILLBURY AVE (800 BLOCK),AMAR RD.,42,N,N,B,-,N,NA,NA,NA,NA,NA,NA,NA,NA,NA,Y,3,0,1,1,A,-,08,22107,NA,N,E,I,A,A,H,-,A,D,0,NA,NA,NA,NA,Y,NA,A,07,0,1,0,0,0,0,0,0,0,-,-,34.05607986450195,-117.98011016845705,LOS ANGELES,UNINCORPORATED,-117.98006439208984,34.05598068237305
91404656,2021,2021-02-08,9550,2021-02-03,1810,021100,NA,3,2,9,1900,0,3,5,NA,2,005,JELLICK AVENUE,DESIDIA ST.,140,S,N,A,-,N,NA,NA,NA,NA,NA,NA,NA,NA,NA,N,4,0,1,2,A,-,21,22106,NA,N,H,C,A,A,H,-,C,D,0,NA,NA,NA,NA,Y,NA,A,01,0,0,1,0,0,0,0,0,0,-,-,33.990970611572266,-117.90087890625,LOS ANGELES,UNINCORPORATED,-117.90090942382813,33.990997314453125
91404659,2021,2021-02-08,9525,2021-02-05,1920,020370,NA,5,2,6,1955,0,1,3,NA,2,614,SR-60 E/B (POMONA FWY),GAREY AVE.,1000,W,N,A,-,Y,NA,NA,60,NA,NA,NA,NA,NA,E,N,4,0,1,2,A,-,03,22350,NA,N,C,C,A,A,H,-,D,D,0,NA,NA,NA,NA,Y,NA,D,22,0,0,1,0,0,0,0,0,0,-,-,34.02449035644531,-117.76139831542967,LOS ANGELES,POMONA,-117.76140594482422,34.024532318115234
91404701,2021,2021-02-08,9535,2021-02-06,0820,022246,NA,6,1,4,1907,0,1,1,NA,2,072,I-710 (LONG BEACH FREEWAY) N/B,CLARA ST,200,N,N,A,-,Y,NA,NA,710,NA,NA,NA,NA,NA,N,Y,3,0,2,1,A,-,08,22107,NA,N,E,I,A,A,H,-,A,D,0,NA,NA,NA,NA,Y,NA,A,01,0,2,0,0,0,0,0,0,0,-,-,33.96480941772461,-118.16885375976564,LOS ANGELES,BELL,-118.16883850097656,33.96480178833008
91404770,2021,2021-02-09,9550,2021-02-07,1910,022391,NA,7,2,9,1900,0,3,5,NA,2,005,JELLICK AVENUE,SEADLER DRIVE,100,S,N,A,-,N,NA,NA,NA,NA,NA,NA,NA,NA,NA,Y,3,0,2,5,A,-,01,23152,A,N,G,B,E,A,H,-,C,D,0,Y,NA,NA,NA,Y,Y,A,01,0,2,0,0,2,0,0,0,0,-,-,33.99026870727539,-117.90097045898438,LOS ANGELES,UNINCORPORATED,-117.90098571777344,33.99026870727539
91404890,2021,2021-02-09,9565,2021-02-06,1742,021706,NA,6,2,7,1942,0,1,1,NA,2,063,I-405 S/B (SAN DIEGO FREEWAY),OLYMPIC BLVD,300,N,N,A,-,Y,NA,NA,405,NA,NA,NA,NA,NA,S,N,3,0,1,1,A,-,01,23152,A,N,F,A,A,A,H,-,B,D,0,NA,NA,NA,NA,Y,Y,A,07,0,1,0,0,0,0,0,0,0,-,-,34.039798736572266,-118.44065856933594,LOS ANGELES,LOS ANGELES,-118.4406509399414,34.03981018066406
91404898,2021,2021-02-09,9565,2021-02-02,0947,019872,NA,2,1,5,1928,0,1,1,NA,2,060,I-405 N/B (SAN DIEGO FREEWAY),MARINE AVE,250,N,N,A,-,Y,NA,NA,405,NA,NA,NA,NA,NA,N,Y,3,0,1,3,A,-,03,22350,NA,N,C,C,A,A,H,-,A,D,0,NA,NA,NA,NA,Y,NA,A,01,0,1,0,0,0,0,0,0,0,-,-,33.89628982543945,-118.36849975585938,LOS ANGELES,HAWTHORNE,-118.36852264404295,33.896263122558594
91404901,2021,2021-02-09,9590,2021-01-28,2100,022456,NA,4,2,7,1942,0,1,3,NA,2,095,SR-2 W/B (GLENDALE FREEWAY),ESTARA AVENUE,10,S,N,B,C,Y,NA,NA,2,NA,NA,NA,NA,NA,W,Y,4,0,1,2,A,-,03,22350,NA,N,C,C,A,B,F,-,C,D,0,NA,NA,NA,Y,Y,NA,A,01,0,0,1,0,0,0,0,0,0,-,-,34.116119384765625,-118.23873138427734,LOS ANGELES,LOS ANGELES,-118.23873138427734,34.116127014160156
91404903,2021,2021-02-09,9590,2021-02-02,0516,021998,NA,2,3,7,1942,0,1,2,NA,2,071,US-101 N/B (HOF) TO I-110 S/B (HAF),SUNSET BLVD.,500,S,N,A,-,Y,NA,NA,101,NA,NA,NA,R,NA,N,Y,2,0,1,1,C,-,18,NA,NA,N,F,A,A,D,C,-,C,D,0,NA,NA,NA,NA,Y,NA,-,-,1,0,0,0,0,0,0,0,0,-,-,34.062591552734375,-118.24871826171876,LOS ANGELES,LOS ANGELES,-118.24871826171876,34.062591552734375
91404918,2021,2021-02-09,9545,2021-01-30,1525,021695,NA,6,2,9,1900,0,3,5,NA,2,001,AVENUE I,70TH ST EAST,0,NA,Y,A,-,N,NA,NA,NA,NA,NA,NA,NA,NA,NA,Y,4,0,1,2,A,-,09,21802,A,N,D,C,A,A,H,-,A,A,0,NA,NA,NA,NA,Y,NA,D,22,0,0,1,0,0,0,0,0,0,-,-,34.70441818237305,-118.00543975830078,LOS ANGELES,UNINCORPORATED,-118.00544738769533,34.70463943481445
91404932,2021,2021-02-09,9530,2021-01-31,2335,022302,NA,7,3,7,1942,0,1,1,NA,2,110,I-110 S/B (HARBOR FREEWAY),CENTURY BLVD.,100,S,N,A,-,Y,NA,NA,110,NA,NA,NA,NA,NA,S,Y,4,0,1,2,A,-,03,22350,NA,N,C,C,A,A,H,-,C,D,0,NA,NA,NA,NA,Y,NA,A,01,0,0,1,0,0,0,0,0,0,-,-,33.94512939453125,-118.2800521850586,LOS ANGELES,LOS ANGELES,-118.27994537353516,33.94511795043945
91404933,2021,2021-02-09,9580,2021-01-31,0945,022535,NA,7,1,7,1942,0,1,1,NA,2,405,I-405 S/B (SAN DIEGO FWY),BURBANK BLVD,2218,N,N,A,-,Y,NA,NA,405,NA,NA,NA,NA,NA,S,Y,2,0,2,2,A,-,08,22107,NA,N,B,C,A,A,H,-,A,D,0,NA,NA,NA,NA,Y,NA,A,01,1,0,1,0,0,0,0,0,0,-,-,34.17829132080078,-118.46920776367188,LOS ANGELES,LOS ANGELES,-118.46915435791016,34.17832565307617
91404939,2021,2021-02-09,9530,2021-01-28,2015,022592,NA,4,2,5,1977,0,1,1,NA,2,410,I-405 S/B (SAN DIEGO FREEWAY),FIGUEROA ST.,160,N,N,C,-,Y,NA,NA,405,NA,NA,NA,NA,NA,S,Y,3,0,2,5,A,-,03,22350,NA,N,C,C,A,B,H,-,C,D,0,NA,NA,NA,NA,Y,NA,A,07,0,2,0,0,0,0,0,0,0,-,-,33.85499954223633,-118.28247833251952,LOS ANGELES,CARSON,-118.2824935913086,33.85498809814453
91404948,2021,2021-02-09,9580,2021-02-06,1647,022158,NA,6,2,7,1942,0,1,2,NA,2,103,US-101 S/B (VENTURA FREEWAY),WOODMAN AVE,1000,N,N,A,-,Y,NA,NA,101,NA,NA,NA,NA,NA,S,N,4,0,2,2,A,-,03,22350,NA,N,C,C,A,A,H,-,A,D,0,NA,NA,NA,NA,Y,NA,A,01,0,0,2,0,0,0,0,0,0,-,-,34.155601501464844,-118.43506622314452,LOS ANGELES,LOS ANGELES,-118.43507385253906,34.15554428100586
91404949,2021,2021-02-09,9580,2021-02-06,2340,021607,NA,6,3,7,1942,0,1,1,NA,2,406,I-405 N/B (SAN DIEGO FWY),ROSCOE BLVD,450,S,N,B,-,Y,NA,NA,405,NA,NA,NA,NA,NA,N,Y,4,0,1,2,A,-,08,22107,NA,M,B,C,A,A,H,-,D,D,0,NA,NA,NA,NA,Y,NA,-,99,0,0,1,0,0,0,0,0,0,-,-,34.22003936767578,-118.47315216064452,LOS ANGELES,LOS ANGELES,-118.4730987548828,34.22003936767578
91404953,2021,2021-03-03,9580,2021-02-07,0012,022535,NA,7,3,7,1942,0,1,3,NA,2,117,SR-118 W/B (RONALD REAGAN FWY.),LOUISE AVE,290,E,N,A,-,Y,NA,NA,118,NA,NA,NA,NA,NA,W,Y,4,0,1,2,A,-,03,22350,NA,N,C,C,A,A,H,-,C,D,0,NA,NA,NA,NA,Y,NA,A,01,0,0,1,0,0,0,0,0,0,-,-,34.27804183959961,-118.5098876953125,LOS ANGELES,LOS ANGELES,-118.5098876953125,34.277976989746094
91404975,2021,2021-02-09,9535,2021-02-08,0616,021657,NA,1,1,6,1922,0,1,1,NA,2,400,I-10 (SAN BERNARDINO FREEWAY) E/B,SANTA ANITA AVE,500,W,N,A,-,Y,NA,NA,10,NA,NA,NA,NA,NA,E,N,4,0,2,2,A,-,03,22350,NA,N,C,C,A,A,H,-,B,D,0,NA,NA,NA,NA,Y,NA,A,01,0,0,2,0,0,0,0,0,0,-,-,34.07025146484375,-118.04776000976564,LOS ANGELES,EL MONTE,-118.04773712158205,34.07030487060547
91405007,2021,2021-02-10,9580,2021-02-04,1550,021999,NA,4,2,7,1942,0,1,3,NA,2,170,SR-170 N/B (HOLLYWOOD FWY.),ARLETA AVE,330,S,N,A,-,Y,NA,NA,170,NA,NA,NA,NA,NA,N,N,4,0,1,2,A,-,03,22350,NA,N,C,C,A,A,H,-,A,D,0,NA,NA,NA,NA,Y,NA,D,22,0,0,1,0,0,0,0,0,0,-,-,34.22597122192383,-118.41087341308594,LOS ANGELES,LOS ANGELES,-118.41090393066406,34.22597122192383
91405040,2021,2021-02-09,9580,2021-02-03,1615,018583,NA,3,2,3,1994,0,1,2,NA,2,108,US-101 N/B (VENTURA FREEWAY),REYES ADOBE RD,2640,N,N,A,-,Y,NA,NA,101,NA,NA,NA,NA,NA,N,Y,4,0,1,2,A,-,08,22107,NA,N,C,C,A,A,H,-,A,D,0,NA,NA,NA,NA,Y,NA,A,07,0,0,1,0,0,0,0,0,0,-,-,34.146331787109375,-118.78962707519533,LOS ANGELES,AGOURA HILLS,-118.78963470458984,34.14640808105469
91405048,2021,2021-02-09,9535,2021-02-02,1300,022225,NA,2,1,9,1900,0,2,4,NA,2,018,3RD ST,WOODS AVE,0,NA,Y,A,-,N,NA,NA,NA,NA,NA,NA,NA,NA,NA,N,4,0,2,2,A,-,09,21801,A,N,D,C,A,A,H,-,A,A,0,NA,NA,NA,NA,Y,NA,I,12,0,0,2,0,0,0,0,0,0,-,-,34.033470153808594,-118.15570831298828,LOS ANGELES,UNINCORPORATED,-118.15576171875,34.033355712890625
91405082,2021,2021-02-09,9575,2021-02-02,0730,022526,NA,2,1,7,1942,0,1,1,NA,2,052,I-5 S/B (GOLDEN STATE FREEWAY),PEORIA STREET,150,S,N,A,-,Y,NA,NA,5,NA,NA,NA,NA,NA,S,N,4,0,1,2,A,-,03,22350,NA,N,C,C,A,A,H,-,A,D,0,NA,NA,NA,NA,Y,NA,A,01,0,0,1,0,0,0,0,0,0,-,-,34.22813034057617,-118.39160919189452,LOS ANGELES,LOS ANGELES,-118.39163208007813,34.228084564208984
91405105,2021,2021-02-09,9530,2021-01-29,2207,021709,NA,5,3,6,1972,0,1,1,NA,2,400,I-405 S/B (SAN DIEGO FREEWAY),CRENSHAW BLVD.,1000,N,N,A,-,Y,NA,NA,405,NA,NA,NA,NA,NA,S,Y,3,0,1,3,A,-,07,21658,A,F,B,C,A,A,H,-,C,D,0,NA,NA,NA,NA,Y,NA,-,99,0,1,0,0,0,0,0,0,0,-,-,33.864891052246094,-118.3280029296875,LOS ANGELES,TORRANCE,-118.32798767089844,33.86492156982422
91405120,2021,2021-02-09,9575,2021-01-29,2000,019595,NA,5,2,7,1942,0,1,1,NA,2,052,I-5 N/B (GOLDEN STATE FREEWAY),OLINDA STREET PED CROSSING,175,S,N,A,-,Y,NA,NA,5,NA,NA,NA,NA,NA,N,Y,4,0,1,1,A,-,08,22107,NA,N,E,I,A,A,H,-,C,D,0,NA,NA,NA,NA,Y,NA,D,22,0,0,1,0,0,0,0,0,0,-,-,34.22275161743164,-118.36997222900392,LOS ANGELES,LOS ANGELES,-118.37001037597656,34.222625732421875
91405133,2021,2021-02-09,9530,2021-01-30,1827,022454,NA,6,2,9,1900,0,3,5,NA,2,001,PACIFIC BLVD (7400 BLOCK),LIVE OAK ST.,75,N,N,A,-,N,NA,NA,NA,NA,NA,NA,NA,NA,NA,N,4,0,2,2,A,-,08,22107,NA,F,C,E,A,A,H,-,C,D,0,NA,NA,NA,NA,Y,NA,-,99,0,0,2,0,0,0,0,0,0,-,-,33.971900939941406,-118.2251434326172,LOS ANGELES,UNINCORPORATED,-118.22524261474608,33.971885681152344