CASE_ID,ACCIDENT_YEAR,PROC_DATE,JURIS,COLLISION_DATE,COLLISION_TIME,OFFICER_ID,REPORTING_DISTRICT,DAY_OF_WEEK,CHP_SHIFT,POPULATION,CNTY_CITY_LOC,SPECIAL_COND,BEAT_TYPE,CHP_BEAT_TYPE,CITY_DIVISION_LAPD,CHP_BEAT_CLASS,BEAT_NUMBER,PRIMARY_RD,SECONDARY_RD,DISTANCE,DIRECTION,INTERSECTION,WEATHER_1,WEATHER_2,STATE_HWY_IND,CALTRANS_COUNTY,CALTRANS_DISTRICT,STATE_ROUTE,ROUTE_SUFFIX,POSTMILE_PREFIX,POSTMILE,LOCATION_TYPE,RAMP_INTERSECTION,SIDE_OF_HWY,TOW_AWAY,COLLISION_SEVERITY,NUMBER_KILLED,NUMBER_INJURED,PARTY_COUNT,PRIMARY_COLL_FACTOR,PCF_CODE_OF_VIOL,PCF_VIOL_CATEGORY,PCF_VIOLATION,PCF_VIOL_SUBSECTION,HIT_AND_RUN,TYPE_OF_COLLISION,MVIW,PED_ACTION,ROAD_SURFACE,ROAD_COND_1,ROAD_COND_2,LIGHTING,CONTROL_DEVICE,CHP_ROAD_TYPE,PEDESTRIAN_ACCIDENT,BICYCLE_ACCIDENT,MOTORCYCLE_ACCIDENT,TRUCK_ACCIDENT,NOT_PRIVATE_PROPERTY,ALCOHOL_INVOLVED,STWD_VEHTYPE_AT_FAULT,CHP_VEHTYPE_AT_FAULT,COUNT_SEVERE_INJ,COUNT_VISIBLE_INJ,COUNT_COMPLAINT_PAIN,COUNT_PED_KILLED,COUNT_PED_INJURED,COUNT_BICYCLIST_KILLED,COUNT_BICYCLIST_INJURED,COUNT_MC_KILLED,COUNT_MC_INJURED,PRIMARY_RAMP,SECONDARY_RAMP,LATITUDE,LONGITUDE,COUNTY,CITY,POINT_X,POINT_Y
91409328,2021,2021-02-16,9540,2021-02-09,1012,014339,NA,2,1,9,1900,0,2,4,NA,2,081,THE OLD RD.,MAGIC MOUNTAIN PARKWAY,0,NA,Y,B,-,N,NA,NA,NA,NA,NA,NA,NA,NA,NA,Y,2,0,2,2,A,-,12,21453,A,N,D,C,A,A,H,-,A,A,0,NA,NA,NA,Y,Y,NA,A,01,2,0,0,0,0,0,0,0,0,-,-,34.42219924926758,-118.58497619628906,LOS ANGELES,UNINCORPORATED,-118.58515167236328,34.421966552734375
91409394,2021,2021-02-16,9550,2021-02-06,1215,020531,NA,6,1,9,1900,0,2,4,NA,1,051,NOGALES STREET,HONORE STREET,0,NA,Y,A,-,N,NA,NA,NA,NA,NA,NA,NA,NA,NA,Y,4,0,2,2,A,-,12,21453,A,N,D,C,A,A,H,-,A,A,0,NA,NA,NA,NA,Y,NA,-,-,0,0,2,0,0,0,0,0,0,-,-,33.982181549072266,-117.88892364501952,LOS ANGELES,UNINCORPORATED,-117.88892364501952,33.98213577270508
91409417,2021,2021-02-16,9550,2021-02-11,0520,022037,NA,4,3,9,1900,0,1,1,NA,2,501,INTERSTATE 5 SOUTHBOUND,VALLEY VIEW AVENUE,450,N,N,A,-,Y,NA,NA,NA,NA,NA,NA,NA,NA,NA,Y,4,0,1,2,A,-,03,22350,NA,N,C,C,A,A,H,-,C,D,0,NA,NA,NA,NA,Y,NA,A,01,0,0,1,0,0,0,0,0,0,-,-,33.884918212890625,-118.03034210205078,LOS ANGELES,UNINCORPORATED,-118.0302734375,33.884735107421875
91409474,2021,2021-02-17,9550,2021-02-15,1900,020974,NA,1,2,3,1964,0,1,1,NA,2,501,I-5 S/B,SHOEMAKER AVENUE,450,N,N,B,-,Y,NA,NA,5,NA,NA,NA,NA,NA,S,Y,3,0,3,2,A,-,01,23152,A,N,C,C,A,A,H,-,C,D,0,NA,NA,NA,NA,Y,Y,A,01,0,1,2,0,0,0,0,0,0,-,-,33.899261474609375,-118.05673980712892,LOS ANGELES,SANTA FE SPRINGS,-118.05682373046876,33.899105072021484
91409651,2021,2021-02-17,9540,2021-02-07,1830,021374,NA,7,2,9,1900,0,2,4,NA,1,202,SOLEDAD CANYON RD (11400 BLOCK),AGUA DULCE CYN RD,1584,E,N,A,-,N,NA,NA,NA,NA,NA,NA,NA,NA,NA,Y,2,0,1,2,A,-,03,22350,NA,N,A,C,A,A,H,-,D,D,0,NA,NA,Y,NA,Y,NA,C,02,1,0,0,0,0,0,0,0,1,-,-,34.437400817871094,-118.33136749267578,LOS ANGELES,UNINCORPORATED,-118.33160400390624,34.437286376953125
91409652,2021,2021-02-17,9590,2021-02-05,1805,021583,NA,5,2,7,1942,0,1,1,NA,2,060,I-10 E/B (SANTA MONICA FREEWAY),EAST ROAD EDGE OF ARLINGTON AVENUE,90,W,N,A,-,Y,NA,NA,10,NA,NA,NA,NA,NA,E,Y,4,0,2,4,A,-,03,22350,NA,N,C,C,A,A,H,-,C,D,0,NA,NA,NA,NA,Y,NA,A,07,0,0,2,0,0,0,0,0,0,-,-,34.03670883178711,-118.31745910644533,LOS ANGELES,LOS ANGELES,-118.31745910644533,34.036651611328125
91409655,2021,2021-02-17,9540,2021-02-12,1547,020462,NA,5,2,9,1900,0,1,1,NA,2,507,I-5 S/B (GOLDEN STATE FREEWAY),MCBEAN PKY,50,N,N,A,-,Y,NA,NA,5,NA,NA,NA,NA,NA,S,Y,4,0,2,3,A,-,03,22350,NA,N,C,C,A,A,H,-,A,D,0,NA,NA,NA,NA,Y,NA,A,01,0,0,2,0,0,0,0,0,0,-,-,34.39448165893555,-118.57145690917967,LOS ANGELES,UNINCORPORATED,-118.5715103149414,34.394466400146484
91409658,2021,2021-03-18,9540,2021-02-08,1135,014339,NA,1,1,9,1900,0,2,4,NA,2,010,THE OLD RD.,PICO CANYON RD.,30,S,N,A,-,N,NA,NA,NA,NA,NA,NA,NA,NA,NA,N,4,0,1,2,A,-,08,22107,NA,N,B,C,A,A,H,-,A,A,0,NA,NA,NA,NA,Y,NA,A,01,0,0,1,0,0,0,0,0,0,-,-,34.38079071044922,-118.5708236694336,LOS ANGELES,UNINCORPORATED,-118.57087707519533,34.38098907470703
91409659,2021,2021-02-17,9540,2021-02-11,0050,021058,NA,4,3,9,1900,0,3,5,NA,2,300,WITHERSPOON PARKWAY (2900 BLOCK),AVENUE PAINE,0,NA,Y,A,-,N,NA,NA,NA,NA,NA,NA,NA,NA,NA,Y,4,0,1,2,A,-,09,21802,A,N,D,C,A,A,H,-,D,A,0,NA,NA,NA,NA,Y,NA,A,01,0,0,1,0,0,0,0,0,0,-,-,34.44609832763672,-118.630126953125,LOS ANGELES,UNINCORPORATED,-118.62992095947266,34.44608688354492
91409661,2021,2021-02-17,9580,2021-02-10,2305,022572,NA,3,3,7,1942,0,1,1,NA,2,404,US-101 N/B (VENTURA FREEWAY),I-405 N/B (SAN DIEGO FWY),300,S,N,A,-,Y,NA,NA,101,NA,NA,NA,NA,NA,N,N,4,0,1,2,A,-,07,21658,A,N,B,C,A,A,H,-,C,D,0,NA,NA,NA,NA,Y,NA,A,01,0,0,1,0,0,0,0,0,0,-,-,34.15951919555664,-118.46317291259766,LOS ANGELES,LOS ANGELES,-118.46317291259766,34.159507751464844
91409662,2021,2021-02-17,9590,2021-02-05,1025,017733,NA,5,1,7,1942,0,1,1,NA,2,081,I-5 S/B (GOLDEN STATE FREEWAY),FOURTH STREET,80,S,N,A,-,Y,NA,NA,5,NA,NA,NA,NA,NA,S,Y,4,0,2,5,A,-,03,22350,NA,N,C,C,A,A,H,-,A,D,0,NA,NA,NA,NA,Y,NA,D,23,0,0,2,0,0,0,0,0,0,-,-,34.04291915893555,-118.21730041503906,LOS ANGELES,LOS ANGELES,-118.2173080444336,34.04292678833008
91409666,2021,2021-02-17,9545,2021-02-06,1710,022265,NA,6,2,9,1900,0,3,5,NA,2,003,SIERRA HWY,SANTIAGO RD,0,NA,Y,A,-,N,NA,NA,NA,NA,NA,NA,NA,NA,NA,Y,4,0,1,2,A,-,09,21802,A,N,D,C,A,A,H,-,A,A,0,NA,NA,NA,NA,Y,NA,A,07,0,0,1,0,0,0,0,0,0,-,-,34.489768981933594,-118.16191864013672,LOS ANGELES,UNINCORPORATED,-118.16185760498048,34.48977279663086
91409699,2021,2021-02-17,9565,2021-02-05,2055,022251,NA,5,2,5,1928,0,1,1,NA,2,012,I-105 W/B (CENTURY FREEWAY),HAWTHORNE BLVD,20,E,N,A,-,Y,NA,NA,105,NA,NA,NA,NA,NA,W,Y,3,0,2,2,A,-,03,22350,NA,N,C,C,A,A,H,-,C,D,0,NA,NA,NA,NA,Y,NA,D,22,0,1,1,0,0,0,0,0,0,-,-,33.933738708496094,-118.35230255126952,LOS ANGELES,HAWTHORNE,-118.352294921875,33.93376541137695
91409749,2021,2021-02-17,9580,2021-02-12,1902,018583,NA,5,2,7,1942,0,1,2,NA,2,102,US-101 N/B (VENTURA FREEWAY),LOUIS AVE,280,S,N,A,-,Y,NA,NA,101,NA,NA,NA,NA,NA,N,Y,4,0,1,2,A,-,03,22350,NA,N,C,C,A,A,H,-,D,D,0,NA,NA,NA,NA,Y,NA,A,07,0,0,1,0,0,0,0,0,0,-,-,34.171138763427734,-118.50894165039064,LOS ANGELES,LOS ANGELES,-118.50894165039064,34.17127990722656
91409753,2021,2021-02-17,9530,2021-02-08,2008,020349,NA,1,2,9,1900,0,1,1,NA,2,120,I-110 N/B (HARBOR FREEWAY),PEDESTRIAN BRIDGE,130,N,N,A,-,Y,NA,NA,110,NA,NA,NA,NA,NA,N,Y,3,0,2,3,A,-,21,22106,NA,N,C,C,A,A,H,-,C,D,0,NA,NA,NA,Y,Y,NA,D,22,0,1,1,0,0,0,0,0,0,-,-,33.82789993286133,-118.28724670410156,LOS ANGELES,UNINCORPORATED,-118.28725433349608,33.82789993286133
91409760,2021,2021-02-17,9580,2021-02-16,0848,022468,NA,2,1,7,1942,0,1,3,NA,2,171,SR-170 S/B (HOLLYWOOD FWY.),SHERMAN WAY,792,S,N,A,-,Y,NA,NA,170,NA,NA,NA,NA,NA,S,Y,4,0,1,2,A,-,03,22350,NA,N,C,C,A,A,H,-,A,D,0,NA,NA,NA,NA,Y,NA,A,07,0,0,1,0,0,0,0,0,0,-,-,34.198848724365234,-118.40318298339844,LOS ANGELES,LOS ANGELES,-118.40322113037108,34.19884490966797
91409779,2021,2021-02-17,9550,2021-02-08,2025,020948,NA,1,2,9,1900,0,1,1,NA,2,650,INTERSTATE 605 S/B,INTERSTATE 5 (SANTA ANA FREEWAY),750,N,N,A,-,Y,NA,NA,NA,NA,NA,NA,NA,NA,NA,Y,3,0,1,2,A,-,08,22107,NA,N,C,C,A,A,H,-,C,D,0,NA,NA,NA,NA,Y,NA,A,01,0,1,0,0,0,0,0,0,0,-,-,33.94335174560547,-118.0955810546875,LOS ANGELES,UNINCORPORATED,-118.09576416015624,33.943084716796875
91409788,2021,2021-02-17,9580,2021-02-14,1655,022158,NA,7,2,7,1942,0,1,3,NA,2,171,SR-170 S/B (HOLLYWOOD FWY.),BURBANK BLVD,250,S,N,A,-,Y,NA,NA,170,NA,NA,NA,NA,NA,S,Y,4,0,3,4,A,-,01,23152,A,N,C,C,A,A,H,-,A,D,0,NA,NA,NA,NA,Y,Y,A,01,0,0,3,0,0,0,0,0,0,-,-,34.171600341796875,-118.38818359375,LOS ANGELES,LOS ANGELES,-118.38821411132813,34.17155075073242
91409824,2021,2021-02-17,9550,2021-02-11,1515,022450,NA,4,2,6,1920,0,1,1,NA,2,150,I-105 EB,LAKEWOOD BOULEVARD,50,W,N,A,-,Y,NA,NA,105,NA,NA,NA,NA,NA,E,Y,4,0,1,3,A,-,03,22350,NA,N,C,C,A,A,H,-,A,D,0,NA,NA,NA,NA,Y,NA,D,22,0,0,1,0,0,0,0,0,0,-,-,33.91292953491211,-118.14118194580078,LOS ANGELES,DOWNEY,-118.14118194580078,33.91292953491211
91409827,2021,2021-02-17,9565,2021-02-06,1920,022219,NA,6,2,9,1900,0,2,4,NA,2,022,NORMANDIE AVE,127TH ST,70,N,N,A,-,N,NA,NA,NA,NA,NA,NA,NA,NA,NA,Y,3,0,1,3,A,-,08,22102,NA,F,B,C,A,A,H,-,C,D,0,NA,NA,NA,NA,Y,NA,A,01,0,1,0,0,0,0,0,0,0,-,-,33.917728424072266,-118.30045318603516,LOS ANGELES,UNINCORPORATED,-118.30039978027344,33.917572021484375
91409833,2021,2021-02-17,9525,2021-02-15,1610,020843,NA,1,2,6,1955,0,1,3,NA,2,571,SR-57 S/B (ORANGE FWY) TO SR-71 S/B,I-10 E/B (SAN BERNARDINO FWY),380,S,N,A,-,Y,NA,NA,NA,NA,NA,NA,NA,NA,NA,Y,2,0,1,4,A,-,17,22517,NA,N,B,C,A,A,H,-,A,D,0,NA,NA,Y,NA,Y,NA,A,01,1,0,0,0,0,0,0,0,1,-,-,34.06616973876953,-117.80161285400392,LOS ANGELES,POMONA,-117.80628967285156,34.06405258178711
91409836,2021,2021-02-17,9535,2021-02-08,0430,022286,NA,1,3,5,1959,0,1,3,NA,2,621,SR-60 (POMONA FREEWAY) W/B,SAN GABRIEL BLVD,1900,E,N,A,-,Y,NA,NA,NA,NA,NA,NA,NA,NA,NA,Y,4,0,1,3,A,-,07,21658,A,N,B,C,A,A,H,-,C,D,0,NA,NA,NA,NA,Y,NA,-,99,0,0,1,0,0,0,0,0,0,-,-,34.04106140136719,-118.07386779785156,LOS ANGELES,ROSEMEAD,-118.07470703125,34.04094314575195
91409934,2021,2021-02-17,9530,2021-02-10,1004,018887,NA,3,1,9,1900,0,1,3,NA,2,310,SR-91 E/B TO SANTA FE AVENUE,SANTA FE AVENUE,6,W,N,A,-,Y,NA,NA,91,NA,NA,NA,R,NA,E,Y,3,0,1,1,C,-,18,NA,NA,N,F,A,A,A,D,H,A,A,0,NA,NA,NA,NA,Y,NA,-,-,0,1,0,0,0,0,0,0,0,-,-,33.87372970581055,-118.2076416015625,LOS ANGELES,UNINCORPORATED,-118.2076416015625,33.87372970581055
91409953,2021,2021-02-17,9590,2021-02-12,2108,021622,NA,5,2,7,1942,0,1,1,NA,2,065,I-10 W/B (SANTA MONICA FREEWAY),MAPLE AVENUE,175,W,N,A,-,Y,NA,NA,10,NA,NA,NA,NA,NA,W,N,4,0,1,2,A,-,03,22350,NA,N,C,C,A,A,H,-,C,D,0,NA,NA,NA,NA,Y,NA,A,07,0,0,1,0,0,0,0,0,0,-,-,34.03152084350586,-118.26043701171876,LOS ANGELES,LOS ANGELES,-118.26045989990234,34.03146743774414
91409968,2021,2021-02-17,9530,2021-02-10,1730,022592,NA,3,2,9,1900,0,3,5,NA,2,003,ROSECRANS AVENUE (BLOCK 4500),ATLANTIC AVENUE (BLOCK 14300),16,E,N,A,-,N,NA,NA,NA,NA,NA,NA,NA,NA,NA,N,4,0,1,2,A,-,09,21453,B,F,B,C,A,A,H,-,C,A,0,NA,NA,NA,NA,Y,NA,-,99,0,0,1,0,0,0,0,0,0,-,-,33.903499603271484,-118.19374084472656,LOS ANGELES,UNINCORPORATED,-118.19388580322266,33.90357208251953
91409981,2021,2021-02-17,9590,2021-02-07,2230,022417,NA,7,3,7,1942,0,1,2,NA,2,072,US-101 N/B (HOF),SANTA MONICA BLVD,50,N,N,A,-,Y,NA,NA,101,NA,NA,NA,NA,NA,N,Y,4,0,1,2,A,-,07,21658,A,N,B,C,A,A,H,-,C,D,0,NA,NA,NA,NA,Y,NA,A,01,0,0,1,0,0,0,0,0,0,-,-,34.09090042114258,-118.306396484375,LOS ANGELES,LOS ANGELES,-118.30642700195313,34.090885162353516
91410009,2021,2021-02-17,9535,2021-02-08,1515,022159,NA,1,2,9,1900,0,3,5,NA,2,002,E. HUBBARD ST.,EASTMONT AVE,0,NA,Y,A,-,N,NA,NA,NA,NA,NA,NA,NA,NA,NA,N,2,0,1,2,A,-,10,21950,A,N,G,B,B,A,H,-,A,A,0,Y,NA,NA,NA,Y,NA,A,01,1,0,0,0,1,0,0,0,0,-,-,34.02130889892578,-118.15074920654295,LOS ANGELES,UNINCORPORATED,-118.15073394775392,34.02137756347656
91410028,2021,2021-02-17,9525,2021-01-30,1855,019491,NA,6,2,4,1905,0,1,1,NA,2,203,I-210 W/B (FOOTHILL FWY),CERRITOS AVENUE,1000,W,N,A,-,Y,NA,NA,210,NA,NA,NA,NA,NA,W,Y,3,0,1,1,A,-,08,22107,NA,N,E,I,A,A,H,-,D,D,0,NA,NA,NA,NA,Y,NA,A,07,0,1,0,0,0,0,0,0,0,-,-,34.12131118774414,-117.90104675292967,LOS ANGELES,AZUSA,-117.90104675292967,34.12115478515625
91410057,2021,2021-02-17,9590,2021-02-06,1145,022102,NA,6,1,7,1942,0,1,1,NA,2,050,I-110 N/B (HARBOR FREEWAY),37TH ST.,200,S,N,A,-,Y,NA,NA,110,NA,NA,NA,NA,NA,N,N,4,0,1,2,A,-,07,21658,A,M,C,C,A,A,H,-,A,D,0,NA,NA,NA,NA,Y,NA,-,99,0,0,1,0,0,0,0,0,0,-,-,34.016788482666016,-118.28024291992188,LOS ANGELES,LOS ANGELES,-118.28037261962892,34.01683807373047
91410066,2021,2021-02-17,9525,2021-02-12,2312,022553,NA,5,3,4,1905,0,1,1,NA,2,203,I-210 W/B (FOOTHILL FWY),VERNON AVENUE,1056,W,N,A,-,Y,NA,NA,210,NA,NA,NA,NA,NA,W,Y,3,0,1,2,A,-,01,23152,A,N,C,C,A,A,H,-,D,D,0,NA,NA,NA,Y,Y,Y,A,01,0,1,0,0,0,0,0,0,0,-,-,34.12813186645508,-117.91873931884766,LOS ANGELES,AZUSA,-117.91876220703124,34.12806701660156
91410068,2021,2021-02-17,9540,2021-02-06,0843,020862,NA,6,1,7,1942,0,1,1,NA,2,213,I-210 EASTBOUND (FOOTHILL FWY),FOOTHILL BLVD,1056,W,N,A,-,Y,NA,NA,210,NA,NA,NA,NA,NA,E,Y,2,0,1,1,A,-,01,23152,A,N,E,I,A,A,H,-,A,D,0,NA,NA,NA,NA,Y,Y,D,22,1,0,0,0,0,0,0,0,0,-,-,34.31711959838867,-118.48638916015624,LOS ANGELES,LOS ANGELES,-118.48649597167967,34.3172607421875
91410095,2021,2021-02-17,9525,2021-02-15,1404,020823,NA,1,2,9,1900,0,3,5,NA,2,004,5TH AVE (100 BLOCK),VALLEY BLVD,15,S,N,A,-,N,NA,NA,NA,NA,NA,NA,NA,NA,NA,Y,3,0,1,2,A,-,03,22350,NA,N,D,C,A,A,H,-,A,D,0,NA,NA,Y,NA,Y,NA,C,02,0,1,0,0,0,0,0,0,1,-,-,34.03956985473633,-117.98193359375,LOS ANGELES,UNINCORPORATED,-117.98180389404295,34.03968811035156
91410132,2021,2021-02-17,9550,2021-02-12,1753,016761,NA,5,2,1,1932,0,1,3,NA,2,602,STATE ROUTE 60 E/B (POMONA FREEWAY),FAIRWAY DRIVE,1600,W,N,A,-,Y,NA,NA,60,NA,NA,NA,NA,NA,E,N,4,0,1,2,A,-,03,22350,NA,N,C,C,A,A,H,-,D,D,0,NA,NA,NA,NA,Y,NA,A,01,0,0,1,0,0,0,0,0,0,-,-,33.995391845703125,-117.87570190429688,LOS ANGELES,INDUSTRY,-117.87569427490234,33.99535369873047
91410153,2021,2021-02-17,9525,2021-02-12,0713,018366,NA,5,1,6,1955,0,1,3,NA,2,571,SR-57 S/B TO I-10 E/B,I-10 E/B (SAN BERNARDINO FWY),95,N,N,B,C,Y,NA,NA,57,NA,NA,NA,R,NA,S,Y,4,0,2,6,A,-,03,22350,NA,N,E,I,A,B,H,-,A,D,0,NA,NA,NA,Y,Y,NA,G,25,0,0,2,0,0,0,0,0,0,-,-,34.06549072265625,-117.80615997314452,LOS ANGELES,POMONA,-117.80615997314452,34.06549072265625
91410197,2021,2021-02-17,9530,2021-02-16,1810,017860,NA,2,2,7,1942,0,1,1,NA,2,400,I-405 S/B (SAN DIEGO FREEWAY),NORMANDIE AVE.,1050,S,N,A,-,Y,NA,NA,405,NA,NA,NA,NA,NA,S,N,4,0,3,3,A,-,03,22350,NA,N,C,C,A,A,H,-,D,D,0,NA,NA,NA,NA,Y,NA,A,08,0,0,3,0,0,0,0,0,0,-,-,33.859710693359375,-118.29557800292967,LOS ANGELES,LOS ANGELES,-118.29557800292967,33.8597297668457
91410200,2021,2021-02-17,9535,2021-02-08,0720,022269,NA,1,1,9,1900,0,2,4,NA,2,012,CITY TERRACE DRIVE (4300 BLOCK),EASTERN AVE,150,W,N,A,-,N,NA,NA,NA,NA,NA,NA,NA,NA,NA,Y,4,0,1,2,A,-,01,23152,A,N,B,C,A,A,H,-,B,D,0,NA,NA,NA,NA,Y,Y,D,22,0,0,1,0,0,0,0,0,0,-,-,34.057769775390625,-118.17283630371094,LOS ANGELES,UNINCORPORATED,-118.17262268066406,34.057777404785156
91410209,2021,2021-02-17,9535,2021-02-09,1725,022235,NA,2,2,5,1943,0,1,1,NA,2,074,I-710 (LONG BEACH FREEWAY) N/B,IMPERIAL HWY,1530,S,N,A,-,Y,NA,NA,710,NA,NA,NA,NA,NA,N,Y,4,0,1,1,C,-,18,NA,NA,N,E,I,A,A,H,-,B,D,0,NA,NA,NA,NA,Y,NA,-,-,0,0,1,0,0,0,0,0,0,-,-,33.926448822021484,-118.1779327392578,LOS ANGELES,LYNWOOD,-118.17787170410156,33.92646789550781
91410276,2021,2021-02-17,9525,2021-01-30,1809,021080,NA,6,2,4,1946,0,1,1,NA,2,201,I-210 W/B (FOOTHILL FWY),MONTEREY AVE,1056,E,N,A,-,Y,NA,NA,210,NA,NA,NA,NA,NA,W,Y,3,0,2,1,A,-,01,23152,A,N,E,I,A,A,H,-,C,D,0,NA,NA,NA,NA,Y,Y,A,07,0,2,0,0,0,0,0,0,0,-,-,34.1373291015625,-118.011962890625,LOS ANGELES,MONROVIA,-118.01200103759766,34.137203216552734
91410285,2021,2021-02-17,9550,2021-02-06,1035,021977,NA,6,1,6,1920,0,1,1,NA,2,500,INTERSTATE 5 NORTHBOUND,PARAMOUNT BOULEVARD,900,S,N,A,-,Y,NA,NA,NA,NA,NA,NA,NA,NA,NA,Y,3,0,1,2,A,-,03,22350,NA,N,C,C,A,A,H,-,A,D,0,NA,NA,NA,NA,Y,NA,A,01,0,1,0,0,0,0,0,0,0,-,-,33.57440185546875,-118.07039642333984,LOS ANGELES,DOWNEY,-118.11804962158205,33.9625358581543
91410314,2021,2021-02-17,9590,2021-01-31,1930,022497,NA,7,2,7,1942,0,1,1,NA,2,065,I-10 W/B (SANTA MONICA FREEWAY),SANTA FE AVENUE,300,E,N,A,-,Y,NA,NA,10,NA,NA,NA,NA,NA,W,Y,3,0,1,3,A,-,07,21658,A,N,B,C,A,A,H,-,C,D,0,NA,NA,NA,Y,Y,NA,G,25,0,1,0,0,0,0,0,0,0,-,-,34.02935028076172,-118.22640228271484,LOS ANGELES,LOS ANGELES,-118.22639465332033,34.02932357788086
91410327,2021,2021-02-17,9525,2021-02-07,1428,021080,NA,7,2,1,1934,0,1,1,NA,2,652,I-605 N/B TO LOS ANGELES ST.,LOS ANGELES ST.,50,S,N,A,-,Y,NA,NA,605,NA,NA,NA,R,NA,N,N,4,0,1,4,A,-,06,21755,NA,F,B,C,A,A,H,-,A,D,0,NA,NA,NA,NA,Y,NA,D,22,0,0,1,0,0,0,0,0,0,-,-,34.09169006347656,-117.99111938476564,LOS ANGELES,IRWINDALE,-117.99111938476564,34.09169006347656
91410339,2021,2021-02-17,9550,2021-02-13,1420,022477,NA,6,2,9,1900,0,2,4,NA,1,011,WORKMAN MILL ROAD SOUTHBOUND,NORTH DRIVE,750,N,N,A,-,N,NA,NA,NA,NA,NA,NA,NA,NA,NA,Y,4,0,1,1,A,-,08,22107,NA,N,E,I,A,A,H,-,A,D,0,NA,NA,NA,NA,Y,NA,A,01,0,0,1,0,0,0,0,0,0,-,-,34.02545166015625,-118.03183746337892,LOS ANGELES,UNINCORPORATED,-118.03466796875,34.02378463745117
91410347,2021,2021-02-17,9590,2021-01-08,2050,022405,NA,5,2,7,1942,0,1,2,NA,2,073,US-101 S/B (HOLLYWOOD FREEWAY),N. WESTERN AVE.,75,S,N,A,-,Y,NA,NA,101,NA,NA,NA,NA,NA,S,Y,4,0,1,2,A,-,03,22350,NA,F,C,C,A,A,H,-,C,D,0,NA,NA,NA,NA,Y,NA,A,01,0,0,1,0,0,0,0,0,0,-,-,34.09341049194336,-118.3089599609375,LOS ANGELES,LOS ANGELES,-118.30893707275392,34.093441009521484
91410350,2021,2021-02-17,9590,2021-02-01,2035,022189,NA,1,2,7,1942,0,1,1,NA,2,052,I-110 N/B (HAF),8TH PLACE,150,N,N,A,-,Y,NA,NA,110,NA,NA,NA,NA,NA,N,Y,3,0,1,2,A,-,03,22350,NA,N,C,C,A,A,H,-,C,D,0,NA,NA,NA,NA,Y,NA,A,01,0,1,0,0,0,0,0,0,0,-,-,34.048038482666016,-118.2661590576172,LOS ANGELES,LOS ANGELES,-118.26618957519533,34.0480842590332
91410399,2021,2021-02-17,9535,2021-02-07,1434,022025,NA,7,2,3,1914,0,1,1,NA,2,501,I-5 (SANTA ANA FREEWAY) S/B,TRIGGS ST,850,N,N,A,-,Y,NA,NA,5,NA,NA,NA,NA,NA,S,Y,4,0,1,4,A,-,03,22350,NA,N,C,C,A,A,H,-,A,D,0,NA,NA,NA,NA,Y,NA,A,07,0,0,1,0,0,0,0,0,0,-,-,34.01150894165039,-118.1619873046875,LOS ANGELES,COMMERCE,-118.16196441650392,34.01156997680664
91410409,2021,2021-02-17,9535,2021-02-05,1551,022263,NA,5,2,9,1900,0,1,3,NA,2,621,SR-60 (POMONA FREEWAY) W/B,ROSEMEAD BLVD,100,W,N,A,-,Y,NA,NA,60,NA,NA,NA,NA,NA,W,Y,3,0,2,2,A,-,07,21658,A,N,B,C,A,A,H,-,A,D,0,NA,NA,NA,NA,Y,NA,D,22,0,1,1,0,0,0,0,0,0,-,-,34.04132843017578,-118.0648193359375,LOS ANGELES,UNINCORPORATED,-118.0648193359375,34.0413932800293
91410415,2021,2021-02-17,9545,2021-02-06,1855,022093,NA,6,2,9,1900,0,3,5,NA,1,005,AVENUE O,170TH ST  E,0,NA,Y,A,-,N,NA,NA,NA,NA,NA,NA,NA,NA,NA,Y,3,0,1,2,A,-,09,21801,A,F,D,C,A,A,H,-,C,A,0,NA,NA,NA,NA,Y,NA,A,01,0,1,0,0,0,0,0,0,0,-,-,34.61656188964844,-117.82698822021484,LOS ANGELES,UNINCORPORATED,-117.826904296875,34.616539001464844
91410416,2021,2021-02-17,9535,2021-02-05,1550,022263,NA,5,2,9,1900,0,1,3,NA,2,621,SR-60 (POMONA FREEWAY) W/B,ROSEMEAD BLVD,150,W,N,A,-,Y,NA,NA,60,NA,NA,NA,NA,NA,W,Y,4,0,3,3,A,-,01,23152,A,N,C,C,A,A,H,-,A,D,0,NA,NA,NA,NA,Y,Y,A,01,0,0,3,0,0,0,0,0,0,-,-,34.04132843017578,-118.06536102294922,LOS ANGELES,UNINCORPORATED,-118.06536102294922,34.0413932800293