CASE_ID,ACCIDENT_YEAR,PROC_DATE,JURIS,COLLISION_DATE,COLLISION_TIME,OFFICER_ID,REPORTING_DISTRICT,DAY_OF_WEEK,CHP_SHIFT,POPULATION,CNTY_CITY_LOC,SPECIAL_COND,BEAT_TYPE,CHP_BEAT_TYPE,CITY_DIVISION_LAPD,CHP_BEAT_CLASS,BEAT_NUMBER,PRIMARY_RD,SECONDARY_RD,DISTANCE,DIRECTION,INTERSECTION,WEATHER_1,WEATHER_2,STATE_HWY_IND,CALTRANS_COUNTY,CALTRANS_DISTRICT,STATE_ROUTE,ROUTE_SUFFIX,POSTMILE_PREFIX,POSTMILE,LOCATION_TYPE,RAMP_INTERSECTION,SIDE_OF_HWY,TOW_AWAY,COLLISION_SEVERITY,NUMBER_KILLED,NUMBER_INJURED,PARTY_COUNT,PRIMARY_COLL_FACTOR,PCF_CODE_OF_VIOL,PCF_VIOL_CATEGORY,PCF_VIOLATION,PCF_VIOL_SUBSECTION,HIT_AND_RUN,TYPE_OF_COLLISION,MVIW,PED_ACTION,ROAD_SURFACE,ROAD_COND_1,ROAD_COND_2,LIGHTING,CONTROL_DEVICE,CHP_ROAD_TYPE,PEDESTRIAN_ACCIDENT,BICYCLE_ACCIDENT,MOTORCYCLE_ACCIDENT,TRUCK_ACCIDENT,NOT_PRIVATE_PROPERTY,ALCOHOL_INVOLVED,STWD_VEHTYPE_AT_FAULT,CHP_VEHTYPE_AT_FAULT,COUNT_SEVERE_INJ,COUNT_VISIBLE_INJ,COUNT_COMPLAINT_PAIN,COUNT_PED_KILLED,COUNT_PED_INJURED,COUNT_BICYCLIST_KILLED,COUNT_BICYCLIST_INJURED,COUNT_MC_KILLED,COUNT_MC_INJURED,PRIMARY_RAMP,SECONDARY_RAMP,LATITUDE,LONGITUDE,COUNTY,CITY,POINT_X,POINT_Y
91413585,2021,2021-02-23,9530,2021-02-16,1921,022406,NA,2,2,9,1900,0,3,5,NA,2,001,FLORENCE AVE.,SANTA FE AVE.,0,NA,Y,A,-,N,NA,NA,NA,NA,NA,NA,NA,NA,NA,Y,3,0,1,2,A,-,09,21801,A,N,D,C,A,A,H,-,C,A,0,NA,NA,NA,NA,Y,NA,A,07,0,1,0,0,0,0,0,0,0,-,-,33.97467041015625,-118.2302017211914,LOS ANGELES,UNINCORPORATED,-118.23029327392578,33.9747314453125
91413594,2021,2021-02-23,9550,2021-02-12,1508,017511,NA,5,2,9,1900,0,1,3,NA,2,601,SR-60 W/B (POMONA FREEWAY),AZUSA AVE OVERCROSSING,200,W,N,A,-,Y,NA,NA,60,NA,NA,NA,NA,NA,W,Y,4,0,2,2,A,-,03,22350,NA,N,C,C,A,A,H,-,A,D,0,NA,NA,NA,NA,Y,NA,A,07,0,0,2,0,0,0,0,0,0,-,-,33.99711990356445,-117.93196868896484,LOS ANGELES,UNINCORPORATED,-117.93195343017578,33.997215270996094
91413610,2021,2021-02-23,9565,2021-02-12,2100,022226,NA,5,2,9,1900,0,3,5,NA,2,003,LA BREA AVENUE,STOCKER STREET,165,S,N,A,-,N,NA,NA,NA,NA,NA,NA,NA,NA,NA,Y,4,0,1,2,A,-,08,22102,NA,F,D,C,A,A,H,-,C,D,0,NA,NA,NA,NA,Y,NA,A,01,0,0,1,0,0,0,0,0,0,-,-,33.996490478515625,-118.35814666748048,LOS ANGELES,UNINCORPORATED,-118.35803985595705,33.996585845947266
91413619,2021,2021-02-23,9550,2021-02-17,0820,018360,NA,3,1,9,1900,0,3,5,NA,2,005,JELLICK AVENUE,COLIMA ROAD,0,NA,Y,A,-,N,NA,NA,NA,NA,NA,NA,NA,NA,NA,Y,4,0,1,3,A,-,09,21453,B,N,C,C,A,A,H,-,A,A,0,NA,NA,NA,NA,Y,NA,D,22,0,0,1,0,0,0,0,0,0,-,-,33.98810958862305,-117.90117645263672,LOS ANGELES,UNINCORPORATED,-117.90119934082033,33.98810577392578
91413622,2021,2021-02-23,9530,2021-02-14,2120,021465,NA,7,2,7,1941,0,1,1,NA,2,071,I-710 S/B (LONG BEACH FREEWAY),SR-91,929,N,N,A,-,Y,NA,NA,710,NA,NA,NA,NA,NA,S,Y,2,0,2,2,A,-,07,21658,A,N,B,C,A,A,H,-,C,D,0,NA,NA,NA,NA,Y,NA,A,01,1,1,0,0,0,0,0,0,0,-,-,33.87821960449219,-118.19268798828124,LOS ANGELES,LONG BEACH,-118.19261169433594,33.87820053100586
91413643,2021,2021-02-23,9525,2021-02-13,0200,021250,NA,6,3,9,1900,0,1,3,NA,1,024,SR-39 (SAN GABRIEL CANYON RD.),NORTH FORK BRIDGE,8816,S,N,B,-,Y,NA,NA,39,NA,NA,NA,NA,NA,NA,Y,3,0,1,1,A,-,03,22350,NA,N,E,I,A,A,H,-,D,D,0,NA,NA,NA,NA,Y,NA,A,01,0,1,0,0,0,0,0,0,0,-,-,34.262569427490234,-117.8509521484375,LOS ANGELES,UNINCORPORATED,-117.85095977783205,34.2625617980957
91413678,2021,2021-02-23,9550,2021-02-18,1635,022450,NA,4,2,5,1908,0,1,3,NA,2,091,SR-91 WB,I-605,1800,W,N,A,-,Y,NA,NA,91,NA,NA,NA,NA,NA,W,Y,4,0,1,4,A,-,03,22350,NA,N,C,C,A,A,H,-,A,D,0,NA,NA,NA,NA,Y,NA,A,01,0,0,1,0,0,0,0,0,0,-,-,33.87691879272461,-118.10887145996094,LOS ANGELES,BELLFLOWER,-118.10887145996094,33.87692642211914
91413686,2021,2021-02-23,9530,2021-02-15,2040,021123,NA,1,2,9,1900,0,3,5,NA,2,001,ALAMEDA ST.,74TH ST.,0,NA,Y,A,-,N,NA,NA,NA,NA,NA,NA,NA,NA,NA,N,4,0,2,4,A,-,12,21453,A,N,D,C,A,A,H,-,C,A,0,NA,NA,NA,NA,Y,NA,A,01,0,0,2,0,0,0,0,0,0,-,-,33.97298812866211,-118.23452758789064,LOS ANGELES,UNINCORPORATED,-118.23445129394533,33.972957611083984
91413746,2021,2021-02-23,9530,2021-02-16,0600,020816,NA,2,1,9,1900,0,3,5,NA,2,001,COMPTON AVE.,GAGE AVE.,0,NA,Y,A,-,N,NA,NA,NA,NA,NA,NA,NA,NA,NA,Y,4,0,2,2,A,-,12,21453,A,N,D,C,A,A,H,-,A,A,0,NA,NA,NA,NA,Y,NA,-,-,0,0,2,0,0,0,0,0,0,-,-,33.982078552246094,-118.24771118164064,LOS ANGELES,UNINCORPORATED,-118.24774169921876,33.9820556640625
91413747,2021,2021-02-23,9530,2021-02-15,2350,021325,NA,1,3,7,1942,0,1,1,NA,2,120,I-110 N/B (HARBOR FREEWAY),"L"" ST.""",220,S,N,A,-,Y,NA,NA,110,NA,NA,NA,NA,NA,N,Y,3,0,2,2,A,-,03,22350,NA,F,C,C,A,A,H,-,C,D,0,NA,NA,NA,NA,Y,NA,-,99,0,2,0,0,0,0,0,0,0,-,-,33.78535842895508,-118.28089904785156,LOS ANGELES,LOS ANGELES,-118.2809829711914,33.78534698486328
91413749,2021,2021-02-23,9550,2021-02-18,1910,022450,NA,4,2,5,1952,0,1,1,NA,2,151,I-105 EB,GARFIELD AVENUE,250,E,N,A,-,Y,NA,NA,105,NA,NA,NA,NA,NA,E,N,4,0,3,2,A,-,03,22350,NA,N,C,C,A,A,H,-,D,D,0,NA,NA,NA,NA,Y,NA,A,07,0,0,3,0,0,0,0,0,0,-,-,33.91099166870117,-118.16809844970705,LOS ANGELES,PARAMOUNT,-118.16809844970705,33.9109992980957
91413751,2021,2021-02-23,9535,2021-02-13,1700,022025,NA,6,2,9,1900,0,3,5,NA,2,002,GERHART AVE,BEVERLY BLVD,0,NA,Y,A,-,N,NA,NA,NA,NA,NA,NA,NA,NA,NA,Y,4,0,1,2,A,-,09,21801,A,N,A,C,A,A,H,-,A,A,0,NA,NA,NA,NA,Y,NA,A,01,0,0,1,0,0,0,0,0,0,-,-,34.02656173706055,-118.14417266845705,LOS ANGELES,UNINCORPORATED,-118.14414215087892,34.02651596069336
91413770,2021,2021-02-23,9525,2021-02-17,2045,019188,NA,3,2,9,1900,0,1,3,NA,1,024,SR-39 (SAN GABRIEL CANYON RD.),NORTH FORK BRIDGE,7436,S,N,A,-,Y,NA,NA,39,NA,NA,NA,NA,NA,NA,Y,3,0,2,1,A,-,03,22350,NA,N,F,A,A,A,H,-,D,D,0,NA,NA,NA,NA,Y,NA,A,01,0,1,1,0,0,0,0,0,0,-,-,34.18986892700195,-117.86637115478516,LOS ANGELES,UNINCORPORATED,-117.86637878417967,34.189884185791016
91413787,2021,2021-02-23,9530,2021-02-15,1305,013990,NA,1,1,9,1900,0,3,5,NA,2,004,CALLE SUSANA,PADRE PATRICIO,0,NA,Y,A,-,N,NA,NA,NA,NA,NA,NA,NA,NA,NA,N,3,0,1,2,A,-,09,21802,A,N,D,C,A,A,H,-,A,D,0,NA,NA,NA,NA,Y,NA,A,01,0,1,0,0,0,0,0,0,0,-,-,33.865421295166016,-118.22026824951172,LOS ANGELES,UNINCORPORATED,-118.22014617919922,33.86519241333008
91413790,2021,2021-02-23,9525,2021-02-14,1520,021355,NA,7,2,9,1900,0,1,3,NA,1,024,SR-39 (SAN GABRIEL CANYON RD.),MORRIS DAM ENTRANCE,5280,N,N,A,-,Y,NA,NA,39,NA,NA,NA,NA,NA,NA,Y,3,0,1,3,A,-,01,23152,A,N,C,C,A,A,H,-,A,D,0,NA,NA,NA,NA,Y,Y,A,01,0,1,0,0,0,0,0,0,0,-,-,34.18408966064453,-117.87344360351564,LOS ANGELES,UNINCORPORATED,-117.87343597412108,34.183998107910156
91413804,2021,2021-02-23,9530,2021-02-16,0918,020714,NA,2,1,7,1942,0,1,1,NA,2,110,I-110 S/B (HARBOR FREEWAY),EL SEGUNDO BLVD.,300,N,N,A,-,Y,NA,NA,110,NA,NA,NA,NA,NA,S,N,4,0,1,2,A,-,03,22350,NA,N,C,C,A,A,H,-,A,D,0,NA,NA,NA,NA,Y,NA,A,01,0,0,1,0,0,0,0,0,0,-,-,33.9167594909668,-118.28587341308594,LOS ANGELES,LOS ANGELES,-118.28581237792967,33.91673278808594
91413805,2021,2021-02-23,9525,2021-02-22,1110,018364,NA,1,1,1,1934,0,1,1,NA,2,652,I-605 N/B (SAN GABRIEL RIVER FWY),RAMONA BOULEVARD O/C,1584,N,N,A,-,Y,NA,NA,605,NA,NA,NA,NA,NA,N,Y,3,0,1,2,A,-,07,21658,A,N,B,C,A,A,H,-,A,D,0,NA,NA,NA,NA,Y,NA,A,01,0,1,0,0,0,0,0,0,0,-,-,34.082801818847656,-117.99732208251952,LOS ANGELES,IRWINDALE,-117.99725341796876,34.08277893066406
91413836,2021,2021-02-23,9590,2021-02-13,1900,022431,NA,6,2,7,1942,0,1,1,NA,2,040,I-5 N/B (SANTA ANA FREEWAY),EUCLID AVENUE,1000,S,N,A,-,Y,NA,NA,5,NA,NA,NA,NA,NA,N,Y,4,0,2,2,A,-,03,22350,NA,N,C,C,A,A,H,-,C,D,0,NA,NA,NA,NA,Y,NA,A,01,0,0,2,0,0,0,0,0,0,-,-,34.02587890625,-118.2065887451172,LOS ANGELES,LOS ANGELES,-118.20662689208984,34.0257682800293
91413858,2021,2021-02-23,9550,2021-02-11,2300,022480,NA,4,3,5,1919,0,1,1,NA,2,652,INTERSTATE 605 N/B,ARTESIA BOULEVARD,600,S,N,A,-,Y,NA,NA,605,NA,NA,NA,NA,NA,N,Y,4,0,2,2,A,-,01,23152,A,N,C,C,A,A,H,-,C,D,0,NA,NA,NA,NA,Y,Y,A,01,0,0,2,0,0,0,0,0,0,-,-,33.871219635009766,-118.10037994384766,LOS ANGELES,CERRITOS,-118.10044097900392,33.87119674682617
91413901,2021,2021-02-23,9550,2021-02-18,1240,018161,NA,4,1,9,1900,0,1,1,NA,2,650,I-605 NORTHBOUND,BEVERLY BLVD,300,N,N,A,-,Y,NA,NA,NA,NA,NA,NA,NA,NA,NA,Y,4,0,1,2,A,-,07,21658,A,F,B,C,A,A,H,-,A,A,0,NA,NA,NA,NA,Y,NA,-,99,0,0,1,0,0,0,0,0,0,-,-,34.01694107055664,-118.05328369140624,LOS ANGELES,UNINCORPORATED,-118.0635986328125,34.00447082519531
91413916,2021,2021-02-23,9550,2021-02-17,1520,021100,NA,3,2,9,1900,0,3,5,NA,2,005,KILLIAN AVE.,NOGALES STREET,20,E,N,A,-,N,NA,NA,NA,NA,NA,NA,NA,NA,NA,Y,3,0,2,1,A,-,12,21453,A,N,E,I,A,A,H,-,A,A,0,NA,NA,NA,NA,Y,NA,A,07,0,1,1,0,0,0,0,0,0,-,-,33.98223876953125,-117.88864135742188,LOS ANGELES,UNINCORPORATED,-117.8887176513672,33.98213195800781
91413917,2021,2021-02-23,9535,2021-02-13,0905,022269,NA,6,1,9,1900,0,2,S,NA,2,901,ALLEY SOUTH OF WHITTIER BLVD.,GERHART AVE,75,E,N,A,-,N,NA,NA,NA,NA,NA,NA,NA,NA,NA,N,4,0,1,2,A,-,21,22106,NA,N,G,B,D,A,H,-,A,D,0,Y,NA,NA,NA,Y,NA,A,07,0,0,1,0,1,0,0,0,0,-,-,34.01771926879883,-118.14676666259766,LOS ANGELES,UNINCORPORATED,-118.146767,34.017719
91413996,2021,2021-02-24,9525,2021-02-16,1345,020370,NA,2,1,5,1990,0,1,3,NA,2,604,SR-60 E/B (POMONA FWY),GRAND AVE,200,E,N,A,-,Y,NA,NA,60,NA,NA,NA,NA,NA,E,Y,4,0,1,2,A,-,03,22350,NA,N,C,C,A,A,H,-,A,A,0,NA,NA,NA,NA,Y,NA,D,22,0,0,1,0,0,0,0,0,0,-,-,34.010520935058594,-117.82240295410156,LOS ANGELES,DIAMOND BAR,-117.82259368896484,34.01071548461914
91414103,2021,2021-02-24,9575,2021-02-13,1050,022526,NA,6,1,9,1900,0,1,3,NA,2,304,SR-2 (ANGELES CREST HIGHWAY) E/B,HORSE FLATS ROAD,11880,E,N,A,-,Y,NA,NA,2,NA,NA,NA,NA,NA,E,N,2,0,1,1,A,-,08,22107,NA,N,F,A,A,A,H,-,A,D,0,NA,NA,Y,NA,Y,NA,C,02,1,0,0,0,0,0,0,0,1,-,-,34.35306167602539,-117.94454193115234,LOS ANGELES,UNINCORPORATED,-117.94452667236328,34.35309982299805
91414109,2021,2021-02-24,9530,2021-02-13,1430,022585,NA,6,2,9,1900,0,3,5,NA,2,001,HOOPER AVE. (8200 BLOCK),83RD ST.,60,N,N,A,-,Y,NA,NA,NA,NA,NA,NA,NA,NA,NA,N,4,0,2,3,D,-,00,NA,NA,N,B,C,A,A,H,-,A,A,0,NA,NA,NA,NA,Y,NA,-,-,0,0,2,0,0,0,0,0,0,-,-,33.9640007019043,-118.25341033935548,LOS ANGELES,UNINCORPORATED,-118.25338745117188,33.963924407958984
91414110,2021,2021-02-24,9565,2021-02-12,1038,017648,NA,5,1,7,1942,0,1,1,NA,2,064,I-405 S/B,SEPULVEDA BLVD,2640,N,N,A,-,Y,NA,NA,405,NA,NA,NA,NA,NA,S,Y,4,0,1,2,A,-,03,22350,NA,N,C,C,A,A,H,-,A,D,0,NA,NA,NA,NA,Y,NA,D,22,0,0,1,0,0,0,0,0,0,-,-,34.105751037597656,-118.47850036621094,LOS ANGELES,LOS ANGELES,-118.47843170166016,34.105804443359375
91414114,2021,2021-02-24,9580,2021-02-18,1605,020800,NA,4,2,7,1942,0,1,1,NA,2,404,I-405 N/B (SAN DIEGO FWY),SHERMAN WAY,800,S,N,A,-,Y,NA,NA,405,NA,NA,NA,NA,NA,N,N,4,0,1,3,A,-,03,22350,NA,N,C,C,A,A,H,-,A,D,0,NA,NA,NA,NA,Y,NA,D,22,0,0,1,0,0,0,0,0,0,-,-,34.197959899902344,-118.47403717041016,LOS ANGELES,LOS ANGELES,-118.47402191162108,34.19795608520508
91414115,2021,2021-02-24,9580,2021-02-20,1645,022573,NA,6,2,7,1942,0,1,1,NA,2,406,I-405 N/B (SAN DIEGO FWY),SHERMAN WAY,2112,N,N,A,-,Y,NA,NA,405,NA,NA,NA,NA,NA,N,Y,4,0,1,3,A,-,07,21658,A,N,C,C,A,A,H,-,A,D,0,NA,NA,NA,NA,Y,NA,A,01,0,0,1,0,0,0,0,0,0,-,-,34.20716094970703,-118.47325897216795,LOS ANGELES,LOS ANGELES,-118.47322845458984,34.20716094970703
91414121,2021,2021-02-24,9580,2021-02-20,1435,021985,NA,6,2,9,1900,0,1,3,NA,1,231,SR-23 S/B,DECKER SCHOOL LN,400,S,N,A,-,N,NA,NA,23,NA,NA,NA,NA,NA,S,Y,3,0,2,1,A,-,03,22350,NA,N,F,C,A,A,H,-,A,D,0,NA,NA,NA,NA,Y,NA,A,01,0,1,1,0,0,0,0,0,0,-,-,34.07421875,-118.88449096679688,LOS ANGELES,UNINCORPORATED,-118.884521484375,34.07423782348633
91414124,2021,2021-02-24,9580,2021-02-21,1635,021954,NA,7,2,7,1942,0,1,2,NA,2,102,US-101 N/B (VENTURA FREEWAY),HAYVENHURST AVE,1000,N,N,A,-,Y,NA,NA,101,NA,NA,NA,NA,NA,N,N,4,0,1,2,A,-,08,22107,NA,N,C,C,A,A,H,-,A,D,0,NA,NA,NA,NA,Y,NA,A,01,0,0,1,0,0,0,0,0,0,-,-,34.167091369628906,-118.495361328125,LOS ANGELES,LOS ANGELES,-118.4953842163086,34.16704559326172
91414129,2021,2021-02-24,9580,2021-02-23,1645,021627,NA,2,2,7,1942,0,1,1,NA,2,404,I-405 N/B (SAN DIEGO FWY),BURBANK BLVD. OVERCROSSING,30,S,N,B,-,Y,NA,NA,405,NA,NA,NA,NA,NA,N,N,4,0,1,2,A,-,03,22350,NA,N,C,C,A,A,H,-,A,D,0,NA,NA,NA,NA,Y,NA,A,01,0,0,1,0,0,0,0,0,0,-,-,34.17189025878906,-118.46752166748048,LOS ANGELES,LOS ANGELES,-118.46754455566406,34.17189025878906
91414132,2021,2021-02-24,9550,2021-02-13,0115,022426,NA,6,3,9,1900,0,3,5,NA,2,002,PARISE DRIVE,HAWEST ST,260,N,N,A,-,N,NA,NA,NA,NA,NA,NA,NA,NA,NA,Y,3,0,1,2,A,-,01,23152,A,M,A,E,A,A,H,-,C,D,0,NA,NA,NA,NA,Y,Y,A,07,0,1,0,0,0,0,0,0,0,-,-,33.93960952758789,-118.0185089111328,LOS ANGELES,UNINCORPORATED,-118.01970672607422,33.93946075439453
91414135,2021,2021-02-24,9575,2021-02-15,1615,022513,NA,1,2,9,1900,0,3,5,NA,2,008,LONGDEN AVE. (8700 BLOCK),MUSCATEL AVE (6200 BLOCK,32,E,N,A,-,N,NA,NA,NA,NA,NA,NA,NA,NA,NA,Y,3,0,1,2,A,-,01,23152,F,N,C,C,A,A,H,-,A,D,0,NA,NA,NA,NA,Y,NA,A,01,0,1,0,0,0,0,0,0,0,-,-,34.113529205322266,-118.07755279541016,LOS ANGELES,UNINCORPORATED,-118.07722473144533,34.113529205322266
91414144,2021,2021-02-24,9545,2021-02-15,1845,015589,NA,1,2,9,1900,0,1,3,NA,1,042,SR-138,SR-18,0,NA,Y,A,-,Y,NA,NA,138,NA,NA,NA,NA,NA,NA,Y,3,0,4,2,A,-,09,21801,A,N,D,C,A,A,H,-,D,D,0,NA,NA,NA,NA,Y,NA,A,01,0,2,2,0,0,0,0,0,0,-,-,34.498199462890625,-117.7384033203125,LOS ANGELES,UNINCORPORATED,-117.73841094970705,34.498172760009766
91414145,2021,2021-02-24,9580,2021-02-14,1427,021954,NA,7,2,7,1942,0,1,1,NA,2,405,I-405 S/B (SAN DIEGO FWY),VICTORY BLVD,1000,S,N,A,-,Y,NA,NA,405,NA,NA,NA,NA,NA,S,Y,4,0,2,3,A,-,08,22107,NA,F,B,C,A,A,H,-,A,D,0,NA,NA,NA,NA,Y,NA,A,01,0,0,2,0,0,0,0,0,0,-,-,34.184329986572266,-118.47344207763672,LOS ANGELES,LOS ANGELES,-118.47348785400392,34.184303283691406
91414147,2021,2021-02-24,9575,2021-02-14,0300,022558,NA,7,3,6,1953,0,1,1,NA,2,080,S/B SR-710 TO MAPLE ST.,MAPLE ST.,16,N,N,A,-,Y,NA,NA,710,NA,NA,NA,R,NA,NA,Y,4,0,1,1,A,-,01,23152,A,N,E,I,A,A,H,-,C,A,0,NA,NA,NA,NA,Y,Y,D,22,0,0,1,0,0,0,0,0,0,-,-,34.15074920654297,-118.15637969970705,LOS ANGELES,PASADENA,-118.15637969970705,34.15074920654297
91414151,2021,2021-02-24,9590,2021-02-05,2318,022382,NA,5,3,7,1942,0,1,1,NA,2,082,I-5 N/B (GOLDEN STATE FREEWAY),HUMBOLDT ST,220,N,N,A,-,Y,NA,NA,5,NA,NA,NA,NA,NA,N,Y,4,0,1,2,C,-,18,NA,NA,N,D,C,A,A,H,-,C,D,0,NA,NA,NA,NA,Y,NA,-,-,0,0,1,0,0,0,0,0,0,-,-,34.07923889160156,-118.22038269042967,LOS ANGELES,LOS ANGELES,-118.22032165527344,34.07929229736328
91414154,2021,2021-02-24,9545,2021-02-17,0832,020547,NA,3,1,9,1900,0,3,5,NA,2,003,MOUNT EMMA RD,ANGELES FOREST HWY,5544,E,N,A,-,N,NA,NA,NA,NA,NA,NA,NA,NA,NA,Y,4,0,1,1,A,-,08,22107,NA,N,F,A,A,A,H,-,A,D,0,NA,NA,NA,NA,Y,NA,D,22,0,0,1,0,0,0,0,0,0,-,-,34.45719909667969,-118.09050750732422,LOS ANGELES,UNINCORPORATED,-118.09066009521484,34.45676803588867
91414156,2021,2021-02-24,9565,2021-02-14,1810,019355,NA,7,2,5,1965,0,1,1,NA,2,081,I-10 W/B (SANTA MONICA FREEWAY),17TH ST,300,W,N,A,-,Y,NA,NA,10,NA,NA,NA,NA,NA,W,Y,4,0,2,2,A,-,03,22350,NA,N,C,C,A,A,H,-,B,D,0,NA,NA,NA,NA,Y,NA,A,01,0,0,2,0,0,0,0,0,0,-,-,34.02088928222656,-118.47799682617188,LOS ANGELES,SANTA MONICA,-118.47796630859376,34.020843505859375
91414159,2021,2021-02-24,9545,2021-02-17,1415,021814,NA,3,2,9,1900,0,3,5,NA,2,004,AVENUE J,LONGVIEW RD,178,W,N,A,-,N,NA,NA,NA,NA,NA,NA,NA,NA,NA,Y,4,0,2,1,A,-,08,22107,NA,N,E,I,A,A,H,-,A,D,0,NA,NA,NA,NA,Y,NA,A,01,0,0,2,0,0,0,0,0,0,-,-,34.69007110595703,-117.88130950927734,LOS ANGELES,UNINCORPORATED,-117.8813018798828,34.69013214111328
91414166,2021,2021-05-14,9530,2021-02-15,0930,021004,NA,1,1,9,1900,0,3,5,NA,2,002,ROSECRANS AVE.,CENTRAL AVE.,0,NA,Y,A,-,N,NA,NA,NA,NA,NA,NA,NA,NA,NA,N,4,0,1,2,A,-,09,21800,D,N,D,C,A,A,H,-,A,B,0,NA,NA,NA,Y,Y,NA,A,07,0,0,1,0,0,0,0,0,0,-,-,33.91645050048828,-118.25435638427734,LOS ANGELES,UNINCORPORATED,-118.2536849975586,33.902801513671875
91414167,2021,2021-02-24,9525,2021-02-20,1315,019491,NA,6,1,9,1900,0,1,3,NA,1,024,SR-39 (SAN GABRIEL CANYON RD.),SAN GABRIEL DAM,650,S,N,A,-,Y,NA,NA,39,NA,NA,NA,NA,NA,NA,Y,2,0,1,1,A,-,03,22350,NA,N,E,I,A,A,H,-,A,D,0,NA,NA,Y,NA,Y,NA,C,02,1,0,0,0,0,0,0,0,1,-,-,34.199729919433594,-117.86161041259766,LOS ANGELES,UNINCORPORATED,-117.8615493774414,34.199649810791016
91414173,2021,2021-02-24,9550,2021-02-18,1715,020948,NA,4,2,5,1976,0,1,1,NA,2,650,INTERSTATE 605 S/B,WHITTIER BOULEVARD,2000,S,N,A,-,Y,NA,NA,NA,NA,NA,NA,NA,NA,NA,Y,4,0,2,2,A,-,07,21658,A,N,C,C,A,A,H,-,A,D,0,NA,NA,NA,NA,Y,NA,A,07,0,0,2,0,0,0,0,0,0,-,-,33.98767852783203,-118.07087707519533,LOS ANGELES,WHITTIER,-118.07076263427734,33.98814010620117
91414178,2021,2021-02-24,9590,2021-02-12,1426,021583,NA,5,2,7,1942,0,1,2,NA,2,073,US-101 S/B (HOLLYWOOD FREEWAY),PILGRIMAGE BRIDGE,300,S,N,A,-,Y,NA,NA,101,NA,NA,NA,NA,NA,S,N,4,0,1,2,A,-,07,21658,A,N,B,C,A,A,H,-,A,D,0,NA,NA,NA,NA,Y,NA,A,01,0,0,1,0,0,0,0,0,0,-,-,34.11362075805664,-118.33641815185548,LOS ANGELES,LOS ANGELES,-118.3364486694336,34.113609313964844
91414190,2021,2021-02-24,9565,2021-02-14,1705,019355,NA,7,2,5,1965,0,1,1,NA,2,081,I-10 W/B (SANTA MONICA FREEWAY),CLOVERFIELD BLVD,645,E,N,A,-,Y,NA,NA,10,NA,NA,NA,NA,NA,W,Y,3,0,2,2,A,-,08,22107,NA,N,B,C,A,A,H,-,A,D,0,NA,NA,NA,NA,Y,NA,A,01,0,1,1,0,0,0,0,0,0,-,-,34.025150299072266,-118.4671630859375,LOS ANGELES,SANTA MONICA,-118.4671630859375,34.02516555786133
91414194,2021,2021-02-24,9530,2021-02-16,1520,020956,NA,2,2,9,1900,0,3,5,NA,2,002,130TH STREET (1900 BLOCK),WILMINGTON AVE.,310,E,N,A,-,N,NA,NA,NA,NA,NA,NA,NA,NA,NA,N,4,0,1,2,A,-,03,22350,NA,F,B,C,A,A,H,-,A,D,0,NA,NA,Y,NA,Y,NA,-,99,0,0,1,0,0,0,0,0,1,-,-,33.194400787353516,-119.23909759521484,LOS ANGELES,UNINCORPORATED,-118.23902893066406,33.914039611816406
91414196,2021,2021-02-24,9540,2021-02-20,0955,019721,NA,6,1,9,1900,0,2,4,NA,1,104,SAN FRANCISQUITO CANYON RD,STATOR LN,422,N,N,A,-,N,NA,NA,NA,NA,NA,NA,NA,NA,NA,Y,3,0,1,1,A,-,08,22107,NA,N,E,J,A,A,H,-,A,D,0,NA,NA,NA,NA,Y,NA,A,07,0,1,0,0,0,0,0,0,0,-,-,34.54521942138672,-118.52044677734376,LOS ANGELES,UNINCORPORATED,-118.5276107788086,34.53746795654297
91414203,2021,2021-02-24,9550,2021-02-19,2020,022450,NA,5,2,6,1949,0,1,1,NA,2,651,I-605 SB,FLORENCE AVENUE,400,S,N,A,-,Y,NA,NA,NA,NA,NA,NA,NA,NA,NA,N,4,0,2,2,A,-,07,21658,A,N,B,C,A,A,H,-,C,D,0,NA,NA,NA,Y,Y,NA,G,25,0,0,2,0,0,0,0,0,0,-,-,33.9368896484375,-118.09906768798828,LOS ANGELES,NORWALK,-118.09896850585938,33.93692398071289