CASE_ID,ACCIDENT_YEAR,PROC_DATE,JURIS,COLLISION_DATE,COLLISION_TIME,OFFICER_ID,REPORTING_DISTRICT,DAY_OF_WEEK,CHP_SHIFT,POPULATION,CNTY_CITY_LOC,SPECIAL_COND,BEAT_TYPE,CHP_BEAT_TYPE,CITY_DIVISION_LAPD,CHP_BEAT_CLASS,BEAT_NUMBER,PRIMARY_RD,SECONDARY_RD,DISTANCE,DIRECTION,INTERSECTION,WEATHER_1,WEATHER_2,STATE_HWY_IND,CALTRANS_COUNTY,CALTRANS_DISTRICT,STATE_ROUTE,ROUTE_SUFFIX,POSTMILE_PREFIX,POSTMILE,LOCATION_TYPE,RAMP_INTERSECTION,SIDE_OF_HWY,TOW_AWAY,COLLISION_SEVERITY,NUMBER_KILLED,NUMBER_INJURED,PARTY_COUNT,PRIMARY_COLL_FACTOR,PCF_CODE_OF_VIOL,PCF_VIOL_CATEGORY,PCF_VIOLATION,PCF_VIOL_SUBSECTION,HIT_AND_RUN,TYPE_OF_COLLISION,MVIW,PED_ACTION,ROAD_SURFACE,ROAD_COND_1,ROAD_COND_2,LIGHTING,CONTROL_DEVICE,CHP_ROAD_TYPE,PEDESTRIAN_ACCIDENT,BICYCLE_ACCIDENT,MOTORCYCLE_ACCIDENT,TRUCK_ACCIDENT,NOT_PRIVATE_PROPERTY,ALCOHOL_INVOLVED,STWD_VEHTYPE_AT_FAULT,CHP_VEHTYPE_AT_FAULT,COUNT_SEVERE_INJ,COUNT_VISIBLE_INJ,COUNT_COMPLAINT_PAIN,COUNT_PED_KILLED,COUNT_PED_INJURED,COUNT_BICYCLIST_KILLED,COUNT_BICYCLIST_INJURED,COUNT_MC_KILLED,COUNT_MC_INJURED,PRIMARY_RAMP,SECONDARY_RAMP,LATITUDE,LONGITUDE,COUNTY,CITY,POINT_X,POINT_Y
91414229,2021,2021-02-24,9550,2021-02-19,0610,022144,NA,5,1,3,1964,0,1,1,NA,2,501,INTERSTATE 5 N/B,VALLEY VIEW AVENUE,3168,S,N,A,-,Y,NA,NA,NA,NA,NA,NA,NA,NA,NA,Y,3,0,3,4,A,-,03,22350,NA,N,C,C,A,A,H,-,A,D,0,NA,NA,NA,NA,Y,NA,A,07,0,1,2,0,0,0,0,0,0,-,-,33.87910842895508,-118.01956939697266,LOS ANGELES,SANTA FE SPRINGS,-118.02037811279295,33.87958908081055
91414232,2021,2021-02-24,9530,2021-02-17,1245,022531,NA,3,1,5,1977,0,1,1,NA,2,410,I-405 S/B (SAN DIEGO FREEWAY),WILMINGTON AVE.,1550,E,N,A,-,Y,NA,NA,405,NA,NA,NA,NA,NA,S,Y,4,0,1,3,A,-,07,21658,A,N,D,C,A,A,H,-,A,D,0,NA,NA,NA,NA,Y,NA,A,07,0,0,1,0,0,0,0,0,0,-,-,33.82583999633789,-118.23638153076172,LOS ANGELES,CARSON,-118.23638153076172,33.82576370239258
91414247,2021,2021-02-24,9565,2021-02-13,1539,022219,NA,6,2,9,1900,0,2,4,NA,2,021,VERMONT AVE,106TH ST.,0,NA,Y,A,-,N,NA,NA,NA,NA,NA,NA,NA,NA,NA,Y,2,0,1,2,A,-,09,21802,A,F,D,C,A,A,H,-,A,A,0,NA,NA,Y,NA,Y,NA,A,01,1,0,0,0,0,0,0,0,1,-,-,33.94004821777344,-118.29190826416016,LOS ANGELES,UNINCORPORATED,-118.29191589355467,33.94004440307617
91414251,2021,2021-02-24,9535,2021-02-13,0830,022011,NA,6,1,5,1952,0,1,1,NA,2,100,I-105 (CENTURY FREEWAY) E/B,GARFLIED AVE,800,W,N,A,-,Y,NA,NA,105,NA,NA,NA,NA,NA,E,Y,3,0,1,2,A,-,03,22350,NA,N,E,I,A,A,H,-,A,D,0,NA,NA,NA,NA,Y,NA,A,01,0,1,0,0,0,0,0,0,0,-,-,33.911258697509766,-118.17205810546876,LOS ANGELES,PARAMOUNT,-118.17206573486328,33.91096496582031
91414264,2021,2021-02-24,9550,2021-02-19,1130,015449,NA,5,1,6,1920,0,1,1,NA,2,500,I-5 N/B (SANTA ANA FREEWAY),LEMORAN AVE. PED O/C,400,S,N,A,-,Y,NA,NA,5,NA,NA,NA,NA,NA,N,N,4,0,1,3,A,-,03,22350,NA,N,C,C,A,A,H,-,A,D,0,NA,NA,NA,NA,Y,NA,A,07,0,0,1,0,0,0,0,0,0,-,-,33.952598571777344,-118.10456848144533,LOS ANGELES,DOWNEY,-118.10452270507813,33.95265197753906
91414286,2021,2021-02-24,9565,2021-02-13,1325,021429,NA,6,1,7,1942,0,1,1,NA,2,063,I-405 S/B (SAN DIEGO FREEWAY),OLYMPIC BOULEVARD,400,N,N,A,-,Y,NA,NA,405,NA,NA,NA,NA,NA,S,Y,3,0,2,2,A,-,03,22350,NA,N,C,C,A,A,H,-,A,D,0,NA,NA,NA,NA,Y,NA,A,01,0,1,1,0,0,0,0,0,0,-,-,34.039920806884766,-118.44088745117188,LOS ANGELES,LOS ANGELES,-118.44080352783205,34.03999328613281
91414288,2021,2021-02-24,9535,2021-02-14,1025,022011,NA,7,1,5,1952,0,1,1,NA,2,105,I-710 (LBF) FROM GARFIELD AVE,GARFIELD AVE,2500,W,N,A,-,Y,NA,NA,NA,NA,NA,NA,NA,NA,NA,Y,3,0,2,3,A,-,03,22350,NA,N,C,C,A,A,H,-,A,D,0,NA,NA,NA,NA,Y,NA,A,08,0,1,1,0,0,0,0,0,0,-,-,33.912071228027344,-118.17720794677734,LOS ANGELES,PARAMOUNT,NA,NA
91414317,2021,2021-02-24,9535,2021-02-06,2200,022342,NA,6,3,9,1900,0,1,3,NA,2,600,SR-60 E/B (POMONA FREEWAY),EASTERN AVE,300,E,N,A,-,Y,NA,NA,60,NA,NA,NA,NA,NA,E,Y,3,0,1,4,A,-,08,22107,NA,M,C,C,A,A,H,-,D,D,0,NA,NA,NA,NA,Y,NA,A,07,0,1,0,0,0,0,0,0,0,-,-,34.035160064697266,-118.17243957519533,LOS ANGELES,UNINCORPORATED,-118.17243194580078,34.03511047363281
91414319,2021,2021-02-24,9565,2021-02-12,1830,019355,NA,5,2,7,1942,0,1,1,NA,2,082,I-10 E/B (SANTA MONICA FREEWAY),MILITARY AVE,300,E,N,A,-,Y,NA,NA,10,NA,NA,NA,NA,NA,E,N,4,0,2,2,A,-,03,22350,NA,N,C,C,A,A,H,-,C,D,0,NA,NA,NA,NA,Y,NA,A,01,0,0,2,0,0,0,0,0,0,-,-,34.03160858154297,-118.42675018310548,LOS ANGELES,LOS ANGELES,-118.42675018310548,34.03166580200195
91414322,2021,2021-02-24,9575,2021-02-03,1845,021302,NA,3,2,7,1942,0,1,1,NA,2,053,I-5 N/B (GOLDEN STATE FREEWAY),VAN NUYS BLVD,130,N,N,A,-,Y,NA,NA,5,NA,NA,NA,NA,NA,N,Y,4,0,2,4,A,-,03,22350,NA,N,C,C,A,A,H,-,D,D,0,NA,NA,NA,NA,Y,NA,A,01,0,0,2,0,0,0,0,0,0,-,-,34.257171630859375,-118.4351806640625,LOS ANGELES,LOS ANGELES,-118.435302734375,34.257041931152344
91414329,2021,2021-02-24,9565,2021-02-14,1805,016074,NA,7,2,5,1965,0,1,1,NA,2,081,I-10 W/B (SANTA MONICA FWY),11TH ST,500,E,N,A,-,Y,NA,NA,10,NA,NA,NA,NA,NA,W,Y,4,0,2,3,A,-,03,22350,NA,N,C,C,A,A,H,-,D,D,0,NA,NA,NA,NA,Y,NA,A,01,0,0,2,0,0,0,0,0,0,-,-,34.01652145385742,-118.48346710205078,LOS ANGELES,SANTA MONICA,-118.48342895507813,34.01646041870117
91414355,2021,2021-02-24,9590,2021-02-13,1110,022304,NA,6,1,7,1942,0,1,3,NA,2,030,SR-60 E/B (POMONA FREEWAY),EUCLID AVENUE,250,W,N,A,-,Y,NA,NA,60,NA,NA,NA,NA,NA,E,Y,4,0,1,2,A,-,08,22107,NA,N,E,I,A,A,H,-,A,D,0,NA,NA,NA,NA,Y,NA,A,01,0,0,1,0,0,0,0,0,0,-,-,34.0282096862793,-118.20989227294922,LOS ANGELES,LOS ANGELES,-118.20990753173828,34.028133392333984
91414374,2021,2021-02-24,9550,2021-02-18,0820,017042,NA,4,1,5,1908,0,1,3,NA,2,091,SR-91 WB (ARTESIA FREEWAY),CLARK AVENUE,70,W,N,A,-,Y,NA,NA,91,NA,NA,NA,NA,NA,W,Y,4,0,2,2,A,-,03,22350,NA,N,C,C,A,A,H,-,A,D,0,NA,NA,NA,NA,Y,NA,A,01,0,0,2,0,0,0,0,0,0,-,-,33.877220153808594,-118.13430786132813,LOS ANGELES,BELLFLOWER,-118.13430786132813,33.87725830078125
91414378,2021,2021-02-24,9530,2021-02-18,0755,022531,NA,4,1,5,1943,0,1,1,NA,2,210,I-105 W/B (GLENN ANDERSON FWY),SPRUCE ST.,130,W,N,A,-,Y,NA,NA,105,NA,NA,NA,NA,NA,W,Y,4,0,1,4,A,-,03,22350,NA,N,C,C,A,A,H,-,A,D,0,NA,NA,NA,NA,Y,NA,A,07,0,0,1,0,0,0,0,0,0,-,-,33.922760009765625,-118.2048797607422,LOS ANGELES,LYNWOOD,-118.20484161376952,33.922847747802734
91414397,2021,2021-02-24,9575,2021-02-17,0238,021394,NA,3,3,6,1912,0,1,3,NA,2,043,SR-134 E/B (VENTURA FREEWAY),FOREST LAWN DR.,1820,W,N,A,-,Y,NA,NA,134,NA,NA,NA,NA,NA,E,Y,4,0,1,1,A,-,08,22107,NA,N,E,I,A,A,H,-,C,D,0,NA,NA,NA,NA,Y,NA,A,01,0,0,1,0,0,0,0,0,0,-,-,34.15496063232422,-118.317138671875,LOS ANGELES,BURBANK,-118.31715393066406,34.15486145019531
91414399,2021,2021-02-24,9550,2021-02-19,1317,015045,NA,5,1,9,1900,0,1,1,NA,2,650,I-605 S/B (SAN GABRIEL RIVER FREEWAY),PECK ROAD,1584,S,N,A,-,Y,NA,NA,NA,NA,NA,NA,NA,NA,NA,Y,4,0,1,3,A,-,03,22350,NA,N,C,C,A,A,H,-,A,D,0,NA,NA,NA,NA,Y,NA,A,01,0,0,1,0,0,0,0,0,0,-,-,34.023040771484375,-118.04501342773438,LOS ANGELES,UNINCORPORATED,-118.04184722900392,34.024871826171875
91414423,2021,2021-02-24,9545,2021-02-20,1250,020244,NA,6,1,9,1900,0,3,5,NA,1,005,AVENUE O,170TH ST  E,300,E,N,A,-,N,NA,NA,NA,NA,NA,NA,NA,NA,NA,N,4,0,1,2,A,-,09,21802,A,N,D,C,A,A,H,-,A,D,0,NA,NA,NA,NA,Y,NA,A,08,0,0,1,0,0,0,0,0,0,-,-,34.61653137207031,-117.82559967041016,LOS ANGELES,UNINCORPORATED,-117.8259048461914,34.616539001464844
91414466,2021,2021-02-24,9535,2021-02-16,1020,021538,NA,2,1,9,1900,0,2,4,NA,2,025,ATLANTIC BLVD.,BEVERLY BLVD.,0,NA,Y,A,-,N,NA,NA,NA,NA,NA,NA,NA,NA,NA,Y,4,0,1,2,A,-,12,21453,A,N,B,C,A,A,H,-,A,A,0,NA,NA,NA,NA,Y,NA,A,01,0,0,1,0,0,0,0,0,0,-,-,34.03226852416992,-118.1535415649414,LOS ANGELES,UNINCORPORATED,-118.15370941162108,34.03213119506836
91414482,2021,2021-02-24,9590,2021-02-12,0625,019303,NA,5,1,7,1942,0,1,1,NA,2,062,I-10 E/B (SMF) TO I-110 N/B (HAF),FIGUEROA STREET,1000,W,N,B,-,Y,NA,NA,10,NA,NA,NA,R,NA,E,Y,3,0,1,1,A,-,03,22350,NA,N,E,I,A,B,H,-,B,D,0,NA,NA,NA,NA,Y,NA,A,01,0,1,0,0,0,0,0,0,0,-,-,34.03861999511719,-118.27227783203124,LOS ANGELES,LOS ANGELES,-118.27227783203124,34.03861999511719
91414495,2021,2021-02-24,9550,2021-02-21,1745,021100,NA,7,2,9,1900,0,2,4,NA,1,042,COLIMA ROAD,AZUSA AVENUE,780,E,N,A,-,N,NA,NA,NA,NA,NA,NA,NA,NA,NA,N,4,0,1,2,A,-,09,21801,A,N,D,C,A,A,H,-,C,D,0,NA,NA,NA,NA,Y,NA,A,08,0,0,1,0,0,0,0,0,0,-,-,33.99092102050781,-117.92910766601564,LOS ANGELES,UNINCORPORATED,-117.92936706542967,33.99089813232422
91414506,2021,2021-02-24,9590,2021-02-13,2015,022497,NA,6,2,7,1942,0,1,1,NA,2,052,I-110 N/B (HARBOR FREEWAY),1ST ST,200,N,N,A,-,Y,NA,NA,110,NA,NA,NA,NA,NA,N,N,4,0,1,4,A,-,03,22350,NA,M,C,C,A,A,H,-,C,D,0,NA,NA,NA,NA,Y,NA,A,01,0,0,1,0,0,0,0,0,0,-,-,34.05982971191406,-118.2519073486328,LOS ANGELES,LOS ANGELES,-118.25193786621094,34.05986404418945
91414512,2021,2021-02-24,9590,2021-02-13,1515,022493,NA,6,2,7,1942,0,1,1,NA,2,082,I-5 N/B (GOLDEN STATE FREEWAY),PASADENA AVE,185,N,N,A,-,Y,NA,NA,5,NA,NA,NA,NA,NA,N,N,4,0,1,2,A,-,03,22350,NA,M,C,C,A,A,H,-,A,D,0,NA,NA,NA,NA,Y,NA,A,01,0,0,1,0,0,0,0,0,0,-,-,34.07571029663086,-118.21920013427734,LOS ANGELES,LOS ANGELES,-118.21918487548828,34.07571029663086
91414525,2021,2021-02-24,9550,2021-02-18,0730,022144,NA,4,1,1,1932,0,1,3,NA,2,600,STATE ROUTE 60 W/B,HACIENDA BOULEVARD,300,W,N,A,-,Y,NA,NA,NA,NA,NA,NA,NA,NA,NA,N,4,0,3,2,A,-,03,22350,NA,N,C,C,A,A,H,-,A,D,0,NA,NA,NA,NA,Y,NA,A,01,0,0,3,0,0,0,0,0,0,-,-,34.00730895996094,-117.96549224853516,LOS ANGELES,INDUSTRY,-117.96531677246094,34.00729751586914
91414558,2021,2021-02-24,9530,2021-02-19,0900,020938,NA,5,1,7,1941,0,1,1,NA,2,071,I-710 N/B TO SR-91 W/B,SR-91,367,N,N,A,-,Y,NA,NA,710,NA,NA,NA,R,NA,N,Y,3,0,1,1,A,-,03,22350,NA,N,F,A,A,A,H,-,A,D,0,NA,NA,NA,Y,Y,NA,G,25,0,1,0,0,0,0,0,0,0,-,-,33.877349853515625,-118.1920928955078,LOS ANGELES,LONG BEACH,-118.1920928955078,33.877349853515625
91414581,2021,2021-02-24,9535,2021-02-16,1859,021976,NA,2,2,9,1900,0,1,3,NA,2,621,SR-60 (POMONA FREEWAY) W/B,SANTA ANITA AVE.,100,W,N,A,-,Y,NA,NA,60,NA,NA,NA,NA,NA,W,N,4,0,1,1,A,-,07,21658,A,N,E,I,A,A,H,-,D,D,0,NA,NA,NA,NA,Y,Y,A,01,0,0,1,0,0,0,0,0,0,-,-,34.04140090942383,-118.06414031982422,LOS ANGELES,UNINCORPORATED,-118.06414031982422,34.04139709472656
91414587,2021,2021-02-24,9530,2021-02-22,1122,017275,NA,1,1,9,1900,0,1,1,NA,2,120,I-110 N/B (HARBOR FREEWAY),I-405 N/B (SAN DIEGO FREEWAY),400,S,N,A,-,Y,NA,NA,110,NA,NA,NA,NA,NA,N,Y,4,0,3,2,A,-,03,22350,NA,N,C,C,A,A,H,-,A,D,0,NA,NA,NA,NA,Y,NA,A,01,0,0,3,0,0,0,0,0,0,-,-,33.853939056396484,-118.2847900390625,LOS ANGELES,UNINCORPORATED,-118.28478240966795,33.853939056396484
91414606,2021,2021-02-24,9525,2021-02-22,1235,018364,NA,1,1,5,1906,0,1,1,NA,2,652,I-605 N/B (SAN GABRIEL RIVER FWY),I-10,2112,N,N,A,-,Y,NA,NA,605,NA,NA,NA,NA,NA,N,Y,3,0,1,1,A,-,08,22107,NA,N,E,I,A,A,H,-,A,D,0,NA,NA,NA,NA,Y,NA,A,07,0,1,0,0,0,0,0,0,0,-,-,34.07081985473633,-118.00009155273438,LOS ANGELES,BALDWIN PARK,-117.99994659423828,34.07077407836914
91414607,2021,2021-02-24,9535,2021-02-14,1220,022225,NA,7,1,9,1900,0,3,5,NA,2,002,HUBBARD ST,FRASER AVE,0,NA,Y,A,-,N,NA,NA,NA,NA,NA,NA,NA,NA,NA,N,4,0,1,5,A,-,03,22350,NA,N,D,C,E,A,H,-,A,D,0,Y,NA,NA,NA,Y,NA,A,01,0,0,1,0,1,0,0,0,0,-,-,34.023441314697266,-118.16049194335938,LOS ANGELES,UNINCORPORATED,-118.16049957275392,34.0234375
91414678,2021,2021-02-24,9525,2021-02-17,0320,020632,NA,3,3,4,1913,0,1,1,NA,2,209,SR-210 W/B (FOOTHILL FWY),TOWNE AVE,1056,E,N,A,-,Y,NA,NA,210,NA,NA,NA,NA,NA,W,Y,3,0,2,3,A,-,03,22350,NA,N,C,C,A,A,H,-,C,D,0,NA,NA,NA,NA,Y,NA,A,01,0,1,1,0,0,0,0,0,0,-,-,34.12049865722656,-117.73023986816406,LOS ANGELES,CLAREMONT,-117.7302474975586,34.120391845703125
91414706,2021,2021-02-24,9550,2021-02-20,1700,022450,NA,6,2,6,1920,0,1,1,NA,2,150,I-105 WB,COLUMBIA WAY,75,E,N,A,-,Y,NA,NA,105,NA,NA,NA,NA,NA,W,N,4,0,2,2,A,-,03,22350,NA,N,C,C,A,A,H,-,A,D,0,NA,NA,NA,NA,Y,NA,D,22,0,0,2,0,0,0,0,0,0,-,-,33.91331100463867,-118.1337890625,LOS ANGELES,DOWNEY,-118.1337890625,33.91324996948242
91414749,2021,2021-02-24,9535,2021-02-14,1952,022176,NA,7,2,5,1959,0,1,1,NA,2,400,I-10 E/B TO WALNUT GROVE AVE.,WALNUT GROVE AVE,181,W,N,A,-,Y,NA,NA,10,NA,NA,NA,R,NA,E,Y,2,0,2,1,A,-,03,22350,NA,N,E,I,A,A,H,-,C,D,0,NA,NA,NA,NA,Y,Y,A,07,1,1,0,0,0,0,0,0,0,-,-,34.07176971435547,-118.08261108398438,LOS ANGELES,ROSEMEAD,-118.08261108398438,34.07176971435547
91414789,2021,2021-02-25,9550,2021-02-13,0430,022480,NA,6,3,9,1900,0,1,3,NA,2,601,STATE ROUTE 60 (POMONA FREEWAY) W/B,AZUSA AVENUE,2000,W,N,A,-,Y,NA,NA,60,NA,NA,NA,NA,NA,W,Y,3,0,1,2,A,-,01,23152,A,N,C,C,A,A,H,-,C,D,0,NA,NA,NA,NA,Y,Y,A,01,0,1,0,0,0,0,0,0,0,-,-,33.998329162597656,-117.93670654296876,LOS ANGELES,UNINCORPORATED,-117.93665313720705,33.99851608276367
91414792,2021,2021-02-25,9550,2021-02-13,0405,022600,NA,6,3,9,1900,0,1,1,NA,2,650,INTERSTATE 605 NORTHBOUND,WHITTIER BOULEVARD,1500,S,N,A,-,Y,NA,NA,605,NA,NA,NA,NA,NA,N,Y,3,0,2,2,A,-,01,23152,A,N,C,C,A,A,H,-,C,D,0,NA,NA,NA,NA,Y,Y,A,01,0,1,1,0,0,0,0,0,0,-,-,33.98910140991211,-118.0701904296875,LOS ANGELES,UNINCORPORATED,-118.07022094726564,33.989112854003906
91414891,2021,2022-02-23,9590,2021-02-12,0135,021673,NA,5,3,7,1942,0,1,2,NA,2,071,US-101 S/B (SAF),MAIN STREET,200,N,N,A,-,Y,NA,NA,101,NA,NA,NA,NA,NA,S,Y,3,0,1,2,A,-,01,23152,F,N,C,C,A,A,H,-,C,D,0,NA,NA,NA,NA,Y,NA,A,01,0,1,0,0,0,0,0,0,0,-,-,34.055938720703125,-118.24098205566406,LOS ANGELES,LOS ANGELES,-118.24095916748048,34.05597686767578
91414892,2021,2021-02-25,9590,2021-02-11,0450,022552,NA,4,3,7,1942,0,1,1,NA,2,050,I-110 N/B (HAF) TO MLK BLVD.,MARTIN LUTHER KING JR BLVD.,350,S,N,A,-,Y,NA,NA,110,NA,NA,NA,R,NA,N,Y,3,0,1,1,A,-,08,22107,NA,N,E,I,A,A,H,-,C,D,0,NA,NA,NA,NA,Y,NA,A,01,0,1,0,0,0,0,0,0,0,-,-,34.01005935668945,-118.27995300292967,LOS ANGELES,LOS ANGELES,-118.27995300292967,34.01005935668945
91414915,2021,2021-02-25,9540,2021-02-18,1330,021389,NA,4,1,9,1900,0,1,3,NA,1,144,SR-14 N/B (AVF) TO NEWHALL AVE.,NEWHALL AVE,106,N,N,A,-,Y,NA,NA,NA,NA,NA,NA,NA,NA,NA,Y,4,0,1,2,A,-,08,22107,NA,N,D,C,A,A,H,-,A,D,0,NA,NA,NA,NA,Y,NA,A,01,0,0,1,0,0,0,0,0,0,-,-,34.365501403808594,-118.50167083740234,LOS ANGELES,UNINCORPORATED,-118.50330352783205,34.3653450012207
91414923,2021,2021-02-25,9545,2021-02-19,1400,021814,NA,5,2,9,1900,0,2,4,NA,1,014,LAKE HUGHES RD,WARM SPRINGS RD,25872,E,N,A,-,N,NA,NA,NA,NA,NA,NA,NA,NA,NA,Y,3,0,2,2,A,-,08,22107,NA,N,B,C,A,A,H,-,A,D,0,NA,NA,Y,NA,Y,NA,C,02,0,1,1,0,0,0,0,0,1,-,-,34.64353942871094,-118.50823974609376,LOS ANGELES,UNINCORPORATED,-118.55556488037108,34.56034851074219
91414929,2021,2021-02-25,9590,2021-02-11,1200,021492,NA,4,1,7,1942,0,1,1,NA,2,010,UNKNOWN,NA,0,NA,Y,A,-,Y,NA,NA,NA,NA,NA,NA,NA,NA,NA,N,3,0,1,1,A,-,08,22107,NA,N,E,J,A,A,H,-,A,D,0,NA,NA,Y,NA,Y,NA,C,02,0,1,0,0,0,0,0,0,1,-,-,34.080909729003906,-118.2251434326172,LOS ANGELES,LOS ANGELES,NA,NA
91414940,2021,2021-06-03,9565,2021-02-15,1552,022145,NA,1,2,9,1900,0,2,4,NA,2,031,LA CIENEGA BLVD S/B,STOCKER ST,1550,N,N,A,-,N,NA,NA,NA,NA,NA,NA,NA,NA,NA,Y,3,0,1,2,A,-,03,22350,NA,N,B,C,A,A,H,-,A,D,0,NA,NA,NA,NA,Y,NA,A,07,0,1,0,0,0,0,0,0,0,-,-,34.00202941894531,-118.37200164794922,LOS ANGELES,UNINCORPORATED,-118.37168121337892,34.00192642211914
91414959,2021,2021-02-25,9590,2021-02-15,1230,021654,NA,1,1,7,1942,0,1,1,NA,2,052,I-110 N/B (HARBOR FREEWAY) (HAF),4TH STREET,50,S,N,A,-,Y,NA,NA,110,NA,NA,NA,NA,NA,N,N,4,0,4,3,A,-,03,22350,NA,N,C,C,A,A,H,-,A,D,0,NA,NA,NA,NA,Y,NA,A,07,0,0,4,0,0,0,0,0,0,-,-,34.05442810058594,-118.25715637207033,LOS ANGELES,LOS ANGELES,-118.25731658935548,34.05455780029297
91414971,2021,2021-02-25,9540,2021-02-22,1540,021464,NA,1,2,9,1900,0,1,3,NA,2,146,SR-14 NB (ANTELOPE VALLEY FREEWAY),RED ROVER MINE RD,5280,S,N,A,-,Y,NA,NA,14,NA,NA,NA,NA,NA,N,Y,4,0,2,2,A,-,03,22350,NA,N,C,C,A,A,H,-,A,D,0,NA,NA,NA,NA,Y,NA,A,01,0,0,2,0,0,0,0,0,0,-,-,34.5036506652832,-118.24201202392578,LOS ANGELES,UNINCORPORATED,-118.24199676513672,34.50371170043945
91414982,2021,2021-02-25,9545,2021-02-22,2245,019345,NA,1,3,9,1900,0,3,5,NA,2,003,SR-14 S/B OFF-RAMP TO SIERRA HIGHWAY,SIERRA HWY,23,W,N,A,-,Y,NA,NA,14,NA,NA,NA,R,NA,S,Y,3,0,1,1,A,-,01,23152,A,N,E,J,A,A,H,-,C,A,0,NA,NA,NA,NA,Y,Y,A,07,0,1,0,0,0,0,0,0,0,-,-,34.51136016845703,-118.1097412109375,LOS ANGELES,UNINCORPORATED,-118.1097412109375,34.51136016845703
91415000,2021,2021-02-25,9540,2021-02-01,2353,020678,NA,1,3,7,1942,0,1,1,NA,2,500,I-5 N/B (GOLDEN STATE FWY),SR-118,250,N,N,A,-,Y,NA,NA,5,NA,NA,NA,NA,NA,N,Y,2,0,1,2,A,-,01,23152,F,N,C,C,A,A,H,-,C,D,0,NA,NA,NA,Y,Y,NA,A,01,1,0,0,0,0,0,0,0,0,-,-,34.26737976074219,-118.44394683837892,LOS ANGELES,LOS ANGELES,-118.4439697265625,34.267356872558594
91415013,2021,2021-02-25,9580,2021-02-21,1220,022468,NA,7,1,7,1942,0,3,5,NA,1,010,SR-23 S/B,COUNTRY RANCH RD,2640,N,N,A,-,Y,NA,NA,NA,NA,NA,NA,NA,NA,NA,Y,4,0,1,2,A,-,03,22350,NA,N,B,C,A,A,H,-,A,D,0,NA,NA,NA,NA,Y,NA,A,07,0,0,1,0,0,0,0,0,0,-,-,34.12445831298828,-118.85485076904295,LOS ANGELES,LOS ANGELES,-118.85575103759766,34.12819290161133
91415028,2021,2021-02-25,9525,2021-02-16,0358,020719,NA,2,3,9,1900,0,3,5,NA,2,002,LARK ELLEN AVE.,GRAGMONT ST.,0,NA,Y,B,-,Y,NA,NA,NA,NA,NA,NA,NA,NA,NA,N,4,0,1,2,A,-,09,21802,A,N,D,C,A,A,H,-,D,D,0,NA,NA,NA,NA,Y,NA,A,01,0,0,1,0,0,0,0,0,0,-,-,34.10483932495117,-117.91658020019533,LOS ANGELES,UNINCORPORATED,-117.9167709350586,34.10478973388672
91415032,2021,2021-02-25,9580,2021-02-20,1835,021954,NA,6,2,7,1942,0,1,1,NA,2,404,I-405 N/B (SAN DIEGO FWY),SEPULVEDA BLVD,1320,S,N,A,G,Y,NA,NA,405,NA,NA,NA,NA,NA,N,N,4,0,1,2,A,-,08,22107,NA,N,D,C,A,A,H,-,D,D,0,NA,NA,NA,NA,Y,NA,A,01,0,0,1,0,0,0,0,0,0,-,-,34.14501190185547,-118.47080230712892,LOS ANGELES,LOS ANGELES,-118.47089385986328,34.145042419433594
91415035,2021,2021-02-25,9550,2021-02-18,2020,017511,NA,4,2,9,1900,0,2,4,NA,1,051,NOGALES ST,SR-60 E/B TO NOGALES ST OFF-RAMP,0,NA,Y,A,-,N,NA,NA,NA,NA,NA,NA,NA,NA,NA,N,4,0,1,2,A,-,12,21453,A,N,D,C,A,A,H,-,C,A,0,NA,NA,NA,NA,Y,NA,A,01,0,0,1,0,0,0,0,0,0,-,-,33.992889404296875,-117.8888702392578,LOS ANGELES,UNINCORPORATED,-117.888783,33.992904
91415044,2021,2021-02-25,9580,2021-02-19,1500,022019,NA,5,2,7,1942,0,1,2,NA,2,102,US-101 N/B (VENTURA FREEWAY),BALBOA BLVD,400,S,N,A,-,Y,NA,NA,101,NA,NA,NA,NA,NA,N,Y,4,0,4,3,A,-,03,22350,NA,N,C,C,A,A,H,-,A,D,0,NA,NA,NA,NA,Y,NA,A,01,0,0,4,0,0,0,0,0,0,-,-,34.16984939575195,-118.4996337890625,LOS ANGELES,LOS ANGELES,-118.49964904785156,34.169822692871094