CASE_ID,ACCIDENT_YEAR,PROC_DATE,JURIS,COLLISION_DATE,COLLISION_TIME,OFFICER_ID,REPORTING_DISTRICT,DAY_OF_WEEK,CHP_SHIFT,POPULATION,CNTY_CITY_LOC,SPECIAL_COND,BEAT_TYPE,CHP_BEAT_TYPE,CITY_DIVISION_LAPD,CHP_BEAT_CLASS,BEAT_NUMBER,PRIMARY_RD,SECONDARY_RD,DISTANCE,DIRECTION,INTERSECTION,WEATHER_1,WEATHER_2,STATE_HWY_IND,CALTRANS_COUNTY,CALTRANS_DISTRICT,STATE_ROUTE,ROUTE_SUFFIX,POSTMILE_PREFIX,POSTMILE,LOCATION_TYPE,RAMP_INTERSECTION,SIDE_OF_HWY,TOW_AWAY,COLLISION_SEVERITY,NUMBER_KILLED,NUMBER_INJURED,PARTY_COUNT,PRIMARY_COLL_FACTOR,PCF_CODE_OF_VIOL,PCF_VIOL_CATEGORY,PCF_VIOLATION,PCF_VIOL_SUBSECTION,HIT_AND_RUN,TYPE_OF_COLLISION,MVIW,PED_ACTION,ROAD_SURFACE,ROAD_COND_1,ROAD_COND_2,LIGHTING,CONTROL_DEVICE,CHP_ROAD_TYPE,PEDESTRIAN_ACCIDENT,BICYCLE_ACCIDENT,MOTORCYCLE_ACCIDENT,TRUCK_ACCIDENT,NOT_PRIVATE_PROPERTY,ALCOHOL_INVOLVED,STWD_VEHTYPE_AT_FAULT,CHP_VEHTYPE_AT_FAULT,COUNT_SEVERE_INJ,COUNT_VISIBLE_INJ,COUNT_COMPLAINT_PAIN,COUNT_PED_KILLED,COUNT_PED_INJURED,COUNT_BICYCLIST_KILLED,COUNT_BICYCLIST_INJURED,COUNT_MC_KILLED,COUNT_MC_INJURED,PRIMARY_RAMP,SECONDARY_RAMP,LATITUDE,LONGITUDE,COUNTY,CITY,POINT_X,POINT_Y
91415050,2021,2021-02-25,9580,2021-02-20,1600,021954,NA,6,2,7,1942,0,1,2,NA,2,102,US-101 N/B (VENTURA FREEWAY),I-405 S/B (SAN DIEGO FWY),300,N,N,A,-,Y,NA,NA,101,NA,NA,NA,NA,NA,N,Y,4,0,1,2,A,-,03,22350,NA,N,C,C,A,A,H,-,A,D,0,NA,NA,NA,NA,Y,NA,D,22,0,0,1,0,0,0,0,0,0,-,-,34.161800384521484,-118.47059631347656,LOS ANGELES,LOS ANGELES,-118.47056579589844,34.16183853149414
91415066,2021,2021-02-25,9580,2021-02-19,1910,021852,NA,5,2,7,1942,0,1,1,NA,2,404,I-405 N/B (SAN DIEGO FWY),BURBANK BLVD,2640,N,N,A,-,Y,NA,NA,405,NA,NA,NA,NA,NA,N,N,4,0,1,3,A,-,03,22350,NA,N,C,C,A,A,H,-,C,D,0,NA,NA,NA,NA,Y,NA,A,01,0,0,1,0,0,0,0,0,0,-,-,34.18046188354492,-118.47038269042967,LOS ANGELES,LOS ANGELES,-118.4704132080078,34.18043518066406
91415097,2021,2021-02-25,9590,2021-02-15,1205,022304,NA,1,1,7,1942,0,1,2,NA,2,071,US-101 S/B (HOLLYWOOD FREEWAY),VIRGIL AVENUE,100,S,N,A,-,Y,NA,NA,101,NA,NA,NA,NA,NA,S,Y,4,0,3,4,A,-,03,22350,NA,F,C,C,A,A,H,-,A,D,0,NA,NA,NA,NA,Y,NA,A,01,0,0,3,0,0,0,0,0,0,-,-,34.07807159423828,-118.28640747070313,LOS ANGELES,LOS ANGELES,-118.28640747070313,34.07808303833008
91415109,2021,2021-02-25,9535,2021-02-16,1624,022025,NA,2,2,6,1922,0,1,1,NA,2,400,I-10 (SAN BERNARDINO FREEWAY) E/B,I-605,795,W,N,A,-,Y,NA,NA,10,NA,NA,NA,NA,NA,E,Y,4,0,1,3,A,-,03,22350,NA,N,C,C,A,A,H,-,A,D,0,NA,NA,NA,NA,Y,NA,A,01,0,0,1,0,0,0,0,0,0,-,-,34.06452178955078,-118.00296783447266,LOS ANGELES,EL MONTE,-118.00298309326172,34.06461715698242
91415123,2021,2021-02-25,9535,2021-02-16,1626,022025,NA,2,2,6,1922,0,1,1,NA,2,400,I-10 (SAN BERNARDINO FREEWAY) E/B,I-605,550,W,N,A,-,Y,NA,NA,NA,NA,NA,NA,NA,NA,NA,Y,4,0,1,2,A,-,03,22350,NA,N,C,C,A,A,H,-,A,D,0,NA,NA,NA,NA,Y,NA,A,01,0,0,1,0,0,0,0,0,0,-,-,34.064640045166016,-118.002197265625,LOS ANGELES,EL MONTE,-118.0018310546875,34.064762115478516
91415124,2021,2021-02-25,9525,2021-02-24,1520,021443,NA,3,2,6,1975,0,1,1,NA,2,103,I-10 E/B (SAN BERNARDINO FWY),AZUSA AVE,500,W,N,A,-,Y,NA,NA,10,NA,NA,NA,NA,NA,E,N,4,0,1,2,A,-,03,22350,NA,N,C,C,A,A,H,-,A,D,0,NA,NA,NA,NA,Y,NA,A,01,0,0,1,0,0,0,0,0,0,-,-,34.07210159301758,-117.91309356689452,LOS ANGELES,WEST COVINA,-117.91309356689452,34.07211685180664
91415145,2021,2021-02-25,9530,2021-02-20,2251,022084,NA,6,3,7,1942,0,1,1,NA,2,200,I-105 E/B (GLENN ANDERSON FWY),HOOVER ST.,360,E,N,A,-,Y,NA,NA,105,NA,NA,NA,NA,NA,E,Y,4,0,1,2,A,-,03,22350,NA,N,A,C,A,A,H,-,C,D,0,NA,NA,NA,NA,Y,NA,A,01,0,0,1,0,0,0,0,0,0,-,-,33.928489685058594,-118.28569793701172,LOS ANGELES,LOS ANGELES,-118.28569793701172,33.92854309082031
91415153,2021,2021-02-25,9590,2021-01-25,0510,022088,NA,1,3,7,1942,0,1,1,NA,2,080,I-5 N/B (GSF) TO I-10 E/B (SBF),STATE STREET O/C,400,S,N,B,-,Y,NA,NA,5,NA,NA,NA,R,NA,N,Y,3,0,1,1,A,-,08,22107,NA,N,F,J,A,B,H,-,C,D,0,NA,NA,NA,NA,Y,NA,A,07,0,1,0,0,0,0,0,0,0,-,-,34.053619384765625,-118.21347045898438,LOS ANGELES,LOS ANGELES,-118.21347045898438,34.053619384765625
91415159,2021,2021-02-25,9590,2021-01-19,1955,022456,NA,2,2,7,1942,0,1,1,NA,2,050,I-110 N/B (HAF) TO SLAUSON AVENUE,SLAUSON AVENUE,325,S,N,A,-,Y,NA,NA,110,NA,NA,NA,R,NA,N,Y,3,0,1,1,A,-,01,23152,A,N,E,I,A,A,H,-,E,D,0,NA,NA,NA,NA,Y,Y,D,22,0,1,0,0,0,0,0,0,0,-,-,33.98814010620117,-118.27964019775392,LOS ANGELES,LOS ANGELES,-118.27964019775392,33.98814010620117
91415171,2021,2021-02-25,9535,2021-02-17,1535,021551,NA,3,2,5,1901,0,1,1,NA,2,421,I-10 (SAN BERNARDINO FREEWAY) W/B,GARFIELD AVE.,200,W,N,A,-,Y,NA,NA,10,NA,NA,NA,NA,NA,W,Y,3,0,1,2,A,-,08,22107,NA,N,B,C,A,A,H,-,A,D,0,NA,NA,NA,NA,Y,NA,A,07,0,1,0,0,0,0,0,0,0,-,-,34.07175827026367,-118.12445831298828,LOS ANGELES,ALHAMBRA,-118.12445831298828,34.07179260253906
91415176,2021,2021-02-25,9530,2021-02-21,1855,022454,NA,7,2,9,1900,0,3,5,NA,2,001,PACIFIC BLVD. (7700 BLOCK),GRAND AVE.,75,S,N,A,-,N,NA,NA,NA,NA,NA,NA,NA,NA,NA,Y,4,0,1,2,A,-,01,23152,A,N,C,C,A,A,H,-,C,A,0,NA,NA,NA,NA,Y,Y,A,08,0,0,1,0,0,0,0,0,0,-,-,33.96892166137695,-118.22515869140624,LOS ANGELES,UNINCORPORATED,-118.2252197265625,33.96894454956055
91415209,2021,2021-02-25,9530,2021-02-20,0157,022083,NA,6,3,7,1942,0,1,1,NA,2,200,I-105 E/B (GLENN ANDERSON FWY),CENTRAL AVE.,400,W,N,A,-,Y,NA,NA,105,NA,NA,NA,NA,NA,E,Y,3,0,2,1,A,-,01,23152,A,N,E,I,A,A,H,-,C,D,0,NA,NA,NA,NA,Y,Y,A,01,0,2,0,0,0,0,0,0,0,-,-,33.92768859863281,-118.25546264648438,LOS ANGELES,LOS ANGELES,-118.25547027587892,33.92776870727539
91415282,2021,2021-02-25,9535,2021-02-18,1523,022017,NA,4,2,5,1948,0,1,1,NA,2,421,I-10 (SAN BERNARDINO FREEWAY) W/B,INTERSTATE 710,700,E,N,A,-,Y,NA,NA,10,NA,NA,NA,NA,NA,W,Y,4,0,1,2,A,-,03,22350,NA,N,C,C,A,A,H,-,A,D,0,NA,NA,NA,NA,Y,NA,A,01,0,0,1,0,0,0,0,0,0,-,-,34.06439971923828,-118.15904235839844,LOS ANGELES,MONTEREY PARK,-118.15904998779295,34.064414978027344
91415313,2021,2021-02-25,9575,2021-02-19,1755,020711,NA,5,2,6,1925,0,1,1,NA,2,050,I-5 S/B (GOLDEN STATE FREEWAY),SONORA AVE,250,S,N,A,-,Y,NA,NA,5,NA,NA,NA,NA,NA,S,N,4,0,2,2,A,-,03,22350,NA,N,C,C,A,A,H,-,D,D,0,NA,NA,NA,NA,Y,NA,A,01,0,0,2,0,0,0,0,0,0,-,-,34.1604118347168,-118.29295349121094,LOS ANGELES,GLENDALE,-118.29290771484376,34.16043472290039
91415314,2021,2021-02-25,9550,2021-02-23,1807,015045,NA,2,2,6,1949,0,1,1,NA,2,651,I-605 N/B (SAN GABRIEL RIVER FREEWAY),FIRESTONE BOULEVARD,528,N,N,A,-,Y,NA,NA,605,NA,NA,NA,NA,NA,N,Y,4,0,2,3,A,-,03,22350,NA,N,C,C,A,A,H,-,C,D,0,NA,NA,NA,NA,Y,NA,A,01,0,0,2,0,0,0,0,0,0,-,-,33.9256591796875,-118.10353088378906,LOS ANGELES,NORWALK,-118.1037139892578,33.92571258544922
91415369,2021,2021-02-25,9530,2021-02-21,0050,022197,NA,7,3,9,1900,0,3,5,NA,2,001,SLAUSON AVE. (1800 BLOCK),HOLMES AVE.,150,E,N,A,-,N,NA,NA,NA,NA,NA,NA,NA,NA,NA,N,3,0,1,2,A,-,11,21954,A,N,G,B,D,A,H,-,C,D,0,Y,NA,NA,NA,Y,NA,N,60,0,1,0,0,1,0,0,0,0,-,-,33.98915100097656,-118.24034118652344,LOS ANGELES,UNINCORPORATED,-118.2406997680664,33.98954772949219
91415374,2021,2021-02-25,9550,2021-02-22,1700,020037,NA,1,2,5,1919,0,1,3,NA,2,091,STATE ROUTE 91 EASTBOUND (ARTESIA FWY),INTERSTATE 605 NORTHBOUND,100,E,N,A,-,Y,NA,NA,91,NA,NA,NA,NA,NA,E,Y,4,0,1,3,A,-,03,22350,NA,N,C,C,A,A,H,-,A,D,0,NA,NA,NA,Y,Y,NA,F,55,0,0,1,0,0,0,0,0,0,-,-,33.876258850097656,-118.10198211669922,LOS ANGELES,CERRITOS,-118.10198211669922,33.87637710571289
91415378,2021,2021-02-25,9535,2021-02-18,1426,022277,NA,4,2,5,1901,0,1,1,NA,2,420,I-10 E/B (SAN BERNADINO FREEWAY),GARFIELD AVE,100,E,N,A,-,Y,NA,NA,10,NA,NA,NA,NA,NA,E,N,4,0,1,2,A,-,03,22350,NA,N,C,C,A,A,H,-,A,D,0,NA,NA,NA,NA,Y,NA,A,01,0,0,1,0,0,0,0,0,0,-,-,34.07149887084961,-118.12239837646484,LOS ANGELES,ALHAMBRA,-118.12239837646484,34.07146453857422
91415389,2021,2021-02-25,9590,2021-01-01,2308,021317,NA,5,3,7,1942,0,1,1,NA,2,082,INTERSTATE 5 N/B (GOLDEN STATE FREEWAY),PASADENA AVENUE OVERCROSSING,54,N,N,A,-,Y,NA,NA,5,NA,NA,NA,NA,NA,N,N,1,1,1,2,A,-,11,21954,A,N,G,B,E,A,H,-,C,D,0,Y,NA,NA,NA,Y,NA,N,60,0,1,0,1,0,0,0,0,0,-,-,34.07501983642578,-118.21926879882813,LOS ANGELES,LOS ANGELES,-118.21923828125,34.075016021728516
91415392,2021,2021-02-25,9535,2021-02-15,1250,022269,NA,1,1,9,1900,0,3,5,NA,2,001,1ST ST.,ROWAN AVE.,0,NA,Y,A,-,N,NA,NA,NA,NA,NA,NA,NA,NA,NA,Y,4,0,2,3,A,-,12,21453,A,N,D,C,A,A,H,-,A,A,0,NA,NA,NA,NA,Y,NA,A,01,0,0,2,0,0,0,0,0,0,-,-,34.035980224609375,-118.18704986572266,LOS ANGELES,UNINCORPORATED,-118.18701171875,34.03601837158203
91415397,2021,2021-03-29,9530,2021-02-21,0225,021842,NA,7,3,9,1900,0,3,5,NA,2,004,SUSANA RD. (17800 BLOCK),BORT ST.,200,N,N,A,-,N,NA,NA,NA,NA,NA,NA,NA,NA,NA,Y,4,0,1,3,A,-,08,22107,NA,F,C,E,A,A,H,-,C,D,0,NA,NA,NA,Y,Y,NA,-,99,0,0,1,0,0,0,0,0,0,-,-,33.87080001831055,-118.20659637451172,LOS ANGELES,UNINCORPORATED,-118.20644378662108,33.87086868286133
91415411,2021,2021-02-25,9550,2021-02-17,2105,020974,NA,3,2,1,1932,0,1,3,NA,2,600,SR-60 E/B,CROSSROADS PARKWAY,1500,E,N,A,-,Y,NA,NA,60,NA,NA,NA,NA,NA,E,Y,4,0,1,2,A,-,08,22107,NA,N,B,C,A,A,H,-,C,D,0,NA,NA,NA,Y,Y,NA,-,-,0,0,1,0,0,0,0,0,0,-,-,34.02898025512695,-118.00768280029295,LOS ANGELES,INDUSTRY,-118.00768280029295,34.02900314331055
91415423,2021,2021-02-25,9530,2021-02-19,1525,022421,NA,5,2,9,1900,0,3,5,NA,2,002,MAIN ST. (15600 BLOCK),157TH ST.,90,N,N,A,-,N,NA,NA,NA,NA,NA,NA,NA,NA,NA,Y,2,0,1,7,A,-,08,22107,NA,N,C,C,F,A,H,-,A,D,0,Y,NA,NA,Y,Y,NA,G,27,1,0,0,0,1,0,0,0,0,-,-,33.889469146728516,-118.27599334716795,LOS ANGELES,UNINCORPORATED,-118.2761001586914,33.88954544067383
91415460,2021,2021-02-25,9535,2021-02-15,1230,022259,NA,1,1,9,1900,0,2,4,NA,2,022,OLYMPIC BLVD.,FETTERLY AVE,0,NA,Y,A,-,Y,NA,NA,NA,NA,NA,NA,NA,NA,NA,N,4,0,1,2,A,-,10,21950,A,M,D,B,B,A,H,-,A,A,0,Y,NA,NA,NA,Y,NA,-,99,0,0,1,0,1,0,0,0,0,-,-,34.01771926879883,-118.16587829589844,LOS ANGELES,UNINCORPORATED,-118.16582489013672,34.01782989501953
91415471,2021,2021-02-25,9530,2021-02-23,1339,022454,NA,2,1,9,1900,0,3,5,NA,2,001,NADEAU ST. (2300 BLOCK),MARBRISA AVE.,30,E,N,A,-,N,NA,NA,NA,NA,NA,NA,NA,NA,NA,N,4,0,2,2,A,-,03,22350,NA,N,C,C,A,A,H,-,A,D,0,NA,NA,NA,NA,Y,NA,D,22,0,0,2,0,0,0,0,0,0,-,-,33.9674186706543,-118.23127746582033,LOS ANGELES,UNINCORPORATED,-118.23139190673828,33.96746826171875
91415493,2021,2021-02-25,9525,2021-02-16,1230,018761,NA,2,1,9,1900,0,2,4,NA,2,022,ARROW HIGHWAY (19700 BLOCK),GLENDORA AVE,1584,W,N,A,-,N,NA,NA,NA,NA,NA,NA,NA,NA,NA,Y,2,0,1,2,A,-,21,22106,NA,N,F,A,A,A,H,-,A,D,0,NA,NA,Y,NA,Y,NA,A,01,1,0,0,0,0,0,0,0,1,-,-,34.106590270996094,-117.86847686767578,LOS ANGELES,UNINCORPORATED,-117.86901092529295,34.106468200683594
91415502,2021,2021-02-25,9550,2021-02-20,1718,022167,NA,6,2,7,1941,0,1,1,NA,2,653,I-605 N/B,WARDLOW ROAD,380,S,N,A,-,Y,NA,NA,605,NA,NA,NA,NA,NA,N,Y,3,0,2,1,A,-,08,22107,NA,N,E,I,A,A,H,-,A,D,0,NA,NA,NA,NA,Y,NA,A,07,0,1,1,0,0,0,0,0,0,-,-,33.81629180908203,-118.08130645751952,LOS ANGELES,LONG BEACH,-118.0813217163086,33.81629180908203
91415540,2021,2021-02-25,9525,2021-02-19,1615,021074,NA,5,2,1,1934,0,1,1,NA,2,652,I-605 N/B (SAN GABRIEL RIVER FWY),LOS ANGELES ST.,1500,N,N,A,-,Y,NA,NA,605,NA,NA,NA,NA,NA,N,Y,3,0,1,1,A,-,08,22107,NA,N,E,I,A,A,H,-,A,D,0,NA,NA,NA,NA,Y,NA,A,07,0,1,0,0,0,0,0,0,0,-,-,34.094749450683594,-117.98741149902344,LOS ANGELES,IRWINDALE,-117.98751068115234,34.09486770629883
91415543,2021,2021-02-25,9525,2021-02-16,1305,019121,NA,2,1,9,1900,0,2,4,NA,2,045,VALLEY BOULEVARD (13400 BLOCK),ORANGE BLOSSOM AVENUE,50,E,N,A,-,N,NA,NA,NA,NA,NA,NA,NA,NA,NA,Y,3,0,3,2,A,-,08,22107,NA,N,D,C,A,A,H,-,A,D,0,NA,NA,NA,NA,Y,NA,A,01,0,1,2,0,0,0,0,0,0,-,-,34.048118591308594,-117.9943389892578,LOS ANGELES,UNINCORPORATED,-117.9943618774414,34.04821014404297
91415554,2021,2021-02-25,9535,2021-02-21,1055,022246,NA,7,1,3,1914,0,1,1,NA,2,500,I-5 (SANTA ANA FREEWAY) N/B,WASHINGTON BLVD,1000,N,N,A,-,Y,NA,NA,5,NA,NA,NA,NA,NA,N,Y,4,0,2,2,A,-,03,22350,NA,N,C,C,A,A,H,-,A,D,0,NA,NA,NA,NA,Y,NA,A,01,0,0,2,0,0,0,0,0,0,-,-,33.999908447265625,-118.1483917236328,LOS ANGELES,COMMERCE,-118.1484146118164,33.9998893737793
91415571,2021,2021-02-25,9550,2021-02-22,0930,015040,NA,1,1,6,1920,0,1,1,NA,2,500,I-5 N/B (SANTA ANA FREEWAY),PARAMOUNT BOULEVARD,1000,S,N,A,-,Y,NA,NA,NA,NA,NA,NA,NA,NA,NA,Y,4,0,1,3,A,-,03,22350,NA,M,C,C,A,A,H,-,A,D,0,NA,NA,NA,NA,Y,NA,A,08,0,0,1,0,0,0,0,0,0,-,-,33.966251373291016,-118.11775207519533,LOS ANGELES,DOWNEY,-118.1177978515625,33.96235656738281
91416574,2021,2021-02-26,9550,2021-02-22,1812,015045,NA,1,2,3,1964,0,1,1,NA,2,650,I-605 S/B (SAN GABRIEL RIVER FREEWAY),TELEGRAPH ROAD,1584,N,N,A,-,Y,NA,NA,605,NA,NA,NA,NA,NA,S,N,4,0,1,2,A,-,03,22350,NA,N,C,C,A,A,H,-,C,D,0,NA,NA,NA,NA,Y,NA,A,07,0,0,1,0,0,0,0,0,0,-,-,33.95764923095703,-118.0876007080078,LOS ANGELES,SANTA FE SPRINGS,-118.08751678466795,33.957611083984375
91416580,2021,2021-02-26,9525,2021-02-17,2223,022546,NA,3,3,5,1906,0,1,1,NA,2,104,I-10 E/B (SAN BERNARDINO FWY),I-605 N/B (SAN GABRIEL RIVER FWY),950,E,N,A,-,Y,NA,NA,10,NA,NA,NA,NA,NA,E,Y,4,0,1,1,A,-,08,22107,NA,N,E,I,A,A,H,-,C,D,0,NA,NA,NA,NA,Y,NA,A,01,0,0,1,0,0,0,0,0,0,-,-,34.065399169921875,-117.99675750732422,LOS ANGELES,BALDWIN PARK,-117.99675750732422,34.065406799316406
91416672,2021,2021-02-26,9575,2021-02-15,1855,022448,NA,1,2,9,1900,0,2,4,NA,2,025,LAKE AVE. (2600 BLOCK),PINE ST.,25,N,N,A,-,N,NA,NA,NA,NA,NA,NA,NA,NA,NA,Y,4,0,1,2,A,-,01,23152,A,N,B,C,A,A,H,-,C,D,0,NA,NA,NA,NA,Y,Y,A,01,0,0,1,0,0,0,0,0,0,-,-,34.19065856933594,-118.13121795654295,LOS ANGELES,UNINCORPORATED,-118.13129425048828,34.19084930419922
91416673,2021,2021-02-26,9565,2021-02-16,0610,019872,NA,2,1,9,1900,0,2,4,NA,2,024,IMPERIAL HIGHWAY,VERMONT AVENUE,60,W,N,A,-,N,NA,NA,NA,NA,NA,NA,NA,NA,NA,N,3,0,1,2,A,-,08,22107,NA,F,D,C,A,A,H,-,A,D,0,NA,NA,NA,NA,Y,NA,D,22,0,1,0,0,0,0,0,0,0,-,-,33.93096160888672,-118.29215240478516,LOS ANGELES,UNINCORPORATED,-118.29210662841795,33.93098068237305
91416681,2021,2021-02-26,9545,2021-02-19,1750,021948,NA,5,2,9,1900,0,3,5,NA,2,003,CROWN VALLEY RD,COUNTRY WAY,560,S,N,A,-,N,NA,NA,NA,NA,NA,NA,NA,NA,NA,Y,4,0,1,1,A,-,03,22350,NA,N,E,I,A,A,H,-,B,D,0,NA,NA,NA,NA,Y,NA,D,22,0,0,1,0,0,0,0,0,0,-,-,34.45621109008789,-118.19680786132813,LOS ANGELES,UNINCORPORATED,-118.19693756103516,34.456295013427734
91416683,2021,2021-02-26,9540,2021-02-23,1450,021464,NA,2,2,9,1900,0,1,3,NA,1,144,SR-14 NB (ANTELOPE VALLEY FREEWAY),GOLDEN VALLEY RD,7920,S,N,A,-,Y,NA,NA,14,NA,NA,NA,NA,NA,N,Y,4,0,3,3,A,-,03,22350,NA,N,C,C,A,A,H,-,A,D,0,NA,NA,NA,NA,Y,NA,A,07,0,0,3,0,0,0,0,0,0,-,-,34.38642120361328,-118.48161315917967,LOS ANGELES,UNINCORPORATED,-118.48160552978516,34.38641357421875
91416688,2021,2021-02-26,9540,2021-02-16,1415,021374,NA,2,2,6,1985,0,1,3,NA,1,144,SR-14 N/B (ANTELOPE VALLEY FREEWAY),GOLDEN VALLEY RD,1584,S,N,A,-,Y,NA,NA,14,NA,NA,NA,NA,NA,N,Y,4,0,1,5,A,-,03,22350,NA,N,C,C,A,A,H,-,A,D,0,NA,NA,NA,NA,Y,NA,A,01,0,0,1,0,0,0,0,0,0,-,-,34.38983154296875,-118.4770965576172,LOS ANGELES,SANTA CLARITA,-118.47712707519533,34.38987350463867
91416689,2021,2021-02-26,9580,2021-02-20,0659,022221,NA,6,1,7,1942,0,1,3,NA,2,116,SR-118 E/B (RONALD REAGAN FWY.),RESEDA BLVD,2640,E,N,A,-,Y,NA,NA,118,NA,NA,NA,NA,NA,E,Y,3,0,1,3,A,-,08,22107,NA,N,B,C,A,A,H,-,D,D,0,NA,NA,NA,NA,Y,NA,A,01,0,1,0,0,0,0,0,0,0,-,-,34.278011322021484,-118.52681732177734,LOS ANGELES,LOS ANGELES,-118.5268325805664,34.27810287475586
91416691,2021,2021-02-26,9575,2021-02-16,0020,021566,NA,2,3,9,1900,0,1,3,NA,2,300,SR-2 (ANGELES CREST HWY.),MT. LUKENS TRUCK TRAIL,1024,E,N,A,-,Y,NA,NA,2,NA,NA,NA,NA,NA,NA,Y,3,0,1,1,A,-,01,23152,A,N,E,I,A,A,H,-,D,D,0,NA,NA,NA,NA,Y,Y,A,01,0,1,0,0,0,0,0,0,0,-,-,34.23632049560547,-118.18512725830078,LOS ANGELES,UNINCORPORATED,-118.18514251708984,34.23630905151367
91416705,2021,2021-02-26,9530,2021-02-19,1738,022427,NA,5,2,9,1900,0,3,5,NA,2,002,MCKINLEY AVE. (13400 BLOCK),135TH ST.,220,N,N,A,-,N,NA,NA,NA,NA,NA,NA,NA,NA,NA,Y,4,0,1,1,A,-,01,23152,A,N,E,I,A,A,H,-,C,D,0,NA,NA,NA,NA,Y,Y,A,01,0,0,1,0,0,0,0,0,0,-,-,33.90980911254883,-118.2613525390625,LOS ANGELES,UNINCORPORATED,-118.26107788085938,33.90972137451172
91416706,2021,2021-02-26,9535,2021-02-18,1505,022277,NA,4,2,9,1900,0,1,1,NA,2,420,I-10 E/B (SAN BERNARDINO FREEWAY),CAMPUS RD,475,E,N,A,-,Y,NA,NA,10,NA,NA,NA,NA,NA,E,Y,2,0,2,1,A,-,03,22350,NA,N,E,I,A,A,H,-,A,D,0,NA,NA,NA,NA,Y,NA,A,07,1,1,0,0,0,0,0,0,0,-,-,34.06156921386719,-118.16941833496094,LOS ANGELES,UNINCORPORATED,-118.16942596435548,34.06150436401367
91416718,2021,2021-02-26,9530,2021-02-23,1645,020080,NA,2,2,7,1941,0,1,1,NA,2,430,I-405 S/B (SAN DIEGO FREEWAY),LAKEWOOD BLVD.,100,N,N,A,-,Y,NA,NA,405,NA,NA,NA,NA,NA,S,Y,4,0,3,3,A,-,03,22350,NA,N,C,C,A,A,H,-,A,D,0,NA,NA,NA,NA,Y,NA,A,01,0,0,3,0,0,0,0,0,0,-,-,33.80596160888672,-118.14385223388672,LOS ANGELES,LONG BEACH,-118.14385986328124,33.8058967590332
91416730,2021,2021-02-26,9575,2021-02-06,2325,022558,NA,6,3,6,1953,0,1,1,NA,2,064,I-210 W/B (FOOTHILL FREEWAY),WILSON AVE.,500,E,N,A,-,Y,NA,NA,210,NA,NA,NA,NA,NA,W,Y,4,0,1,1,A,-,01,23152,A,N,E,I,A,A,H,-,C,D,0,NA,NA,NA,NA,Y,Y,D,22,0,0,1,0,0,0,0,0,0,-,-,34.15203094482422,-118.12622833251952,LOS ANGELES,PASADENA,-118.12623596191406,34.15211868286133
91416740,2021,2021-02-26,9530,2021-02-16,1505,021689,NA,2,2,5,1977,0,1,3,NA,2,310,SR-91 E/B (ARTESIA FREEWAY),MAIN ST.,200,E,N,A,-,Y,NA,NA,NA,NA,NA,NA,NA,NA,NA,Y,4,0,1,2,A,-,07,21658,A,N,B,C,A,A,H,-,A,D,0,NA,NA,NA,NA,Y,NA,D,22,0,0,1,0,0,0,0,0,0,-,-,33.87601852416992,-118.2751922607422,LOS ANGELES,CARSON,-118.27490997314452,33.87257766723633
91416781,2021,2021-02-26,9575,2021-02-18,0555,020542,NA,4,3,6,1912,0,1,3,NA,2,043,SR-134 W/B (VENTURA FREEWAY),BUENA VISTA ST.,500,E,N,A,-,Y,NA,NA,134,NA,NA,NA,NA,NA,W,Y,3,0,1,1,A,-,08,22107,NA,N,E,I,A,A,H,-,B,D,0,NA,NA,NA,NA,Y,NA,A,01,0,1,0,0,0,0,0,0,0,-,-,34.155120849609375,-118.31941223144533,LOS ANGELES,BURBANK,-118.31941223144533,34.155113220214844
91416788,2021,2021-02-26,9575,2021-02-05,0900,019990,NA,5,1,7,1942,0,1,1,NA,2,060,I-210 W/B (FOOTHILL FREEWAY),VAN NUYS BLVD.,300,W,N,A,-,Y,NA,NA,210,NA,NA,NA,NA,NA,W,Y,3,0,1,2,A,-,07,21658,A,F,B,C,A,A,D,-,A,D,0,NA,NA,NA,NA,Y,NA,-,99,0,1,0,0,0,0,0,0,0,-,-,34.2824592590332,-118.40145111083984,LOS ANGELES,LOS ANGELES,-118.40144348144533,34.282470703125
91416818,2021,2021-02-26,9550,2021-02-23,2305,022593,NA,2,3,6,1920,0,1,1,NA,2,500,I-5 S/B,I-605,1000,N,N,A,-,Y,NA,NA,5,NA,NA,NA,NA,NA,S,Y,4,0,1,2,A,-,03,22350,NA,F,C,C,A,A,H,-,D,D,0,NA,NA,NA,NA,Y,NA,A,01,0,0,1,0,0,0,0,0,0,-,-,33.944889068603516,-118.09925079345705,LOS ANGELES,DOWNEY,-118.09920501708984,33.944923400878906