CASE_ID,ACCIDENT_YEAR,PROC_DATE,JURIS,COLLISION_DATE,COLLISION_TIME,OFFICER_ID,REPORTING_DISTRICT,DAY_OF_WEEK,CHP_SHIFT,POPULATION,CNTY_CITY_LOC,SPECIAL_COND,BEAT_TYPE,CHP_BEAT_TYPE,CITY_DIVISION_LAPD,CHP_BEAT_CLASS,BEAT_NUMBER,PRIMARY_RD,SECONDARY_RD,DISTANCE,DIRECTION,INTERSECTION,WEATHER_1,WEATHER_2,STATE_HWY_IND,CALTRANS_COUNTY,CALTRANS_DISTRICT,STATE_ROUTE,ROUTE_SUFFIX,POSTMILE_PREFIX,POSTMILE,LOCATION_TYPE,RAMP_INTERSECTION,SIDE_OF_HWY,TOW_AWAY,COLLISION_SEVERITY,NUMBER_KILLED,NUMBER_INJURED,PARTY_COUNT,PRIMARY_COLL_FACTOR,PCF_CODE_OF_VIOL,PCF_VIOL_CATEGORY,PCF_VIOLATION,PCF_VIOL_SUBSECTION,HIT_AND_RUN,TYPE_OF_COLLISION,MVIW,PED_ACTION,ROAD_SURFACE,ROAD_COND_1,ROAD_COND_2,LIGHTING,CONTROL_DEVICE,CHP_ROAD_TYPE,PEDESTRIAN_ACCIDENT,BICYCLE_ACCIDENT,MOTORCYCLE_ACCIDENT,TRUCK_ACCIDENT,NOT_PRIVATE_PROPERTY,ALCOHOL_INVOLVED,STWD_VEHTYPE_AT_FAULT,CHP_VEHTYPE_AT_FAULT,COUNT_SEVERE_INJ,COUNT_VISIBLE_INJ,COUNT_COMPLAINT_PAIN,COUNT_PED_KILLED,COUNT_PED_INJURED,COUNT_BICYCLIST_KILLED,COUNT_BICYCLIST_INJURED,COUNT_MC_KILLED,COUNT_MC_INJURED,PRIMARY_RAMP,SECONDARY_RAMP,LATITUDE,LONGITUDE,COUNTY,CITY,POINT_X,POINT_Y
91430749,2021,2021-03-19,9540,2021-03-16,1850,019232,NA,2,2,9,1900,0,1,3,NA,2,146,SR-14 N/B (ANTELOPE VALLEY FWY),AGUA DULCE CYN RD,300,N,N,A,-,Y,NA,NA,14,NA,NA,NA,NA,NA,N,Y,4,0,1,1,A,-,08,22107,NA,N,E,I,A,A,H,-,D,D,0,NA,NA,NA,NA,Y,NA,A,01,0,0,1,0,0,0,0,0,0,-,-,34.46738052368164,-118.32344818115234,LOS ANGELES,UNINCORPORATED,-118.323486328125,34.467464447021484
91430750,2021,2021-03-19,9540,2021-03-10,1705,021124,NA,3,2,6,1985,0,1,3,NA,2,148,SR-14 N/B (ANTELOPE VALLEY FREEWAY),NEWHALL AVENUE,4963,S,N,B,-,Y,NA,NA,14,NA,NA,NA,NA,NA,N,Y,4,0,1,3,A,-,03,22350,NA,N,C,C,A,B,H,-,A,D,0,NA,NA,NA,NA,Y,NA,A,01,0,0,1,0,0,0,0,0,0,-,-,34.35210037231445,-118.5048370361328,LOS ANGELES,SANTA CLARITA,-118.50467681884766,34.35215759277344
91430752,2021,2021-03-19,9550,2021-03-17,1000,017042,NA,3,1,7,1941,0,1,3,NA,2,090,SR-91 EB (ARTESIA FREEWAY),PARAMOUNT BOULEVARD,130,E,N,A,-,Y,NA,NA,91,NA,NA,NA,NA,NA,E,Y,3,0,2,2,A,-,08,22107,NA,N,C,C,A,A,H,-,A,D,0,NA,NA,NA,NA,Y,NA,D,22,0,1,1,0,0,0,0,0,0,-,-,33.876190185546875,-118.15941619873048,LOS ANGELES,LONG BEACH,-118.159423828125,33.87620544433594
91430754,2021,2021-03-19,9545,2021-03-11,2300,021851,NA,4,3,9,1900,0,3,5,NA,2,004,AVENUE T-8,87TH STREET EAST,275,W,N,A,-,N,NA,NA,NA,NA,NA,NA,NA,NA,NA,Y,4,0,1,1,A,-,08,22107,NA,M,E,I,A,A,H,-,C,D,0,NA,NA,NA,NA,Y,NA,A,01,0,0,1,0,0,0,0,0,0,-,-,34.53569030761719,-117.97582244873048,LOS ANGELES,UNINCORPORATED,-117.97575378417967,34.53562545776367
91430766,2021,2021-03-19,9590,2021-03-10,1720,022087,NA,3,2,7,1942,0,1,2,NA,2,071,US-101 S/B (HOLLYWOOD FREEWAY),CORONADO ST.,50,S,N,B,-,Y,NA,NA,NA,NA,NA,NA,NA,NA,NA,N,4,0,1,2,A,-,03,22350,NA,N,C,C,A,A,H,-,A,D,0,NA,NA,NA,NA,Y,NA,A,07,0,0,1,0,0,0,0,0,0,-,-,34.042598724365234,-118.16169738769533,LOS ANGELES,LOS ANGELES,-118.27210235595705,34.07424545288086
91430767,2021,2021-03-19,9590,2021-03-06,0051,022088,NA,6,3,7,1942,0,1,1,NA,2,051,I-110 SOUTHBOUND (HARBOR FREEWAY),MLK JR. BLVD.,400,S,N,A,-,Y,NA,NA,110,NA,NA,NA,NA,NA,S,Y,3,0,1,4,A,-,07,21658,A,N,B,C,A,A,H,-,A,D,0,NA,NA,NA,NA,Y,Y,A,01,0,1,0,0,0,0,0,0,0,-,-,34.00973892211914,-118.28125762939452,LOS ANGELES,LOS ANGELES,-118.28113555908205,34.00973892211914
91430769,2021,2021-03-19,9540,2021-03-14,1848,021118,NA,7,2,9,1900,0,1,1,NA,2,510,I-5 N/B (GOLDEN STATE FWY),TEMPLIN HWY,21120,N,N,A,-,Y,NA,NA,5,NA,NA,NA,NA,NA,N,N,4,0,1,2,A,-,07,21658,A,N,B,C,A,A,H,-,B,D,0,NA,NA,NA,NA,Y,NA,A,08,0,0,1,0,0,0,0,0,0,-,-,34.61970901489258,-118.71653747558594,LOS ANGELES,UNINCORPORATED,-118.71646118164064,34.619754791259766
91430776,2021,2021-03-19,9530,2021-03-10,0745,014654,NA,3,1,7,1941,0,1,1,NA,2,430,I-405 S/B (SAN DIEGO FREEWAY),LAKEWOOD BLVD.,870,N,N,B,C,Y,NA,NA,405,NA,NA,NA,NA,NA,S,Y,3,0,1,2,A,-,03,22350,NA,N,E,I,A,B,H,-,A,D,0,NA,NA,NA,NA,Y,NA,A,01,0,1,0,0,0,0,0,0,0,-,-,33.80609130859375,-118.14536285400392,LOS ANGELES,LONG BEACH,-118.14535522460938,33.80610275268555
91430778,2021,2021-03-19,9540,2021-03-17,0720,018513,NA,3,1,6,1985,0,1,3,NA,2,149,SR-14 S/B (ANTELOPE VALLEY FREEWAY),JAKES WAY,150,N,N,A,-,Y,NA,NA,14,NA,NA,NA,NA,NA,S,Y,4,0,2,2,A,-,03,22350,NA,N,C,C,A,A,H,-,B,D,0,NA,NA,NA,NA,Y,NA,A,01,0,0,2,0,0,0,0,0,0,-,-,34.41387939453125,-118.44499969482422,LOS ANGELES,SANTA CLARITA,-118.44500732421876,34.41388702392578
91430803,2021,2021-03-19,9580,2021-03-17,0845,022535,NA,3,1,7,1942,0,1,3,NA,2,171,SR-170 S/B (HOLLYWOOD FREEWAY),WHITSETT AVE,220,N,N,A,-,Y,NA,NA,170,NA,NA,NA,NA,NA,S,Y,4,0,2,2,A,-,08,22107,NA,N,B,C,A,A,H,-,A,D,0,NA,NA,NA,Y,Y,NA,D,22,0,0,2,0,0,0,0,0,0,-,-,34.20690155029297,-118.4062728881836,LOS ANGELES,LOS ANGELES,-118.4062728881836,34.20690155029297
91430825,2021,2021-03-19,9530,2021-03-10,0800,018270,NA,3,1,9,1900,0,3,5,NA,2,005,LEMOLI AVE.,MARINE AVE.,3,S,N,B,-,N,NA,NA,NA,NA,NA,NA,NA,NA,NA,N,4,0,1,2,A,-,09,21804,A,N,D,G,A,A,H,-,A,A,0,NA,Y,NA,NA,Y,NA,L,04,0,0,1,0,0,0,1,0,0,-,-,33.89453887939453,-118.33090209960938,LOS ANGELES,UNINCORPORATED,-118.33087158203124,33.89466094970703
91430853,2021,2021-03-19,9525,2021-03-10,2310,020719,NA,3,3,6,1955,0,1,1,NA,2,108,I-10 E/B (SAN BERNARDINO FWY),KELLOGG DR.,500,W,N,B,C,Y,NA,NA,10,NA,NA,NA,NA,NA,E,Y,4,0,1,1,A,-,03,22350,NA,N,E,I,A,B,D,E,C,D,0,NA,NA,NA,NA,Y,NA,A,07,0,0,1,0,0,0,0,0,0,-,-,34.06354904174805,-117.8139419555664,LOS ANGELES,POMONA,-117.81394958496094,34.06368637084961
91430879,2021,2021-03-19,9590,2021-03-10,2255,021122,NA,3,3,7,1942,0,1,2,NA,2,071,US-101 S/B (SAF) TO I-10 E/B (SBF),CESAR E. CHAVEZ AVENUE,150,W,N,B,C,Y,NA,NA,101,NA,NA,NA,R,NA,S,Y,4,0,1,1,A,-,08,22107,NA,N,E,I,A,B,H,-,C,D,0,NA,NA,NA,NA,Y,NA,A,01,0,0,1,0,0,0,0,0,0,-,-,34.05289840698242,-118.22348022460938,LOS ANGELES,LOS ANGELES,-118.22348022460938,34.05289840698242
91430882,2021,2021-03-19,9530,2021-03-10,0120,021273,NA,3,3,5,1977,0,1,3,NA,2,310,SR-91 W/B TO CENTRAL AVE,CENTRAL AVE.,530,E,N,C,-,Y,NA,NA,91,NA,NA,NA,R,NA,W,Y,4,0,1,2,A,-,03,22350,NA,N,C,C,A,B,H,-,D,D,0,NA,NA,NA,Y,Y,NA,A,01,0,0,1,0,0,0,0,0,0,-,-,33.87371063232422,-118.24649810791016,LOS ANGELES,CARSON,-118.24649810791016,33.87371063232422
91430952,2021,2021-03-19,9590,2021-03-14,1250,019008,NA,7,1,7,1942,0,1,2,NA,2,070,US-101 NORTHBOUND (HOLLYWOOD FREEWAY),ROSEMONT AVENUE,100,N,N,A,-,Y,NA,NA,101,NA,NA,NA,NA,NA,N,Y,4,0,1,3,A,-,03,22350,NA,N,C,C,A,A,H,-,A,D,0,NA,NA,NA,NA,Y,NA,A,01,0,0,1,0,0,0,0,0,0,-,-,34.07316970825195,-118.26953887939452,LOS ANGELES,LOS ANGELES,-118.26952362060548,34.07320785522461
91430954,2021,2021-03-19,9575,2021-03-13,0342,021712,NA,6,3,7,1942,0,1,1,NA,2,061,I-210 E/B (FOOTHILL FREEWAY),ORCAS AVE,418,E,N,A,-,Y,NA,NA,210,NA,NA,NA,NA,NA,E,Y,3,0,1,2,A,-,03,22350,NA,N,C,C,A,A,D,-,D,D,0,NA,NA,NA,Y,Y,NA,B,08,0,1,0,0,0,0,0,0,0,-,-,34.273521423339844,-118.36682891845705,LOS ANGELES,LOS ANGELES,-118.36682891845705,34.27352523803711
91430990,2021,2021-03-19,9530,2021-03-11,2345,022084,NA,4,3,5,1977,0,1,3,NA,2,310,SR-91 E/B (ARTESIA FREEWAY),ALAMEDA ST.,90,E,N,A,-,Y,NA,NA,NA,NA,NA,NA,NA,NA,NA,Y,3,0,1,2,A,-,03,22350,NA,N,D,C,A,A,H,-,C,D,0,NA,NA,NA,NA,Y,NA,A,01,0,1,0,0,0,0,0,0,0,-,-,33.873199462890625,-118.21640014648438,LOS ANGELES,CARSON,-118.21653747558594,33.87336730957031
91430995,2021,2021-03-19,9590,2021-03-05,1705,022405,NA,5,2,7,1942,0,1,2,NA,2,070,US-101 N/B (HOLLYWOOD FREEWAY),E. EDGEWARE RD.,400,N,N,A,-,Y,NA,NA,101,NA,NA,NA,NA,NA,N,N,4,0,1,3,A,-,03,22350,NA,N,C,C,A,A,H,-,A,D,0,NA,NA,NA,NA,Y,NA,A,07,0,0,1,0,0,0,0,0,0,-,-,34.06772994995117,-118.25550079345705,LOS ANGELES,LOS ANGELES,-118.25550842285156,34.067718505859375
91430997,2021,2021-03-19,9590,2021-03-05,1920,022405,NA,5,2,7,1942,0,1,2,NA,2,071,US-101 S/B (HOLLYWOOD FREEWAY),GLENDALE BLVD.,50,S,N,A,-,Y,NA,NA,101,NA,NA,NA,NA,NA,S,N,4,0,1,2,A,-,03,22350,NA,N,C,C,A,A,H,-,C,D,0,NA,NA,NA,NA,Y,NA,A,01,0,0,1,0,0,0,0,0,0,-,-,34.06966018676758,-118.26145935058594,LOS ANGELES,LOS ANGELES,-118.26144409179688,34.0697021484375
91431002,2021,2021-03-19,9545,2021-03-13,1135,019951,NA,6,1,9,1900,0,1,3,NA,2,021,SR-14 N/B TO RANCHO VISTA BOULEVARD,RANCHO VISTA BLVD,200,S,N,A,-,Y,NA,NA,NA,NA,NA,NA,NA,NA,NA,N,4,0,2,2,A,-,03,22350,NA,N,C,C,A,A,H,-,A,A,0,NA,NA,NA,NA,Y,NA,D,22,0,0,2,0,0,0,0,0,0,-,-,34.60116958618164,-118.14122772216795,LOS ANGELES,UNINCORPORATED,-118.14212036132813,34.60148239135742
91431036,2021,2021-03-19,9590,2021-02-06,0106,022404,NA,6,3,7,1942,0,1,1,NA,2,010,SR-110 N/B (ARROYO SECO PARKWAY),YALE ST. PEDESTRIAN O/C,194,S,N,A,-,Y,NA,NA,110,NA,NA,NA,NA,NA,N,Y,3,0,1,1,A,-,01,23152,A,N,E,I,A,A,H,-,C,D,0,NA,NA,NA,NA,Y,Y,A,01,0,1,0,0,0,0,0,0,0,-,-,34.06705093383789,-118.23977661132813,LOS ANGELES,LOS ANGELES,-118.23976135253906,34.0670051574707
91431040,2021,2023-03-23,9530,2021-03-05,1822,020349,NA,5,2,5,1915,0,1,3,NA,2,310,SR-91 W/B (ARTESIA FREEWAY),WILMINGTON AVE.,1000,E,N,A,-,Y,NA,NA,91,NA,NA,NA,NA,NA,W,N,4,0,1,1,D,-,00,NA,NA,N,H,A,A,A,H,-,C,D,0,NA,NA,NA,NA,Y,NA,-,-,0,0,1,0,0,0,0,0,0,-,-,33.873931884765625,-118.22972106933594,LOS ANGELES,COMPTON,-118.22972106933594,33.873992919921875
91431073,2021,2021-03-19,9590,2021-03-11,1555,020618,NA,4,2,7,1942,0,1,1,NA,2,060,I-10 WB (SMF),LA BREA AVENUE,400,E,N,A,-,Y,NA,NA,10,NA,NA,NA,NA,NA,W,Y,4,0,1,2,A,-,07,21658,A,N,B,C,A,A,H,-,A,D,0,NA,NA,NA,NA,Y,NA,A,07,0,0,1,0,0,0,0,0,0,-,-,34.03438186645508,-118.34870910644533,LOS ANGELES,LOS ANGELES,-118.34871673583984,34.03445053100586
91431109,2021,2021-03-19,9580,2021-03-12,1309,019952,NA,5,1,7,1942,0,1,2,NA,2,105,US-101 S/B (VENTURA FREEWAY),TAMPA AVE,1320,N,N,B,-,Y,NA,NA,101,NA,NA,NA,NA,NA,S,Y,4,0,2,3,A,-,03,22350,NA,N,C,C,A,A,H,-,A,D,0,NA,NA,NA,NA,Y,NA,A,01,0,0,2,0,0,0,0,0,0,-,-,34.17359924316406,-118.55899810791016,LOS ANGELES,LOS ANGELES,-118.55899810791016,34.173545837402344
91431152,2021,2021-03-19,9590,2021-03-10,0725,021606,NA,3,1,7,1942,0,1,1,NA,2,020,US-101 S/B (SAF) TO I-10 E/B (SBF),CESAR E. CHAVEZ AVE.,100,N,N,B,C,Y,NA,NA,101,NA,NA,NA,R,NA,S,N,3,0,1,1,A,-,08,22107,NA,N,E,I,A,B,H,-,A,D,0,NA,NA,NA,NA,Y,NA,A,01,0,1,0,0,0,0,0,0,0,-,-,34.052738189697266,-118.22347259521484,LOS ANGELES,LOS ANGELES,-118.22347259521484,34.052738189697266
91431190,2021,2021-03-19,9525,2021-03-18,0748,016677,NA,4,1,5,1990,0,1,3,NA,2,603,SR-60 W/B (POMONA FWY),GOLDEN SPRINGS DR.,2000,E,N,B,-,Y,NA,NA,60,NA,NA,NA,NA,NA,W,Y,4,0,1,3,A,-,03,22350,NA,N,C,C,A,A,H,-,A,D,0,NA,NA,NA,NA,Y,NA,D,22,0,0,1,0,0,0,0,0,0,-,-,34.02566146850586,-117.78797149658205,LOS ANGELES,DIAMOND BAR,-117.78797149658205,34.02566146850586
91431208,2021,2021-03-19,9530,2021-03-11,0815,022531,NA,4,1,9,1900,0,3,5,NA,2,002,WILMINGTON AVE.,120TH ST.,0,NA,Y,A,-,N,NA,NA,NA,NA,NA,NA,NA,NA,NA,Y,4,0,2,2,A,-,09,21801,A,N,D,C,A,A,H,-,A,A,0,NA,NA,NA,NA,Y,NA,A,01,0,0,2,0,0,0,0,0,0,-,-,33.9233283996582,-118.23922729492188,LOS ANGELES,UNINCORPORATED,-118.2391357421875,33.924617767333984
91431211,2021,2021-03-19,9525,2021-03-17,0800,016677,NA,3,1,5,1990,0,1,3,NA,2,604,SR-60 E/B (POMONA FWY),GRAND AVE,50,E,N,A,-,Y,NA,NA,60,NA,NA,NA,NA,NA,E,N,4,0,1,3,A,-,03,22350,NA,N,C,C,A,A,H,-,A,D,0,NA,NA,NA,NA,Y,NA,A,07,0,0,1,0,0,0,0,0,0,-,-,34.0101203918457,-117.82301330566406,LOS ANGELES,DIAMOND BAR,-117.82309722900392,34.01021194458008
91431217,2021,2021-03-19,9525,2021-03-13,0340,021383,NA,6,3,6,1955,0,1,3,NA,2,606,SR-60 E/B (POMONA FWY),RESERVOIR ST.,1100,W,N,A,-,Y,NA,NA,60,NA,NA,NA,NA,NA,E,Y,2,0,1,2,A,-,01,23152,A,N,C,C,A,A,H,-,C,D,0,NA,NA,NA,Y,Y,Y,A,01,1,0,0,0,0,0,0,0,0,-,-,34.024688720703125,-117.73523712158205,LOS ANGELES,POMONA,-117.73525238037108,34.02488708496094
91431224,2021,2021-03-19,9525,2021-03-13,1345,020370,NA,6,1,5,1990,0,1,3,NA,2,601,SR-60 W/B (POMONA FWY),GRAND AVE.,200,W,N,A,-,Y,NA,NA,60,NA,NA,NA,NA,NA,W,Y,4,0,1,5,A,-,03,22350,NA,N,C,C,A,A,H,-,A,D,0,NA,NA,NA,NA,Y,NA,A,01,0,0,1,0,0,0,0,0,0,-,-,34.00965881347656,-117.82421875,LOS ANGELES,DIAMOND BAR,-117.82412719726564,34.009559631347656
91431257,2021,2021-03-19,9530,2021-03-12,0800,014654,NA,5,1,7,1941,0,1,1,NA,2,430,I-405 N/B (SAN DIEGO FREEWAY),CLARK AVE,50,S,N,A,-,Y,NA,NA,405,NA,NA,NA,NA,NA,N,N,4,0,1,2,A,-,03,22350,NA,N,C,C,A,A,H,-,A,D,0,NA,NA,NA,NA,Y,NA,A,07,0,0,1,0,0,0,0,0,0,-,-,33.80289077758789,-118.13362884521484,LOS ANGELES,LONG BEACH,-118.13362884521484,33.80289077758789
91431262,2021,2021-03-19,9575,2021-03-15,1135,020542,NA,1,1,7,1942,0,1,1,NA,2,061,I-210 W/B (FOOTHILL FREEWAY),WHEATLAND AVE.,500,E,N,B,-,Y,NA,NA,210,NA,NA,NA,NA,NA,W,Y,3,0,2,1,A,-,03,22350,NA,N,E,I,A,B,H,-,A,D,0,NA,NA,NA,NA,Y,NA,A,07,0,1,1,0,0,0,0,0,0,-,-,34.27162170410156,-118.34748840332033,LOS ANGELES,LOS ANGELES,-118.34749603271484,34.27157974243164
91431272,2021,2021-03-19,9575,2021-03-15,1118,020542,NA,1,1,7,1942,0,1,3,NA,2,070,SR-118 E/B (RONALD REAGAN FREEWAY),SAN FERNANDO RD.,1000,W,N,B,-,Y,NA,NA,118,NA,NA,NA,NA,NA,E,Y,4,0,1,1,A,-,03,22350,NA,N,E,I,A,B,H,-,A,D,0,NA,NA,NA,NA,Y,NA,A,01,0,0,1,0,0,0,0,0,0,-,-,34.270999908447266,-118.4306182861328,LOS ANGELES,LOS ANGELES,-118.43063354492188,34.27101516723633
91431286,2021,2021-03-19,9545,2021-03-14,0305,021640,NA,7,3,9,1900,0,1,3,NA,1,042,SR-138,96TH ST E,100,W,N,A,-,N,NA,NA,138,NA,NA,NA,NA,NA,NA,N,3,0,1,2,A,-,03,22350,NA,N,C,C,A,A,D,-,D,D,0,NA,NA,NA,NA,Y,NA,A,01,0,1,0,0,0,0,0,0,0,-,-,34.521148681640625,-117.95850372314452,LOS ANGELES,UNINCORPORATED,-117.95850372314452,34.52117156982422
91431310,2021,2021-03-19,9530,2021-03-12,0710,021089,NA,5,1,5,1977,0,1,1,NA,2,410,I-405 N/B (SAN DIEGO FREEWAY),DEL AMO BLVD.,50,N,N,A,-,Y,NA,NA,405,NA,NA,NA,NA,NA,N,N,4,0,1,2,A,-,03,22350,NA,F,C,C,A,A,H,-,A,D,0,NA,NA,NA,NA,Y,NA,-,99,0,0,1,0,0,0,0,0,0,-,-,33.84709930419922,-118.27166748046876,LOS ANGELES,CARSON,-118.27153778076172,33.847286224365234
91431314,2021,2021-03-19,9535,2021-03-09,1520,022230,NA,2,2,9,1900,0,2,4,NA,2,011,EASTERN AVE,CITY TERRACE DR.,0,NA,Y,A,-,N,NA,NA,NA,NA,NA,NA,NA,NA,NA,Y,4,0,3,2,A,-,09,21801,A,N,D,C,A,A,H,-,A,A,0,NA,NA,NA,NA,Y,NA,A,01,0,0,3,0,0,0,0,0,0,-,-,34.05760955810547,-118.17218017578124,LOS ANGELES,UNINCORPORATED,-118.17215728759766,34.0576286315918
91431318,2021,2021-03-19,9530,2021-03-12,0905,021089,NA,5,1,6,1972,0,1,1,NA,2,400,I-405 N/B (SAN DIEGO FREEWAY),CRENSHAW BLVD.,100,S,N,A,-,Y,NA,NA,NA,NA,NA,NA,NA,NA,NA,Y,2,0,1,3,A,-,07,21658,A,N,B,C,A,A,H,-,A,D,0,NA,NA,Y,NA,Y,NA,C,02,1,0,0,0,0,0,0,0,1,-,-,33.859798431396484,-118.3003387451172,LOS ANGELES,TORRANCE,-118.326171875,33.864566802978516
91431326,2021,2021-03-19,9530,2021-03-14,1750,022079,NA,7,2,9,1900,0,1,3,NA,2,310,SR-91 E/B (ARTESIA FREEWAY),LONG BEACH BLVD.,1800,W,N,A,-,Y,NA,NA,91,NA,NA,NA,NA,NA,E,Y,4,0,1,2,A,-,03,22350,NA,N,C,C,A,A,H,-,A,D,0,NA,NA,NA,NA,Y,NA,D,22,0,0,1,0,0,0,0,0,0,-,-,33.87350845336914,-118.20826721191406,LOS ANGELES,UNINCORPORATED,-118.2082748413086,33.87346649169922
91431327,2021,2021-03-19,9530,2021-03-12,2205,022083,NA,5,3,7,1942,0,1,1,NA,2,200,I-105 E/B (GLENN ANDERSON FWY),AVALON BLVD.,440,E,N,A,-,Y,NA,NA,105,NA,NA,NA,NA,NA,E,Y,4,0,2,2,A,-,07,21658,A,N,B,C,A,A,H,-,C,D,0,NA,NA,NA,NA,Y,NA,A,01,0,0,2,0,0,0,0,0,0,-,-,33.927268981933594,-118.26432037353516,LOS ANGELES,LOS ANGELES,-118.26432037353516,33.92730712890625
91431330,2021,2021-03-19,9535,2021-03-09,2020,022017,NA,2,2,5,1959,0,1,1,NA,2,401,I-10 (SAN BERNARDINO FREEWAY) W/B,ROSEMEAD BOULEVARD,1000,W,N,A,-,Y,NA,NA,10,NA,NA,NA,NA,NA,W,Y,4,0,2,2,A,-,03,22350,NA,M,C,C,A,A,H,-,D,D,0,NA,NA,NA,NA,Y,NA,A,01,0,0,2,0,0,0,0,0,0,-,-,34.07231903076172,-118.07707214355467,LOS ANGELES,ROSEMEAD,-118.07707214355467,34.072357177734375
91431333,2021,2021-03-19,9530,2021-03-12,1400,022406,NA,5,2,9,1900,0,3,5,NA,2,002,REDONDO BEACH BLVD.,SAN PEDRO ST.,0,NA,Y,A,-,N,NA,NA,NA,NA,NA,NA,NA,NA,NA,N,4,0,1,2,A,-,12,21453,A,N,D,C,A,A,H,-,A,A,0,NA,NA,NA,NA,Y,NA,A,08,0,0,1,0,0,0,0,0,0,-,-,33.89326095581055,-118.26708984375,LOS ANGELES,UNINCORPORATED,-118.26702117919922,33.89318084716797
91431334,2021,2021-03-19,9535,2021-03-06,1722,022263,NA,6,2,9,1900,0,1,1,NA,2,650,I-605 (SAN GABRIEL RIVER FREEWAY) N/B,VALLEY BLVD,1584,S,N,A,-,Y,NA,NA,605,NA,NA,NA,NA,NA,N,N,3,0,1,2,A,-,03,22350,NA,N,C,C,A,A,H,-,A,D,0,NA,NA,NA,NA,Y,NA,D,22,0,1,0,0,0,0,0,0,0,-,-,34.05072021484375,-118.00611114501952,LOS ANGELES,UNINCORPORATED,-118.0061264038086,34.05072784423828
91431336,2021,2021-03-19,9525,2021-03-14,1656,020823,NA,7,2,5,1906,0,1,1,NA,2,103,I-10 W/B (SAN BERNARDINO FWY),BALDWIN PARK BLVD,1056,E,N,B,-,Y,NA,NA,10,NA,NA,NA,NA,NA,W,Y,4,0,1,2,A,-,03,22350,NA,N,C,C,A,A,H,-,A,D,0,NA,NA,NA,NA,Y,NA,A,07,0,0,1,0,0,0,0,0,0,-,-,34.068389892578125,-117.97718048095705,LOS ANGELES,BALDWIN PARK,-117.97715759277344,34.0682258605957
91431338,2021,2021-03-19,9535,2021-03-15,1130,017943,NA,1,1,5,1901,0,1,1,NA,2,421,I-10 W/B FROM ATLANTIC BLVD S/B,I-10 W/B,370,N,N,B,C,Y,NA,NA,10,NA,NA,NA,R,NA,W,Y,3,0,1,2,A,-,03,22350,NA,N,E,I,A,B,H,-,A,D,0,NA,NA,NA,NA,Y,NA,A,01,0,1,0,0,0,0,0,0,0,-,-,34.07271957397461,-118.13524627685548,LOS ANGELES,ALHAMBRA,-118.13524627685548,34.07271957397461
91431355,2021,2021-03-19,9530,2021-03-13,1305,022427,NA,6,1,9,1900,0,3,5,NA,2,002,COMPTON BLVD.,MAPLE AVE.,0,NA,Y,A,-,N,NA,NA,NA,NA,NA,NA,NA,NA,NA,Y,4,0,1,2,A,-,08,22102,NA,N,D,C,A,A,H,-,A,D,0,NA,NA,NA,NA,Y,Y,A,01,0,0,1,0,0,0,0,0,0,-,-,33.89501190185547,-118.27198028564452,LOS ANGELES,UNINCORPORATED,-118.27191162109376,33.894989013671875
91431357,2021,2021-03-19,9550,2021-03-17,0735,021977,NA,3,1,9,1900,0,1,3,NA,2,600,STATE ROUTE 60 EASTBOUND,SEVENTH AVENUE,2640,W,N,A,-,Y,NA,NA,NA,NA,NA,NA,NA,NA,NA,Y,4,0,2,2,A,-,08,22107,NA,N,C,C,A,A,H,-,A,D,0,NA,NA,NA,NA,Y,NA,A,07,0,0,2,0,0,0,0,0,0,-,-,34.013301849365234,-117.59429931640624,LOS ANGELES,UNINCORPORATED,-117.99380493164064,34.02484893798828
91431364,2021,2021-03-22,9530,2021-03-13,2009,022454,NA,6,2,9,1900,0,3,5,NA,2,001,NADEAU ST. (1800 BLOCK),HOLMES AVE.,20,E,N,A,-,N,NA,NA,NA,NA,NA,NA,NA,NA,NA,N,4,0,1,3,A,-,03,22350,NA,F,C,C,A,A,H,-,C,D,0,NA,NA,NA,NA,Y,NA,-,99,0,0,1,0,0,0,0,0,0,-,-,33.96736145019531,-118.2409210205078,LOS ANGELES,UNINCORPORATED,-118.24100494384766,33.9674072265625