CASE_ID,ACCIDENT_YEAR,PROC_DATE,JURIS,COLLISION_DATE,COLLISION_TIME,OFFICER_ID,REPORTING_DISTRICT,DAY_OF_WEEK,CHP_SHIFT,POPULATION,CNTY_CITY_LOC,SPECIAL_COND,BEAT_TYPE,CHP_BEAT_TYPE,CITY_DIVISION_LAPD,CHP_BEAT_CLASS,BEAT_NUMBER,PRIMARY_RD,SECONDARY_RD,DISTANCE,DIRECTION,INTERSECTION,WEATHER_1,WEATHER_2,STATE_HWY_IND,CALTRANS_COUNTY,CALTRANS_DISTRICT,STATE_ROUTE,ROUTE_SUFFIX,POSTMILE_PREFIX,POSTMILE,LOCATION_TYPE,RAMP_INTERSECTION,SIDE_OF_HWY,TOW_AWAY,COLLISION_SEVERITY,NUMBER_KILLED,NUMBER_INJURED,PARTY_COUNT,PRIMARY_COLL_FACTOR,PCF_CODE_OF_VIOL,PCF_VIOL_CATEGORY,PCF_VIOLATION,PCF_VIOL_SUBSECTION,HIT_AND_RUN,TYPE_OF_COLLISION,MVIW,PED_ACTION,ROAD_SURFACE,ROAD_COND_1,ROAD_COND_2,LIGHTING,CONTROL_DEVICE,CHP_ROAD_TYPE,PEDESTRIAN_ACCIDENT,BICYCLE_ACCIDENT,MOTORCYCLE_ACCIDENT,TRUCK_ACCIDENT,NOT_PRIVATE_PROPERTY,ALCOHOL_INVOLVED,STWD_VEHTYPE_AT_FAULT,CHP_VEHTYPE_AT_FAULT,COUNT_SEVERE_INJ,COUNT_VISIBLE_INJ,COUNT_COMPLAINT_PAIN,COUNT_PED_KILLED,COUNT_PED_INJURED,COUNT_BICYCLIST_KILLED,COUNT_BICYCLIST_INJURED,COUNT_MC_KILLED,COUNT_MC_INJURED,PRIMARY_RAMP,SECONDARY_RAMP,LATITUDE,LONGITUDE,COUNTY,CITY,POINT_X,POINT_Y
91431365,2021,2021-03-22,9550,2021-03-17,1320,022048,NA,3,1,9,1900,0,2,4,NA,1,042,COLIMA RD W/B,ALBATROSS ROAD,400,E,N,A,-,N,NA,NA,NA,NA,NA,NA,NA,NA,NA,N,4,0,1,2,A,-,03,22350,NA,N,C,C,A,A,H,-,A,A,0,NA,NA,NA,NA,Y,NA,A,01,0,0,1,0,0,0,0,0,0,-,-,33.990440368652344,-117.92304229736328,LOS ANGELES,UNINCORPORATED,-117.92301940917967,33.99034118652344
91431369,2021,2021-03-22,9530,2021-03-14,1633,022406,NA,7,2,9,1900,0,3,5,NA,2,002,AVALON BLVD.,138TH ST.,0,NA,Y,A,-,N,NA,NA,NA,NA,NA,NA,NA,NA,NA,Y,3,0,2,2,A,-,09,21801,A,N,D,C,A,A,H,-,A,D,0,NA,NA,NA,NA,Y,NA,A,01,0,1,1,0,0,0,0,0,0,-,-,33.90642166137695,-118.26526641845705,LOS ANGELES,UNINCORPORATED,-118.26531219482422,33.906410217285156
91431370,2021,2021-03-22,9530,2021-03-14,2008,022406,NA,7,2,9,1900,0,3,5,NA,2,002,ALAMEDA ST. (13200 BLOCK),133RD ST.,50,N,N,A,-,N,NA,NA,NA,NA,NA,NA,NA,NA,NA,Y,4,0,1,2,A,-,01,23152,A,N,C,C,A,A,H,-,C,A,0,NA,NA,NA,NA,Y,Y,D,22,0,0,1,0,0,0,0,0,0,-,-,33.91170883178711,-118.22286987304688,LOS ANGELES,UNINCORPORATED,-118.22286987304688,33.91164779663086
91431371,2021,2021-03-22,9530,2021-03-14,1814,022454,NA,7,2,7,1942,0,1,1,NA,2,110,I-110 SB TO SR-91 EB,SR-91,430,S,N,B,-,Y,NA,NA,110,NA,NA,NA,R,NA,S,Y,3,0,1,1,A,-,01,23152,A,N,E,I,A,A,H,-,A,D,0,NA,NA,NA,NA,Y,Y,A,01,0,1,0,0,0,0,0,0,0,-,-,33.87152099609375,-118.2856216430664,LOS ANGELES,LOS ANGELES,-118.2856216430664,33.87152099609375
91431375,2021,2021-03-22,9530,2021-03-15,1340,022454,NA,1,1,9,1900,0,3,5,NA,2,002,SAN PEDRO ST.,124TH ST.,0,NA,Y,B,-,N,NA,NA,NA,NA,NA,NA,NA,NA,NA,Y,4,0,2,2,A,-,12,22450,A,N,D,C,A,A,H,-,A,A,0,NA,NA,NA,NA,Y,NA,A,07,0,0,2,0,0,0,0,0,0,-,-,33.92005157470703,-118.26960754394533,LOS ANGELES,UNINCORPORATED,-118.26959991455078,33.920074462890625
91431376,2021,2021-03-22,9565,2021-03-09,1705,019031,NA,2,2,7,1942,0,1,1,NA,2,062,I-405 S/B (SAN DIEGO FWY.),VENICE BLVD.,230,N,N,A,-,Y,NA,NA,405,NA,NA,NA,NA,NA,S,Y,4,0,1,2,A,-,07,21658,A,N,C,C,A,A,H,-,A,D,0,NA,NA,Y,NA,Y,NA,A,07,0,0,1,0,0,0,0,0,1,-,-,34.014278411865234,-118.4201889038086,LOS ANGELES,LOS ANGELES,-118.42022705078124,34.014251708984375
91431434,2021,2021-03-22,9575,2021-03-11,1725,021006,NA,4,2,9,1900,0,1,1,NA,2,065,I-210 W/B (FOOTHILL FREEWAY),BALDWIN AVE.,1000,W,N,B,-,Y,NA,NA,NA,NA,NA,NA,NA,NA,NA,N,4,0,1,2,A,-,03,22350,NA,N,C,C,A,A,H,-,B,D,0,NA,NA,NA,Y,Y,NA,F,26,0,0,1,0,0,0,0,0,0,-,-,34.14897918701172,-118.05520629882813,LOS ANGELES,UNINCORPORATED,-118.05132293701172,34.148990631103516
91431450,2021,2021-03-22,9575,2021-03-08,0633,020182,NA,1,1,3,1991,0,1,1,NA,2,063,I-210 E/B (FOOTHILL FREEWAY),GOULD AVE.,90,W,N,A,-,Y,NA,NA,NA,NA,NA,NA,NA,NA,NA,Y,4,0,1,4,A,-,08,22107,NA,M,E,I,A,A,H,-,B,D,0,NA,NA,NA,NA,Y,NA,A,01,0,0,1,0,0,0,0,0,0,-,-,34.20183181762695,-118.18959045410156,LOS ANGELES,LA CANADA-FLINTRIDGE,-118.18944549560548,34.20158386230469
91431453,2021,2021-03-22,9575,2021-03-15,0430,021932,NA,1,3,7,1942,0,1,1,NA,2,053,I-5 N/B TO SR-118 E/B TRANSITION ROAD,PAXTON ST,820,N,N,A,-,Y,NA,NA,5,NA,NA,NA,R,NA,N,Y,3,0,1,1,A,-,01,23152,A,N,E,I,A,A,H,-,C,D,0,NA,NA,NA,NA,Y,Y,A,01,0,1,0,0,0,0,0,0,0,-,-,34.26620101928711,-118.4401626586914,LOS ANGELES,LOS ANGELES,-118.4401626586914,34.26620101928711
91431458,2021,2021-03-22,9580,2021-03-16,1715,018322,NA,2,2,7,1942,0,1,1,NA,2,406,I-405 N/B (SAN DIEGO FWY),SHERMAN WAY,528,N,N,A,-,Y,NA,NA,405,NA,NA,NA,NA,NA,N,Y,2,0,2,1,A,-,08,22107,NA,N,F,I,A,A,H,-,A,D,0,NA,NA,NA,NA,Y,NA,D,22,1,1,0,0,0,0,0,0,0,-,-,34.20289993286133,-118.4730987548828,LOS ANGELES,LOS ANGELES,-118.4732666015625,34.20289993286133
91431459,2021,2021-03-22,9580,2021-03-10,2150,022019,NA,3,2,7,1942,0,1,3,NA,2,171,SR-170 S/B (HOLLYWOOD FWY.),WHITSETT AVE,30,N,N,C,-,Y,NA,NA,170,NA,NA,NA,NA,NA,S,Y,3,0,1,1,A,-,03,22350,NA,N,E,I,A,B,H,-,D,D,0,NA,NA,NA,NA,Y,NA,A,01,0,1,0,0,0,0,0,0,0,-,-,34.206539154052734,-118.40603637695313,LOS ANGELES,LOS ANGELES,-118.40615081787108,34.206504821777344
91431460,2021,2021-03-22,9580,2021-03-13,2047,022591,NA,6,2,7,1942,0,1,2,NA,2,100,US-101 N/B (HOLLYWOOD FREEWAY),LANKERSHIM BLVD,270,N,N,A,-,Y,NA,NA,101,NA,NA,NA,NA,NA,N,Y,3,0,1,2,A,-,03,22350,NA,N,C,C,A,A,H,-,C,D,0,NA,NA,Y,NA,Y,NA,C,02,0,1,0,0,0,0,0,0,1,-,-,34.13798141479492,-118.36293792724608,LOS ANGELES,LOS ANGELES,-118.36298370361328,34.13791275024414
91431461,2021,2021-03-22,9525,2021-03-10,1424,020505,NA,3,2,5,1906,0,1,1,NA,2,103,I-10 W/B TO I-605,I-605 N/B (SAN GABRIEL RIVER FWY),300,E,N,C,-,Y,NA,NA,10,NA,NA,NA,R,NA,W,N,3,0,1,2,A,-,03,22350,NA,F,C,C,A,B,H,-,A,D,0,NA,NA,NA,NA,Y,NA,A,01,0,1,0,0,0,0,0,0,0,-,-,34.06631088256836,-117.99910736083984,LOS ANGELES,BALDWIN PARK,-117.99910736083984,34.06631088256836
91431463,2021,2021-03-22,9525,2021-03-11,1905,020505,NA,4,2,6,1955,0,1,3,NA,2,603,SR-60 W/B (POMONA FWY),PHILLIPS RANCH RD,2112,W,N,C,F,Y,NA,NA,60,NA,NA,NA,NA,NA,W,N,4,0,1,2,A,-,07,21658,A,F,B,C,A,A,H,-,C,D,0,NA,NA,NA,Y,Y,NA,F,25,0,0,1,0,0,0,0,0,0,-,-,34.026039123535156,-117.77745056152344,LOS ANGELES,POMONA,-117.77745056152344,34.02602005004883
91431467,2021,2021-03-22,9525,2021-03-16,1340,021355,NA,2,1,6,1955,0,1,1,NA,2,110,I-10 E/B TO TOWNE AVE.,TOWNE AVE,30,W,N,A,-,Y,NA,NA,10,NA,NA,NA,R,NA,E,N,4,0,2,2,A,-,21,22106,NA,N,C,C,A,A,H,-,A,A,0,NA,NA,NA,NA,Y,NA,A,01,0,0,2,0,0,0,0,0,0,-,-,34.07725143432617,-117.74211883544922,LOS ANGELES,POMONA,-117.74211883544922,34.07725143432617
91431471,2021,2021-03-22,9525,2021-03-17,1640,019550,NA,3,2,5,1990,0,1,3,NA,2,574,SR-57 N/B (ORANGE FWY),PATHFINDER RD,900,S,N,A,-,Y,NA,NA,57,NA,NA,NA,NA,NA,N,N,4,0,1,2,A,-,03,22350,NA,N,C,C,A,A,H,-,A,D,0,NA,NA,NA,NA,Y,NA,A,07,0,0,1,0,0,0,0,0,0,-,-,33.981529235839844,-117.841796875,LOS ANGELES,DIAMOND BAR,-117.84173583984376,33.98154830932617
91431476,2021,2021-03-22,9530,2021-03-15,0627,022120,NA,1,1,7,1942,0,1,1,NA,2,110,I-110 SB TO I-405 CONNECTOR,190TH ST.,29,S,N,C,-,Y,NA,NA,110,NA,NA,NA,R,NA,S,Y,3,0,1,2,A,-,03,22350,NA,N,C,C,A,B,H,-,A,D,0,NA,NA,NA,NA,Y,NA,A,01,0,1,0,0,0,0,0,0,0,-,-,33.861209869384766,-118.28545379638672,LOS ANGELES,LOS ANGELES,-118.28545379638672,33.861209869384766
91431477,2021,2021-03-22,9525,2021-02-12,1655,021080,NA,5,2,9,1900,0,3,5,NA,2,002,GRAND AVE.,CYPRESS ST.,250,S,N,A,-,N,NA,NA,NA,NA,NA,NA,NA,NA,NA,Y,3,0,1,2,A,-,07,21658,A,N,B,C,A,A,H,-,A,D,0,NA,NA,NA,NA,Y,NA,A,07,0,1,0,0,0,0,0,0,0,-,-,34.094940185546875,-117.87268829345705,LOS ANGELES,UNINCORPORATED,-117.87265014648438,34.09501647949219
91431479,2021,2021-03-22,9525,2021-03-19,2010,021545,NA,5,2,6,1955,0,1,1,NA,2,107,I-10 W/B TO SR-57 S/B,SR-57 N/B (ORANGE FWY),800,E,N,A,-,Y,NA,NA,10,NA,NA,NA,R,NA,W,N,4,0,2,2,A,-,03,22350,NA,N,C,C,A,A,H,-,C,D,0,NA,NA,NA,NA,Y,NA,A,01,0,0,2,0,0,0,0,0,0,-,-,34.0677604675293,-117.80233764648438,LOS ANGELES,POMONA,-117.80233764648438,34.0677604675293
91431489,2021,2021-03-22,9525,2021-03-19,1740,021995,NA,5,2,5,1906,0,1,1,NA,2,103,I-10 W/B (SAN BERNARDINO FWY),FRANCISQUITO AVE,100,E,N,B,-,Y,NA,NA,10,NA,NA,NA,NA,NA,W,Y,4,0,1,4,A,-,03,22350,NA,N,C,C,A,A,H,-,A,D,0,NA,NA,NA,NA,Y,NA,A,01,0,0,1,0,0,0,0,0,0,-,-,34.06861114501953,-117.97434997558594,LOS ANGELES,BALDWIN PARK,-117.97434997558594,34.0685920715332
91431490,2021,2021-03-22,9525,2021-03-19,1915,021545,NA,5,2,4,1913,0,1,1,NA,2,120,I-10 E/B (SAN BERNARDINO FWY),INDIAN HILL BLVD,1320,W,N,A,-,Y,NA,NA,10,NA,NA,NA,NA,NA,E,N,4,0,2,2,A,-,03,22350,NA,F,C,C,A,A,H,-,C,D,0,NA,NA,NA,NA,Y,NA,A,01,0,0,2,0,0,0,0,0,0,-,-,34.08150100708008,-117.72650146484376,LOS ANGELES,CLAREMONT,-117.72650146484376,34.08154296875
91431491,2021,2021-03-22,9525,2021-03-13,1530,020505,NA,6,2,5,1990,0,1,3,NA,2,603,SR-60 W/B (POMONA FWY),DIAMOND BAR BLVD,200,W,N,A,-,Y,NA,NA,60,NA,NA,NA,NA,NA,W,Y,4,0,2,3,A,-,03,22350,NA,N,C,C,A,A,H,-,A,D,0,NA,NA,NA,NA,Y,NA,A,01,0,0,2,0,0,0,0,0,0,-,-,34.022239685058594,-117.81330108642578,LOS ANGELES,DIAMOND BAR,-117.81324768066406,34.022186279296875
91431497,2021,2021-03-22,9525,2021-03-17,1400,021080,NA,3,2,5,1906,0,1,1,NA,2,103,I-10 W/B (SAN BERNARDINO FWY),BALDWIN PARK BLVD,1584,W,N,A,-,Y,NA,NA,10,NA,NA,NA,NA,NA,W,N,4,0,1,2,A,-,03,22350,NA,N,C,C,A,A,H,-,A,D,0,NA,NA,NA,NA,Y,NA,A,01,0,0,1,0,0,0,0,0,0,-,-,34.0671501159668,-117.98619842529295,LOS ANGELES,BALDWIN PARK,-117.98618316650392,34.06702423095703
91431501,2021,2021-03-22,9525,2021-03-16,1600,020907,NA,2,2,6,1975,0,1,1,NA,2,106,I-10 E/B (SAN BERNARDINO FWY),VINCENT AVE,1800,E,N,A,-,Y,NA,NA,10,NA,NA,NA,NA,NA,E,Y,4,0,1,3,A,-,07,21658,A,N,B,C,A,A,H,-,B,D,0,NA,NA,NA,NA,Y,NA,A,01,0,0,1,0,0,0,0,0,0,-,-,34.07215118408203,-117.92108917236328,LOS ANGELES,WEST COVINA,-117.92108917236328,34.07216262817383
91431530,2021,2021-03-22,9575,2021-03-16,0900,019629,NA,2,1,7,1942,0,1,1,NA,2,050,I-5 N/B (GOLDEN STATE FREEWAY),THE LOS ANGELES RIVER,50,S,N,B,-,Y,NA,NA,5,NA,NA,NA,NA,NA,N,Y,4,0,1,2,A,-,03,22350,NA,N,C,C,A,A,H,-,A,D,0,NA,NA,NA,NA,Y,NA,A,01,0,0,1,0,0,0,0,0,0,-,-,34.15557098388672,-118.28932189941406,LOS ANGELES,LOS ANGELES,-118.28929138183594,34.155601501464844
91431531,2021,2021-03-22,9550,2021-03-20,0758,022376,NA,6,1,9,1900,0,3,5,NA,2,002,MILLS AVENUE,LAMBERT ROAD,0,NA,Y,A,-,N,NA,NA,NA,NA,NA,NA,NA,NA,NA,Y,3,0,2,2,A,-,12,21453,A,N,D,C,A,A,H,-,A,A,0,NA,NA,NA,NA,Y,NA,A,01,0,1,1,0,0,0,0,0,0,-,-,33.94620895385742,-118.02033233642578,LOS ANGELES,UNINCORPORATED,-118.02027130126952,33.946144104003906
91431533,2021,2021-03-22,9575,2021-03-10,0637,020702,NA,3,1,7,1942,0,1,3,NA,2,090,SR-118 W/B FROM SAN FERNANDO RD.,SAN FERNANDO RD.,480,W,N,B,C,Y,NA,NA,118,NA,NA,NA,R,NA,W,Y,4,0,1,1,A,-,03,22350,NA,N,E,I,A,B,H,-,B,D,0,NA,NA,NA,NA,Y,NA,A,07,0,0,1,0,0,0,0,0,0,-,-,34.27212905883789,-118.43065643310548,LOS ANGELES,LOS ANGELES,-118.43065643310548,34.27212905883789
91431534,2021,2021-08-03,9575,2021-03-10,0015,021254,NA,3,3,5,1902,0,1,1,NA,2,065,I-210 W/B (FOOTHILL FREEWAY),1ST AVENUE,529,E,N,A,-,Y,NA,NA,210,NA,NA,NA,NA,NA,W,Y,3,0,1,3,A,-,08,22107,NA,N,C,C,A,A,H,-,D,D,0,NA,NA,NA,Y,Y,NA,F,55,0,1,0,0,0,0,0,0,0,-,-,34.144798278808594,-118.02469635009766,LOS ANGELES,ARCADIA,-118.02466583251952,34.144874572753906
91431535,2021,2021-03-22,9575,2021-03-10,1645,022479,NA,3,2,9,1900,0,1,1,NA,2,062,I-210 E/B (FOOTHILL FREEWAY),OCEAN VIEW BLVD.,60,E,N,B,C,Y,NA,NA,210,NA,NA,NA,NA,NA,E,Y,4,0,1,2,A,-,03,22350,NA,N,E,I,A,B,H,-,A,D,0,NA,NA,NA,Y,Y,NA,A,01,0,0,1,0,0,0,0,0,0,-,-,34.211631774902344,-118.22762298583984,LOS ANGELES,UNINCORPORATED,-118.2276611328125,34.211524963378906
91431536,2021,2021-03-22,9575,2021-03-10,1930,022479,NA,3,2,9,1900,0,1,1,NA,2,062,I-210 E/B TO SR-2 W/B,OCEAN VIEW BLVD.,1170,E,N,C,-,Y,NA,NA,210,NA,NA,NA,R,NA,E,Y,4,0,1,1,A,-,03,22350,NA,N,E,I,A,B,H,-,D,D,0,NA,NA,NA,NA,Y,NA,A,01,0,0,1,0,0,0,0,0,0,-,-,34.21001052856445,-118.2243423461914,LOS ANGELES,UNINCORPORATED,-118.2243423461914,34.21001052856445
91431539,2021,2021-03-22,9550,2021-03-13,1147,022376,NA,6,1,9,1900,0,1,1,NA,2,650,I-605 S/B TO BEVERLY BLVD,BEVERLY BLVD,330,S,N,A,-,Y,NA,NA,605,NA,NA,NA,R,NA,S,Y,3,0,2,1,A,-,03,22350,NA,N,E,I,A,A,H,-,A,D,0,NA,NA,NA,NA,Y,NA,A,01,0,1,1,0,0,0,0,0,0,-,-,34.00408172607422,-118.06519317626952,LOS ANGELES,UNINCORPORATED,-118.06519317626952,34.00408172607422
91431591,2021,2021-03-22,9590,2021-02-28,0020,021762,NA,7,3,7,1942,0,1,2,NA,2,072,US-101 N/B (HOLLYWOOD FREEWAY),SANTA MONICA BLVD,600,S,N,A,-,Y,NA,NA,101,NA,NA,NA,NA,NA,N,Y,4,0,2,5,A,-,03,22350,NA,F,C,C,A,A,H,-,D,D,0,NA,NA,NA,NA,Y,NA,A,01,0,0,2,0,0,0,0,0,0,-,-,34.08916091918945,-118.30536651611328,LOS ANGELES,LOS ANGELES,-118.30538177490234,34.08915328979492
91431622,2021,2021-03-22,9590,2021-02-26,1926,022369,NA,5,2,7,1942,0,1,1,NA,2,051,I-110 S/B (HARBOR FREEWAY),39TH STREET,200,N,N,A,-,Y,NA,NA,110,NA,NA,NA,NA,NA,S,Y,3,0,2,4,A,-,03,22350,NA,N,C,C,A,A,H,-,C,D,0,NA,NA,NA,NA,Y,NA,D,22,0,1,1,0,0,0,0,0,0,-,-,34.01448059082031,-118.28125762939452,LOS ANGELES,LOS ANGELES,-118.28107452392578,34.014469146728516
91431623,2021,2021-03-22,9590,2021-03-09,1850,022405,NA,2,2,7,1942,0,1,2,NA,2,072,US-101 N/B (HOLLYWOOD FREEWAY),MULHOLLAND DR.,525,N,N,A,-,Y,NA,NA,101,NA,NA,NA,NA,NA,N,Y,4,0,2,2,A,-,03,22350,NA,N,C,C,A,A,H,-,D,D,0,NA,NA,NA,NA,Y,NA,A,01,0,0,2,0,0,0,0,0,0,-,-,34.12453842163086,-118.34323120117188,LOS ANGELES,LOS ANGELES,-118.34317779541016,34.124595642089844
91431635,2021,2021-03-22,9590,2021-02-18,1740,022493,NA,4,2,7,1942,0,1,1,NA,2,081,I-5 S/B (GOLDEN STATE FREEWAY),WHITTIER BLVD,200,N,N,A,-,Y,NA,NA,5,NA,NA,NA,NA,NA,S,Y,3,0,2,2,A,-,01,23152,A,N,C,C,A,A,H,-,B,D,0,NA,NA,NA,NA,Y,Y,A,07,0,1,1,0,0,0,0,0,0,-,-,34.03717041015625,-118.22029876708984,LOS ANGELES,LOS ANGELES,-118.22034454345705,34.03718566894531
91431654,2021,2021-03-22,9540,2021-03-12,1750,020875,NA,5,2,6,1985,0,1,3,NA,1,142,SR-14 N/B (ANTELOPE VALLEY FREEWAY),NEWHALL AVENUE,5280,N,N,B,-,Y,NA,NA,14,NA,NA,NA,NA,NA,N,Y,4,0,1,2,A,-,08,22107,NA,N,C,C,A,A,H,-,A,D,0,NA,NA,NA,NA,Y,NA,A,01,0,0,1,0,0,0,0,0,0,-,-,34.35295867919922,-118.50495147705078,LOS ANGELES,SANTA CLARITA,-118.50495147705078,34.35295867919922
91431658,2021,2021-03-22,9540,2021-03-15,1705,019232,NA,1,2,9,1900,0,1,3,NA,2,146,SR-14 N/B (ANTELOPE VALLEY FWY),PURITAN MINE RD,400,S,N,A,-,Y,NA,NA,14,NA,NA,NA,NA,NA,N,N,4,0,1,2,A,-,03,22350,NA,N,B,C,A,A,H,-,A,D,0,NA,NA,NA,NA,Y,NA,A,01,0,0,1,0,0,0,0,0,0,-,-,34.50482940673828,-118.2512435913086,LOS ANGELES,UNINCORPORATED,-118.2512435913086,34.50485610961914
91431662,2021,2021-03-22,9540,2021-03-15,0603,014277,NA,1,1,9,1900,0,1,1,NA,2,509,I-5 S/B (GOLDEN STATE FREEWAY),LAKE HUGHES RD,5808,N,N,B,C,Y,NA,NA,5,NA,NA,NA,NA,NA,S,Y,3,0,1,1,A,-,08,22107,NA,N,F,A,A,B,H,-,D,D,0,NA,NA,NA,NA,Y,NA,A,01,0,1,0,0,0,0,0,0,0,-,-,34.51044845581055,-118.63127899169922,LOS ANGELES,UNINCORPORATED,-118.63135528564452,34.51039123535156
91431666,2021,2021-03-22,9545,2021-03-12,0515,019951,NA,5,3,9,1900,0,1,3,NA,2,031,SR-14 S/B,MOUNTAIN SPRINGS ROAD,1056,S,N,A,-,Y,NA,NA,14,NA,NA,NA,NA,NA,S,N,3,0,1,2,A,-,03,22350,NA,N,C,C,A,A,H,-,A,D,0,NA,NA,NA,NA,Y,NA,A,01,0,1,0,0,0,0,0,0,0,-,-,34.4999885559082,-118.12088775634766,LOS ANGELES,UNINCORPORATED,-118.12091064453124,34.5000114440918
91431676,2021,2021-03-22,9590,2021-03-06,2245,022417,NA,6,3,7,1942,0,1,1,NA,2,052,I-110 N/B (HAF),ADAMS BLVD,500,N,N,A,-,Y,NA,NA,110,NA,NA,NA,NA,NA,N,Y,3,0,2,3,A,-,03,22350,NA,N,C,C,A,A,H,-,C,D,0,NA,NA,NA,NA,Y,Y,A,01,0,1,1,0,0,0,0,0,0,-,-,34.02922821044922,-118.27426147460938,LOS ANGELES,LOS ANGELES,-118.27427673339844,34.02922821044922
91431679,2021,2021-03-22,9590,2021-03-04,1510,022401,NA,4,2,7,1942,0,1,1,NA,2,501,I-110 SOUTHBOUND (HAF),59TH PLACE,1591,S,N,A,-,Y,NA,NA,110,NA,NA,NA,NA,NA,S,Y,3,0,1,2,A,-,08,22107,NA,F,B,C,A,A,H,-,A,A,0,NA,NA,NA,NA,Y,NA,-,99,0,1,0,0,0,0,0,0,0,-,-,33.98474884033203,-118.28061676025392,LOS ANGELES,LOS ANGELES,-118.28062438964844,33.98474884033203
91431687,2021,2021-03-22,9545,2021-03-11,0505,019951,NA,4,3,9,1900,0,3,5,NA,2,004,PEARBLOSSOM HIGHWAY,OLD NADEAU RD,2059,N,N,C,-,N,NA,NA,NA,NA,NA,NA,NA,NA,NA,Y,4,0,1,1,C,-,18,NA,NA,N,E,J,A,C,H,-,D,D,0,NA,NA,NA,NA,Y,NA,-,-,0,0,1,0,0,0,0,0,0,-,-,34.528480529785156,-118.0920867919922,LOS ANGELES,UNINCORPORATED,-118.09202575683594,34.5283203125
91431689,2021,2021-03-22,9590,2021-03-18,0313,022281,NA,4,3,7,1942,0,1,1,NA,2,021,I-10 W/B (SAN BERNARDINO FREEWAY),SOTO ST,1795,E,N,A,-,Y,NA,NA,10,NA,NA,NA,NA,NA,W,Y,4,0,1,2,A,-,07,21658,A,N,B,C,A,A,H,-,C,D,0,NA,NA,NA,NA,Y,NA,A,01,0,0,1,0,0,0,0,0,0,-,-,34.055580139160156,-118.19532012939452,LOS ANGELES,LOS ANGELES,-118.19532012939452,34.055633544921875
91431690,2021,2021-03-22,9590,2021-02-26,1440,022369,NA,5,2,7,1942,0,1,1,NA,2,053,I-110 S/B (HARBOR FREEWAY),ADAMS BLVD.,300,S,N,A,-,Y,NA,NA,110,NA,NA,NA,NA,NA,S,N,4,0,1,3,A,-,03,22350,NA,N,C,C,A,A,H,-,A,D,0,NA,NA,NA,NA,Y,NA,A,01,0,0,1,0,0,0,0,0,0,-,-,34.026798248291016,-118.27497100830078,LOS ANGELES,LOS ANGELES,-118.27497863769533,34.02680587768555
91431692,2021,2021-03-22,9550,2021-03-13,1430,022012,NA,6,2,9,1900,0,2,4,NA,1,041,AZUSA AVENUE,PEPPER BROOK WAY,0,NA,Y,A,-,N,NA,NA,NA,NA,NA,NA,NA,NA,NA,Y,4,0,4,2,A,-,09,21801,A,N,A,C,A,A,H,-,A,A,0,NA,NA,NA,NA,Y,NA,A,01,0,0,4,0,0,0,0,0,0,-,-,33.993438720703125,-117.93155670166016,LOS ANGELES,UNINCORPORATED,-117.93164825439452,33.99346923828125
91431703,2021,2021-03-22,9545,2021-03-12,1550,021948,NA,5,2,6,1950,0,1,3,NA,2,021,SR-14 N/B FROM PALMDALE BLVD,PALMDALE BLVD,270,N,N,B,-,Y,NA,NA,14,NA,NA,NA,R,NA,N,Y,3,0,2,1,A,-,03,22350,NA,N,E,I,A,B,H,-,A,D,0,NA,NA,NA,NA,Y,NA,D,22,0,2,0,0,0,0,0,0,0,-,-,34.5820198059082,-118.1333465576172,LOS ANGELES,PALMDALE,-118.1333465576172,34.5820198059082
91431710,2021,2021-03-22,9550,2021-03-11,0142,022507,NA,4,3,7,1941,0,1,3,NA,2,090,SR-91 EASTBOUND,PARAMOUNT BOULEVARD,1200,W,N,C,-,Y,NA,NA,91,NA,NA,NA,NA,NA,E,Y,3,0,1,3,A,-,03,22350,NA,F,C,C,A,B,H,-,C,D,0,NA,NA,NA,NA,Y,NA,A,01,0,1,0,0,0,0,0,0,0,-,-,33.87583923339844,-118.16407012939452,LOS ANGELES,LONG BEACH,-118.16407012939452,33.87600326538086
91431715,2021,2021-03-22,9590,2021-02-25,0032,022552,NA,4,3,7,1942,0,1,1,NA,2,041,I-5 S/B (SANTA ANA FREEWAY),ESPERANZA STREET,100,N,N,A,-,Y,NA,NA,5,NA,NA,NA,NA,NA,S,Y,3,0,1,2,A,-,07,21658,A,N,B,C,A,A,H,-,C,D,0,NA,NA,NA,Y,Y,NA,-,-,0,1,0,0,0,0,0,0,0,-,-,34.022220611572266,-118.19838714599608,LOS ANGELES,LOS ANGELES,-118.19838714599608,34.022220611572266