CASE_ID,ACCIDENT_YEAR,PROC_DATE,JURIS,COLLISION_DATE,COLLISION_TIME,OFFICER_ID,REPORTING_DISTRICT,DAY_OF_WEEK,CHP_SHIFT,POPULATION,CNTY_CITY_LOC,SPECIAL_COND,BEAT_TYPE,CHP_BEAT_TYPE,CITY_DIVISION_LAPD,CHP_BEAT_CLASS,BEAT_NUMBER,PRIMARY_RD,SECONDARY_RD,DISTANCE,DIRECTION,INTERSECTION,WEATHER_1,WEATHER_2,STATE_HWY_IND,CALTRANS_COUNTY,CALTRANS_DISTRICT,STATE_ROUTE,ROUTE_SUFFIX,POSTMILE_PREFIX,POSTMILE,LOCATION_TYPE,RAMP_INTERSECTION,SIDE_OF_HWY,TOW_AWAY,COLLISION_SEVERITY,NUMBER_KILLED,NUMBER_INJURED,PARTY_COUNT,PRIMARY_COLL_FACTOR,PCF_CODE_OF_VIOL,PCF_VIOL_CATEGORY,PCF_VIOLATION,PCF_VIOL_SUBSECTION,HIT_AND_RUN,TYPE_OF_COLLISION,MVIW,PED_ACTION,ROAD_SURFACE,ROAD_COND_1,ROAD_COND_2,LIGHTING,CONTROL_DEVICE,CHP_ROAD_TYPE,PEDESTRIAN_ACCIDENT,BICYCLE_ACCIDENT,MOTORCYCLE_ACCIDENT,TRUCK_ACCIDENT,NOT_PRIVATE_PROPERTY,ALCOHOL_INVOLVED,STWD_VEHTYPE_AT_FAULT,CHP_VEHTYPE_AT_FAULT,COUNT_SEVERE_INJ,COUNT_VISIBLE_INJ,COUNT_COMPLAINT_PAIN,COUNT_PED_KILLED,COUNT_PED_INJURED,COUNT_BICYCLIST_KILLED,COUNT_BICYCLIST_INJURED,COUNT_MC_KILLED,COUNT_MC_INJURED,PRIMARY_RAMP,SECONDARY_RAMP,LATITUDE,LONGITUDE,COUNTY,CITY,POINT_X,POINT_Y
91431728,2021,2021-03-22,9540,2021-03-17,2309,021447,NA,3,3,9,1900,0,1,1,NA,2,508,I-5 N/B (GOLDEN STATE FWY),LAKE HUGHES RD,1000,N,N,A,-,Y,NA,NA,5,NA,NA,NA,NA,NA,N,Y,2,0,1,1,A,-,08,22107,NA,N,E,I,A,A,H,-,D,D,0,NA,NA,NA,NA,Y,NA,A,01,1,0,0,0,0,0,0,0,0,-,-,34.498809814453125,-118.62579345703124,LOS ANGELES,UNINCORPORATED,-118.62570190429688,34.49885559082031
91431729,2021,2021-03-22,9525,2021-03-13,0030,022455,NA,6,3,5,1906,0,1,1,NA,2,103,I-10 W/B (SAN BERNARDINO FWY),FRANCISQUITO AVE,2000,E,N,A,-,Y,NA,NA,10,NA,NA,NA,NA,NA,W,Y,3,0,4,2,A,-,08,22107,NA,F,E,I,A,A,H,-,C,D,0,NA,NA,NA,NA,Y,NA,A,01,0,4,0,0,0,0,0,0,0,-,-,34.069358825683594,-117.9690399169922,LOS ANGELES,BALDWIN PARK,-117.96903228759766,34.06932067871094
91431732,2021,2021-03-22,9530,2021-03-10,0330,021325,NA,3,3,7,1942,0,1,1,NA,2,120,I-110 S/B (HARBOR FREEWAY),GAFFEY ST.,330,N,N,B,C,Y,NA,NA,110,NA,NA,NA,NA,NA,S,Y,2,0,1,1,A,-,03,22350,NA,N,E,I,A,B,H,-,C,D,0,NA,NA,NA,NA,Y,NA,A,01,1,0,0,0,0,0,0,0,0,-,-,33.74734878540039,-118.2915267944336,LOS ANGELES,LOS ANGELES,-118.29155731201172,33.74738311767578
91431735,2021,2021-03-22,9550,2021-03-11,1515,022588,NA,4,2,9,1900,0,2,4,NA,1,012,WASHINGTON BOULEVARD,SORENSEN AVE,430,E,N,A,-,N,NA,NA,NA,NA,NA,NA,NA,NA,NA,N,3,0,1,1,A,-,03,22350,NA,N,E,I,A,A,H,-,A,D,0,NA,Y,NA,NA,Y,NA,L,04,0,1,0,0,0,0,1,0,0,-,-,33.969139099121094,-118.05848693847656,LOS ANGELES,UNINCORPORATED,-118.05870819091795,33.969017028808594
91431739,2021,2021-03-22,9550,2021-03-12,1435,017511,NA,5,2,1,1932,0,1,3,NA,2,602,SR-60 E/B (POMONA FREEWAY),FULLERTON RD,1500,E,N,B,-,Y,NA,NA,60,NA,NA,NA,NA,NA,E,N,4,0,2,2,A,-,03,22350,NA,N,C,C,A,B,H,-,A,D,0,NA,NA,NA,NA,Y,NA,A,01,0,0,2,0,0,0,0,0,0,-,-,33.994049072265625,-117.90009307861328,LOS ANGELES,INDUSTRY,-117.90009307861328,33.99406433105469
91431742,2021,2021-03-22,9550,2021-03-12,1630,017511,NA,5,2,9,1900,0,1,3,NA,2,601,SR-60 E/B (POMONA FREEWAY),AZUSA AVE,800,W,N,B,C,Y,NA,NA,60,NA,NA,NA,NA,NA,E,N,4,0,1,2,A,-,03,22350,NA,N,C,C,A,B,H,-,A,D,0,NA,NA,NA,NA,Y,NA,A,01,0,0,1,0,0,0,0,0,0,-,-,33.997501373291016,-117.9338836669922,LOS ANGELES,UNINCORPORATED,-117.93389129638672,33.99745178222656
91431747,2021,2021-03-22,9540,2021-03-19,0730,020400,NA,5,1,9,1900,0,3,5,NA,2,003,AVE WILLAMS,WITHERSPOON PKWY,470,S,N,A,-,N,NA,NA,NA,NA,NA,NA,NA,NA,NA,Y,4,0,1,2,A,-,08,22102,NA,N,D,C,A,A,H,-,A,D,0,NA,NA,NA,NA,Y,NA,A,01,0,0,1,0,0,0,0,0,0,-,-,34.44641876220703,-118.63622283935548,LOS ANGELES,UNINCORPORATED,-118.63623046875,34.44645309448242
91431749,2021,2021-03-22,9580,2021-03-10,2300,021963,NA,3,3,7,1942,0,1,2,NA,2,102,US-101 N/B (VENTURA FREEWAY),BALBOA BLVD,1056,S,N,C,-,Y,NA,NA,101,NA,NA,NA,NA,NA,N,N,3,0,1,2,A,-,08,22107,NA,F,C,C,A,B,H,-,C,D,0,NA,NA,NA,NA,Y,NA,-,99,0,1,0,0,0,0,0,0,0,-,-,34.167991638183594,-118.49672698974608,LOS ANGELES,LOS ANGELES,-118.49676513671876,34.167938232421875
91431759,2021,2021-05-10,9540,2021-03-18,1950,021124,NA,4,2,9,1900,0,1,3,NA,2,146,SR-14 N/B (ANTELOPE VALLEY FREEWAY),AGUA DULCE CANYON ROAD,65,S,N,A,-,Y,NA,NA,14,NA,NA,NA,NA,NA,N,Y,4,0,3,3,A,-,03,22350,NA,N,C,C,A,A,H,-,C,D,0,NA,NA,NA,NA,Y,NA,D,22,0,0,3,0,0,0,0,0,0,-,-,34.4664306640625,-118.3302764892578,LOS ANGELES,UNINCORPORATED,-118.33028411865234,34.46649169921875
91431767,2021,2021-03-22,9540,2021-03-22,0450,021905,NA,1,3,9,1900,0,1,1,NA,1,502,I-5 N/B,SR-14,259,N,N,A,-,Y,NA,NA,5,NA,NA,NA,NA,NA,N,Y,4,0,1,1,A,-,03,22350,NA,N,E,I,A,A,H,-,C,D,0,NA,NA,NA,NA,Y,NA,A,01,0,0,1,0,0,0,0,0,0,-,-,34.33536148071289,-118.51026916503906,LOS ANGELES,UNINCORPORATED,-118.5102310180664,34.335411071777344
91431782,2021,2021-03-22,9550,2021-03-12,1532,022587,NA,5,2,9,1900,0,2,4,NA,1,023,MULBERRY DRIVE,MILLS AVENUE,0,NA,Y,A,-,N,NA,NA,NA,NA,NA,NA,NA,NA,NA,Y,4,0,4,2,A,-,12,21453,A,N,D,C,A,A,H,-,A,A,0,NA,NA,NA,NA,Y,NA,A,07,0,0,4,0,0,0,0,0,0,-,-,33.942928314208984,-118.02755737304688,LOS ANGELES,UNINCORPORATED,-118.02764129638672,33.9428596496582
91431796,2021,2021-03-22,9525,2021-03-14,1555,019491,NA,7,2,9,1900,0,3,5,NA,2,002,BADILLO STREET,MORADA STREET,0,NA,Y,B,-,N,NA,NA,NA,NA,NA,NA,NA,NA,NA,N,4,0,1,2,A,-,08,22107,NA,N,D,C,A,A,H,-,A,D,0,NA,NA,NA,NA,Y,NA,A,07,0,0,1,0,0,0,0,0,0,-,-,34.08660125732422,-117.92758178710938,LOS ANGELES,UNINCORPORATED,-117.92757415771484,34.086490631103516
91431804,2021,2021-03-22,9590,2021-03-06,2014,022369,NA,6,2,7,1942,0,1,1,NA,2,052,I-110 N/B (HARBOR FREEWAY),PICO BLVD.,100,S,N,A,-,Y,NA,NA,110,NA,NA,NA,NA,NA,N,Y,3,0,2,2,A,-,03,22350,NA,M,C,C,A,A,H,-,C,D,0,NA,NA,NA,NA,Y,NA,A,01,0,1,1,0,0,0,0,0,0,-,-,34.04235076904297,-118.27301025390624,LOS ANGELES,LOS ANGELES,-118.27296447753906,34.042327880859375
91431807,2021,2021-03-22,9535,2021-03-10,0140,022245,NA,3,3,9,1900,0,1,1,NA,2,070,I-710 (LONG BEACH FREEWAY) N/B,HUMPHREYS AVE,400,S,N,C,-,Y,NA,NA,710,NA,NA,NA,NA,NA,N,Y,3,0,1,1,A,-,03,22350,NA,N,E,I,A,B,H,-,C,D,0,NA,NA,NA,NA,Y,NA,J,48,0,1,0,0,0,0,0,0,0,-,-,34.028499603271484,-118.17189025878906,LOS ANGELES,UNINCORPORATED,-118.17195129394533,34.02851867675781
91431808,2021,2021-03-22,9525,2021-03-11,0236,020719,NA,4,3,6,1955,0,1,1,NA,2,109,I-10 W/B (SAN BERNARDINO FWY),DUDLEY ST.,60,E,N,B,C,Y,NA,NA,10,NA,NA,NA,NA,NA,W,Y,4,0,1,1,A,-,03,22350,NA,N,E,I,A,B,H,-,C,D,0,NA,NA,NA,NA,Y,NA,A,01,0,0,1,0,0,0,0,0,0,-,-,34.07289123535156,-117.77803802490234,LOS ANGELES,POMONA,-117.77803802490234,34.07294845581055
91431819,2021,2021-03-22,9580,2021-03-14,1515,021985,NA,7,2,9,1900,0,3,5,NA,1,020,LAS FLORES CANYON RD,GORGE RD,100,N,N,A,-,N,NA,NA,NA,NA,NA,NA,NA,NA,NA,N,4,0,1,2,A,-,05,21752,A,N,F,A,A,A,H,-,A,D,0,NA,NA,Y,NA,Y,NA,E,22,0,0,1,0,0,0,0,0,1,-,-,34.052650451660156,-118.63841247558594,LOS ANGELES,UNINCORPORATED,-118.63844299316406,34.0526008605957
91431853,2021,2021-03-22,9580,2021-03-15,1045,019715,NA,1,1,7,1942,0,1,3,NA,2,171,SR-170 S/B (HOLLYWOOD FWY.),WHITSETT AVE,160,S,N,C,-,Y,NA,NA,NA,NA,NA,NA,NA,NA,NA,Y,4,0,1,1,A,-,08,22107,NA,N,E,I,A,B,H,-,A,D,0,NA,NA,NA,NA,Y,NA,A,01,0,0,1,0,0,0,0,0,0,-,-,34.12200164794922,-118.24210357666016,LOS ANGELES,LOS ANGELES,-118.40585327148438,34.20574951171875
91431856,2021,2021-03-22,9580,2021-03-16,1515,021627,NA,2,2,7,1942,0,2,S,NA,2,901,SEPULVEDA BLVD. (5600 BLOCK),BURBANK BLVD,475,N,N,A,-,N,NA,NA,NA,NA,NA,NA,NA,NA,NA,Y,4,0,1,2,A,-,07,21658,A,N,B,C,A,A,H,-,A,D,0,NA,NA,NA,NA,Y,NA,E,22,0,0,1,0,0,0,0,0,0,-,-,34.173580169677734,-118.46629333496094,LOS ANGELES,LOS ANGELES,-118.46614837646484,34.17339324951172
91431867,2021,2021-03-22,9590,2021-03-11,1840,020618,NA,4,2,7,1942,0,1,1,NA,2,061,I-10 WB (SMF),WASHINGTON BOULEVARD,1000,E,N,A,-,Y,NA,NA,10,NA,NA,NA,NA,NA,W,Y,4,0,1,2,A,-,03,22350,NA,F,C,C,A,A,H,-,D,D,0,NA,NA,NA,NA,Y,NA,-,99,0,0,1,0,0,0,0,0,0,-,-,34.03437042236328,-118.36450958251952,LOS ANGELES,LOS ANGELES,-118.3645248413086,34.0343017578125
91431870,2021,2021-03-22,9525,2021-03-15,0920,017528,NA,1,1,1,1934,0,1,1,NA,2,203,I-210 W/B (FOOTHILL FWY),I-605 N/B (SAN GABRIEL RIVER FWY),1056,E,N,B,C,Y,NA,NA,210,NA,NA,NA,NA,NA,W,N,4,0,1,2,A,-,03,22350,NA,N,B,C,A,B,H,-,A,D,0,NA,NA,NA,NA,Y,NA,A,01,0,0,1,0,0,0,0,0,0,-,-,34.13338088989258,-117.9535903930664,LOS ANGELES,IRWINDALE,-117.95357513427734,34.133426666259766
91431889,2021,2021-03-22,9580,2021-03-12,0658,022551,NA,5,1,7,1942,0,1,2,NA,2,104,US-101 N/B (VENTURA FREEWAY),SR-27 N/B (TOPANGA CYN. BLVD.),476,N,N,A,-,Y,NA,NA,101,NA,NA,NA,NA,NA,N,Y,4,0,5,4,A,-,08,22107,NA,N,B,C,A,A,H,-,A,D,0,NA,NA,NA,NA,Y,NA,A,01,0,0,5,0,0,0,0,0,0,-,-,34.170841217041016,-118.60761260986328,LOS ANGELES,LOS ANGELES,-118.60761260986328,34.17087936401367
91431917,2021,2021-03-22,9590,2021-03-14,2325,022360,NA,7,3,7,1942,0,1,1,NA,2,050,I-110 N/B (HARBOR FREEWAY),54TH STREET,20,N,N,A,-,Y,NA,NA,110,NA,NA,NA,NA,NA,N,Y,4,0,1,2,A,-,03,22350,NA,N,C,C,A,A,D,-,C,A,0,NA,NA,NA,NA,Y,NA,A,01,0,0,1,0,0,0,0,0,0,-,-,33.99346923828125,-118.28034210205078,LOS ANGELES,LOS ANGELES,-118.28040313720705,33.99346923828125
91431930,2021,2021-03-22,9580,2021-03-17,2005,022573,NA,3,2,7,1942,0,1,2,NA,2,104,US-101 N/B TO SEPULVEDA BLVD,SEPULVEDA BLVD,226,S,N,A,-,Y,NA,NA,101,NA,NA,NA,R,NA,N,Y,4,0,2,2,A,-,03,22350,NA,N,C,C,A,A,H,-,A,D,0,NA,NA,NA,NA,Y,NA,A,07,0,0,2,0,0,0,0,0,0,-,-,34.15985870361328,-118.46530151367188,LOS ANGELES,LOS ANGELES,-118.46530151367188,34.15985870361328
91431931,2021,2021-03-22,9545,2021-02-14,1740,022265,NA,7,2,9,1900,0,3,5,NA,1,005,174TH ST  E,COOLWATER AVE,30,S,N,A,-,N,NA,NA,NA,NA,NA,NA,NA,NA,NA,Y,3,0,1,2,A,-,01,23152,A,N,E,I,A,A,H,-,C,D,0,NA,NA,NA,NA,Y,Y,D,22,0,1,0,0,0,0,0,0,0,-,-,34.61552047729492,-117.81910705566406,LOS ANGELES,UNINCORPORATED,-117.81927490234376,34.61555862426758
91431939,2021,2021-03-22,9545,2021-03-04,1320,021814,NA,4,1,9,1900,0,3,5,NA,2,004,50TH ST  E,AVENUE P,4224,N,N,A,-,N,NA,NA,NA,NA,NA,NA,NA,NA,NA,Y,3,0,1,1,A,-,08,22107,NA,N,E,I,A,A,H,-,A,D,0,NA,NA,NA,NA,Y,NA,A,01,0,1,0,0,0,0,0,0,0,-,-,34.613468170166016,-118.04093170166016,LOS ANGELES,UNINCORPORATED,-118.04097747802734,34.61355972290039
91431940,2021,2021-03-22,9535,2021-03-10,1350,022025,NA,3,1,5,1901,0,1,1,NA,2,421,I-10 (SAN BERNARDINO FREEWAY) W/B,FREMONT AVE,60,E,N,C,-,Y,NA,NA,10,NA,NA,NA,NA,NA,W,Y,4,0,1,4,A,-,07,21658,A,F,B,C,A,B,H,-,A,D,0,NA,NA,NA,NA,Y,NA,A,01,0,0,1,0,0,0,0,0,0,-,-,34.068729400634766,-118.15099334716795,LOS ANGELES,ALHAMBRA,-118.15097045898438,34.068695068359375
91431960,2021,2021-03-22,9590,2021-03-10,1656,020344,NA,3,2,7,1942,0,1,1,NA,2,063,I-10 W/B (SANTA MONICA FREEWAY),HOOVER ST,350,W,N,B,-,Y,NA,NA,10,NA,NA,NA,NA,NA,W,N,4,0,2,2,A,-,03,22350,NA,M,C,C,A,A,H,-,A,D,0,NA,NA,NA,NA,Y,NA,-,99,0,0,2,0,0,0,0,0,0,-,-,34.037200927734375,-118.28546142578124,LOS ANGELES,LOS ANGELES,-118.2854461669922,34.037044525146484
91431966,2021,2021-03-22,9565,2021-03-10,0530,022378,NA,3,3,7,1942,0,1,1,NA,2,010,I-105 W/B TO SEPULVEDA BLVD N/B,SEPULVEDA BLVD,450,E,N,C,-,Y,NA,NA,105,NA,NA,NA,R,NA,W,Y,4,0,1,2,A,-,03,22350,NA,N,B,C,A,B,H,-,C,D,0,NA,NA,NA,NA,Y,NA,A,01,0,0,1,0,0,0,0,0,0,-,-,33.93180847167969,-118.39444732666016,LOS ANGELES,LOS ANGELES,-118.39444732666016,33.93180847167969
91431973,2021,2021-03-22,9535,2021-03-10,2048,022263,NA,3,2,5,1952,0,1,1,NA,2,074,I-710 (LONG BEACH FREEWAY) N/B,I-105 (CENTURY FREEWAY) E/B,520,S,N,C,-,Y,NA,NA,710,NA,NA,NA,NA,NA,N,Y,3,0,1,1,A,-,08,22107,NA,N,F,A,A,B,H,-,C,D,0,NA,NA,NA,Y,Y,NA,F,26,0,1,0,0,0,0,0,0,0,-,-,33.911109924316406,-118.18016815185548,LOS ANGELES,PARAMOUNT,-118.18027496337892,33.9111328125
91431991,2021,2021-03-22,9525,2021-03-04,0745,016603,NA,4,1,3,1921,0,1,1,NA,2,201,I-210 W/B (FOOTHILL FWY),HIGHLAND AVENUE,400,W,N,A,-,Y,NA,NA,210,NA,NA,NA,NA,NA,W,Y,4,0,1,2,A,-,03,22350,NA,N,C,C,A,A,H,-,A,D,0,NA,NA,NA,NA,Y,NA,A,01,0,0,1,0,0,0,0,0,0,-,-,34.1356086730957,-117.9681396484375,LOS ANGELES,DUARTE,-117.9681396484375,34.135658264160156
91431993,2021,2021-03-22,9580,2021-03-15,0820,022551,NA,1,1,7,1942,0,1,3,NA,2,170,SR-170 N/B (HOLLYWOOD FWY.),MAGNOLIA BLVD,150,N,N,B,C,Y,NA,NA,170,NA,NA,NA,NA,NA,N,Y,3,0,4,4,A,-,03,22350,NA,N,B,C,A,B,F,-,A,D,0,NA,NA,NA,NA,Y,NA,A,01,0,2,2,0,0,0,0,0,0,-,-,34.16511917114258,-118.38273620605467,LOS ANGELES,LOS ANGELES,-118.38267517089844,34.16514587402344
91432011,2021,2021-03-22,9590,2021-03-11,1430,021667,NA,4,2,7,1942,0,1,1,NA,2,012,SR-110 S/B (ARROYO SECO PARKWAY),AVENUE 52,300,S,N,B,-,Y,NA,NA,110,NA,NA,NA,NA,NA,S,N,3,0,1,1,A,-,03,22350,NA,N,F,I,A,B,H,-,A,D,0,NA,NA,NA,NA,Y,NA,A,01,0,1,0,0,0,0,0,0,0,-,-,34.10274887084961,-118.19792938232422,LOS ANGELES,LOS ANGELES,-118.19791412353516,34.10271072387695
91432012,2021,2021-03-22,9580,2021-03-17,0900,022561,NA,3,1,7,1942,0,1,1,NA,2,405,I-405 S/B (SAN DIEGO FWY),BURBANK BLVD,1320,S,N,A,-,Y,NA,NA,405,NA,NA,NA,NA,NA,S,N,4,0,1,2,A,-,03,22350,NA,N,C,C,A,A,H,-,A,D,0,NA,NA,NA,NA,Y,NA,A,08,0,0,1,0,0,0,0,0,0,-,-,34.1684684753418,-118.46871948242188,LOS ANGELES,LOS ANGELES,-118.4686279296875,34.16841506958008
91432044,2021,2021-03-22,9565,2021-03-10,0430,022226,NA,3,3,7,1942,0,1,1,NA,2,010,I-105 E/B,AVIATION BLVD,350,E,N,C,-,Y,NA,NA,NA,NA,NA,NA,NA,NA,NA,Y,3,0,1,2,A,-,08,22107,NA,F,B,C,A,B,H,-,D,D,0,NA,NA,NA,NA,Y,NA,A,01,0,1,0,0,0,0,0,0,0,-,-,33.55487823486328,-118.22371673583984,LOS ANGELES,LOS ANGELES,-118.37734222412108,33.93017578125
91432077,2021,2021-03-22,9550,2021-03-16,1450,022587,NA,2,2,9,1900,0,3,5,NA,2,002,MILLS AVENUE,HAWES STREET,0,NA,Y,A,-,N,NA,NA,NA,NA,NA,NA,NA,NA,NA,Y,4,0,2,2,A,-,17,21451,A,N,D,C,A,A,D,-,A,A,0,NA,NA,NA,NA,Y,NA,A,07,0,0,2,0,0,0,0,0,0,-,-,33.94363021850586,-118.02581024169922,LOS ANGELES,UNINCORPORATED,-118.02578735351564,33.943660736083984
91432107,2021,2021-03-22,9550,2021-03-17,0756,022597,NA,3,1,5,1915,0,1,1,NA,2,151,INTERSTATE-105 EASTBOUND,PARAMOUNT BOULEVARD,42,E,N,A,-,Y,NA,NA,NA,NA,NA,NA,NA,NA,NA,N,4,0,1,2,A,-,03,22350,NA,N,C,C,A,A,H,-,A,D,0,NA,NA,NA,NA,Y,NA,A,07,0,0,1,0,0,0,0,0,0,-,-,33.91178894042969,-118.15972900390624,LOS ANGELES,COMPTON,-118.15988159179688,33.911746978759766
91432109,2021,2021-03-22,9535,2021-03-13,1850,022230,NA,6,2,5,1943,0,1,1,NA,2,074,I-710 N/B TO I-105 W/B,I-710 (LONG BEACH FREEWAY) S/B,625,W,N,A,-,Y,NA,NA,710,NA,NA,NA,R,NA,N,Y,4,0,1,1,A,-,01,23152,A,N,E,I,A,A,H,-,C,D,0,NA,NA,NA,NA,Y,Y,A,07,0,0,1,0,0,0,0,0,0,-,-,33.914249420166016,-118.18218231201172,LOS ANGELES,LYNWOOD,-118.18218231201172,33.914249420166016
91432126,2021,2021-03-22,9580,2021-03-17,0727,019544,NA,3,1,7,1942,0,1,2,NA,2,105,US-101 S/B (VENTURA FREEWAY),RESEDA BLVD,1056,N,N,A,-,Y,NA,NA,101,NA,NA,NA,NA,NA,S,Y,4,0,1,3,A,-,07,21658,A,N,B,C,A,A,H,-,A,D,0,NA,NA,NA,NA,Y,NA,A,01,0,0,1,0,0,0,0,0,0,-,-,34.17327117919922,-118.53941345214844,LOS ANGELES,LOS ANGELES,-118.53941345214844,34.173240661621094
91432137,2021,2021-03-22,9580,2021-03-18,2135,022465,NA,4,2,7,1942,0,1,3,NA,2,170,SR-170 S/B (HOLLYWOOD FWY.),MAGNOLIA AVE,1500,S,N,A,-,Y,NA,NA,170,NA,NA,NA,NA,NA,S,Y,3,0,2,5,A,-,08,22107,NA,N,B,C,A,A,H,-,D,D,0,NA,NA,NA,NA,Y,NA,A,01,0,2,0,0,0,0,0,0,0,-,-,34.16135025024414,-118.38121795654295,LOS ANGELES,LOS ANGELES,-118.38127136230467,34.16132736206055
91432140,2021,2021-03-22,9590,2021-03-11,2309,021823,NA,4,3,7,1942,0,1,1,NA,2,061,I-10 W/B (SANTA MONICA FREEWAY),CRENSHAW BLVD,400,E,N,A,-,Y,NA,NA,10,NA,NA,NA,NA,NA,W,Y,3,0,1,1,A,-,08,22107,NA,N,F,I,A,A,H,-,C,D,0,NA,NA,NA,NA,Y,NA,A,07,0,1,0,0,0,0,0,0,0,-,-,34.035438537597656,-118.33155059814452,LOS ANGELES,LOS ANGELES,-118.33154296875,34.03527069091797
91432141,2021,2021-03-22,9580,2021-03-19,1200,022535,NA,5,1,7,1942,0,1,1,NA,2,405,I-405 S/B (SAN DIEGO FWY),VICTORY BLVD,630,N,N,A,-,Y,NA,NA,405,NA,NA,NA,NA,NA,S,Y,4,0,2,3,A,-,03,22350,NA,N,C,C,A,A,H,-,A,D,0,NA,NA,NA,NA,Y,NA,A,01,0,0,2,0,0,0,0,0,0,-,-,34.188621520996094,-118.47428894042967,LOS ANGELES,LOS ANGELES,-118.47432708740234,34.18861770629883
91432146,2021,2021-03-22,9590,2021-03-11,0640,022569,NA,4,1,7,1942,0,1,1,NA,2,013,SR-110 S/B (ARROYO SECO FREEWAY),AVENUE 52,100,S,N,A,-,Y,NA,NA,110,NA,NA,NA,NA,NA,S,N,4,0,1,2,A,-,03,22350,NA,N,C,C,A,B,H,-,A,D,0,NA,NA,NA,NA,Y,NA,D,22,0,0,1,0,0,0,0,0,0,-,-,34.10076141357422,-118.20113372802734,LOS ANGELES,LOS ANGELES,-118.20124053955078,34.10087585449219
91432153,2021,2021-03-22,9580,2021-03-19,1320,018583,NA,5,1,3,1989,0,1,2,NA,2,107,US-101 S/B (VENTURA FREEWAY),PARKWAY CALABASAS,1584,S,N,A,-,Y,NA,NA,101,NA,NA,NA,NA,NA,S,Y,4,0,2,3,A,-,03,22350,NA,N,C,C,A,A,H,-,A,D,0,NA,NA,NA,NA,Y,NA,A,01,0,0,2,0,0,0,0,0,0,-,-,34.156070709228516,-118.64576721191406,LOS ANGELES,CALABASAS,-118.64574432373048,34.1560173034668
91432170,2021,2021-03-22,9535,2021-03-13,2055,022250,NA,6,2,5,1906,0,1,1,NA,2,651,I-605 S/B (SAN GABRIEL RIVER FREEWAY),I-10 E/B (SBF),1500,S,N,A,-,Y,NA,NA,605,NA,NA,NA,NA,NA,S,Y,3,0,1,1,A,-,01,23152,A,N,E,I,A,A,H,-,C,D,0,NA,NA,NA,NA,Y,Y,A,01,0,1,0,0,0,0,0,0,0,-,-,34.06159973144531,-118.00074005126952,LOS ANGELES,BALDWIN PARK,-118.00087738037108,34.06165313720703
91432177,2021,2021-03-22,9590,2021-03-11,0002,022428,NA,4,3,7,1942,0,1,1,NA,2,064,I-10 E/B (SANTA MONICA FREEWAY),CENTRAL AVENUE,490,W,N,B,-,Y,NA,NA,10,NA,NA,NA,NA,NA,E,N,4,0,1,1,A,-,08,22107,NA,N,E,I,A,B,H,-,C,D,0,NA,NA,NA,NA,Y,NA,A,01,0,0,1,0,0,0,0,0,0,-,-,34.02667999267578,-118.25064849853516,LOS ANGELES,LOS ANGELES,-118.25070190429688,34.02658462524414
91432188,2021,2021-03-22,9535,2021-03-12,1605,022319,NA,5,2,3,1914,0,1,1,NA,2,501,I-5 (SANTA ANA FREEWAY) S/B,WASHINGTON BLVD.,800,N,N,A,-,Y,NA,NA,5,NA,NA,NA,NA,NA,S,N,4,0,1,2,A,-,03,22350,NA,N,C,C,A,A,H,-,A,D,0,NA,NA,NA,NA,Y,NA,D,22,0,0,1,0,0,0,0,0,0,-,-,33.99755096435547,-118.14681243896484,LOS ANGELES,COMMERCE,-118.14681243896484,33.9975471496582
91432198,2021,2021-03-22,9580,2021-03-20,1340,021954,NA,6,1,7,1942,0,1,2,NA,2,105,US-101 S/B (VENTURA FREEWAY),VENTURA BLVD,200,N,N,A,-,Y,NA,NA,101,NA,NA,NA,NA,NA,S,Y,4,0,1,2,A,-,03,22350,NA,N,C,C,A,A,H,-,A,D,0,NA,NA,NA,NA,Y,NA,A,07,0,0,1,0,0,0,0,0,0,-,-,34.168479919433594,-118.61334991455078,LOS ANGELES,LOS ANGELES,-118.6133041381836,34.168418884277344
91432216,2021,2021-03-22,9580,2021-03-21,1555,021954,NA,7,2,7,1942,0,1,2,NA,2,105,US-101 S/B (VENTURA FREEWAY),DE SOTO AVE,500,N,N,A,-,Y,NA,NA,101,NA,NA,NA,NA,NA,S,N,4,0,1,2,A,-,03,22350,NA,N,C,C,A,A,H,-,A,D,0,NA,NA,NA,NA,Y,NA,A,01,0,0,1,0,0,0,0,0,0,-,-,34.168209075927734,-118.5898666381836,LOS ANGELES,LOS ANGELES,-118.58987426757813,34.16819381713867