CASE_ID,ACCIDENT_YEAR,PROC_DATE,JURIS,COLLISION_DATE,COLLISION_TIME,OFFICER_ID,REPORTING_DISTRICT,DAY_OF_WEEK,CHP_SHIFT,POPULATION,CNTY_CITY_LOC,SPECIAL_COND,BEAT_TYPE,CHP_BEAT_TYPE,CITY_DIVISION_LAPD,CHP_BEAT_CLASS,BEAT_NUMBER,PRIMARY_RD,SECONDARY_RD,DISTANCE,DIRECTION,INTERSECTION,WEATHER_1,WEATHER_2,STATE_HWY_IND,CALTRANS_COUNTY,CALTRANS_DISTRICT,STATE_ROUTE,ROUTE_SUFFIX,POSTMILE_PREFIX,POSTMILE,LOCATION_TYPE,RAMP_INTERSECTION,SIDE_OF_HWY,TOW_AWAY,COLLISION_SEVERITY,NUMBER_KILLED,NUMBER_INJURED,PARTY_COUNT,PRIMARY_COLL_FACTOR,PCF_CODE_OF_VIOL,PCF_VIOL_CATEGORY,PCF_VIOLATION,PCF_VIOL_SUBSECTION,HIT_AND_RUN,TYPE_OF_COLLISION,MVIW,PED_ACTION,ROAD_SURFACE,ROAD_COND_1,ROAD_COND_2,LIGHTING,CONTROL_DEVICE,CHP_ROAD_TYPE,PEDESTRIAN_ACCIDENT,BICYCLE_ACCIDENT,MOTORCYCLE_ACCIDENT,TRUCK_ACCIDENT,NOT_PRIVATE_PROPERTY,ALCOHOL_INVOLVED,STWD_VEHTYPE_AT_FAULT,CHP_VEHTYPE_AT_FAULT,COUNT_SEVERE_INJ,COUNT_VISIBLE_INJ,COUNT_COMPLAINT_PAIN,COUNT_PED_KILLED,COUNT_PED_INJURED,COUNT_BICYCLIST_KILLED,COUNT_BICYCLIST_INJURED,COUNT_MC_KILLED,COUNT_MC_INJURED,PRIMARY_RAMP,SECONDARY_RAMP,LATITUDE,LONGITUDE,COUNTY,CITY,POINT_X,POINT_Y
91434124,2021,2021-03-24,9580,2021-03-21,1350,021985,NA,7,1,9,1900,0,3,5,NA,1,030,KANAN RD,TUNNEL 2,100,S,N,A,-,N,NA,NA,NA,NA,NA,NA,NA,NA,NA,Y,4,0,1,1,A,-,03,22350,NA,N,F,A,A,A,H,-,A,D,0,NA,NA,Y,NA,Y,NA,C,02,0,0,1,0,0,0,0,0,1,-,-,34.10498046875,-118.81195068359376,LOS ANGELES,UNINCORPORATED,NA,NA
91434159,2021,2021-03-24,9550,2021-03-21,2125,020795,NA,7,2,3,1964,0,1,1,NA,2,650,INTERSTATE 605 SB,TELEGRAPH ROAD,2000,N,N,A,-,Y,NA,NA,605,NA,NA,NA,NA,NA,S,Y,4,0,1,2,A,-,03,22350,NA,N,C,C,A,A,H,-,D,D,0,NA,NA,NA,NA,Y,NA,A,01,0,0,1,0,0,0,0,0,0,-,-,33.95484924316406,-118.08910369873048,LOS ANGELES,SANTA FE SPRINGS,-118.0890655517578,33.954833984375
91434177,2021,2021-03-24,9575,2021-03-15,2110,020711,NA,1,2,6,1925,0,1,1,NA,2,050,I-5 S/B FROM ALAMEDA AVE,ALAMEDA AVE,75,S,N,B,-,Y,NA,NA,NA,NA,NA,NA,NA,NA,NA,Y,4,0,1,2,A,-,07,21658,A,N,B,C,A,A,H,-,D,D,0,NA,NA,NA,NA,Y,NA,-,-,0,0,1,0,0,0,0,0,0,-,-,34.16984939575195,-118.30416870117188,LOS ANGELES,GLENDALE,-118.30416870117188,34.170047760009766
91434217,2021,2021-03-24,9525,2021-03-23,0450,019966,NA,2,3,5,1990,0,1,3,NA,2,601,SR-60 W/B (POMONA FWY),GRAND AVE,1000,W,N,B,-,Y,NA,NA,60,NA,NA,NA,NA,NA,W,Y,3,0,1,3,A,-,07,21658,A,N,B,C,A,A,H,-,D,D,0,NA,NA,NA,Y,Y,NA,G,25,0,1,0,0,0,0,0,0,0,-,-,34.008201599121094,-117.82572174072266,LOS ANGELES,DIAMOND BAR,-117.82561492919922,34.00809860229492
91434221,2021,2021-03-24,9535,2021-03-15,2025,022230,NA,1,2,9,1900,0,3,5,NA,2,001,FOLSOM ST,SYDNEY DR,0,NA,Y,A,-,N,NA,NA,NA,NA,NA,NA,NA,NA,NA,N,4,0,1,2,A,-,12,22450,A,M,D,C,A,A,H,-,C,D,0,NA,NA,NA,NA,Y,NA,A,01,0,0,1,0,0,0,0,0,0,-,-,34.04521942138672,-118.17276000976564,LOS ANGELES,UNINCORPORATED,-118.17278289794922,34.04519271850586
91434226,2021,2021-03-24,9525,2021-03-22,0215,021838,NA,1,3,9,1900,0,3,5,NA,2,004,CROSSROADS PARKWAY,WORKMAN MILL ROAD,0,NA,Y,A,-,N,NA,NA,NA,NA,NA,NA,NA,NA,NA,Y,2,0,1,1,A,-,03,22350,NA,N,E,I,A,A,H,-,C,A,0,NA,NA,Y,NA,Y,NA,C,02,1,0,0,0,0,0,0,0,1,-,-,34.03253173828125,-118.02059936523438,LOS ANGELES,UNINCORPORATED,-118.02065277099608,34.03239440917969
91434272,2021,2021-03-24,9535,2021-03-17,1350,022176,NA,3,1,4,1962,0,1,1,NA,2,400,I-10 (SAN BERNARDINO FREEWAY) E/B,DEL MAR AVE,380,W,N,A,-,Y,NA,NA,10,NA,NA,NA,NA,NA,E,Y,4,0,1,2,A,-,03,22350,NA,N,C,C,A,A,H,-,A,D,0,NA,NA,NA,NA,Y,NA,A,07,0,0,1,0,0,0,0,0,0,-,-,34.07170867919922,-118.10090637207033,LOS ANGELES,SAN GABRIEL,-118.10091400146484,34.071720123291016
91434273,2021,2021-03-24,9530,2021-03-16,1628,022079,NA,2,2,9,1900,0,3,5,NA,2,001,ALAMEDA ST. (8800 BLOCK),89TH ST.,230,N,N,A,-,N,NA,NA,NA,NA,NA,NA,NA,NA,NA,Y,3,0,2,3,A,-,09,21804,A,N,D,C,A,A,H,-,A,D,0,NA,NA,NA,NA,Y,NA,A,01,0,2,0,0,0,0,0,0,0,-,-,33.956298828125,-118.23082733154295,LOS ANGELES,UNINCORPORATED,-118.2307357788086,33.956241607666016
91434279,2021,2021-03-24,9575,2021-03-15,0900,020847,NA,1,1,7,1942,0,1,1,NA,2,053,I-5 N/B TO SR-118 E/B,LAUREL CANYON BLVD.,300,E,N,C,-,Y,NA,NA,NA,NA,NA,NA,NA,NA,NA,Y,4,0,1,1,A,-,03,22350,NA,N,E,I,A,B,H,-,A,D,0,NA,NA,NA,NA,Y,NA,D,22,0,0,1,0,0,0,0,0,0,-,-,34.26652908325195,-118.4397201538086,LOS ANGELES,LOS ANGELES,-118.40254974365234,34.23145294189453
91434293,2021,2021-03-24,9545,2021-03-16,2225,021819,NA,2,3,9,1900,0,1,3,NA,2,031,SR-14 NORTHBOUND,VINCENT RAMP,500,N,N,A,-,Y,NA,NA,14,NA,NA,NA,NA,NA,N,N,4,0,2,2,D,-,00,NA,NA,N,B,C,A,A,H,-,C,D,0,NA,NA,NA,NA,Y,NA,-,-,0,0,2,0,0,0,0,0,0,-,-,34.51277160644531,-118.11042022705078,LOS ANGELES,UNINCORPORATED,-118.11040496826172,34.51276779174805
91434318,2021,2021-03-24,9530,2021-03-13,1150,021654,NA,6,1,7,1942,0,1,1,NA,2,110,I-110 S/B (HARBOR FREEWAY),102 STREET,100,S,N,A,-,Y,NA,NA,110,NA,NA,NA,NA,NA,S,Y,4,0,1,2,A,-,03,22350,NA,N,B,C,A,A,H,-,A,D,0,NA,NA,Y,NA,Y,NA,C,02,0,0,1,0,0,0,0,0,1,-,-,33.94342041015625,-118.28003692626952,LOS ANGELES,LOS ANGELES,-118.28009033203124,33.94342041015625
91434330,2021,2021-03-24,9535,2021-03-13,0948,022100,NA,6,1,4,1962,0,1,1,NA,2,401,I-10 (SAN BERNARDINO FREEWAY) W/B,DEL MAR AVE.,55,W,N,A,-,Y,NA,NA,10,NA,NA,NA,NA,NA,W,N,4,0,2,6,A,-,04,21703,NA,N,C,C,A,A,H,-,A,D,0,NA,NA,NA,NA,Y,NA,A,01,0,0,2,0,0,0,0,0,0,-,-,34.07210922241211,-118.09990692138672,LOS ANGELES,SAN GABRIEL,-118.09990692138672,34.072139739990234
91434332,2021,2021-03-24,9550,2021-03-18,0640,018187,NA,4,1,9,1900,0,3,5,NA,2,002,MILLS AVE,MULBERRY DRIVE,45,N,N,B,-,N,NA,NA,NA,NA,NA,NA,NA,NA,NA,Y,4,0,5,4,A,-,05,21460,A,N,A,C,A,A,H,-,B,A,0,NA,NA,NA,NA,Y,NA,A,01,0,0,5,0,0,0,0,0,0,-,-,33.94300842285156,-118.02742767333984,LOS ANGELES,UNINCORPORATED,-118.02751159667967,33.94291687011719
91434393,2021,2021-03-24,9530,2021-03-09,0415,020726,NA,2,3,9,1900,0,3,5,NA,2,004,DEL AMO BLVD.,SANTA FE AVE.,0,NA,Y,A,-,N,NA,NA,NA,NA,NA,NA,NA,NA,NA,Y,3,0,2,2,A,-,01,23152,A,N,D,C,A,A,H,-,C,A,0,NA,NA,NA,NA,Y,Y,A,07,0,1,1,0,0,0,0,0,0,-,-,33.846839904785156,-118.21180725097656,LOS ANGELES,UNINCORPORATED,-118.2117156982422,33.8465690612793
91434413,2021,2021-03-26,9565,2021-03-14,1630,022145,NA,7,2,7,1942,0,1,1,NA,2,083,I-10 E/B (SANTA MONICA FREEWAY),NATIONAL BLVD,5,E,N,A,-,Y,NA,NA,10,NA,NA,NA,NA,NA,E,Y,3,0,2,3,A,-,08,22107,NA,N,C,C,A,A,H,-,A,D,0,NA,NA,NA,NA,Y,NA,A,01,0,1,1,0,0,0,0,0,0,-,-,34.029579162597656,-118.40297698974608,LOS ANGELES,LOS ANGELES,-118.40298461914064,34.029541015625
91434428,2021,2021-05-21,9525,2021-03-09,1118,016677,NA,2,1,4,1960,0,1,3,NA,2,571,STATE ROUTE 57 S/B (ORANGE FREEWAY),COVINA BOULEVARD,310,S,N,B,-,Y,NA,NA,57,NA,NA,NA,NA,NA,S,Y,1,1,0,2,A,-,08,22107,NA,N,C,E,A,A,H,-,A,D,0,NA,NA,NA,Y,Y,NA,A,01,0,0,0,0,0,0,0,0,0,-,-,34.09846115112305,-117.819580078125,LOS ANGELES,SAN DIMAS,-117.81952667236328,34.09845733642578
91434440,2021,2021-03-24,9575,2021-03-16,1435,021403,NA,2,2,9,1900,0,2,4,NA,2,082,HUNTINGTON DR. (3500 BLOCK),ROSEMEAD BLVD.,1400,W,N,A,-,N,NA,NA,NA,NA,NA,NA,NA,NA,NA,N,4,0,2,2,A,-,03,22350,NA,N,C,C,A,A,H,-,A,D,0,NA,NA,NA,NA,Y,NA,A,01,0,0,2,0,0,0,0,0,0,-,-,34.12997817993164,-118.0780792236328,LOS ANGELES,UNINCORPORATED,-118.07769012451172,34.129783630371094
91434441,2021,2021-03-24,9550,2021-03-22,1330,022048,NA,1,1,9,1900,0,1,1,NA,2,650,I-605 S/B,SLAUSON AVENUE,1000,N,N,A,-,Y,NA,NA,605,NA,NA,NA,NA,NA,S,Y,4,0,1,2,A,-,03,22350,NA,N,C,C,A,A,H,-,A,D,0,NA,NA,NA,NA,Y,NA,A,01,0,0,1,0,0,0,0,0,0,-,-,33.969478607177734,-118.08226013183594,LOS ANGELES,UNINCORPORATED,-118.08226776123048,33.969486236572266
91434452,2021,2021-04-27,9565,2021-02-14,1523,022219,NA,7,2,9,1900,0,3,5,NA,2,004,LA CIENEGA BLVD,106TH ST,0,NA,Y,A,-,N,NA,NA,NA,NA,NA,NA,NA,NA,NA,Y,3,0,2,2,A,-,09,21801,A,N,D,C,A,A,H,-,A,D,0,NA,NA,NA,Y,Y,NA,F,26,0,2,0,0,0,0,0,0,0,-,-,33.93999099731445,-118.37000274658205,LOS ANGELES,UNINCORPORATED,-118.3701171875,33.939971923828125
91434463,2021,2021-04-01,9545,2021-03-16,2130,022130,NA,2,2,9,1900,0,1,3,NA,1,042,SR-138,190TH ST  E,670,E,N,A,-,Y,NA,NA,138,NA,NA,NA,NA,NA,NA,Y,3,0,1,1,A,-,01,23152,A,N,F,A,A,A,H,-,D,D,0,NA,NA,NA,NA,Y,Y,A,08,0,1,0,0,0,0,0,0,0,-,-,34.498600006103516,-117.790283203125,LOS ANGELES,UNINCORPORATED,-117.790283203125,34.498619079589844
91434474,2021,2021-03-26,9565,2021-03-05,1514,022219,NA,5,2,9,1900,0,2,4,NA,2,024,IMPERIAL HWY.,NEW HAMPSHIRE AVE,50,W,N,A,-,N,NA,NA,NA,NA,NA,NA,NA,NA,NA,Y,3,0,1,2,A,-,09,21801,A,N,D,C,A,A,H,-,A,D,0,NA,NA,NA,NA,Y,NA,A,07,0,1,0,0,0,0,0,0,0,-,-,33.93088150024414,-118.29370880126952,LOS ANGELES,UNINCORPORATED,-118.29336547851564,33.93097686767578
91434477,2021,2021-03-24,9525,2021-03-23,1625,019188,NA,2,2,9,1900,0,1,3,NA,1,024,SR-39 (SAN GABRIEL CANYON RD.),SAN GABRIEL DAM,5238,N,N,B,-,Y,NA,NA,39,NA,NA,NA,NA,NA,NA,Y,3,0,1,1,A,-,03,22350,NA,N,E,I,A,A,H,-,A,D,0,NA,NA,Y,NA,Y,NA,C,02,0,1,0,0,0,0,0,0,1,-,-,34.20901870727539,-117.86563873291016,LOS ANGELES,UNINCORPORATED,-117.86557006835938,34.20901870727539
91434498,2021,2021-03-24,9545,2021-03-17,0755,016523,NA,3,1,6,1950,0,1,3,NA,2,021,SR-14 N/B FROM PALMDALE BLVD,PALMDALE BLVD,400,N,N,A,-,Y,NA,NA,14,NA,NA,NA,R,NA,N,Y,3,0,1,1,A,-,03,22350,NA,N,E,I,A,A,H,-,A,D,0,NA,NA,NA,NA,Y,NA,A,01,0,1,0,0,0,0,0,0,0,-,-,34.58243942260742,-118.13394927978516,LOS ANGELES,PALMDALE,-118.13394927978516,34.58243942260742
91434501,2021,2021-03-24,9545,2021-03-17,1605,021814,NA,3,2,6,1950,0,1,3,NA,2,021,SR-14 S/B,AVENUE Q,430,S,N,A,-,Y,NA,NA,14,NA,NA,NA,NA,NA,S,Y,4,0,1,2,A,-,03,22350,NA,N,C,C,A,A,H,-,A,D,0,NA,NA,NA,NA,Y,NA,A,01,0,0,1,0,0,0,0,0,0,-,-,34.58589172363281,-118.13407135009766,LOS ANGELES,PALMDALE,-118.13400268554688,34.58589172363281
91434537,2021,2021-03-24,9430,2021-03-19,1835,021596,NA,5,2,9,1900,0,1,1,NA,2,051,I-5 N/B (GOLDEN STATE FREEWAY),GORMAN RD,1200,S,N,A,-,Y,NA,NA,5,NA,NA,NA,NA,NA,N,Y,3,0,1,1,A,-,08,22107,NA,N,F,I,A,A,H,-,A,D,0,NA,NA,NA,NA,Y,NA,A,07,0,1,0,0,0,0,0,0,0,-,-,34.792579650878906,-118.83538818359376,LOS ANGELES,UNINCORPORATED,-118.83544921875,34.79245376586914
91434548,2021,2021-03-24,9565,2021-03-14,2150,022056,NA,7,2,7,1942,0,1,1,NA,2,062,I-405 N/B TO I-10 FREEWAY,NATIONAL BOULEVARD,10,S,N,A,-,Y,NA,NA,405,NA,NA,NA,R,NA,N,Y,3,0,1,2,A,-,03,22350,NA,N,C,C,A,A,H,-,C,D,0,NA,NA,NA,NA,Y,NA,A,01,0,1,0,0,0,0,0,0,0,-,-,34.02684020996094,-118.42965698242188,LOS ANGELES,LOS ANGELES,-118.42965698242188,34.02684020996094
91434553,2021,2021-03-24,9590,2021-03-12,2340,022357,NA,5,3,7,1942,0,1,1,NA,2,065,I-10 W/B (SANTA MONICA FREEWAY),LONG BEACH AVENUE,140,E,N,A,-,Y,NA,NA,10,NA,NA,NA,NA,NA,W,Y,4,0,1,3,A,-,03,22350,NA,N,C,C,A,A,H,-,C,D,0,NA,NA,NA,NA,Y,NA,A,07,0,0,1,0,0,0,0,0,0,-,-,34.02388000488281,-118.24160003662108,LOS ANGELES,LOS ANGELES,-118.24161529541016,34.02394104003906
91434581,2021,2021-03-24,9535,2021-03-14,1040,022100,NA,7,1,9,1900,0,1,3,NA,2,620,SR-60 (POMONA FREEWAY) E/B,I-605,780,W,N,A,-,Y,NA,NA,60,NA,NA,NA,NA,NA,E,Y,4,0,1,2,A,-,03,22350,NA,M,C,C,A,A,H,-,A,A,0,NA,NA,NA,NA,Y,NA,A,07,0,0,1,0,0,0,0,0,0,-,-,34.03507995605469,-118.0298080444336,LOS ANGELES,UNINCORPORATED,-118.0298080444336,34.03507995605469
91434603,2021,2021-03-25,9525,2021-03-18,1420,020505,NA,4,2,5,1990,0,1,3,NA,2,603,SR-60 W/B (POMONA FWY),DIAMOND BAR BLVD,1056,W,N,A,-,Y,NA,NA,60,NA,NA,NA,NA,NA,W,N,3,0,1,2,A,-,07,21658,A,N,B,C,A,A,H,-,A,D,0,NA,NA,NA,Y,Y,NA,G,25,0,1,0,0,0,0,0,0,0,-,-,34.02180099487305,-117.81363677978516,LOS ANGELES,DIAMOND BAR,-117.81364440917967,34.02180480957031
91434605,2021,2021-03-25,9565,2021-03-17,1457,019696,NA,3,2,9,1900,0,1,1,NA,2,063,I-405 N/B,WILSHIRE BLVD,1000,S,N,A,-,Y,NA,NA,405,NA,NA,NA,NA,NA,N,N,4,0,1,3,A,-,07,21658,A,N,B,C,A,A,H,-,A,D,0,NA,NA,NA,Y,Y,NA,A,01,0,0,1,0,0,0,0,0,0,-,-,34.05105972290039,-118.4490203857422,LOS ANGELES,UNINCORPORATED,-118.44905853271484,34.051048278808594
91434612,2021,2021-03-25,9565,2021-03-12,2119,022576,NA,5,2,5,1928,0,1,1,NA,2,060,I-405 N/B (SAN DIEGO FREEWAY),ROSECRANS AVE,1300,N,N,A,-,Y,NA,NA,405,NA,NA,NA,NA,NA,N,Y,4,0,1,2,A,-,01,23152,F,N,E,I,A,A,H,-,D,D,0,NA,NA,NA,NA,Y,NA,A,01,0,0,1,0,0,0,0,0,0,-,-,33.905548095703125,-118.37037658691406,LOS ANGELES,HAWTHORNE,-118.37028503417967,33.905548095703125
91434613,2021,2021-03-25,9530,2021-03-12,1815,017860,NA,5,2,7,1941,0,1,1,NA,2,420,I-405 S/B (SAN DIEGO FREEWAY),SPRING ST.,600,N,N,A,-,Y,NA,NA,405,NA,NA,NA,NA,NA,S,Y,4,0,1,3,A,-,03,22350,NA,N,C,C,A,A,H,-,D,D,0,NA,NA,NA,NA,Y,NA,A,01,0,0,1,0,0,0,0,0,0,-,-,33.81248092651367,-118.16449737548828,LOS ANGELES,LONG BEACH,-118.1645050048828,33.81247329711914
91434616,2021,2021-03-25,9530,2021-03-15,1345,017860,NA,1,1,7,1941,0,1,1,NA,2,420,I-405 S/B (SAN DIEGO FREEWAY),SANTA FE AVE.,215,S,N,A,-,Y,NA,NA,405,NA,NA,NA,NA,NA,S,N,3,0,1,2,A,-,07,21658,A,N,C,C,A,A,H,-,A,D,0,NA,NA,NA,NA,Y,NA,A,07,0,1,0,0,0,0,0,0,0,-,-,33.825408935546875,-118.21479034423828,LOS ANGELES,LONG BEACH,-118.2147979736328,33.82545852661133
91434789,2021,2021-05-17,9575,2021-03-17,1330,017491,NA,3,1,7,1942,0,1,3,NA,2,043,SR-134 E/B (VENTURA FREEWAY),RIVERSIDE DRIVE,1845,W,N,A,-,Y,NA,NA,134,NA,NA,NA,NA,NA,E,Y,4,0,1,2,A,-,03,22350,NA,N,C,C,A,A,H,-,A,D,0,NA,NA,NA,NA,Y,NA,D,22,0,0,1,0,0,0,0,0,0,-,-,34.156131744384766,-118.30001831054688,LOS ANGELES,LOS ANGELES,-118.3000259399414,34.15608596801758
91434821,2021,2021-03-25,9580,2021-03-18,1440,022566,NA,4,2,7,1942,0,1,2,NA,2,105,US-101 S/B (VENTURA FREEWAY),TAMPA AVE,1220,W,N,A,-,Y,NA,NA,101,NA,NA,NA,NA,NA,S,N,4,0,1,3,A,-,03,22350,NA,N,C,C,A,A,H,-,A,D,0,NA,NA,NA,NA,Y,NA,A,01,0,0,1,0,0,0,0,0,0,-,-,34.17361831665039,-118.55771636962892,LOS ANGELES,LOS ANGELES,-118.55772399902344,34.17353439331055
91434825,2021,2021-03-25,9550,2021-03-17,1452,022588,NA,3,2,9,1900,0,1,A,NA,2,711,9338 PAINTER AVE,MULBERRY DRIVE,118,S,N,A,-,N,NA,NA,NA,NA,NA,NA,NA,NA,NA,N,4,0,1,2,A,-,21,22106,NA,F,G,B,F,A,H,-,A,D,0,Y,NA,NA,NA,Y,NA,-,99,0,0,1,0,1,0,0,0,0,-,-,33.95225143432617,-118.0423583984375,LOS ANGELES,UNINCORPORATED,-118.04306793212892,33.95315170288086
91434828,2021,2021-03-25,9580,2021-03-18,1539,022591,NA,4,2,7,1942,0,1,3,NA,2,170,SR-170 N/B (HOLLYWOOD FWY.),ROSCOE BLVD,2200,S,N,A,-,Y,NA,NA,NA,NA,NA,NA,NA,NA,NA,N,4,0,2,2,A,-,03,22350,NA,N,C,C,A,A,H,-,A,D,0,NA,NA,NA,NA,Y,NA,D,22,0,0,2,0,0,0,0,0,0,-,-,34.21588134765625,-114.40846252441406,LOS ANGELES,LOS ANGELES,-118.4084930419922,34.21585464477539
91434865,2021,2021-03-25,9535,2021-03-18,0245,022347,NA,4,3,5,1943,0,1,1,NA,2,104,I-105 EB TO GARFIELD AVENUE,GARFIELD AVENUE,1480,W,N,A,-,Y,NA,NA,NA,NA,NA,NA,NA,NA,NA,Y,2,0,1,1,A,-,03,22350,NA,N,F,A,A,A,H,-,C,D,0,NA,NA,Y,NA,Y,NA,C,02,1,0,0,0,0,0,0,0,1,-,-,33.91046905517578,-118.17394256591795,LOS ANGELES,LYNWOOD,-118.16993713378906,33.910911560058594
91434868,2021,2021-03-25,9530,2021-03-16,2220,022083,NA,2,3,9,1900,0,3,5,NA,2,001,FIRESTONE BLVD. (1900 BLOCK),FIR AVE.,100,E,N,A,-,N,NA,NA,NA,NA,NA,NA,NA,NA,NA,N,3,0,1,2,A,-,09,21801,A,F,D,C,A,A,H,-,C,D,0,NA,NA,NA,NA,Y,NA,-,99,0,1,0,0,0,0,0,0,0,-,-,33.960140228271484,-118.23700714111328,LOS ANGELES,UNINCORPORATED,-118.23709869384766,33.960147857666016
91434880,2021,2021-04-12,9550,2021-03-19,1455,020037,NA,5,2,3,1903,0,1,3,NA,2,091,STATE ROUTE 91 WESTBOUND (ARTESIA FWY),GRIDLEY ROAD,935,E,N,A,-,Y,NA,NA,91,NA,NA,NA,NA,NA,W,Y,3,0,1,2,A,-,08,22107,NA,N,C,C,A,A,H,-,A,D,0,NA,NA,Y,NA,Y,NA,A,07,0,1,0,0,0,0,0,0,1,-,-,33.87648010253906,-118.08838653564452,LOS ANGELES,ARTESIA,-118.08838653564452,33.87643051147461
91434887,2021,2021-03-25,9525,2021-03-10,0620,016603,NA,3,1,3,1921,0,1,1,NA,2,201,I-210 W/B (FOOTHILL FWY),HIGHLAND AVENUE,300,E,N,C,-,Y,NA,NA,210,NA,NA,NA,NA,NA,W,N,4,0,1,2,A,-,03,22350,NA,N,B,C,A,B,H,-,B,D,0,NA,NA,NA,NA,Y,NA,A,01,0,0,1,0,0,0,0,0,0,-,-,34.13581085205078,-117.9653778076172,LOS ANGELES,DUARTE,-117.9653778076172,34.13566589355469
91434897,2021,2022-03-03,9540,2021-03-22,1635,021389,NA,1,2,9,1900,0,2,4,NA,1,202,SOLEDAD CANYON RD,CAPRA RD,150,N,N,A,-,N,NA,NA,NA,NA,NA,NA,NA,NA,NA,Y,2,0,1,1,A,-,03,22350,NA,N,E,I,A,A,H,-,A,D,0,NA,NA,Y,NA,Y,NA,C,02,1,0,0,0,0,0,0,0,1,-,-,34.43104934692383,-118.35563659667967,LOS ANGELES,UNINCORPORATED,-118.35648345947266,34.43145751953125
91434916,2021,2021-03-25,9565,2021-03-20,1717,021889,NA,6,2,9,1900,0,1,1,NA,2,060,I-405 N/B TO I-105,EL SEGUNDO BLVD,250,N,N,A,-,Y,NA,NA,405,NA,NA,NA,R,NA,N,Y,4,0,3,3,A,-,01,23153,A,N,C,C,A,A,H,-,A,D,0,NA,NA,NA,NA,Y,Y,A,01,0,0,3,0,0,0,0,0,0,-,-,33.91788101196289,-118.36946868896484,LOS ANGELES,UNINCORPORATED,-118.36946868896484,33.91788101196289
91434945,2021,2021-03-25,9540,2021-03-21,1550,021118,NA,7,2,9,1900,0,2,4,NA,2,010,THE OLD RD S/B,MARKET DRIVE S,150,N,N,A,-,N,NA,NA,NA,NA,NA,NA,NA,NA,NA,Y,4,0,2,3,A,-,03,22350,NA,N,C,C,A,A,H,-,A,D,0,NA,NA,NA,NA,Y,NA,A,07,0,0,2,0,0,0,0,0,0,-,-,34.38322067260742,-118.57140350341795,LOS ANGELES,UNINCORPORATED,-118.571405,34.383159
91434956,2021,2021-03-25,9575,2021-03-15,1040,020119,NA,1,1,7,1942,0,1,1,NA,2,053,I-5 S/B TO OSBORNE STREET,OSBORNE ST.,50,N,N,B,C,Y,NA,NA,5,NA,NA,NA,R,NA,S,Y,4,0,1,3,A,-,03,22350,NA,N,C,C,A,B,H,-,A,A,0,NA,NA,NA,NA,Y,NA,A,01,0,0,1,0,0,0,0,0,0,-,-,34.244449615478516,-118.42369842529295,LOS ANGELES,LOS ANGELES,-118.42369842529295,34.244449615478516
91434965,2021,2021-03-25,9590,2021-03-11,0005,021848,NA,4,3,7,1942,0,1,1,NA,2,064,I-10 E/B (SANTA MONICA FREEWAY),CENTRAL AVENUE,400,W,N,C,-,Y,NA,NA,10,NA,NA,NA,NA,NA,E,Y,3,0,3,3,A,-,03,22350,NA,N,D,C,E,B,H,-,C,D,0,Y,NA,NA,NA,Y,NA,A,01,0,2,1,0,1,0,0,0,0,-,-,34.026519775390625,-118.25054931640624,LOS ANGELES,LOS ANGELES,-118.25055694580078,34.02650451660156
91434978,2021,2021-03-25,9550,2021-03-19,1920,022167,NA,5,2,9,1900,0,3,5,NA,2,002,LEFFINGWELL ROAD,MEYER ROAD,0,NA,Y,A,-,N,NA,NA,NA,NA,NA,NA,NA,NA,NA,Y,4,0,2,3,A,-,09,21801,A,N,D,C,A,A,H,-,C,A,0,NA,NA,NA,NA,Y,NA,A,01,0,0,2,0,0,0,0,0,0,-,-,33.920860290527344,-118.03794097900392,LOS ANGELES,UNINCORPORATED,-118.03800964355467,33.920875549316406
91434984,2021,2021-03-25,9545,2021-03-19,0420,019951,NA,5,3,9,1900,0,3,5,NA,2,003,ANGELES FOREST HIGHWAY,MT. GLEASON ROAD,5280,S,N,A,-,Y,NA,NA,NA,NA,NA,NA,NA,NA,NA,Y,4,0,1,1,A,-,03,22350,NA,N,E,I,A,A,H,-,D,D,0,NA,NA,NA,NA,Y,NA,A,07,0,0,1,0,0,0,0,0,0,-,-,34.38597869873047,-118.09789276123048,LOS ANGELES,UNINCORPORATED,NA,NA
91434989,2021,2021-03-25,9590,2021-02-18,1941,022520,NA,4,2,7,1942,0,1,1,NA,2,065,I-10 W/B (SANTA MONICA FREEWAY),LOS ANGELES RIVER,100,W,N,A,-,Y,NA,NA,10,NA,NA,NA,NA,NA,W,Y,4,0,2,2,A,-,07,21658,A,N,B,C,A,A,H,-,C,D,0,NA,NA,NA,NA,Y,NA,A,07,0,0,2,0,0,0,0,0,0,-,-,34.02912902832031,-118.22673034667967,LOS ANGELES,LOS ANGELES,-118.22675323486328,34.02924728393555