CASE_ID,ACCIDENT_YEAR,PROC_DATE,JURIS,COLLISION_DATE,COLLISION_TIME,OFFICER_ID,REPORTING_DISTRICT,DAY_OF_WEEK,CHP_SHIFT,POPULATION,CNTY_CITY_LOC,SPECIAL_COND,BEAT_TYPE,CHP_BEAT_TYPE,CITY_DIVISION_LAPD,CHP_BEAT_CLASS,BEAT_NUMBER,PRIMARY_RD,SECONDARY_RD,DISTANCE,DIRECTION,INTERSECTION,WEATHER_1,WEATHER_2,STATE_HWY_IND,CALTRANS_COUNTY,CALTRANS_DISTRICT,STATE_ROUTE,ROUTE_SUFFIX,POSTMILE_PREFIX,POSTMILE,LOCATION_TYPE,RAMP_INTERSECTION,SIDE_OF_HWY,TOW_AWAY,COLLISION_SEVERITY,NUMBER_KILLED,NUMBER_INJURED,PARTY_COUNT,PRIMARY_COLL_FACTOR,PCF_CODE_OF_VIOL,PCF_VIOL_CATEGORY,PCF_VIOLATION,PCF_VIOL_SUBSECTION,HIT_AND_RUN,TYPE_OF_COLLISION,MVIW,PED_ACTION,ROAD_SURFACE,ROAD_COND_1,ROAD_COND_2,LIGHTING,CONTROL_DEVICE,CHP_ROAD_TYPE,PEDESTRIAN_ACCIDENT,BICYCLE_ACCIDENT,MOTORCYCLE_ACCIDENT,TRUCK_ACCIDENT,NOT_PRIVATE_PROPERTY,ALCOHOL_INVOLVED,STWD_VEHTYPE_AT_FAULT,CHP_VEHTYPE_AT_FAULT,COUNT_SEVERE_INJ,COUNT_VISIBLE_INJ,COUNT_COMPLAINT_PAIN,COUNT_PED_KILLED,COUNT_PED_INJURED,COUNT_BICYCLIST_KILLED,COUNT_BICYCLIST_INJURED,COUNT_MC_KILLED,COUNT_MC_INJURED,PRIMARY_RAMP,SECONDARY_RAMP,LATITUDE,LONGITUDE,COUNTY,CITY,POINT_X,POINT_Y
91437608,2021,2021-03-29,9575,2021-03-22,1740,021403,NA,1,2,6,1953,0,1,1,NA,2,065,I-210 E/B (FOOTHILL FREEWAY),SIERRA MADRE VILLA AVE,1600,W,N,A,-,Y,NA,NA,210,NA,NA,NA,NA,NA,E,N,4,0,1,2,A,-,03,22350,NA,N,C,C,A,A,H,-,A,D,0,NA,NA,NA,Y,Y,NA,A,08,0,0,1,0,0,0,0,0,0,-,-,34.14896011352539,-118.08728790283205,LOS ANGELES,PASADENA,-118.08731079101564,34.148929595947266
91437628,2021,2021-03-29,9590,2021-03-27,0945,019303,NA,6,1,7,1942,0,1,1,NA,2,063,I-10 W/B (SANTA MONICA FREEWAY),I-110 (HARBOR FREEWAY),300,W,N,A,-,Y,NA,NA,10,NA,NA,NA,NA,NA,W,Y,4,0,1,3,A,-,07,21658,A,F,B,C,A,A,H,-,A,D,0,NA,NA,NA,NA,Y,NA,-,99,0,0,1,0,0,0,0,0,0,-,-,34.03847885131836,-118.27475738525392,LOS ANGELES,LOS ANGELES,-118.27475738525392,34.03846740722656
91437637,2021,2021-03-29,9590,2021-03-19,1110,018345,NA,5,1,7,1942,0,1,1,NA,2,061,I-10 WB (SMF),HARCOURT AVE.,530,E,N,A,-,Y,NA,NA,NA,NA,NA,NA,NA,NA,NA,N,4,0,1,2,A,-,03,22350,NA,N,C,C,A,A,H,-,A,D,0,NA,NA,NA,NA,Y,NA,A,07,0,0,1,0,0,0,0,0,0,-,-,34.3479118347168,-118.34342193603516,LOS ANGELES,LOS ANGELES,-118.34336853027344,34.03471374511719
91437655,2021,2021-03-29,9590,2021-03-20,1242,022102,NA,6,1,7,1942,0,1,1,NA,2,085,I-5 S/B (GOLDEN STATE FREEWAY),SUNNYNOOK PED BRIDGE,110,S,N,A,-,Y,NA,NA,5,NA,NA,NA,NA,NA,S,N,4,0,1,2,A,-,03,22350,NA,N,C,C,A,A,H,-,A,D,0,NA,NA,NA,NA,Y,NA,A,07,0,0,1,0,0,0,0,0,0,-,-,34.115318298339844,-118.2685317993164,LOS ANGELES,LOS ANGELES,-118.2685546875,34.11530685424805
91437660,2021,2021-03-29,9590,2021-03-23,1235,022102,NA,2,1,7,1942,0,1,1,NA,2,060,I-10 E/B (SANTA MONICA FREEWAY),NORMANDIE AVE,100,W,N,A,-,Y,NA,NA,10,NA,NA,NA,NA,NA,E,N,4,0,1,2,A,-,03,22350,NA,N,C,C,A,A,H,-,C,D,0,NA,NA,NA,NA,Y,NA,D,22,0,0,1,0,0,0,0,0,0,-,-,34.036991119384766,-118.30101776123048,LOS ANGELES,LOS ANGELES,-118.30101776123048,34.03697967529297
91437664,2021,2021-03-29,9590,2021-03-22,1325,018538,NA,1,1,7,1942,0,1,1,NA,2,053,I-110 S/B (HARBOR FWY.),7TH STREET,300,N,N,A,-,Y,NA,NA,110,NA,NA,NA,NA,NA,S,N,4,0,1,2,A,-,03,22350,NA,N,C,C,A,A,H,-,A,D,0,NA,NA,NA,NA,Y,NA,A,07,0,0,1,0,0,0,0,0,0,-,-,34.05083084106445,-118.26194763183594,LOS ANGELES,LOS ANGELES,-118.26195526123048,34.05084228515625
91437666,2021,2021-03-29,9590,2021-03-18,2305,022357,NA,4,3,7,1942,0,1,1,NA,2,062,I-10 E/B (SMF) COLLECTOR ROAD,VERMONT AVE,40,E,N,A,-,Y,NA,NA,10,NA,NA,NA,NA,NA,E,Y,4,0,1,2,C,-,18,NA,NA,N,B,C,A,A,H,-,C,D,0,NA,NA,NA,NA,Y,NA,-,-,0,0,1,0,0,0,0,0,0,-,-,34.03667068481445,-118.29129791259766,LOS ANGELES,LOS ANGELES,-118.29129791259766,34.036834716796875
91437712,2021,2021-03-29,9590,2021-03-16,1700,022520,NA,2,2,7,1942,0,1,1,NA,2,082,I-5 N/B (GOLDEN STATE FREEWAY),BROADWAY ST.,500,S,N,A,-,Y,NA,NA,5,NA,NA,NA,NA,NA,N,N,4,0,1,2,A,-,03,22350,NA,M,C,C,A,A,H,-,A,D,0,NA,NA,NA,NA,Y,Y,-,99,0,0,1,0,0,0,0,0,0,-,-,34.07162857055664,-118.21861267089844,LOS ANGELES,LOS ANGELES,-118.21858215332033,34.07164764404297
91437715,2021,2021-03-29,9590,2021-03-18,1400,022401,NA,4,2,7,1942,0,1,1,NA,2,051,I-110 SOUTHBOUND (HAF),MARTIN LUTHER KING JR BLVD,300,S,N,A,-,Y,NA,NA,110,NA,NA,NA,NA,NA,S,Y,4,0,1,2,A,-,07,21658,A,N,B,C,A,A,H,-,A,D,0,NA,NA,Y,NA,Y,NA,A,07,0,0,1,0,0,0,0,0,1,-,-,34.01013946533203,-118.2813720703125,LOS ANGELES,LOS ANGELES,-118.28113555908205,34.010135650634766
91437720,2021,2021-03-29,9590,2021-03-16,2204,021912,NA,2,3,7,1942,0,1,2,NA,2,071,US-101 S/B (SANTA ANA FREEWAY),CENTER ST.,220,N,N,A,-,Y,NA,NA,101,NA,NA,NA,NA,NA,S,Y,4,0,3,3,A,-,07,21658,A,N,B,C,A,A,H,-,C,A,0,NA,NA,NA,NA,Y,NA,A,07,0,0,3,0,0,0,0,0,0,-,-,34.05271911621094,-118.23203277587892,LOS ANGELES,LOS ANGELES,-118.23192596435548,34.05345916748047
91437724,2021,2021-03-29,9590,2021-03-17,2140,021122,NA,3,2,7,1942,0,1,1,NA,2,051,I-110 S/B (HARBOR FREEWAY) (HAF),W. 39TH STREET,50,N,N,A,-,Y,NA,NA,110,NA,NA,NA,NA,NA,S,N,4,0,1,2,A,-,03,22350,NA,F,C,C,A,A,H,-,C,D,0,NA,NA,NA,NA,Y,NA,-,99,0,0,1,0,0,0,0,0,0,-,-,34.01424026489258,-118.28140258789064,LOS ANGELES,LOS ANGELES,-118.28108978271484,34.01423263549805
91437726,2021,2021-03-29,9590,2021-03-17,1730,020344,NA,3,2,7,1942,0,1,1,NA,2,063,I-10 W/B (SANTA MONICA FREEWAY),MAIN ST,100,E,N,A,-,Y,NA,NA,10,NA,NA,NA,NA,NA,W,N,4,0,1,3,A,-,03,22350,NA,N,C,C,A,A,H,-,A,D,0,NA,NA,NA,NA,Y,NA,D,22,0,0,1,0,0,0,0,0,0,-,-,34.03263854980469,-118.2633819580078,LOS ANGELES,LOS ANGELES,-118.26338958740234,34.032623291015625
91437728,2021,2021-03-29,9590,2021-03-13,0934,022252,NA,6,1,7,1942,0,1,3,NA,2,094,SR-2 E/B (GLENDALE FREEWAY),YORK BLVD,2000,E,N,A,-,Y,NA,NA,2,NA,NA,NA,NA,NA,E,Y,2,0,1,1,A,-,08,22107,NA,N,E,I,A,A,H,-,A,D,0,NA,NA,Y,NA,Y,NA,C,02,1,0,0,0,0,0,0,0,1,-,-,34.131778717041016,-118.22940826416016,LOS ANGELES,LOS ANGELES,-118.22916412353516,34.1318244934082
91437747,2021,2021-03-29,9530,2021-03-19,2215,021465,NA,5,3,9,1900,0,3,5,NA,2,002,AVALON BLVD.,138TH ST.,0,NA,Y,A,-,N,NA,NA,NA,NA,NA,NA,NA,NA,NA,Y,3,0,3,3,A,-,09,21801,A,N,D,C,A,A,H,-,C,D,0,NA,NA,NA,NA,Y,NA,A,07,0,2,1,0,0,0,0,0,0,-,-,33.906368255615234,-118.2652587890625,LOS ANGELES,UNINCORPORATED,-118.26531219482422,33.906410217285156
91437778,2021,2021-03-29,9540,2021-03-21,2255,021905,NA,7,3,7,1942,0,1,1,NA,2,210,I-210 W/B FROM YARNELL ST.,YARNELL ST,114,E,N,A,-,Y,NA,NA,210,NA,NA,NA,R,NA,W,Y,4,0,1,1,A,-,03,22350,NA,N,E,I,A,A,H,-,C,D,0,NA,NA,NA,NA,Y,NA,A,01,0,0,1,0,0,0,0,0,0,-,-,34.32326889038086,-118.47872161865234,LOS ANGELES,LOS ANGELES,-118.47872161865234,34.32326889038086
91437789,2021,2021-03-29,9590,2021-03-14,1305,021926,NA,7,1,7,1942,0,1,1,NA,2,051,I-110 S/B (HAF),FLORENCE AVE,400,S,N,A,-,Y,NA,NA,NA,NA,NA,NA,NA,NA,NA,N,2,0,5,2,A,-,08,22107,NA,N,C,C,A,A,H,-,A,D,0,NA,NA,NA,NA,Y,Y,A,07,2,1,2,0,0,0,0,0,0,-,-,34.95907974243164,-118.28067016601564,LOS ANGELES,LOS ANGELES,-118.28099822998048,33.97355270385742
91437800,2021,2021-03-29,9550,2021-02-23,0430,022430,NA,2,3,4,1936,0,1,1,NA,2,501,INTERSTATE 5 N/B,VALLEY VIEW AVENUE,75,S,N,A,-,Y,NA,NA,5,NA,NA,NA,NA,NA,N,Y,3,0,1,2,A,-,03,22350,NA,M,C,C,A,A,H,-,C,D,0,NA,NA,Y,NA,Y,Y,C,02,0,1,0,0,0,0,0,0,1,-,-,33.88359832763672,-118.02767181396484,LOS ANGELES,LA MIRADA,-118.0277099609375,33.883522033691406
91437807,2021,2021-03-29,9550,2021-03-19,0400,022480,NA,5,3,9,1900,0,3,5,NA,2,002,IMPERIAL HIGHWAY E/B,SHOEMAKER AVENUE,155,E,N,A,-,N,NA,NA,NA,NA,NA,NA,NA,NA,NA,Y,4,0,2,2,A,-,05,21651,C,N,A,C,A,A,H,-,C,D,0,NA,NA,NA,NA,Y,NA,A,08,0,0,2,0,0,0,0,0,0,-,-,33.91706085205078,-118.05464935302734,LOS ANGELES,UNINCORPORATED,-118.05472564697266,33.91708755493164
91437834,2021,2021-04-19,9580,2021-03-21,2333,022492,NA,7,3,7,1942,0,1,1,NA,2,405,I-405 S/B (SAN DIEGO FWY),VICTORY BLVD,2100,N,N,A,-,Y,NA,NA,405,NA,NA,NA,NA,NA,S,Y,3,0,1,2,A,-,08,22107,NA,N,B,C,A,A,H,-,C,D,0,NA,NA,NA,NA,Y,NA,-,-,0,1,0,0,0,0,0,0,0,-,-,34.19276809692383,-118.47437286376952,LOS ANGELES,LOS ANGELES,-118.47439575195313,34.19276809692383
91437840,2021,2021-03-29,9540,2021-03-21,1115,019853,NA,7,1,9,1900,0,2,4,NA,2,010,THE OLD RD,CHIQUELLA LN,0,NA,Y,A,-,N,NA,NA,NA,NA,NA,NA,NA,NA,NA,Y,3,0,3,2,A,-,09,21801,A,N,B,C,A,A,H,-,A,A,0,NA,NA,NA,NA,Y,NA,A,01,0,2,1,0,0,0,0,0,0,-,-,34.3772087097168,-118.56598663330078,LOS ANGELES,UNINCORPORATED,-118.56604766845705,34.37712860107422
91437842,2021,2021-03-29,9580,2021-03-22,1720,021291,NA,1,2,7,1942,0,1,1,NA,2,406,I-405 N/B (SAN DIEGO FWY),VANOWEN ST,500,S,N,A,-,Y,NA,NA,405,NA,NA,NA,NA,NA,N,N,4,0,1,2,A,-,08,22107,NA,N,B,C,A,A,H,-,A,D,0,NA,NA,Y,NA,Y,NA,A,01,0,0,1,0,0,0,0,0,1,-,-,34.192508697509766,-118.47411346435548,LOS ANGELES,LOS ANGELES,-118.47415924072266,34.192508697509766
91437846,2021,2021-03-29,9540,2021-03-21,1510,021190,NA,7,2,7,1942,0,1,1,NA,2,551,I-5 S/B (GSF),RINALDI STREET,200,N,N,A,-,Y,NA,NA,NA,NA,NA,NA,NA,NA,NA,N,4,0,1,2,A,-,07,21658,A,F,B,C,A,A,H,-,A,D,0,NA,NA,NA,NA,Y,NA,-,99,0,0,1,0,0,0,0,0,0,-,-,34.27790832519531,-118.45587921142578,LOS ANGELES,LOS ANGELES,-118.45574188232422,34.27973556518555
91437849,2021,2021-03-29,9530,2021-03-18,2350,021490,NA,4,3,5,1943,0,1,1,NA,2,210,I-105 E/B (GLENN ANDERSON FWY),LONG BEACH BLVD.,2112,W,N,A,-,Y,NA,NA,105,NA,NA,NA,NA,NA,E,Y,3,0,2,3,A,-,08,22107,NA,F,C,C,A,A,H,-,D,D,0,NA,NA,NA,NA,Y,NA,A,01,0,2,0,0,0,0,0,0,0,-,-,33.927330017089844,-118.21575927734376,LOS ANGELES,LYNWOOD,-118.21578216552734,33.927284240722656
91437851,2021,2021-03-29,9550,2021-03-20,1645,022587,NA,6,2,9,1900,0,3,5,NA,2,002,INEZ STREET,LEFFINGWELL ROAD,15,N,N,A,-,N,NA,NA,NA,NA,NA,NA,NA,NA,NA,N,4,0,1,2,A,-,09,21804,A,N,D,G,A,A,H,-,A,D,0,NA,Y,NA,NA,Y,NA,L,04,0,0,1,0,0,0,1,0,0,-,-,33.919490814208984,-118.04434967041016,LOS ANGELES,UNINCORPORATED,-118.04430389404295,33.91944885253906
91437867,2021,2021-03-29,9580,2021-03-21,1630,022573,NA,7,2,7,1942,0,1,1,NA,2,407,I-405 S/B (SAN DIEGO FWY),SHERMAN WAY,2165,N,N,A,-,Y,NA,NA,405,NA,NA,NA,NA,NA,S,Y,2,0,7,2,A,-,01,23152,A,N,C,C,A,A,H,-,A,D,0,NA,NA,NA,NA,Y,Y,A,01,2,2,3,0,0,0,0,0,0,-,-,34.207218170166016,-118.47354888916016,LOS ANGELES,LOS ANGELES,-118.47345733642578,34.207218170166016
91437868,2021,2021-04-15,9565,2021-03-17,1925,019355,NA,3,2,7,1942,0,1,1,NA,2,082,I-10 E/B (SANTA MONICA FREEWAY),GATEWAY BLVD.,350,E,N,A,-,Y,NA,NA,10,NA,NA,NA,NA,NA,E,Y,3,0,2,2,A,-,03,22350,NA,N,C,C,A,A,H,-,C,D,0,NA,NA,NA,NA,Y,NA,A,07,0,2,0,0,0,0,0,0,0,-,-,34.02996063232422,-118.4416275024414,LOS ANGELES,LOS ANGELES,-118.44164276123048,34.030025482177734
91437870,2021,2021-03-29,9540,2021-03-22,2003,021190,NA,1,2,7,1942,0,1,1,NA,1,501,I-5 S/B (GSF),POLK STREET,2000,N,N,A,-,Y,NA,NA,5,NA,NA,NA,NA,NA,S,Y,2,0,1,1,A,-,07,21658,A,N,E,I,A,A,H,-,C,D,0,NA,NA,Y,NA,Y,NA,C,02,1,0,0,0,0,0,0,0,1,-,-,34.29481887817383,-118.47171020507813,LOS ANGELES,LOS ANGELES,-118.47156524658205,34.29496383666992
91437888,2021,2021-03-29,9565,2021-03-17,1824,021372,NA,3,2,9,1900,0,1,1,NA,2,060,I-405 SOUTHBOUND (SAN DIEGO FREEWAY),IMPERIAL HIGHWAY,400,N,N,A,-,Y,NA,NA,405,NA,NA,NA,NA,NA,S,Y,4,0,2,3,A,-,03,22350,NA,N,C,C,A,A,H,-,A,D,0,NA,NA,NA,NA,Y,NA,A,01,0,0,2,0,0,0,0,0,0,-,-,33.932159423828125,-118.36846923828124,LOS ANGELES,UNINCORPORATED,-118.3685302734375,33.932159423828125
91437912,2021,2021-03-29,9525,2021-03-25,0235,015988,NA,4,3,6,1955,0,1,1,NA,2,107,I-10 W/B (SAN BERNARDINO FWY),SR-57 N/B (ORANGE FWY),1584,E,N,A,-,Y,NA,NA,10,NA,NA,NA,NA,NA,W,Y,3,0,2,2,A,-,03,22350,NA,F,C,C,A,A,H,-,D,D,0,NA,NA,NA,NA,Y,NA,A,01,0,1,1,0,0,0,0,0,0,-,-,34.067840576171875,-117.80136871337892,LOS ANGELES,POMONA,-117.8013153076172,34.067710876464844
91437916,2021,2021-03-29,9540,2021-03-25,1600,021124,NA,4,2,6,1985,0,1,3,NA,1,144,SR-14 N/B (ANTELOPE VALLEY FREEWAY),VIA PRINCESSA,900,N,N,B,-,Y,NA,NA,14,NA,NA,NA,NA,NA,N,N,4,0,3,2,A,-,03,22350,NA,N,C,C,A,A,H,-,A,D,0,NA,NA,NA,NA,Y,NA,D,22,0,0,3,0,0,0,0,0,0,-,-,34.409271240234375,-118.4464111328125,LOS ANGELES,SANTA CLARITA,-118.44644165039064,34.40928268432617
91437925,2021,2021-03-29,9430,2021-03-20,0930,017187,NA,6,1,9,1900,0,1,1,NA,2,051,I-5 N/B,GORMAN SCHOOL ROAD,7392,S,N,C,G,Y,NA,NA,5,NA,NA,NA,NA,NA,N,Y,4,0,1,1,A,-,08,22107,NA,N,E,I,A,B,H,-,A,A,0,NA,NA,NA,NA,Y,NA,A,01,0,0,1,0,0,0,0,0,0,-,-,34.789161682128906,-118.8303680419922,LOS ANGELES,UNINCORPORATED,-118.83045196533205,34.78905487060547
91437930,2021,2021-03-29,9580,2021-03-23,0944,021079,NA,2,1,7,1942,0,1,2,NA,2,101,US-101 S/B (VENTURA FREEWAY),WOODMAN AVE,1500,S,N,A,-,Y,NA,NA,101,NA,NA,NA,NA,NA,S,Y,3,0,1,2,A,-,03,22350,NA,N,B,C,A,A,H,-,A,D,0,NA,NA,NA,NA,Y,NA,A,07,0,1,0,0,0,0,0,0,0,-,-,34.155601501464844,-118.42681121826172,LOS ANGELES,LOS ANGELES,-118.42681884765624,34.1556396484375
91437959,2021,2021-03-29,9530,2021-03-26,0315,021076,NA,5,3,5,1977,0,1,1,NA,2,410,I-405 S/B (SAN DIEGO FREEWAY),DEL AMO BLVD.,500,N,N,A,-,Y,NA,NA,405,NA,NA,NA,NA,NA,S,Y,3,0,2,2,A,-,01,23152,A,N,C,C,A,A,H,-,C,D,0,NA,NA,NA,NA,Y,Y,A,01,0,1,1,0,0,0,0,0,0,-,-,33.847511291503906,-118.27237701416016,LOS ANGELES,CARSON,-118.27236175537108,33.847537994384766
91437973,2021,2021-03-29,9525,2021-03-16,1240,019146,NA,2,1,6,1955,0,1,3,NA,2,071,SR-71 S/B (CHINO VALLEY FWY),VALLEY BLVD,1056,N,N,A,-,Y,NA,NA,71,NA,NA,NA,NA,NA,S,Y,4,0,1,2,A,-,03,22350,NA,N,C,C,A,A,H,-,A,D,0,NA,NA,NA,NA,Y,NA,A,01,0,0,1,0,0,0,0,0,0,-,-,34.06269836425781,-117.7917022705078,LOS ANGELES,POMONA,-117.79170989990234,34.062679290771484
91437975,2021,2021-04-23,9530,2021-03-04,1700,022453,NA,4,2,9,1900,0,3,5,NA,2,001,GAGE AVENUE,HOLMES AVE.,0,NA,Y,A,-,N,NA,NA,NA,NA,NA,NA,NA,NA,NA,N,4,0,1,2,A,-,09,21804,A,F,D,G,A,A,H,-,B,D,0,NA,Y,NA,NA,Y,NA,L,04,0,0,1,0,0,0,1,0,0,-,-,33.981971740722656,-118.24118041992188,LOS ANGELES,UNINCORPORATED,-118.2412109375,33.98200225830078
91437977,2021,2021-03-29,9540,2021-03-26,0954,019853,NA,5,1,9,1900,0,1,1,NA,2,507,I-5 S/B (GOLDEN STATE FWY.),MCBEAN PKY,1000,S,N,A,-,Y,NA,NA,5,NA,NA,NA,NA,NA,S,N,4,0,1,2,A,-,03,22350,NA,N,C,C,A,A,H,-,A,D,0,NA,NA,NA,NA,Y,NA,A,01,0,0,1,0,0,0,0,0,0,-,-,34.389930725097656,-118.57038116455078,LOS ANGELES,UNINCORPORATED,-118.57044982910156,34.38991165161133
91438002,2021,2021-03-29,9530,2021-03-19,1518,020427,NA,5,2,5,1977,0,1,3,NA,2,310,SR-91 E/B (ARTESIA FREEWAY),MAIN ST.,175,W,N,A,-,Y,NA,NA,91,NA,NA,NA,NA,NA,E,Y,3,0,3,2,A,-,07,21658,A,N,D,C,A,A,H,-,A,D,0,NA,NA,NA,NA,Y,NA,A,01,0,1,2,0,0,0,0,0,0,-,-,33.8726692199707,-118.27622222900392,LOS ANGELES,CARSON,-118.27622222900392,33.87260818481445
91438012,2021,2021-03-29,9580,2021-03-23,2105,021954,NA,2,2,7,1942,0,1,3,NA,2,171,SR-170 S/B (HOLLYWOOD FWY.),SR-134,100,N,N,A,-,Y,NA,NA,170,NA,NA,NA,NA,NA,S,Y,4,0,1,3,A,-,03,22350,NA,N,C,C,A,A,D,-,D,A,0,NA,NA,NA,NA,Y,NA,A,07,0,0,1,0,0,0,0,0,0,-,-,34.153751373291016,-118.3771514892578,LOS ANGELES,LOS ANGELES,-118.37712860107422,34.15376663208008
91438017,2021,2021-03-29,9530,2021-03-19,1820,020427,NA,5,2,5,1977,0,1,3,NA,2,310,SR-91 W/B (ARTESIA FREEWAY),MAIN ST.,1320,E,N,A,-,Y,NA,NA,91,NA,NA,NA,NA,NA,W,Y,4,0,1,2,A,-,07,21658,A,F,B,C,A,A,H,-,A,D,0,NA,NA,NA,NA,Y,NA,-,99,0,0,1,0,0,0,0,0,0,-,-,33.87263107299805,-118.27104949951172,LOS ANGELES,CARSON,-118.27104949951172,33.87269973754883
91438021,2021,2021-03-29,9545,2021-03-22,1830,015589,NA,1,2,9,1900,0,3,5,NA,2,002,AVENUE S,5TH ST  E,15,E,N,A,-,N,NA,NA,NA,NA,NA,NA,NA,NA,NA,Y,2,0,1,2,A,-,21,22106,NA,N,H,G,A,A,H,-,C,A,0,NA,Y,NA,NA,Y,NA,L,04,1,0,0,0,0,0,1,0,0,-,-,34.557918548583984,-118.1202392578125,LOS ANGELES,UNINCORPORATED,-118.120361328125,34.55799102783203
91438043,2021,2021-03-29,9530,2021-03-19,0920,020523,NA,5,1,7,1941,0,1,1,NA,2,430,I-405 S/B (SAN DIEGO FREEWAY),REDONDO AVE.,528,N,N,A,-,Y,NA,NA,405,NA,NA,NA,NA,NA,S,N,4,0,1,2,A,-,03,22350,NA,N,C,C,A,A,H,-,A,D,0,NA,NA,NA,NA,Y,NA,A,01,0,0,1,0,0,0,0,0,0,-,-,33.807701110839844,-118.15509796142578,LOS ANGELES,LONG BEACH,-118.15502166748048,33.80788040161133
91438051,2021,2021-03-29,9580,2021-03-24,1045,022036,NA,3,1,7,1942,0,1,2,NA,2,101,US-101 S/B (HOLLYWOOD FREEWAY),MOORPARK ST,250,S,N,A,-,Y,NA,NA,101,NA,NA,NA,NA,NA,S,Y,4,0,4,2,A,-,08,22107,NA,N,B,C,A,A,H,-,A,D,0,NA,NA,NA,NA,Y,NA,A,01,0,0,4,0,0,0,0,0,0,-,-,34.14939880371094,-118.37349700927734,LOS ANGELES,LOS ANGELES,-118.37357330322266,34.14934158325195
91438060,2021,2021-03-29,9575,2021-03-22,0720,019629,NA,1,1,7,1942,0,1,3,NA,2,043,SR-134 E/B (VENTURA FREEWAY),FOREST LAWN DR,400,E,N,A,-,Y,NA,NA,134,NA,NA,NA,NA,NA,E,Y,3,0,1,2,A,-,08,22107,NA,N,E,I,A,A,H,-,A,D,0,NA,NA,NA,NA,Y,NA,A,01,0,1,0,0,0,0,0,0,0,-,-,34.156341552734375,-118.30394744873048,LOS ANGELES,LOS ANGELES,-118.303955078125,34.1563835144043
91438095,2021,2021-03-29,9575,2021-03-23,1928,021302,NA,2,2,9,1900,0,1,3,NA,2,081,ROSEMEAD BLVD (7100 BLOCK),ROSEMEAD BLVD. ANF FAIRVIEW AVE,0,NA,Y,A,-,N,NA,NA,NA,NA,NA,NA,NA,NA,NA,Y,4,0,1,2,A,-,09,21801,A,N,A,C,A,A,H,-,C,A,0,NA,NA,NA,NA,Y,NA,A,01,0,0,1,0,0,0,0,0,0,-,-,34.127628326416016,-118.07318115234376,LOS ANGELES,UNINCORPORATED,-118.06787872314452,34.028541564941406
91438153,2021,2021-03-29,9580,2021-03-27,1630,021999,NA,6,2,9,1900,0,3,5,NA,1,040,ENCINAL CANYON RD,RATTLE SNAKE RD,1600,W,N,A,-,N,NA,NA,NA,NA,NA,NA,NA,NA,NA,Y,3,0,1,1,A,-,03,22350,NA,N,E,I,A,A,H,-,A,D,0,NA,NA,Y,NA,Y,NA,C,02,0,1,0,0,0,0,0,0,1,-,-,34.08292007446289,-118.86759185791016,LOS ANGELES,UNINCORPORATED,-118.87538909912108,34.07482147216797
91438164,2021,2021-03-29,9580,2021-03-27,1105,022036,NA,6,1,7,1942,0,1,2,NA,2,105,US-101 S/B (VENTURA FREEWAY),WILBUR AVE,792,S,N,A,-,Y,NA,NA,101,NA,NA,NA,NA,NA,S,Y,4,0,3,2,A,-,03,22350,NA,N,C,C,A,A,H,-,A,D,0,NA,NA,NA,NA,Y,NA,A,07,0,0,3,0,0,0,0,0,0,-,-,34.173301696777344,-118.54149627685548,LOS ANGELES,LOS ANGELES,-118.54150390625,34.17327117919922
91438169,2021,2021-03-29,9530,2021-01-05,1810,022438,NA,2,2,9,1900,0,1,1,NA,2,210,I-105 W/B (GLENN ANDERSON FWY),WILMINGTON AVE.,95,W,N,A,-,Y,NA,NA,105,NA,NA,NA,NA,NA,W,Y,4,0,1,3,A,-,03,22350,NA,F,C,C,A,A,H,-,C,D,0,NA,NA,NA,NA,Y,NA,A,07,0,0,1,0,0,0,0,0,0,-,-,33.92856979370117,-118.23957061767578,LOS ANGELES,UNINCORPORATED,-118.23957061767578,33.92852783203125
91438175,2021,2021-03-29,9575,2021-03-23,1935,020711,NA,2,2,7,1942,0,1,1,NA,2,050,COLORADO ST FWY EXT W/B,LOS ANGELES RIVER,280,E,N,A,-,Y,NA,NA,NA,NA,NA,NA,NA,NA,NA,Y,3,0,4,4,A,-,03,22350,NA,N,C,C,A,A,H,-,C,D,0,NA,NA,NA,NA,Y,NA,A,01,0,1,3,0,0,0,0,0,0,-,-,34.141380310058594,-118.2751922607422,LOS ANGELES,LOS ANGELES,NA,NA