CASE_ID,ACCIDENT_YEAR,PROC_DATE,JURIS,COLLISION_DATE,COLLISION_TIME,OFFICER_ID,REPORTING_DISTRICT,DAY_OF_WEEK,CHP_SHIFT,POPULATION,CNTY_CITY_LOC,SPECIAL_COND,BEAT_TYPE,CHP_BEAT_TYPE,CITY_DIVISION_LAPD,CHP_BEAT_CLASS,BEAT_NUMBER,PRIMARY_RD,SECONDARY_RD,DISTANCE,DIRECTION,INTERSECTION,WEATHER_1,WEATHER_2,STATE_HWY_IND,CALTRANS_COUNTY,CALTRANS_DISTRICT,STATE_ROUTE,ROUTE_SUFFIX,POSTMILE_PREFIX,POSTMILE,LOCATION_TYPE,RAMP_INTERSECTION,SIDE_OF_HWY,TOW_AWAY,COLLISION_SEVERITY,NUMBER_KILLED,NUMBER_INJURED,PARTY_COUNT,PRIMARY_COLL_FACTOR,PCF_CODE_OF_VIOL,PCF_VIOL_CATEGORY,PCF_VIOLATION,PCF_VIOL_SUBSECTION,HIT_AND_RUN,TYPE_OF_COLLISION,MVIW,PED_ACTION,ROAD_SURFACE,ROAD_COND_1,ROAD_COND_2,LIGHTING,CONTROL_DEVICE,CHP_ROAD_TYPE,PEDESTRIAN_ACCIDENT,BICYCLE_ACCIDENT,MOTORCYCLE_ACCIDENT,TRUCK_ACCIDENT,NOT_PRIVATE_PROPERTY,ALCOHOL_INVOLVED,STWD_VEHTYPE_AT_FAULT,CHP_VEHTYPE_AT_FAULT,COUNT_SEVERE_INJ,COUNT_VISIBLE_INJ,COUNT_COMPLAINT_PAIN,COUNT_PED_KILLED,COUNT_PED_INJURED,COUNT_BICYCLIST_KILLED,COUNT_BICYCLIST_INJURED,COUNT_MC_KILLED,COUNT_MC_INJURED,PRIMARY_RAMP,SECONDARY_RAMP,LATITUDE,LONGITUDE,COUNTY,CITY,POINT_X,POINT_Y
91445629,2021,2021-04-08,9565,2021-03-29,1645,021706,NA,1,2,9,1900,0,2,4,NA,2,031,LA CIENEGA BLVD,STOCKER ST,1000,N,N,A,-,N,NA,NA,NA,NA,NA,NA,NA,NA,NA,Y,3,0,1,2,A,-,03,22350,NA,N,C,C,A,A,H,-,A,D,0,NA,NA,NA,NA,Y,NA,A,01,0,1,0,0,0,0,0,0,0,-,-,37.00075912475586,-118.37116241455078,LOS ANGELES,UNINCORPORATED,-118.37093353271484,34.000553131103516
91445638,2021,2021-04-08,9525,2021-04-07,1645,021542,NA,3,2,6,1975,0,1,S,NA,2,116,I-10 E/B (SAN BERNARDINO FWY),AZUSA AVE.,800,W,N,A,-,Y,NA,NA,10,NA,NA,NA,NA,NA,E,N,4,0,2,2,A,-,03,22350,NA,N,C,C,A,A,D,E,A,D,0,NA,NA,NA,NA,Y,NA,D,22,0,0,2,0,0,0,0,0,0,-,-,34.07210922241211,-117.91397857666016,LOS ANGELES,WEST COVINA,-117.91397857666016,34.072120666503906
91445812,2021,2021-04-08,9590,2021-03-28,0419,022384,NA,7,3,7,1942,0,1,2,NA,2,070,US-101 N/B (HOLLYWOOD FREEWAY),BENTON WAY,880,N,N,A,-,Y,NA,NA,101,NA,NA,NA,NA,NA,N,Y,4,0,2,2,A,-,03,22350,NA,N,C,C,A,A,H,-,C,D,0,NA,NA,NA,NA,Y,NA,A,01,0,0,2,0,0,0,0,0,0,-,-,34.07609176635742,-118.27706909179688,LOS ANGELES,LOS ANGELES,-118.2770767211914,34.07605743408203
91445813,2021,2021-04-08,9590,2021-03-27,1945,022493,NA,6,2,7,1942,0,1,1,NA,2,050,I-110 N/B (HARBOR FREEWAY),88TH PL,445,N,N,A,-,Y,NA,NA,110,NA,NA,NA,NA,NA,N,Y,2,0,5,4,A,-,03,22350,NA,N,C,C,A,A,H,-,C,D,0,NA,NA,NA,NA,Y,NA,D,22,1,0,4,0,0,0,0,0,0,-,-,33.955501556396484,-118.28054809570313,LOS ANGELES,LOS ANGELES,-118.28070831298828,33.95549774169922
91445821,2021,2021-04-08,9575,2021-03-26,1238,022533,NA,5,1,7,1942,0,1,1,NA,2,052,I-5 S/B (GOLDEN STATE FREEWAY),SUNLAND BLVD.,1300,S,N,A,-,Y,NA,NA,5,NA,NA,NA,NA,NA,S,Y,3,0,1,2,A,-,08,22107,NA,F,B,C,A,A,H,-,A,D,0,NA,NA,NA,NA,Y,NA,-,99,0,1,0,0,0,0,0,0,0,-,-,34.22169876098633,-118.3620834350586,LOS ANGELES,LOS ANGELES,-118.3620834350586,34.2216682434082
91445824,2021,2021-04-08,9590,2021-03-28,1620,022497,NA,7,2,7,1942,0,1,1,NA,2,051,I-110 S/B (HARBOR FREEWAY),VERNON AVENUE,1000,N,N,A,-,Y,NA,NA,110,NA,NA,NA,NA,NA,S,N,3,0,1,2,A,-,07,21658,A,N,B,C,A,A,H,-,A,D,0,NA,NA,Y,NA,Y,NA,A,01,0,1,0,0,0,0,0,0,1,-,-,34.00716018676758,-118.2812728881836,LOS ANGELES,LOS ANGELES,-118.28116607666016,34.00716018676758
91445840,2021,2021-04-08,9590,2021-03-22,2030,022497,NA,1,2,7,1942,0,1,1,NA,2,063,I-10 W/B (SANTA MONICA FREEWAY),CENTRAL AVENUE,1100,E,N,A,-,Y,NA,NA,10,NA,NA,NA,NA,NA,W,Y,4,0,1,1,A,-,01,23152,A,N,E,I,A,A,H,-,C,D,0,NA,NA,NA,NA,Y,Y,A,01,0,0,1,0,0,0,0,0,0,-,-,34.02423858642578,-118.245849609375,LOS ANGELES,LOS ANGELES,-118.24584197998048,34.02425765991211
91445847,2021,2021-04-08,9575,2021-03-29,1708,017491,NA,1,2,7,1942,0,1,1,NA,2,050,I-5 S/B (GOLDEN STATE FREEWAY),ZOO DRIVE,1393,S,N,A,-,Y,NA,NA,5,NA,NA,NA,NA,NA,S,N,4,0,1,2,A,-,03,22350,NA,N,C,C,A,A,H,-,A,D,0,NA,NA,NA,NA,Y,NA,A,07,0,0,1,0,0,0,0,0,0,-,-,34.14670944213867,-118.2792510986328,LOS ANGELES,LOS ANGELES,-118.27921295166016,34.14672088623047
91445855,2021,2021-04-08,9535,2021-03-29,2200,022254,NA,1,3,9,1900,0,2,4,NA,2,022,OLYMPIC BLVD.,TELEGRAPH RD,0,NA,Y,A,-,N,NA,NA,NA,NA,NA,NA,NA,NA,NA,Y,4,0,1,2,A,-,09,21801,A,N,A,C,A,A,H,-,C,A,0,NA,NA,NA,NA,Y,NA,A,01,0,0,1,0,0,0,0,0,0,-,-,34.018890380859375,-118.17732238769533,LOS ANGELES,UNINCORPORATED,-118.17721557617188,34.0189094543457
91445873,2021,2021-04-08,9575,2021-03-29,1815,019976,NA,1,2,9,1900,0,2,4,NA,2,084,DUARTE ROAD (8200 BLOCK),SAN GABRIEL BLVD.,20,E,N,A,-,N,NA,NA,NA,NA,NA,NA,NA,NA,NA,N,4,0,1,2,A,-,03,22350,NA,N,C,C,A,A,H,-,A,A,0,NA,NA,NA,NA,Y,NA,A,01,0,0,1,0,0,0,0,0,0,-,-,34.1198616027832,-118.09116363525392,LOS ANGELES,UNINCORPORATED,-118.09121704101564,34.119869232177734
91445896,2021,2021-04-08,9580,2021-03-30,0655,019952,NA,2,1,7,1942,0,1,1,NA,2,405,I-405 S/B (SAN DIEGO FWY),BURBANK BLVD,1320,N,N,B,-,Y,NA,NA,405,NA,NA,NA,NA,NA,S,N,4,0,1,2,A,-,07,21658,A,N,B,C,A,A,H,-,A,D,0,NA,NA,NA,NA,Y,NA,A,01,0,0,1,0,0,0,0,0,0,-,-,34.18259811401367,-118.47229766845705,LOS ANGELES,LOS ANGELES,-118.4722900390625,34.18260955810547
91445898,2021,2021-04-08,9565,2021-03-29,1845,022153,NA,1,2,9,1900,0,3,5,NA,2,002,BUDLONG AVENUE,125TH STREET,30,S,N,A,-,N,NA,NA,NA,NA,NA,NA,NA,NA,NA,N,3,0,1,3,A,-,06,21750,NA,F,B,C,A,A,H,-,B,D,0,NA,NA,NA,NA,Y,NA,-,99,0,1,0,0,0,0,0,0,0,-,-,33.918949127197266,-118.29633331298828,LOS ANGELES,UNINCORPORATED,-118.29639434814452,33.9191780090332
91445916,2021,2021-04-08,9545,2021-03-30,1835,021173,NA,2,2,9,1900,0,1,3,NA,1,012,SR-138 (AVENUE D),60TH ST  W,0,NA,Y,A,-,Y,NA,NA,138,NA,NA,NA,NA,NA,NA,Y,2,0,1,3,A,-,01,23152,A,N,D,C,A,A,H,-,A,A,0,NA,NA,NA,Y,Y,Y,A,07,1,0,0,0,0,0,0,0,0,-,-,34.776641845703125,-118.23739624023438,LOS ANGELES,UNINCORPORATED,-118.23739624023438,34.77663040161133
91445919,2021,2021-04-08,9565,2021-03-29,0710,019779,NA,1,1,4,1918,0,1,1,NA,2,061,I-405 N/B (SAN DIEGO FWY),WASHINGTON BLVD,200,N,N,A,-,Y,NA,NA,405,NA,NA,NA,NA,NA,N,Y,3,0,1,4,A,-,08,22107,NA,N,B,C,A,A,H,-,A,D,0,NA,NA,NA,NA,Y,NA,A,01,0,1,0,0,0,0,0,0,0,-,-,34.00667190551758,-118.41385650634766,LOS ANGELES,CULVER CITY,-118.41390228271484,34.00663757324219
91445926,2021,2021-04-08,9535,2021-03-29,1227,021657,NA,1,1,9,1900,0,2,4,NA,2,012,CITY TERRACE DR.,HERBERT AVE,0,NA,Y,A,-,N,NA,NA,NA,NA,NA,NA,NA,NA,NA,Y,4,0,1,2,A,-,09,21453,C,N,D,C,A,A,H,-,A,A,0,NA,NA,NA,NA,Y,NA,A,07,0,0,1,0,0,0,0,0,0,-,-,34.05567169189453,-118.18293762207033,LOS ANGELES,UNINCORPORATED,-118.18382263183594,34.05540466308594
91445941,2021,2021-04-08,9535,2021-03-29,1535,022017,NA,1,2,9,1900,0,1,1,NA,2,420,I-10 (SAN BERNARDINO FREEWAY) E/B,HERBERT AVENUE,300,E,N,A,-,Y,NA,NA,10,NA,NA,NA,NA,NA,E,Y,3,0,4,2,A,-,03,22350,NA,N,C,C,A,A,H,-,A,D,0,NA,NA,NA,NA,Y,NA,A,01,0,2,2,0,0,0,0,0,0,-,-,34.05672836303711,-118.18171691894533,LOS ANGELES,UNINCORPORATED,-118.18170928955078,34.05671310424805
91445950,2021,2021-04-08,9535,2021-03-29,1300,022159,NA,1,1,5,1959,0,1,1,NA,2,400,I-10 (SAN BERNARDINO FREEWAY) E/B,WALNUT GROVE AVE,450,E,N,A,-,Y,NA,NA,10,NA,NA,NA,NA,NA,E,Y,3,0,1,1,A,-,03,22350,NA,N,F,A,A,A,H,-,A,D,0,NA,NA,Y,NA,Y,NA,C,02,0,1,0,0,0,0,0,0,1,-,-,34.07194900512695,-118.08025360107422,LOS ANGELES,ROSEMEAD,-118.08025360107422,34.07197189331055
91446024,2021,2021-04-08,9535,2021-03-29,1840,022243,NA,1,2,5,1901,0,1,1,NA,2,420,I-10 (SAN BERNARDINO FREEWAY) E/B,NEW AVE,1000,W,N,A,-,Y,NA,NA,10,NA,NA,NA,NA,NA,E,Y,4,0,2,3,A,-,04,21703,NA,N,C,C,A,A,H,-,A,C,0,NA,NA,NA,NA,Y,NA,A,01,0,0,2,0,0,0,0,0,0,-,-,34.07160949707031,-118.11205291748048,LOS ANGELES,ALHAMBRA,-118.11205291748048,34.071632385253906
91446047,2021,2021-04-08,9580,2021-04-02,1500,022591,NA,5,2,7,1942,0,1,3,NA,2,170,SR-170 N/B (HOLLYWOOD FWY.),ROSCOE BLVD,3000,S,N,A,-,Y,NA,NA,NA,NA,NA,NA,NA,NA,NA,Y,4,0,3,3,A,-,08,22107,NA,N,E,I,A,A,H,-,A,D,0,NA,NA,NA,Y,Y,NA,F,56,0,0,3,0,0,0,0,0,0,-,-,34.12369918823242,-118.24240112304688,LOS ANGELES,LOS ANGELES,-118.4079132080078,34.213714599609375
91446048,2021,2021-04-08,9545,2021-04-02,1925,021569,NA,5,2,9,1900,0,3,5,NA,2,003,SR-14 N/B TO SIERRA HIGHWAY,SIERRA HIGHWAY,0,NA,Y,A,-,Y,NA,NA,14,NA,NA,NA,R,NA,N,N,4,0,1,2,A,-,09,21802,A,M,B,C,A,A,H,-,C,A,0,NA,NA,NA,NA,Y,NA,-,99,0,0,1,0,0,0,0,0,0,-,-,34.50925064086914,-118.11107635498048,LOS ANGELES,UNINCORPORATED,-118.11107635498048,34.50925064086914
91446050,2021,2021-04-08,9530,2021-03-30,2210,021842,NA,2,3,7,1941,0,1,1,NA,2,072,I-710 N/B TO WILLOW ST W/B,WILLOW ST.,425,N,N,A,-,Y,NA,NA,710,NA,NA,NA,R,NA,N,Y,3,0,1,1,A,-,01,23152,A,N,E,I,A,A,H,-,C,D,0,NA,NA,NA,NA,Y,Y,A,01,0,1,0,0,0,0,0,0,0,-,-,33.805721282958984,-118.20700073242188,LOS ANGELES,LONG BEACH,-118.20700073242188,33.805721282958984
91446051,2021,2021-04-08,9575,2021-03-30,2155,021566,NA,2,2,6,1925,0,1,1,NA,2,051,I-5 S/B (GOLDEN STATE FREEWAY),WESTERN AVE. U/C,564,N,N,A,-,Y,NA,NA,5,NA,NA,NA,NA,NA,S,Y,4,0,1,2,A,-,08,22107,NA,M,E,I,A,A,H,-,D,D,0,NA,NA,NA,NA,Y,NA,-,99,0,0,1,0,0,0,0,0,0,-,-,34.16569137573242,-118.29815673828124,LOS ANGELES,GLENDALE,-118.29817199707033,34.16566848754883
91446073,2021,2021-04-08,9535,2021-03-30,1050,016642,NA,2,1,9,1900,0,1,3,NA,2,601,SR-60 W/B (POMONA FREEWAY),3RD STREET,100,E,N,A,-,Y,NA,NA,60,NA,NA,NA,NA,NA,W,Y,4,0,1,2,A,-,03,22350,NA,F,C,C,A,A,H,-,A,D,0,NA,NA,NA,NA,Y,NA,-,99,0,0,1,0,0,0,0,0,0,-,-,34.03358840942383,-118.18063354492188,LOS ANGELES,UNINCORPORATED,-118.1806182861328,34.033565521240234
91446094,2021,2021-04-08,9575,2021-04-01,1751,021302,NA,4,2,7,1942,0,1,3,NA,2,044,SR-134 E/B (VENTURA FREEWAY),RIVERSIDE DR,1584,W,N,A,-,Y,NA,NA,134,NA,NA,NA,NA,NA,E,N,4,0,1,2,A,-,03,22350,NA,N,C,C,A,A,H,-,A,D,0,NA,NA,NA,NA,Y,NA,A,01,0,0,1,0,0,0,0,0,0,-,-,34.155738830566406,-118.29905700683594,LOS ANGELES,LOS ANGELES,-118.29903411865234,34.155921936035156
91446110,2021,2021-04-08,9565,2021-03-31,1100,016943,NA,3,1,7,1942,0,1,1,NA,2,062,I-405 N/B TO I-10,NATIONAL BLVD,40,S,N,A,-,Y,NA,NA,405,NA,NA,NA,R,NA,N,Y,4,0,1,2,A,-,03,22350,NA,N,C,C,A,A,H,-,A,D,0,NA,NA,NA,NA,Y,NA,A,08,0,0,1,0,0,0,0,0,0,-,-,34.02703857421875,-118.42964935302734,LOS ANGELES,LOS ANGELES,-118.42964935302734,34.02703857421875
91446112,2021,2021-04-08,9535,2021-03-31,2043,021976,NA,3,2,5,1947,0,1,3,NA,2,600,SR-60 (POMONA FREEWAY) E/B,FINDLAY AVE.,125,E,N,A,-,Y,NA,NA,60,NA,NA,NA,NA,NA,E,Y,4,0,1,4,A,-,07,21658,A,N,E,I,A,A,H,-,C,D,0,NA,NA,NA,NA,Y,Y,A,01,0,0,1,0,0,0,0,0,0,-,-,34.032981872558594,-118.137451171875,LOS ANGELES,MONTEBELLO,-118.137451171875,34.032981872558594
91446148,2021,2021-04-08,9535,2021-03-30,2230,022286,NA,2,3,9,1900,0,3,5,NA,2,002,ARIZONA AVE,HUBBARD ST,0,NA,Y,A,-,N,NA,NA,NA,NA,NA,NA,NA,NA,NA,N,3,0,2,2,A,-,08,22107,NA,M,D,C,A,A,H,-,C,A,0,NA,NA,Y,NA,Y,NA,A,01,0,2,0,0,0,0,0,0,1,-,-,34.02460861206055,-118.16618347167967,LOS ANGELES,UNINCORPORATED,-118.16619873046876,34.02461624145508
91446192,2021,2021-04-08,9530,2021-03-30,1710,022427,NA,2,2,9,1900,0,3,5,NA,2,001,NADEAU ST.,BELL AVE.,0,NA,Y,A,-,N,NA,NA,NA,NA,NA,NA,NA,NA,NA,N,4,0,1,2,A,-,09,21801,A,N,D,C,A,A,H,-,A,A,0,NA,NA,NA,NA,Y,NA,A,01,0,0,1,0,0,0,0,0,0,-,-,33.96746063232422,-118.23890686035156,LOS ANGELES,UNINCORPORATED,-118.23892211914064,33.96741485595703
91446212,2021,2021-08-30,9565,2021-03-29,2157,021648,NA,1,2,7,1942,0,1,1,NA,2,083,I-10 E/B,NATIONAL BLVD,110,E,N,A,-,Y,NA,NA,10,NA,NA,NA,NA,NA,E,Y,3,0,1,3,A,-,03,22350,NA,N,C,C,A,A,H,-,D,D,0,NA,NA,NA,NA,Y,Y,A,01,0,1,0,0,0,0,0,0,0,-,-,34.029441833496094,-118.40242767333984,LOS ANGELES,LOS ANGELES,-118.40242767333984,34.02948760986328
91446221,2021,2021-04-08,9550,2021-04-03,2045,021100,NA,6,2,9,1900,0,1,3,NA,2,601,SR-60 E/B,AZUSA AVE.,1800,W,N,A,-,Y,NA,NA,60,NA,NA,NA,NA,NA,E,N,4,0,2,2,A,-,03,22350,NA,N,C,C,A,A,H,-,C,D,0,NA,NA,NA,NA,Y,NA,A,07,0,0,2,0,0,0,0,0,0,-,-,33.99850845336914,-117.93707275390624,LOS ANGELES,UNINCORPORATED,-117.93710327148438,33.9984130859375
91446230,2021,2021-04-08,9525,2021-03-30,1025,019495,NA,2,1,1,1934,0,1,1,NA,2,213,I-210 W/B (FOOTHILL FWY),I-605,0,NA,N,A,-,Y,NA,NA,210,NA,NA,NA,NA,NA,W,Y,3,0,1,3,A,-,03,22350,NA,N,B,C,A,A,H,-,A,D,0,NA,NA,NA,NA,Y,NA,A,01,0,1,0,0,0,0,0,0,0,-,-,34.133609771728516,-117.9546127319336,LOS ANGELES,IRWINDALE,-117.95458984375,34.13368606567383
91446231,2021,2021-04-08,9550,2021-04-03,1200,021977,NA,6,1,9,1900,0,2,4,NA,1,032,GALE AVENUE,FALSTONE AVENUE,0,NA,Y,A,-,N,NA,NA,NA,NA,NA,NA,NA,NA,NA,Y,4,0,2,2,A,-,09,21801,A,N,D,C,A,A,H,-,A,D,0,NA,NA,NA,NA,Y,NA,A,01,0,0,2,0,0,0,0,0,0,-,-,34.003501892089844,-117.57350158691406,LOS ANGELES,UNINCORPORATED,-117.95992279052734,34.00971221923828
91446239,2021,2021-04-08,9535,2021-04-01,0210,022254,NA,4,3,1,1973,0,1,1,NA,2,073,I-710 S/B (LBF) TO ATLANTIC BLVD.,BANDINI BLVD,75,S,N,A,-,Y,NA,NA,710,NA,NA,NA,R,NA,S,Y,3,0,1,1,A,-,03,22350,NA,N,E,I,A,A,H,-,C,D,0,NA,NA,NA,NA,Y,NA,A,07,0,1,0,0,0,0,0,0,0,-,-,33.99850082397461,-118.17704010009766,LOS ANGELES,VERNON,-118.17704010009766,33.99850082397461
91446242,2021,2021-04-08,9590,2021-04-06,1640,022431,NA,2,2,7,1942,0,1,2,NA,2,071,US-101 S/B (HOLLYWOOD FREEWAY),EDGEWARE ROAD,100,N,N,A,-,Y,NA,NA,101,NA,NA,NA,NA,NA,S,N,4,0,1,2,A,-,03,22350,NA,M,C,C,A,A,H,-,A,D,0,NA,NA,NA,NA,Y,Y,-,99,0,0,1,0,0,0,0,0,0,-,-,34.06719970703125,-118.25475311279295,LOS ANGELES,LOS ANGELES,-118.25476837158205,34.067161560058594
91446260,2021,2021-04-08,9550,2021-03-29,0920,020025,NA,1,1,9,1900,0,3,5,NA,2,004,LOS PALACIOS DRIVE,FULLERTON RD,300,W,N,A,-,N,NA,NA,NA,NA,NA,NA,NA,NA,NA,Y,4,0,1,2,A,-,08,22107,NA,N,E,I,A,A,H,-,A,D,0,NA,NA,NA,NA,Y,NA,A,07,0,0,1,0,0,0,0,0,0,-,-,33.99100112915039,-117.90640258789064,LOS ANGELES,UNINCORPORATED,-117.9064483642578,33.99098587036133
91446266,2021,2021-04-08,9575,2021-03-29,1411,017491,NA,1,2,7,1942,0,1,1,NA,2,050,I-5 N/B (GOLDEN STATE FREEWAY),ZOO DRIVE,22,S,N,A,-,Y,NA,NA,5,NA,NA,NA,NA,NA,N,Y,2,0,2,2,A,-,07,21658,A,N,B,C,A,A,H,-,A,D,0,NA,NA,NA,NA,Y,NA,A,01,1,0,1,0,0,0,0,0,0,-,-,34.15045928955078,-118.28053283691406,LOS ANGELES,LOS ANGELES,-118.280517578125,34.15047073364258
91446270,2021,2021-04-08,9580,2021-04-08,0540,017961,NA,4,3,7,1942,0,1,3,NA,2,117,SR-118 W/B (RONALD REAGAN FWY.),HAYVENHURST AVE,100,E,N,A,-,Y,NA,NA,118,NA,NA,NA,NA,NA,W,N,4,0,1,1,A,-,03,22350,NA,M,E,I,A,A,H,-,D,D,0,NA,NA,NA,NA,Y,NA,A,01,0,0,1,0,0,0,0,0,0,-,-,34.27519989013672,-118.49353790283205,LOS ANGELES,LOS ANGELES,-118.49361419677734,34.27510452270508
91446271,2021,2021-04-08,9545,2021-04-03,2030,021569,NA,6,2,6,1950,0,1,3,NA,2,021,SR-14 N/B,AVENUE N,1850,S,N,A,-,Y,NA,NA,14,NA,NA,NA,NA,NA,N,Y,4,0,2,2,A,-,08,22107,NA,N,B,C,A,A,H,-,D,D,0,NA,NA,NA,NA,Y,NA,A,01,0,0,2,0,0,0,0,0,0,-,-,34.62593078613281,-118.1530532836914,LOS ANGELES,PALMDALE,-118.15302276611328,34.62593078613281
91446310,2021,2021-04-08,9575,2021-04-02,1345,020711,NA,5,1,6,1912,0,1,1,NA,2,051,I-5 N/B (GOLDEN STATE FREEWAY),BUENA VISTA ST,500,S,N,A,-,Y,NA,NA,5,NA,NA,NA,NA,NA,N,Y,4,0,1,3,A,-,08,22107,NA,N,B,C,A,A,H,-,A,D,0,NA,NA,NA,NA,Y,NA,A,01,0,0,1,0,0,0,0,0,0,-,-,34.198001861572266,-118.33661651611328,LOS ANGELES,BURBANK,-118.33665466308594,34.19795227050781
91446349,2021,2021-04-08,9535,2021-04-01,1525,021976,NA,4,2,5,1901,0,1,1,NA,2,110,I-10 E/B (SAN BERNARDINO FREEWAY)(HOT),FREMONT AVE.,50,W,N,A,-,Y,NA,NA,10,NA,NA,NA,NA,NA,E,Y,4,0,1,2,A,-,04,21703,NA,N,C,C,A,A,H,-,A,D,0,NA,NA,NA,NA,Y,NA,D,22,0,0,1,0,0,0,0,0,0,-,-,34.06827926635742,-118.15099334716795,LOS ANGELES,ALHAMBRA,-118.15099334716795,34.06829071044922
91446354,2021,2021-04-08,9525,2021-03-30,1400,019491,NA,2,2,4,1913,0,1,1,NA,2,219,SR-210 W/B (FOOTHILL FWY),TOWNE AVENUE,100,W,N,A,-,Y,NA,NA,210,NA,NA,NA,NA,NA,W,Y,4,0,2,2,A,-,07,21658,A,N,D,C,A,A,H,-,A,D,0,NA,NA,NA,NA,Y,NA,D,22,0,0,2,0,0,0,0,0,0,-,-,34.120548248291016,-117.73683166503906,LOS ANGELES,CLAREMONT,-117.73683166503906,34.12059020996094
91446374,2021,2021-04-08,9535,2021-04-01,1544,022338,NA,4,2,9,1900,0,2,4,NA,2,022,OLYMPIC BLVD. ( 5900 BLOCK),ALLSTON STREET,61,E,N,A,-,N,NA,NA,NA,NA,NA,NA,NA,NA,NA,N,4,0,1,2,A,-,03,22350,NA,N,C,C,A,A,H,-,A,D,0,NA,NA,NA,NA,Y,NA,A,01,0,0,1,0,0,0,0,0,0,-,-,34.013790130615234,-118.1456298828125,LOS ANGELES,UNINCORPORATED,-118.1231689453125,34.01036071777344
91446380,2021,2021-04-08,9580,2021-04-01,0920,020728,NA,4,1,7,1942,0,1,1,NA,2,405,I-405 S/B (SAN DIEGO FWY),SEPULVEDA BLVD,1900,N,N,A,-,Y,NA,NA,405,NA,NA,NA,NA,NA,S,N,4,0,1,2,A,-,03,22350,NA,N,C,C,A,A,H,-,A,D,0,NA,NA,NA,NA,Y,NA,D,22,0,0,1,0,0,0,0,0,0,-,-,34.15275955200195,-118.46820068359376,LOS ANGELES,LOS ANGELES,-118.4681396484375,34.15275573730469
91446381,2021,2021-04-08,9590,2021-03-21,0024,022360,NA,7,3,7,1942,0,1,1,NA,2,061,I-10 W/B SANTA MONICA FREEWAY,HAUSER BLVD.,200,E,N,A,-,Y,NA,NA,10,NA,NA,NA,NA,NA,W,Y,3,0,1,3,A,-,03,22350,NA,N,C,C,E,A,H,-,C,D,0,Y,NA,NA,NA,Y,NA,A,07,0,1,0,0,1,0,0,0,0,-,-,34.03396987915039,-118.36145782470705,LOS ANGELES,LOS ANGELES,-118.36145782470705,34.03392791748047
91446383,2021,2021-04-08,9575,2021-03-31,0620,016741,NA,3,1,9,1900,0,3,5,NA,2,002,MARIPOSA ST,MARENGO AVE,0,NA,Y,A,-,N,NA,NA,NA,NA,NA,NA,NA,NA,NA,N,4,0,1,2,A,-,12,22450,A,N,H,G,A,A,H,-,B,A,0,NA,Y,NA,NA,Y,NA,-,-,0,0,1,0,0,0,1,0,0,-,-,34.191200256347656,-118.14199066162108,LOS ANGELES,UNINCORPORATED,-118.14193725585938,34.19114303588867
91446404,2021,2021-04-08,9525,2021-03-30,2041,022546,NA,2,2,6,1955,0,1,1,NA,2,108,I-10 E/B (SAN BERNARDINO FWY),KELLOGG DR.,3000,W,N,A,-,Y,NA,NA,NA,NA,NA,NA,NA,NA,NA,Y,4,0,2,3,A,-,03,22350,NA,N,C,C,A,A,D,E,C,D,0,NA,NA,NA,NA,Y,NA,A,01,0,0,2,0,0,0,0,0,0,-,-,34.06367111206055,-117.82192993164064,LOS ANGELES,POMONA,-117.82121276855467,34.06360626220703
91446407,2021,2021-04-08,9535,2021-04-01,1640,021976,NA,4,2,5,1901,0,1,1,NA,2,421,I-10 (SAN BERNARDINO FREEWAY) W/B,FREMONT AVE.,300,E,N,A,-,Y,NA,NA,10,NA,NA,NA,NA,NA,W,Y,4,0,3,2,A,-,03,22350,NA,N,C,C,A,A,H,-,A,D,0,NA,NA,NA,NA,Y,NA,A,07,0,0,3,0,0,0,0,0,0,-,-,34.06972885131836,-118.14900970458984,LOS ANGELES,ALHAMBRA,-118.14901733398438,34.069740295410156
91446411,2021,2021-04-08,9525,2021-04-06,1345,019188,NA,2,1,9,1900,0,3,5,NA,2,002,CITRUS AVE,LAXFORD RD.,0,NA,Y,A,-,N,NA,NA,NA,NA,NA,NA,NA,NA,NA,Y,3,0,1,2,A,-,09,21802,A,N,D,C,A,A,H,-,A,A,0,NA,NA,Y,NA,Y,NA,D,22,0,1,0,0,0,0,0,0,1,-,-,34.108970642089844,-117.89031219482422,LOS ANGELES,UNINCORPORATED,-117.89025115966795,34.10892105102539